budget,repeat,method,error,paid_shots,pilot_shots,production_allocation
2048,0,uniform,0.005417980655645138,2048,0,512;512;512;512
2048,0,regularized_adaptive,0.0016714131982711322,2048,256,439;493;496;364
2048,1,uniform,0.0030827114597702376,2048,0,512;512;512;512
2048,1,regularized_adaptive,0.0009088258598932697,2048,256,425;527;528;312
2048,2,uniform,-0.0030824050174400597,2048,0,512;512;512;512
2048,2,regularized_adaptive,0.0030142183858155036,2048,256,408;588;499;297
2048,3,uniform,0.0008923419315385317,2048,0,512;512;512;512
2048,3,regularized_adaptive,0.004101779830972596,2048,256,454;516;516;306
2048,4,uniform,0.0005310796946105256,2048,0,512;512;512;512
2048,4,regularized_adaptive,-0.002543978010336012,2048,256,473;509;508;302
2048,5,uniform,-0.0039148096517731545,2048,0,512;512;512;512
2048,5,regularized_adaptive,-0.0031146982619807417,2048,256,466;509;513;304
2048,6,uniform,-0.0007788711940222015,2048,0,512;512;512;512
2048,6,regularized_adaptive,4.509128390672856e-05,2048,256,421;530;530;311
2048,7,uniform,0.004593015275270673,2048,0,512;512;512;512
2048,7,regularized_adaptive,-0.0029580928806023365,2048,256,467;511;511;303
2048,8,uniform,0.004264516457392453,2048,0,512;512;512;512
2048,8,regularized_adaptive,-0.004864257745216705,2048,256,456;521;505;310
2048,9,uniform,-0.0016623053752615746,2048,0,512;512;512;512
2048,9,regularized_adaptive,-0.0013920119783064067,2048,256,447;519;518;308
2048,10,uniform,-0.00011234501265100505,2048,0,512;512;512;512
2048,10,regularized_adaptive,0.004071143380478759,2048,256,451;517;518;306
2048,11,uniform,-0.0012804109806356934,2048,0,512;512;512;512
2048,11,regularized_adaptive,0.001545048842191754,2048,256,452;516;518;306
2048,12,uniform,-0.0001225238647108995,2048,0,512;512;512;512
2048,12,regularized_adaptive,0.0035288725194559944,2048,256,447;520;517;308
2048,13,uniform,-7.828028539869081e-05,2048,0,512;512;512;512
2048,13,regularized_adaptive,-0.0014573702494100615,2048,256,442;522;520;308
2048,14,uniform,-0.0026775503022893332,2048,0,512;512;512;512
2048,14,regularized_adaptive,-0.0017524082970501453,2048,256,430;527;525;310
2048,15,uniform,-0.0029059714622308164,2048,0,512;512;512;512
2048,15,regularized_adaptive,0.002701437847346,2048,256,437;523;522;310
2048,16,uniform,0.004473441660001853,2048,0,512;512;512;512
2048,16,regularized_adaptive,-0.0033790695823023853,2048,256,448;518;519;307
2048,17,uniform,0.00035971787355659757,2048,0,512;512;512;512
2048,17,regularized_adaptive,0.0029841521147684347,2048,256,450;519;515;308
2048,18,uniform,0.0005935914877230886,2048,0,512;512;512;512
2048,18,regularized_adaptive,-0.0022414029304274052,2048,256,441;521;521;309
2048,19,uniform,0.0034544254130457475,2048,0,512;512;512;512
2048,19,regularized_adaptive,0.0010235094144190882,2048,256,431;526;525;310
2048,20,uniform,0.0035301330898196426,2048,0,512;512;512;512
2048,20,regularized_adaptive,-0.0035162145677700707,2048,256,448;520;517;307
2048,21,uniform,-0.001326369488700685,2048,0,512;512;512;512
2048,21,regularized_adaptive,-0.004787224786181987,2048,256,469;511;508;304
2048,22,uniform,-0.00264101417267959,2048,0,512;512;512;512
2048,22,regularized_adaptive,0.0013820247707272415,2048,256,413;495;587;297
2048,23,uniform,0.001137046293499644,2048,0,512;512;512;512
2048,23,regularized_adaptive,0.0024274995986042214,2048,256,446;521;518;307
2048,24,uniform,-0.0033696751023315485,2048,0,512;512;512;512
2048,24,regularized_adaptive,-0.00166348207910616,2048,256,449;517;518;308
2048,25,uniform,0.003364222729683952,2048,0,512;512;512;512
2048,25,regularized_adaptive,0.0021136070978711174,2048,256,420;530;529;313
2048,26,uniform,0.004421003445765237,2048,0,512;512;512;512
2048,26,regularized_adaptive,-0.0011871984432776372,2048,256,427;524;529;312
2048,27,uniform,8.909240260202012e-06,2048,0,512;512;512;512
2048,27,regularized_adaptive,0.0008183644675279211,2048,256,441;522;521;308
2048,28,uniform,3.1219949655714174e-05,2048,0,512;512;512;512
2048,28,regularized_adaptive,-0.0006856904420589061,2048,256,442;522;520;308
2048,29,uniform,0.001603762892642635,2048,0,512;512;512;512
2048,29,regularized_adaptive,0.005220218434480728,2048,256,457;515;515;305
2048,30,uniform,0.0039765973573571145,2048,0,512;512;512;512
2048,30,regularized_adaptive,0.004650537036701152,2048,256,461;515;511;305
2048,31,uniform,0.00043306160643297176,2048,0,512;512;512;512
2048,31,regularized_adaptive,0.0017167642787185855,2048,256,435;524;524;309
2048,32,uniform,0.0014993367756810372,2048,0,512;512;512;512
2048,32,regularized_adaptive,-0.00027764367262150813,2048,256,461;514;511;306
2048,33,uniform,-0.0030996452839797684,2048,0,512;512;512;512
2048,33,regularized_adaptive,-0.0025884166881171566,2048,256,435;524;524;309
2048,34,uniform,-0.00012187514755801487,2048,0,512;512;512;512
2048,34,regularized_adaptive,0.0007480828236836601,2048,256,444;517;521;310
2048,35,uniform,0.00018770644137422465,2048,0,512;512;512;512
2048,35,regularized_adaptive,0.0013655775968581807,2048,256,464;514;510;304
2048,36,uniform,-0.00027599590742699576,2048,0,512;512;512;512
2048,36,regularized_adaptive,0.001941175480264512,2048,256,464;513;511;304
2048,37,uniform,-0.0045548721897743505,2048,0,512;512;512;512
2048,37,regularized_adaptive,0.0036663722771930196,2048,256,447;519;519;307
2048,38,uniform,-0.0008390199372145801,2048,0,512;512;512;512
2048,38,regularized_adaptive,-0.00020151381211697128,2048,256,446;519;519;308
2048,39,uniform,0.002508479637354455,2048,0,512;512;512;512
2048,39,regularized_adaptive,0.00048607158649360827,2048,256,401;537;538;316
2048,40,uniform,-0.0012496338646661442,2048,0,512;512;512;512
2048,40,regularized_adaptive,-0.0013721256842300633,2048,256,454;518;514;306
2048,41,uniform,-0.002629533615094992,2048,0,512;512;512;512
2048,41,regularized_adaptive,-0.0011217091029456228,2048,256,462;514;512;304
2048,42,uniform,-0.003888452870877579,2048,0,512;512;512;512
2048,42,regularized_adaptive,0.0006676449789697614,2048,256,447;519;519;307
2048,43,uniform,0.0008784976287170565,2048,0,512;512;512;512
2048,43,regularized_adaptive,-0.0023113923520989843,2048,256,416;480;604;292
2048,44,uniform,-0.0018343172047670109,2048,0,512;512;512;512
2048,44,regularized_adaptive,0.0012634589876983071,2048,256,394;540;541;317
2048,45,uniform,0.004231752442358072,2048,0,512;512;512;512
2048,45,regularized_adaptive,0.002177752431392399,2048,256,444;520;520;308
2048,46,uniform,0.0021299787231789935,2048,0,512;512;512;512
2048,46,regularized_adaptive,-0.0004843605722726352,2048,256,437;526;520;309
2048,47,uniform,-0.0020522859530460735,2048,0,512;512;512;512
2048,47,regularized_adaptive,0.0004450753963887166,2048,256,432;526;524;310
2048,48,uniform,0.00505229520305317,2048,0,512;512;512;512
2048,48,regularized_adaptive,0.002403166990278649,2048,256,421;531;526;314
2048,49,uniform,-0.0015953706644769028,2048,0,512;512;512;512
2048,49,regularized_adaptive,-0.00333144415038511,2048,256,440;521;523;308
2048,50,uniform,-0.0026954391866507166,2048,0,512;512;512;512
2048,50,regularized_adaptive,0.003965019260872893,2048,256,443;519;522;308
2048,51,uniform,0.0013762981019054266,2048,0,512;512;512;512
2048,51,regularized_adaptive,-0.0012632887442753926,2048,256,429;527;526;310
2048,52,uniform,-0.0018877120862006436,2048,0,512;512;512;512
2048,52,regularized_adaptive,-0.00034919207185968304,2048,256,449;520;515;308
2048,53,uniform,-0.0012327741195345965,2048,0,512;512;512;512
2048,53,regularized_adaptive,0.0025606397270170334,2048,256,403;531;541;317
2048,54,uniform,0.0035139236511323446,2048,0,512;512;512;512
2048,54,regularized_adaptive,-0.0030173909274813226,2048,256,437;523;523;309
2048,55,uniform,0.001408105151750938,2048,0,512;512;512;512
2048,55,regularized_adaptive,0.003172058002745004,2048,256,459;513;515;305
2048,56,uniform,-6.889387351094456e-05,2048,0,512;512;512;512
2048,56,regularized_adaptive,0.0014035899349398306,2048,256,434;523;525;310
2048,57,uniform,0.0005861547170322723,2048,0,512;512;512;512
2048,57,regularized_adaptive,-0.006672727590377292,2048,256,402;534;540;316
2048,58,uniform,0.0011103121697786378,2048,0,512;512;512;512
2048,58,regularized_adaptive,0.00025294970728406696,2048,256,449;520;516;307
2048,59,uniform,0.0018916825886625688,2048,0,512;512;512;512
2048,59,regularized_adaptive,0.0030530867213940382,2048,256,437;525;521;309
2048,60,uniform,0.0012952122308922398,2048,0,512;512;512;512
2048,60,regularized_adaptive,-0.00363600050982793,2048,256,421;529;530;312
2048,61,uniform,-0.0015092116686785673,2048,0,512;512;512;512
2048,61,regularized_adaptive,0.002467122349352202,2048,256,432;526;524;310
2048,62,uniform,-2.3856165404900764e-05,2048,0,512;512;512;512
2048,62,regularized_adaptive,-0.0013985310493032088,2048,256,451;518;517;306
2048,63,uniform,0.0058306522655717785,2048,0,512;512;512;512
2048,63,regularized_adaptive,-0.0030323330902968237,2048,256,438;523;521;310
2048,64,uniform,0.0015419013066422238,2048,0,512;512;512;512
2048,64,regularized_adaptive,-0.0033772636644613385,2048,256,442;521;521;308
2048,65,uniform,0.0005776886084500887,2048,0,512;512;512;512
2048,65,regularized_adaptive,0.001447656404594433,2048,256,438;519;525;310
2048,66,uniform,0.0021695289044680877,2048,0,512;512;512;512
2048,66,regularized_adaptive,0.0014458406464648021,2048,256,462;510;515;305
2048,67,uniform,-0.0016984615794468638,2048,0,512;512;512;512
2048,67,regularized_adaptive,-0.00444160700416063,2048,256,435;524;524;309
2048,68,uniform,-0.0017734847579973234,2048,0,512;512;512;512
2048,68,regularized_adaptive,-0.001368036160084074,2048,256,452;517;517;306
2048,69,uniform,-0.0010712144036997273,2048,0,512;512;512;512
2048,69,regularized_adaptive,-0.004334548259974369,2048,256,453;517;515;307
2048,70,uniform,0.0007382190857248005,2048,0,512;512;512;512
2048,70,regularized_adaptive,-0.0021473911586316063,2048,256,436;522;525;309
2048,71,uniform,-0.003261203013200209,2048,0,512;512;512;512
2048,71,regularized_adaptive,0.004094374459957528,2048,256,454;513;518;307
2048,72,uniform,0.0005202488474846945,2048,0,512;512;512;512
2048,72,regularized_adaptive,0.0010919615288962348,2048,256,452;518;516;306
2048,73,uniform,-0.0010276186475630666,2048,0,512;512;512;512
2048,73,regularized_adaptive,-0.0022596286821503497,2048,256,461;514;513;304
2048,74,uniform,0.003797798964273902,2048,0,512;512;512;512
2048,74,regularized_adaptive,-0.0005537250260347903,2048,256,442;521;521;308
2048,75,uniform,-0.0023405843825221595,2048,0,512;512;512;512
2048,75,regularized_adaptive,-0.0011086479234272417,2048,256,452;517;517;306
2048,76,uniform,0.005184108432108481,2048,0,512;512;512;512
2048,76,regularized_adaptive,0.0028637324894438265,2048,256,442;519;522;309
2048,77,uniform,-3.914490346357269e-05,2048,0,512;512;512;512
2048,77,regularized_adaptive,-0.002347437453527057,2048,256,454;513;518;307
2048,78,uniform,0.0018565546297306668,2048,0,512;512;512;512
2048,78,regularized_adaptive,-0.000939743689079009,2048,256,461;513;514;304
2048,79,uniform,0.0017396190146161672,2048,0,512;512;512;512
2048,79,regularized_adaptive,-0.0011602127227074988,2048,256,446;521;518;307
2048,80,uniform,0.0033483179631268456,2048,0,512;512;512;512
2048,80,regularized_adaptive,0.005315994052416784,2048,256,434;525;523;310
2048,81,uniform,0.0013664961953478993,2048,0,512;512;512;512
2048,81,regularized_adaptive,-0.001937538947946571,2048,256,468;511;510;303
2048,82,uniform,0.003757598377210236,2048,0,512;512;512;512
2048,82,regularized_adaptive,-0.0010249193040907656,2048,256,433;525;524;310
2048,83,uniform,0.0019545739098765225,2048,0,512;512;512;512
2048,83,regularized_adaptive,0.0026211834573679482,2048,256,445;521;518;308
2048,84,uniform,-0.0012030235601958594,2048,0,512;512;512;512
2048,84,regularized_adaptive,0.0003639097991046114,2048,256,430;582;486;294
2048,85,uniform,0.0003462519068682113,2048,0,512;512;512;512
2048,85,regularized_adaptive,-0.00016003640583051038,2048,256,463;513;513;303
2048,86,uniform,-0.0015740885976578411,2048,0,512;512;512;512
2048,86,regularized_adaptive,-0.003779099610797587,2048,256,423;527;530;312
2048,87,uniform,-0.002860392680927859,2048,0,512;512;512;512
2048,87,regularized_adaptive,-0.0003383853176952556,2048,256,451;518;517;306
2048,88,uniform,6.737655116406671e-05,2048,0,512;512;512;512
2048,88,regularized_adaptive,0.002332642947291852,2048,256,451;518;516;307
2048,89,uniform,-0.0009032448711279173,2048,0,512;512;512;512
2048,89,regularized_adaptive,0.0003864660108625628,2048,256,431;526;525;310
2048,90,uniform,0.004543013278302865,2048,0,512;512;512;512
2048,90,regularized_adaptive,0.001810435802397592,2048,256,449;517;519;307
2048,91,uniform,0.0002100182434077169,2048,0,512;512;512;512
2048,91,regularized_adaptive,0.004274704854625,2048,256,438;524;521;309
2048,92,uniform,-0.0008383688361250918,2048,0,512;512;512;512
2048,92,regularized_adaptive,0.003279133298168091,2048,256,437;523;523;309
2048,93,uniform,-0.0008269243444383179,2048,0,512;512;512;512
2048,93,regularized_adaptive,0.0060997618265279385,2048,256,452;517;517;306
2048,94,uniform,-0.0014199652551898367,2048,0,512;512;512;512
2048,94,regularized_adaptive,-0.004476218211799221,2048,256,455;515;516;306
2048,95,uniform,0.003775486367594283,2048,0,512;512;512;512
2048,95,regularized_adaptive,-0.00362303975126288,2048,256,464;513;511;304
2048,96,uniform,0.0013377768611846363,2048,0,512;512;512;512
2048,96,regularized_adaptive,-0.0012639326809891216,2048,256,451;518;517;306
2048,97,uniform,-0.0012104620195092508,2048,0,512;512;512;512
2048,97,regularized_adaptive,-0.0006733505043614585,2048,256,463;512;512;305
2048,98,uniform,-0.0018268798380924878,2048,0,512;512;512;512
2048,98,regularized_adaptive,-0.0016002594658202085,2048,256,443;521;520;308
2048,99,uniform,-0.001473054371855298,2048,0,512;512;512;512
2048,99,regularized_adaptive,0.0007738235304568519,2048,256,434;522;526;310
2048,100,uniform,0.0022543533935905913,2048,0,512;512;512;512
2048,100,regularized_adaptive,0.004236921765908619,2048,256,451;515;519;307
2048,101,uniform,0.0021106824627858956,2048,0,512;512;512;512
2048,101,regularized_adaptive,0.0010836115631045473,2048,256,461;505;519;307
2048,102,uniform,-0.00397564209854373,2048,0,512;512;512;512
2048,102,regularized_adaptive,-0.0007735621008739813,2048,256,399;502;592;299
2048,103,uniform,0.0025507387015393235,2048,0,512;512;512;512
2048,103,regularized_adaptive,0.0013407045218256641,2048,256,448;519;518;307
2048,104,uniform,0.0002228344996373366,2048,0,512;512;512;512
2048,104,regularized_adaptive,0.0013712247196249194,2048,256,445;517;522;308
2048,105,uniform,-0.0011073707072153383,2048,0,512;512;512;512
2048,105,regularized_adaptive,0.000952171090791154,2048,256,444;521;519;308
2048,106,uniform,-0.003378140714259459,2048,0,512;512;512;512
2048,106,regularized_adaptive,-0.0034847175966055133,2048,256,442;517;524;309
2048,107,uniform,0.0005851248824875199,2048,0,512;512;512;512
2048,107,regularized_adaptive,-0.0020904767934526447,2048,256,442;521;521;308
2048,108,uniform,-0.0012104619201780409,2048,0,512;512;512;512
2048,108,regularized_adaptive,-0.003095003505229066,2048,256,450;519;516;307
2048,109,uniform,0.0006628902417373794,2048,0,512;512;512;512
2048,109,regularized_adaptive,0.000665658024935567,2048,256,424;531;525;312
2048,110,uniform,-0.004932417529390776,2048,0,512;512;512;512
2048,110,regularized_adaptive,0.004150078029829807,2048,256,436;523;524;309
2048,111,uniform,0.0028488384415874535,2048,0,512;512;512;512
2048,111,regularized_adaptive,0.001603043697868678,2048,256,422;527;531;312
2048,112,uniform,0.00013431146061027022,2048,0,512;512;512;512
2048,112,regularized_adaptive,-0.0014999569254712242,2048,256,465;514;508;305
2048,113,uniform,0.0011444826668673969,2048,0,512;512;512;512
2048,113,regularized_adaptive,-0.0032779743069610845,2048,256,410;529;538;315
2048,114,uniform,-0.004618414910069646,2048,0,512;512;512;512
2048,114,regularized_adaptive,-0.0017910126118367842,2048,256,437;522;524;309
2048,115,uniform,0.0020170861003121487,2048,0,512;512;512;512
2048,115,regularized_adaptive,0.0005911831821157065,2048,256,467;508;513;304
2048,116,uniform,0.0011444829648601385,2048,0,512;512;512;512
2048,116,regularized_adaptive,-0.0019615240915502596,2048,256,469;510;510;303
2048,117,uniform,0.0006524388233817291,2048,0,512;512;512;512
2048,117,regularized_adaptive,0.002030637174961214,2048,256,441;523;519;309
2048,118,uniform,0.0006226893566809721,2048,0,512;512;512;512
2048,118,regularized_adaptive,-0.0018706603788407605,2048,256,468;512;508;304
2048,119,uniform,0.0008011100096156909,2048,0,512;512;512;512
2048,119,regularized_adaptive,-0.005819845753681996,2048,256,432;526;524;310
2048,120,uniform,0.0006361566146688702,2048,0,512;512;512;512
2048,120,regularized_adaptive,0.000855495433414788,2048,256,454;515;517;306
2048,121,uniform,-0.002604207165397554,2048,0,512;512;512;512
2048,121,regularized_adaptive,0.0015373197784178672,2048,256,453;516;516;307
2048,122,uniform,-0.0013422725666352164,2048,0,512;512;512;512
2048,122,regularized_adaptive,0.0010617843946336691,2048,256,432;526;524;310
2048,123,uniform,0.0022286485084297425,2048,0,512;512;512;512
2048,123,regularized_adaptive,-0.0008889594580603344,2048,256,466;511;512;303
2048,124,uniform,-0.0014656175018332718,2048,0,512;512;512;512
2048,124,regularized_adaptive,0.0002417905369371809,2048,256,450;517;517;308
2048,125,uniform,-0.0012317429936903324,2048,0,512;512;512;512
2048,125,regularized_adaptive,0.0036600026522348728,2048,256,454;518;513;307
2048,126,uniform,0.0007649528121236315,2048,0,512;512;512;512
2048,126,regularized_adaptive,-0.0016778235966619093,2048,256,449;518;516;309
2048,127,uniform,0.0003854225600559147,2048,0,512;512;512;512
2048,127,regularized_adaptive,0.0010201977989581223,2048,256,427;527;526;312
2048,128,uniform,0.0020204797794241003,2048,0,512;512;512;512
2048,128,regularized_adaptive,-0.0024294401059261617,2048,256,468;508;512;304
2048,129,uniform,0.002491240761445468,2048,0,512;512;512;512
2048,129,regularized_adaptive,0.002080052297758428,2048,256,443;520;521;308
2048,130,uniform,-0.0013858674287954287,2048,0,512;512;512;512
2048,130,regularized_adaptive,0.006890610475146275,2048,256,421;530;529;312
2048,131,uniform,0.002104274831324915,2048,0,512;512;512;512
2048,131,regularized_adaptive,-0.005220370879726488,2048,256,454;514;518;306
2048,132,uniform,0.0009626697254514482,2048,0,512;512;512;512
2048,132,regularized_adaptive,-0.0012977442745123469,2048,256,462;515;509;306
2048,133,uniform,0.00022893735963691597,2048,0,512;512;512;512
2048,133,regularized_adaptive,2.711375636010871e-05,2048,256,481;503;507;301
2048,134,uniform,0.0015280567058288952,2048,0,512;512;512;512
2048,134,regularized_adaptive,-0.002773707189165364,2048,256,433;522;526;311
2048,135,uniform,-0.0009106828337870354,2048,0,512;512;512;512
2048,135,regularized_adaptive,0.00018952226611546052,2048,256,400;538;539;315
2048,136,uniform,0.006965848846008704,2048,0,512;512;512;512
2048,136,regularized_adaptive,-0.0015096906724405557,2048,256,456;514;516;306
2048,137,uniform,0.003019820138556284,2048,0,512;512;512;512
2048,137,regularized_adaptive,0.0019697165405077044,2048,256,450;517;518;307
2048,138,uniform,0.0038062654701791487,2048,0,512;512;512;512
2048,138,regularized_adaptive,-0.0004382582472821639,2048,256,442;523;518;309
2048,139,uniform,-0.0017559018370665314,2048,0,512;512;512;512
2048,139,regularized_adaptive,0.0016262008229910307,2048,256,447;573;482;290
2048,140,uniform,0.002232040995572504,2048,0,512;512;512;512
2048,140,regularized_adaptive,0.002158244287048916,2048,256,429;527;524;312
2048,141,uniform,-0.0011837272004724397,2048,0,512;512;512;512
2048,141,regularized_adaptive,0.0006692178186149533,2048,256,412;533;533;314
2048,142,uniform,0.0028484593108100142,2048,0,512;512;512;512
2048,142,regularized_adaptive,-0.0027686847021843874,2048,256,434;525;524;309
2048,143,uniform,0.0031229125434872884,2048,0,512;512;512;512
2048,143,regularized_adaptive,0.0004893935767311675,2048,256,444;483;573;292
2048,144,uniform,0.0007689966983486229,2048,0,512;512;512;512
2048,144,regularized_adaptive,-0.003295967298907243,2048,256,450;516;519;307
2048,145,uniform,-0.003112155278786055,2048,0,512;512;512;512
2048,145,regularized_adaptive,0.0026799865182782767,2048,256,416;533;530;313
2048,146,uniform,-0.0011475710956183605,2048,0,512;512;512;512
2048,146,regularized_adaptive,-0.0022772138645095197,2048,256,463;510;514;305
2048,147,uniform,-0.0017366771547306925,2048,0,512;512;512;512
2048,147,regularized_adaptive,-0.00179466605602574,2048,256,439;523;521;309
2048,148,uniform,-0.004020265305287651,2048,0,512;512;512;512
2048,148,regularized_adaptive,-0.001737485303562103,2048,256,471;510;507;304
2048,149,uniform,0.00011539323835751958,2048,0,512;512;512;512
2048,149,regularized_adaptive,0.0005049570057646946,2048,256,460;513;514;305
2048,150,uniform,-0.0017471286724157764,2048,0,512;512;512;512
2048,150,regularized_adaptive,-0.003534138965692435,2048,256,446;519;519;308
2048,151,uniform,-0.0022013360713977193,2048,0,512;512;512;512
2048,151,regularized_adaptive,0.0029799577110409814,2048,256,448;522;514;308
2048,152,uniform,-0.001822835554544433,2048,0,512;512;512;512
2048,152,regularized_adaptive,0.0028228447219662556,2048,256,437;522;524;309
2048,153,uniform,0.0012421228162358133,2048,0,512;512;512;512
2048,153,regularized_adaptive,0.00037250392346699357,2048,256,455;510;520;307
2048,154,uniform,0.0022509595158179962,2048,0,512;512;512;512
2048,154,regularized_adaptive,-0.0006866739326225613,2048,256,428;527;527;310
2048,155,uniform,0.002075554702515525,2048,0,512;512;512;512
2048,155,regularized_adaptive,0.0011057209681064606,2048,256,460;510;517;305
2048,156,uniform,0.0018788684183785875,2048,0,512;512;512;512
2048,156,regularized_adaptive,-0.0024899527401229804,2048,256,433;525;524;310
2048,157,uniform,-0.001078649187776115,2048,0,512;512;512;512
2048,157,regularized_adaptive,0.005159099080020546,2048,256,472;509;509;302
2048,158,uniform,-0.0029323275478123634,2048,0,512;512;512;512
2048,158,regularized_adaptive,-0.0032036860110231657,2048,256,413;534;530;315
2048,159,uniform,-0.003754692682553795,2048,0,512;512;512;512
2048,159,regularized_adaptive,-0.0012223406115907665,2048,256,441;524;518;309
2048,160,uniform,0.0006074376778277824,2048,0,512;512;512;512
2048,160,regularized_adaptive,-0.0022297054623079404,2048,256,417;531;531;313
2048,161,uniform,-0.006655691427033261,2048,0,512;512;512;512
2048,161,regularized_adaptive,-0.00163323226241463,2048,256,478;507;506;301
2048,162,uniform,0.000520248549492841,2048,0,512;512;512;512
2048,162,regularized_adaptive,-0.0005066664798958342,2048,256,421;529;529;313
2048,163,uniform,0.000881890215191028,2048,0,512;512;512;512
2048,163,regularized_adaptive,0.0010201644384375541,2048,256,441;521;522;308
2048,164,uniform,0.0017970584775888199,2048,0,512;512;512;512
2048,164,regularized_adaptive,0.0005983307411021599,2048,256,463;513;512;304
2048,165,uniform,0.00023637413032773225,2048,0,512;512;512;512
2048,165,regularized_adaptive,0.00042765592352989046,2048,256,462;511;514;305
2048,166,uniform,-0.0019617065228434427,2048,0,512;512;512;512
2048,166,regularized_adaptive,-0.003437941935922062,2048,256,459;514;514;305
2048,167,uniform,-0.004041547173445181,2048,0,512;512;512;512
2048,167,regularized_adaptive,-0.0005360978864201726,2048,256,466;511;512;303
2048,168,uniform,0.003651491721936573,2048,0,512;512;512;512
2048,168,regularized_adaptive,0.0011836591201808133,2048,256,454;513;518;307
2048,169,uniform,0.00024617484491606945,2048,0,512;512;512;512
2048,169,regularized_adaptive,-0.004144775427661784,2048,256,440;524;519;309
2048,170,uniform,0.0003884378037044556,2048,0,512;512;512;512
2048,170,regularized_adaptive,0.0008401870016854218,2048,256,426;528;527;311
2048,171,uniform,-0.0005628864642170939,2048,0,512;512;512;512
2048,171,regularized_adaptive,0.00028665351474543854,2048,256,435;521;526;310
2048,172,uniform,-0.0013922749609260876,2048,0,512;512;512;512
2048,172,regularized_adaptive,0.002107372438876709,2048,256,424;528;529;311
2048,173,uniform,2.378258298030289e-05,2048,0,512;512;512;512
2048,173,regularized_adaptive,0.0026720190576519087,2048,256,450;514;521;307
2048,174,uniform,0.0023817424136751697,2048,0,512;512;512;512
2048,174,regularized_adaptive,0.004608025126050741,2048,256,451;481;571;289
2048,175,uniform,-0.003741766696423454,2048,0,512;512;512;512
2048,175,regularized_adaptive,0.0004980658440958408,2048,256,461;512;513;306
2048,176,uniform,0.005009730870752627,2048,0,512;512;512;512
2048,176,regularized_adaptive,0.0028593353752484063,2048,256,459;510;516;307
2048,177,uniform,-0.0032013274322881813,2048,0,512;512;512;512
2048,177,regularized_adaptive,-0.0005240530824650591,2048,256,450;522;512;308
2048,178,uniform,0.0006074365851906904,2048,0,512;512;512;512
2048,178,regularized_adaptive,-0.0019522344134088598,2048,256,470;510;509;303
2048,179,uniform,0.0005202484501616311,2048,0,512;512;512;512
2048,179,regularized_adaptive,-0.0019377267038196422,2048,256,442;523;517;310
2048,180,uniform,0.002812303106624725,2048,0,512;512;512;512
2048,180,regularized_adaptive,0.0041206164393861044,2048,256,443;521;520;308
2048,181,uniform,-0.001823864495112737,2048,0,512;512;512;512
2048,181,regularized_adaptive,-0.0024003123616376243,2048,256,435;527;520;310
2048,182,uniform,0.001404711770631728,2048,0,512;512;512;512
2048,182,regularized_adaptive,-0.0028275622110864873,2048,256,451;518;517;306
2048,183,uniform,-0.002048242861467209,2048,0,512;512;512;512
2048,183,regularized_adaptive,-0.002257555525578603,2048,256,430;526;526;310
2048,184,uniform,0.0022756358577327163,2048,0,512;512;512;512
2048,184,regularized_adaptive,0.0028615181612297036,2048,256,429;524;528;311
2048,185,uniform,0.00040029759139859067,2048,0,512;512;512;512
2048,185,regularized_adaptive,-0.001506489372305353,2048,256,456;517;513;306
2048,186,uniform,0.0013124517027858218,2048,0,512;512;512;512
2048,186,regularized_adaptive,-0.004628324991127641,2048,256,432;577;487;296
2048,187,uniform,-0.00025814467825568954,2048,0,512;512;512;512
2048,187,regularized_adaptive,-0.0044312427448254255,2048,256,415;532;531;314
2048,188,uniform,-0.004078733311506433,2048,0,512;512;512;512
2048,188,regularized_adaptive,-0.0013392319016221066,2048,256,463;510;514;305
2048,189,uniform,0.0008923428255149801,2048,0,512;512;512;512
2048,189,regularized_adaptive,-0.0008615694803495444,2048,256,453;516;517;306
2048,190,uniform,-0.0021226152369200335,2048,0,512;512;512;512
2048,190,regularized_adaptive,0.00397298671906654,2048,256,423;527;530;312
2048,191,uniform,0.002075554801845847,2048,0,512;512;512;512
2048,191,regularized_adaptive,-0.0017867589330897715,2048,256,460;513;514;305
2048,192,uniform,-0.004640074915698733,2048,0,512;512;512;512
2048,192,regularized_adaptive,0.0006052978147446098,2048,256,447;521;516;308
2048,193,uniform,0.0035416141440576254,2048,0,512;512;512;512
2048,193,regularized_adaptive,0.004700859029521887,2048,256,455;517;515;305
2048,194,uniform,-0.0032250475043298366,2048,0,512;512;512;512
2048,194,regularized_adaptive,0.0036551294480950958,2048,256,449;519;517;307
2048,195,uniform,0.0019734911388216148,2048,0,512;512;512;512
2048,195,regularized_adaptive,0.003912768846796588,2048,256,457;517;512;306
2048,196,uniform,0.0018673855761868197,2048,0,512;512;512;512
2048,196,regularized_adaptive,-9.217632333413661e-05,2048,256,439;523;522;308
2048,197,uniform,-0.0012817457853033787,2048,0,512;512;512;512
2048,197,regularized_adaptive,0.006857638165750579,2048,256,464;512;511;305
2048,198,uniform,0.002250959615148318,2048,0,512;512;512;512
2048,198,regularized_adaptive,-0.0012516624169602864,2048,256,431;526;525;310
2048,199,uniform,0.00016135144843065774,2048,0,512;512;512;512
2048,199,regularized_adaptive,-0.00099464921891812,2048,256,451;490;488;363
2048,200,uniform,0.002461492387381803,2048,0,512;512;512;512
2048,200,regularized_adaptive,0.002465227416731608,2048,256,446;519;520;307
2048,201,uniform,0.0033195998209318844,2048,0,512;512;512;512
2048,201,regularized_adaptive,-0.0011534527146892515,2048,256,431;525;526;310
2048,202,uniform,-0.0010637762423781894,2048,0,512;512;512;512
2048,202,regularized_adaptive,0.0008090528510598105,2048,256,445;577;478;292
2048,203,uniform,-0.002841094731913074,2048,0,512;512;512;512
2048,203,regularized_adaptive,-0.004776448577560544,2048,256,446;520;519;307
2048,204,uniform,0.0041847667816776735,2048,0,512;512;512;512
2048,204,regularized_adaptive,0.0018535583393886057,2048,256,467;509;511;305
2048,205,uniform,-0.0016112740404032877,2048,0,512;512;512;512
2048,205,regularized_adaptive,-0.0019517596426599226,2048,256,407;535;535;315
2048,206,uniform,0.004167253849511887,2048,0,512;512;512;512
2048,206,regularized_adaptive,0.0028034966319099297,2048,256,423;528;529;312
2048,207,uniform,0.0007605311857501462,2048,0,512;512;512;512
2048,207,regularized_adaptive,0.002471979755130249,2048,256,422;526;531;313
2048,208,uniform,0.0015057453011184663,2048,0,512;512;512;512
2048,208,regularized_adaptive,-0.0015988724982296532,2048,256,427;525;529;311
2048,209,uniform,0.0006956534621256338,2048,0,512;512;512;512
2048,209,regularized_adaptive,0.0006141993656951783,2048,256,434;525;523;310
2048,210,uniform,-0.0022321147766586336,2048,0,512;512;512;512
2048,210,regularized_adaptive,4.202410053899541e-05,2048,256,453;518;514;307
2048,211,uniform,-0.001873489347916646,2048,0,512;512;512;512
2048,211,regularized_adaptive,0.0036730469392782794,2048,256,455;517;514;306
2048,212,uniform,-0.001921503651173495,2048,0,512;512;512;512
2048,212,regularized_adaptive,-0.00442420534861121,2048,256,450;519;516;307
2048,213,uniform,-0.002968862882775092,2048,0,512;512;512;512
2048,213,regularized_adaptive,0.0009773505234660362,2048,256,464;512;512;304
2048,214,uniform,-0.0022523683995627763,2048,0,512;512;512;512
2048,214,regularized_adaptive,-0.0028923688782418466,2048,256,443;519;522;308
2048,215,uniform,-0.004282857260310635,2048,0,512;512;512;512
2048,215,regularized_adaptive,-0.0019761738273951224,2048,256,443;517;523;309
2048,216,uniform,0.0021259350356155338,2048,0,512;512;512;512
2048,216,regularized_adaptive,-0.001617460888948763,2048,256,446;519;519;308
2048,217,uniform,0.0017747473708711325,2048,0,512;512;512;512
2048,217,regularized_adaptive,0.002296375361508396,2048,256,457;515;514;306
2048,218,uniform,-0.004348763030527891,2048,0,512;512;512;512
2048,218,regularized_adaptive,-0.0060113891006574605,2048,256,482;504;506;300
2048,219,uniform,0.001097494920242248,2048,0,512;512;512;512
2048,219,regularized_adaptive,-0.002278016239921854,2048,256,434;525;524;309
2048,220,uniform,0.004326378639376571,2048,0,512;512;512;512
2048,220,regularized_adaptive,-0.0004754462882399224,2048,256,443;521;520;308
2048,221,uniform,0.0010052345544044883,2048,0,512;512;512;512
2048,221,regularized_adaptive,-0.004149206945022854,2048,256,452;517;517;306
2048,222,uniform,-0.0005970591465827013,2048,0,512;512;512;512
2048,222,regularized_adaptive,-0.0024329451739406593,2048,256,445;521;517;309
2048,223,uniform,-0.004625201572978632,2048,0,512;512;512;512
2048,223,regularized_adaptive,0.004192511874042459,2048,256,424;525;529;314
2048,224,uniform,0.00164094922936453,2048,0,512;512;512;512
2048,224,regularized_adaptive,0.0035706722274664315,2048,256,471;510;508;303
2048,225,uniform,-0.0010093515264006925,2048,0,512;512;512;512
2048,225,regularized_adaptive,0.0013291996512139193,2048,256,429;525;527;311
2048,226,uniform,-0.0012902119932167722,2048,0,512;512;512;512
2048,226,regularized_adaptive,0.0012707798688618155,2048,256,419;584;493;296
2048,227,uniform,0.005623134637656513,2048,0,512;512;512;512
2048,227,regularized_adaptive,-0.0020820728805039934,2048,256,469;508;511;304
2048,228,uniform,0.0031556755652148993,2048,0,512;512;512;512
2048,228,regularized_adaptive,0.0024888836039274054,2048,256,426;529;526;311
2048,229,uniform,0.00193630579540649,2048,0,512;512;512;512
2048,229,regularized_adaptive,-0.0014891414909179446,2048,256,431;526;525;310
2048,230,uniform,0.0019903160100227524,2048,0,512;512;512;512
2048,230,regularized_adaptive,-0.00121492254213873,2048,256,423;529;528;312
2048,231,uniform,-0.0006085377175528706,2048,0,512;512;512;512
2048,231,regularized_adaptive,-0.003724097457443065,2048,256,459;514;514;305
2048,232,uniform,6.737635250253504e-05,2048,0,512;512;512;512
2048,232,regularized_adaptive,-0.0018045387665628354,2048,256,418;532;529;313
2048,233,uniform,0.0008234215136573297,2048,0,512;512;512;512
2048,233,regularized_adaptive,-0.0014304711822976657,2048,256,427;526;528;311
2048,234,uniform,0.0014834333997546523,2048,0,512;512;512;512
2048,234,regularized_adaptive,0.0011175337205671099,2048,256,434;517;529;312
2048,235,uniform,0.006400461269645774,2048,0,512;512;512;512
2048,235,regularized_adaptive,-0.003544416162444719,2048,256,482;507;502;301
2048,236,uniform,0.004181751041374859,2048,0,512;512;512;512
2048,236,regularized_adaptive,-0.005275786113381642,2048,256,437;521;524;310
2048,237,uniform,-0.0022608341108227847,2048,0,512;512;512;512
2048,237,regularized_adaptive,-0.0014225973044998952,2048,256,437;526;519;310
2048,238,uniform,0.004753924684662181,2048,0,512;512;512;512
2048,238,regularized_adaptive,-0.0006471562435281797,2048,256,434;524;524;310
2048,239,uniform,-0.005059807145459949,2048,0,512;512;512;512
2048,239,regularized_adaptive,0.0017340838329342745,2048,256,455;516;516;305
2048,240,uniform,0.0019288691240459954,2048,0,512;512;512;512
2048,240,regularized_adaptive,0.002655269691509865,2048,256,453;516;517;306
2048,241,uniform,-2.0839829118379782e-05,2048,0,512;512;512;512
2048,241,regularized_adaptive,0.0010629017948717845,2048,256,454;517;514;307
2048,242,uniform,0.0003620816187925868,2048,0,512;512;512;512
2048,242,regularized_adaptive,0.006372961668647648,2048,256,419;531;530;312
2048,243,uniform,-0.0014439569002204777,2048,0,512;512;512;512
2048,243,regularized_adaptive,0.006861299492529227,2048,256,459;514;514;305
2048,244,uniform,-0.002807303464932076,2048,0,512;512;512;512
2048,244,regularized_adaptive,-0.006009331261098261,2048,256,435;521;525;311
2048,245,uniform,-0.003428143605203715,2048,0,512;512;512;512
2048,245,regularized_adaptive,-0.002495073768703726,2048,256,456;514;516;306
2048,246,uniform,-0.0004939672383041938,2048,0,512;512;512;512
2048,246,regularized_adaptive,-0.0007317847316619108,2048,256,443;519;521;309
2048,247,uniform,-0.000710601281246781,2048,0,512;512;512;512
2048,247,regularized_adaptive,0.0031970178564550977,2048,256,386;544;544;318
2048,248,uniform,0.0027017738316716944,2048,0,512;512;512;512
2048,248,regularized_adaptive,0.001588160405407102,2048,256,460;518;508;306
2048,249,uniform,-0.0009542764046477359,2048,0,512;512;512;512
2048,249,regularized_adaptive,-0.00043715705318891906,2048,256,435;522;525;310
2048,250,uniform,-0.005339638373714983,2048,0,512;512;512;512
2048,250,regularized_adaptive,-0.0026403088299069566,2048,256,403;610;486;293
2048,251,uniform,0.0015047156652352456,2048,0,512;512;512;512
2048,251,regularized_adaptive,-0.005260453603860071,2048,256,435;517;527;313
2048,252,uniform,0.0010275458597845955,2048,0,512;512;512;512
2048,252,regularized_adaptive,0.0006646352457337912,2048,256,426;526;527;313
2048,253,uniform,0.0018748231415237626,2048,0,512;512;512;512
2048,253,regularized_adaptive,0.004886402670854828,2048,256,434;520;526;312
2048,254,uniform,-0.00045781014014245613,2048,0,512;512;512;512
2048,254,regularized_adaptive,3.265434561505742e-05,2048,256,443;521;521;307
2048,255,uniform,-0.0004588383853958433,2048,0,512;512;512;512
2048,255,regularized_adaptive,-0.0028140212409208942,2048,256,440;522;522;308
2048,256,uniform,0.00456768932222662,2048,0,512;512;512;512
2048,256,regularized_adaptive,-0.00025972684539876667,2048,256,466;506;515;305
2048,257,uniform,-0.0009096530985726048,2048,0,512;512;512;512
2048,257,regularized_adaptive,-0.0019912590962301024,2048,256,466;512;510;304
2048,258,uniform,0.002340512389388927,2048,0,512;512;512;512
2048,258,regularized_adaptive,-0.0003231117311646159,2048,256,416;532;530;314
2048,259,uniform,0.000304643943772831,2048,0,512;512;512;512
2048,259,regularized_adaptive,-0.0031844705220098746,2048,256,449;518;518;307
2048,260,uniform,0.005611239280717051,2048,0,512;512;512;512
2048,260,regularized_adaptive,0.0021704488402569666,2048,256,463;516;507;306
2048,261,uniform,0.0003809999403756592,2048,0,512;512;512;512
2048,261,regularized_adaptive,-0.00039230659628675113,2048,256,436;520;526;310
2048,262,uniform,0.003210100380523606,2048,0,512;512;512;512
2048,262,regularized_adaptive,-0.0007776441144535795,2048,256,471;510;509;302
2048,263,uniform,0.0025754146461318683,2048,0,512;512;512;512
2048,263,regularized_adaptive,-0.002943578229361421,2048,256,398;475;632;287
2048,264,uniform,-0.0009914631386926942,2048,0,512;512;512;512
2048,264,regularized_adaptive,0.0004821885517767299,2048,256,431;521;528;312
2048,265,uniform,-0.0049398535054363535,2048,0,512;512;512;512
2048,265,regularized_adaptive,0.0050435022900918725,2048,256,439;522;523;308
2048,266,uniform,-0.0038012660271480314,2048,0,512;512;512;512
2048,266,regularized_adaptive,-0.0018863788534657644,2048,256,444;520;520;308
2048,267,uniform,0.003803555593975716,2048,0,512;512;512;512
2048,267,regularized_adaptive,-0.0027189538267151647,2048,256,456;511;518;307
2048,268,uniform,-0.005143980136169901,2048,0,512;512;512;512
2048,268,regularized_adaptive,-0.00021197713054288414,2048,256,431;526;525;310
2048,269,uniform,0.002340097490704629,2048,0,512;512;512;512
2048,269,regularized_adaptive,0.0024112435408270017,2048,256,459;515;512;306
2048,270,uniform,0.0002566265612635732,2048,0,512;512;512;512
2048,270,regularized_adaptive,-0.003358311322202212,2048,256,428;527;527;310
2048,271,uniform,0.00034823652132587313,2048,0,512;512;512;512
2048,271,regularized_adaptive,-0.001849080753904886,2048,256,390;542;543;317
2048,272,uniform,-0.0007129660197904286,2048,0,512;512;512;512
2048,272,regularized_adaptive,0.000288928151184642,2048,256,434;525;524;309
2048,273,uniform,-0.000504418160006459,2048,0,512;512;512;512
2048,273,regularized_adaptive,-0.00023157199667345196,2048,256,448;520;516;308
2048,274,uniform,-1.543866717135245e-06,2048,0,512;512;512;512
2048,274,regularized_adaptive,0.0035940245192680464,2048,256,437;488;575;292
2048,275,uniform,0.0006010298477061582,2048,0,512;512;512;512
2048,275,regularized_adaptive,0.0005023005231343802,2048,256,428;487;582;295
2048,276,uniform,-0.0006991203263391199,2048,0,512;512;512;512
2048,276,regularized_adaptive,-0.001945728605162067,2048,256,449;518;518;307
2048,277,uniform,-0.001837710486555899,2048,0,512;512;512;512
2048,277,regularized_adaptive,-0.0015777328425006232,2048,256,456;514;516;306
2048,278,uniform,3.0189320464835134e-05,2048,0,512;512;512;512
2048,278,regularized_adaptive,-4.0826043951724955e-05,2048,256,447;522;513;310
2048,279,uniform,0.003509879764907353,2048,0,512;512;512;512
2048,279,regularized_adaptive,0.0017284341559005156,2048,256,446;519;520;307
2048,280,uniform,0.000519598938363508,2048,0,512;512;512;512
2048,280,regularized_adaptive,0.002239660137768773,2048,256,443;522;519;308
2048,281,uniform,-0.0014156153062048205,2048,0,512;512;512;512
2048,281,regularized_adaptive,-0.0031340379792110795,2048,256,440;521;523;308
2048,282,uniform,0.004152002071328376,2048,0,512;512;512;512
2048,282,regularized_adaptive,0.0015108677752850852,2048,256,457;514;515;306
2048,283,uniform,0.003234398187645482,2048,0,512;512;512;512
2048,283,regularized_adaptive,-0.0020161387000730002,2048,256,424;493;580;295
2048,284,uniform,0.005918870930460507,2048,0,512;512;512;512
2048,284,regularized_adaptive,-0.0003370599417369391,2048,256,464;510;514;304
2048,285,uniform,-0.0024139271220908753,2048,0,512;512;512;512
2048,285,regularized_adaptive,0.0013169393282765895,2048,256,445;519;520;308
2048,286,uniform,-0.0003844672019122086,2048,0,512;512;512;512
2048,286,regularized_adaptive,0.0028612148499034262,2048,256,449;518;518;307
2048,287,uniform,0.0009977984790285888,2048,0,512;512;512;512
2048,287,regularized_adaptive,0.0014196140809641378,2048,256,485;502;503;302
2048,288,uniform,0.0017598718428750715,2048,0,512;512;512;512
2048,288,regularized_adaptive,-0.002168992927020774,2048,256,461;514;513;304
2048,289,uniform,-0.002626519066761368,2048,0,512;512;512;512
2048,289,regularized_adaptive,0.003603704638564409,2048,256,441;525;517;309
2048,290,uniform,-0.004364666505784598,2048,0,512;512;512;512
2048,290,regularized_adaptive,0.0047528148117068625,2048,256,461;513;513;305
2048,291,uniform,0.0014536845290376021,2048,0,512;512;512;512
2048,291,regularized_adaptive,-0.001842914314950761,2048,256,433;524;526;309
2048,292,uniform,-0.0015132544622655786,2048,0,512;512;512;512
2048,292,regularized_adaptive,-0.002623416202166773,2048,256,434;525;523;310
2048,293,uniform,0.0002883253711694067,2048,0,512;512;512;512
2048,293,regularized_adaptive,-0.0011341874233448124,2048,256,435;497;495;365
2048,294,uniform,0.0034950051308877406,2048,0,512;512;512;512
2048,294,regularized_adaptive,-0.0020784578628889605,2048,256,452;514;518;308
2048,295,uniform,0.0032932441326734008,2048,0,512;512;512;512
2048,295,regularized_adaptive,0.005346573065720506,2048,256,447;520;516;309
2048,296,uniform,-0.0004365289672998429,2048,0,512;512;512;512
2048,296,regularized_adaptive,-0.0017339345395237515,2048,256,444;514;524;310
2048,297,uniform,0.0038373478542634842,2048,0,512;512;512;512
2048,297,regularized_adaptive,-0.005173315600639938,2048,256,445;571;485;291
2048,298,uniform,0.0029005197848981368,2048,0,512;512;512;512
2048,298,regularized_adaptive,0.002483812180714473,2048,256,469;511;509;303
2048,299,uniform,0.002574386400878481,2048,0,512;512;512;512
2048,299,regularized_adaptive,2.901233583330054e-05,2048,256,437;519;525;311
2048,300,uniform,0.0008893269858818442,2048,0,512;512;512;512
2048,300,regularized_adaptive,0.0029697992407111684,2048,256,419;532;528;313
2048,301,uniform,-0.002282117468941358,2048,0,512;512;512;512
2048,301,regularized_adaptive,0.001050480433631762,2048,256,477;507;507;301
2048,302,uniform,-0.0009478675812175652,2048,0,512;512;512;512
2048,302,regularized_adaptive,-0.003132321362510737,2048,256,446;515;522;309
2048,303,uniform,0.003002581262646409,2048,0,512;512;512;512
2048,303,regularized_adaptive,-0.0013851355407146215,2048,256,460;511;516;305
2048,304,uniform,-0.004414668304090874,2048,0,512;512;512;512
2048,304,regularized_adaptive,0.0021412370718163487,2048,256,417;584;495;296
2048,305,uniform,0.00205766561949261,2048,0,512;512;512;512
2048,305,regularized_adaptive,-0.0012470546561349494,2048,256,443;520;521;308
2048,306,uniform,-0.003970262513674605,2048,0,512;512;512;512
2048,306,regularized_adaptive,0.0005412941526410364,2048,256,426;528;527;311
2048,307,uniform,-0.0009711368450942004,2048,0,512;512;512;512
2048,307,regularized_adaptive,0.001389346840410255,2048,256,423;527;528;314
2048,308,uniform,-0.0062940495626726545,2048,0,512;512;512;512
2048,308,regularized_adaptive,0.002582767836137201,2048,256,406;535;536;315
2048,309,uniform,0.0016949960065337777,2048,0,512;512;512;512
2048,309,regularized_adaptive,-0.0025582101092354037,2048,256,474;508;507;303
2048,310,uniform,0.0036916934016391068,2048,0,512;512;512;512
2048,310,regularized_adaptive,-0.0020663753107488247,2048,256,458;512;515;307
2048,311,uniform,0.0021076667224839696,2048,0,512;512;512;512
2048,311,regularized_adaptive,0.0012259928120093022,2048,256,452;518;516;306
2048,312,uniform,0.0019575890541947416,2048,0,512;512;512;512
2048,312,regularized_adaptive,-0.006677584994166708,2048,256,452;519;514;307
2048,313,uniform,0.002079977719518844,2048,0,512;512;512;512
2048,313,regularized_adaptive,-0.00240485969392612,2048,256,439;523;522;308
2048,314,uniform,-0.0008201002250016742,2048,0,512;512;512;512
2048,314,regularized_adaptive,-0.001210765597965846,2048,256,412;527;537;316
2048,315,uniform,-0.002655239096240436,2048,0,512;512;512;512
2048,315,regularized_adaptive,-0.0007913910481862629,2048,256,408;535;534;315
2048,316,uniform,0.0019139944900263828,2048,0,512;512;512;512
2048,316,regularized_adaptive,0.0037538832469854455,2048,256,426;529;526;311
2048,317,uniform,0.000961639791575486,2048,0,512;512;512;512
2048,317,regularized_adaptive,-0.002265510040298402,2048,256,412;532;534;314
2048,318,uniform,0.001778139858013894,2048,0,512;512;512;512
2048,318,regularized_adaptive,0.0023279946848173694,2048,256,454;516;516;306
2048,319,uniform,-0.00035574756975620403,2048,0,512;512;512;512
2048,319,regularized_adaptive,0.005516222007456051,2048,256,444;516;523;309
2048,320,uniform,-0.0018496057441641511,2048,0,512;512;512;512
2048,320,regularized_adaptive,-0.006785563692716323,2048,256,440;522;521;309
2048,321,uniform,0.0017142923662571974,2048,0,512;512;512;512
2048,321,regularized_adaptive,-0.001118556912543589,2048,256,443;519;522;308
2048,322,uniform,0.0006148736538733601,2048,0,512;512;512;512
2048,322,regularized_adaptive,-0.0033815811044419775,2048,256,461;509;516;306
2048,323,uniform,0.001688587282434817,2048,0,512;512;512;512
2048,323,regularized_adaptive,-0.00029895677185276526,2048,256,439;520;524;309
2048,324,uniform,0.0017173067159292899,2048,0,512;512;512;512
2048,324,regularized_adaptive,0.003761110740312823,2048,256,427;523;529;313
2048,325,uniform,-0.0018481619049115494,2048,0,512;512;512;512
2048,325,regularized_adaptive,0.004753992571407295,2048,256,445;520;520;307
2048,326,uniform,-0.002451113160821805,2048,0,512;512;512;512
2048,326,regularized_adaptive,0.003385153774038585,2048,256,461;513;514;304
2048,327,uniform,0.0004989657873588627,2048,0,512;512;512;512
2048,327,regularized_adaptive,-0.0028471418464679488,2048,256,453;513;519;307
2048,328,uniform,0.001184032947487701,2048,0,512;512;512;512
2048,328,regularized_adaptive,0.0023421018731761833,2048,256,416;532;531;313
2048,329,uniform,0.0005087681905688868,2048,0,512;512;512;512
2048,329,regularized_adaptive,0.00031549364286931336,2048,256,443;520;521;308
2048,330,uniform,0.000432031473896366,2048,0,512;512;512;512
2048,330,regularized_adaptive,-0.0012461968592951678,2048,256,406;502;585;299
2048,331,uniform,0.0024763666240792404,2048,0,512;512;512;512
2048,331,regularized_adaptive,-0.004710707378762891,2048,256,425;526;530;311
2048,332,uniform,-0.0010127449075199024,2048,0,512;512;512;512
2048,332,regularized_adaptive,-0.002270626974786971,2048,256,432;528;521;311
2048,333,uniform,0.0009180464193763171,2048,0,512;512;512;512
2048,333,regularized_adaptive,0.002863926852462839,2048,256,458;515;514;305
2048,334,uniform,-0.002325710741809317,2048,0,512;512;512;512
2048,334,regularized_adaptive,-0.0021444834017474435,2048,256,461;514;513;304
2048,335,uniform,0.0015419027966032672,2048,0,512;512;512;512
2048,335,regularized_adaptive,-0.0016186149161541152,2048,256,445;520;520;307
2048,336,uniform,-0.0029539874541102407,2048,0,512;512;512;512
2048,336,regularized_adaptive,0.0016349651365699103,2048,256,453;513;519;307
2048,337,uniform,-0.0009874550203745613,2048,0,512;512;512;512
2048,337,regularized_adaptive,0.00664017608024281,2048,256,453;521;511;307
2048,338,uniform,-8.980140754566435e-06,2048,0,512;512;512;512
2048,338,regularized_adaptive,-0.006793504438594056,2048,256,458;515;514;305
2048,339,uniform,0.0010934512326787882,2048,0,512;512;512;512
2048,339,regularized_adaptive,0.0014538964675043786,2048,256,457;515;515;305
2048,340,uniform,-0.0001803425577930895,2048,0,512;512;512;512
2048,340,regularized_adaptive,-0.0012573952707786162,2048,256,451;517;517;307
2048,341,uniform,0.001954158812530693,2048,0,512;512;512;512
2048,341,regularized_adaptive,-0.0025453866864939556,2048,256,427;527;526;312
2048,342,uniform,-0.003203764742195858,2048,0,512;512;512;512
2048,342,regularized_adaptive,0.004224742721159025,2048,256,458;516;511;307
2048,343,uniform,-0.0031070826506542915,2048,0,512;512;512;512
2048,343,regularized_adaptive,5.015108412020908e-05,2048,256,454;520;511;307
2048,344,uniform,-0.0011103858515335574,2048,0,512;512;512;512
2048,344,regularized_adaptive,-0.0015978143012773671,2048,256,431;528;522;311
2048,345,uniform,0.0006216606147741999,2048,0,512;512;512;512
2048,345,regularized_adaptive,-0.0019070193104040456,2048,256,437;521;525;309
2048,346,uniform,-0.0023416138197438485,2048,0,512;512;512;512
2048,346,regularized_adaptive,-0.00626650168773768,2048,256,461;514;512;305
2048,347,uniform,0.0032131149288572303,2048,0,512;512;512;512
2048,347,regularized_adaptive,0.0006717806730431874,2048,256,437;521;525;309
2048,348,uniform,-0.00031856093504156746,2048,0,512;512;512;512
2048,348,regularized_adaptive,-0.0009811040289218198,2048,256,426;527;528;311
2048,349,uniform,0.0010092792352756064,2048,0,512;512;512;512
2048,349,regularized_adaptive,0.004273932858645857,2048,256,462;514;512;304
2048,350,uniform,0.0005226133873668104,2048,0,512;512;512;512
2048,350,regularized_adaptive,0.00410167202849987,2048,256,411;592;492;297
2048,351,uniform,-0.0013848372962579347,2048,0,512;512;512;512
2048,351,regularized_adaptive,0.001850222136671853,2048,256,450;518;517;307
2048,352,uniform,-0.0022969906129999274,2048,0,512;512;512;512
2048,352,regularized_adaptive,-0.0020527188357952753,2048,256,455;516;516;305
2048,353,uniform,0.0014368249825684742,2048,0,512;512;512;512
2048,353,regularized_adaptive,0.0013021321285338061,2048,256,431;524;527;310
2048,354,uniform,-0.0009211338548196224,2048,0,512;512;512;512
2048,354,regularized_adaptive,0.0068273286117781495,2048,256,462;512;512;306
2048,355,uniform,0.0035990522164013328,2048,0,512;512;512;512
2048,355,regularized_adaptive,-0.0037656564753936195,2048,256,452;518;516;306
2048,356,uniform,0.0029302688542758304,2048,0,512;512;512;512
2048,356,regularized_adaptive,-0.0014413230682697176,2048,256,435;521;526;310
2048,357,uniform,-0.0010117137816756383,2048,0,512;512;512;512
2048,357,regularized_adaptive,-1.7624506348568048e-05,2048,256,460;512;513;307
2048,358,uniform,0.002499055768937275,2048,0,512;512;512;512
2048,358,regularized_adaptive,-0.0007950281114039726,2048,256,458;515;514;305
2048,359,uniform,0.0014249642015666808,2048,0,512;512;512;512
2048,359,regularized_adaptive,-0.0022729489968673633,2048,256,452;514;519;307
2048,360,uniform,8.225078786061601e-05,2048,0,512;512;512;512
2048,360,regularized_adaptive,0.00017865619830370605,2048,256,427;525;528;312
2048,361,uniform,0.004187744668127991,2048,0,512;512;512;512
2048,361,regularized_adaptive,-0.0035949762105271788,2048,256,472;509;509;302
2048,362,uniform,-0.0006034654867441702,2048,0,512;512;512;512
2048,362,regularized_adaptive,0.0031161065734259807,2048,256,452;512;521;307
2048,363,uniform,-0.0026008145789235826,2048,0,512;512;512;512
2048,363,regularized_adaptive,-0.005289817147470899,2048,256,428;526;527;311
2048,364,uniform,-0.0006659779751716499,2048,0,512;512;512;512
2048,364,regularized_adaptive,0.00033264832546553436,2048,256,446;515;522;309
2048,365,uniform,-0.0027647377420025876,2048,0,512;512;512;512
2048,365,regularized_adaptive,0.0020106529531203066,2048,256,446;521;518;307
2048,366,uniform,-0.004413640058837487,2048,0,512;512;512;512
2048,366,regularized_adaptive,0.0017034580292092372,2048,256,435;526;521;310
2048,367,uniform,-0.0011688535597595973,2048,0,512;512;512;512
2048,367,regularized_adaptive,-0.0026153151684251696,2048,256,447;518;520;307
2048,368,uniform,0.002227996811355659,2048,0,512;512;512;512
2048,368,regularized_adaptive,0.0016872243553667232,2048,256,451;517;518;306
2048,369,uniform,0.001497279589859346,2048,0,512;512;512;512
2048,369,regularized_adaptive,0.0005766666278921306,2048,256,444;524;515;309
2048,370,uniform,0.0011346819522790597,2048,0,512;512;512;512
2048,370,regularized_adaptive,0.0007770793079080462,2048,256,455;515;516;306
2048,371,uniform,-0.0011039764321196799,2048,0,512;512;512;512
2048,371,regularized_adaptive,0.0015490617109401583,2048,256,460;511;516;305
2048,372,uniform,0.0004404985757853197,2048,0,512;512;512;512
2048,372,regularized_adaptive,-0.002695094978148127,2048,256,447;519;519;307
2048,373,uniform,-0.0011732761794398527,2048,0,512;512;512;512
2048,373,regularized_adaptive,-0.00603040854679282,2048,256,427;582;488;295
2048,374,uniform,0.003954247900132657,2048,0,512;512;512;512
2048,374,regularized_adaptive,-0.0018372137733662086,2048,256,408;532;537;315
2048,375,uniform,0.0027474276676056064,2048,0,512;512;512;512
2048,375,regularized_adaptive,0.0012923649480516275,2048,256,437;525;521;309
2048,376,uniform,0.0011762169466882355,2048,0,512;512;512;512
2048,376,regularized_adaptive,0.004865769086031868,2048,256,434;525;523;310
2048,377,uniform,-0.0040936073495414504,2048,0,512;512;512;512
2048,377,regularized_adaptive,0.001076025991214813,2048,256,468;513;506;305
2048,378,uniform,0.0006648763461560847,2048,0,512;512;512;512
2048,378,regularized_adaptive,0.0025247668767569564,2048,256,423;530;527;312
2048,379,uniform,-0.004932417628721986,2048,0,512;512;512;512
2048,379,regularized_adaptive,-0.00042568937220544,2048,256,445;520;520;307
2048,380,uniform,4.609388836041006e-05,2048,0,512;512;512;512
2048,380,regularized_adaptive,0.0032974997533337103,2048,256,451;518;517;306
2048,381,uniform,-0.0014101649379245629,2048,0,512;512;512;512
2048,381,regularized_adaptive,-0.0025549281376564537,2048,256,469;510;510;303
2048,382,uniform,-0.003491306797398508,2048,0,512;512;512;512
2048,382,regularized_adaptive,0.0009539266243239197,2048,256,463;513;512;304
2048,383,uniform,-0.004294338910533213,2048,0,512;512;512;512
2048,383,regularized_adaptive,-0.0016055317044392226,2048,256,453;509;521;309
2048,384,uniform,0.0048218162613054005,2048,0,512;512;512;512
2048,384,regularized_adaptive,0.0014441149878745563,2048,256,447;517;520;308
2048,385,uniform,-0.00045883878271890666,2048,0,512;512;512;512
2048,385,regularized_adaptive,0.0010205465784398626,2048,256,444;520;520;308
2048,386,uniform,-0.0002715736850698036,2048,0,512;512;512;512
2048,386,regularized_adaptive,0.001141256714865868,2048,256,430;525;527;310
2048,387,uniform,-0.00012931171958818766,2048,0,512;512;512;512
2048,387,regularized_adaptive,-0.002867725443534752,2048,256,446;519;520;307
2048,388,uniform,-0.0017609740678752317,2048,0,512;512;512;512
2048,388,regularized_adaptive,-0.0034954305895897875,2048,256,455;517;515;305
2048,389,uniform,0.003528146588077874,2048,0,512;512;512;512
2048,389,regularized_adaptive,0.003299014212318596,2048,256,473;502;511;306
2048,390,uniform,-0.0037789542251154273,2048,0,512;512;512;512
2048,390,regularized_adaptive,-0.0013996136675258342,2048,256,436;523;523;310
2048,391,uniform,-0.001801553686386903,2048,0,512;512;512;512
2048,391,regularized_adaptive,-0.0023622475081337413,2048,256,456;515;515;306
2048,392,uniform,-0.00016546772511194519,2048,0,512;512;512;512
2048,392,regularized_adaptive,-0.00032184370486199043,2048,256,434;525;523;310
2048,393,uniform,-0.00038851108813720003,2048,0,512;512;512;512
2048,393,regularized_adaptive,0.004364864271538593,2048,256,461;513;514;304
2048,394,uniform,-0.0015453680715253881,2048,0,512;512;512;512
2048,394,regularized_adaptive,0.0014456924268557714,2048,256,459;514;513;306
2048,395,uniform,-8.980240085776359e-06,2048,0,512;512;512;512
2048,395,regularized_adaptive,0.002129912635354003,2048,256,465;514;509;304
2048,396,uniform,0.00312291174884205,2048,0,512;512;512;512
2048,396,regularized_adaptive,-0.002241255589338742,2048,256,446;515;522;309
2048,397,uniform,-0.0023095005084767806,2048,0,512;512;512;512
2048,397,regularized_adaptive,0.0019546392661942136,2048,256,439;522;523;308
2048,398,uniform,0.0014844627376460195,2048,0,512;512;512;512
2048,398,regularized_adaptive,0.0015064502527648571,2048,256,425;528;528;311
2048,399,uniform,0.003331458615318361,2048,0,512;512;512;512
2048,399,regularized_adaptive,-0.0015329294701924567,2048,256,467;517;502;306
8192,0,uniform,0.00018871746259563338,8192,0,2048;2048;2048;2048
8192,0,regularized_adaptive,0.0009318591364957385,8192,256,2063;2350;2371;1152
8192,1,uniform,-0.0004382924833015167,8192,0,2048;2048;2048;2048
8192,1,regularized_adaptive,-0.0003104928602075674,8192,256,1968;2384;2408;1176
8192,2,uniform,-0.00020441894363276703,8192,0,2048;2048;2048;2048
8192,2,regularized_adaptive,-0.0015846692608425528,8192,256,1938;2436;2380;1182
8192,3,uniform,-0.0019625899049016127,8192,0,2048;2048;2048;2048
8192,3,regularized_adaptive,0.0010168192904060902,8192,256,2059;2368;2353;1156
8192,4,uniform,-7.074840918797065e-05,8192,0,2048;2048;2048;2048
8192,4,regularized_adaptive,0.0002781724905736027,8192,256,2168;2319;2319;1130
8192,5,uniform,0.000285621571402217,8192,0,2048;2048;2048;2048
8192,5,regularized_adaptive,8.635048685601276e-05,8192,256,1859;2447;2441;1189
8192,6,uniform,8.248796579124473e-06,8192,0,2048;2048;2048;2048
8192,6,regularized_adaptive,0.00014749993474705292,8192,256,1895;2425;2434;1182
8192,7,uniform,-0.0010052131554729726,8192,0,2048;2048;2048;2048
8192,7,regularized_adaptive,-0.0029665825953673064,8192,256,2021;2350;2397;1168
8192,8,uniform,0.0009250552525248423,8192,0,2048;2048;2048;2048
8192,8,regularized_adaptive,-0.0015350088618184543,8192,256,1815;2456;2468;1197
8192,9,uniform,-0.001411621542875885,8192,0,2048;2048;2048;2048
8192,9,regularized_adaptive,-0.0011861446771499473,8192,256,2073;2377;2331;1155
8192,10,uniform,0.0005219459105347823,8192,0,2048;2048;2048;2048
8192,10,regularized_adaptive,-0.0034439217622148632,8192,256,2092;2344;2355;1145
8192,11,uniform,-0.0014066435451516313,8192,0,2048;2048;2048;2048
8192,11,regularized_adaptive,-0.0015191010111754721,8192,256,1971;2386;2408;1171
8192,12,uniform,-0.0007923062484609389,8192,0,2048;2048;2048;2048
8192,12,regularized_adaptive,-0.0018545043240605352,8192,256,1947;2399;2413;1177
8192,13,uniform,0.00011209409361434552,8192,0,2048;2048;2048;2048
8192,13,regularized_adaptive,-0.0014837185384939389,8192,256,2038;2376;2362;1160
8192,14,uniform,-0.00012363856422936692,8192,0,2048;2048;2048;2048
8192,14,regularized_adaptive,7.104081887998603e-05,8192,256,2089;2331;2365;1151
8192,15,uniform,-0.0006822922384381869,8192,0,2048;2048;2048;2048
8192,15,regularized_adaptive,0.00016675354960327127,8192,256,1986;2392;2395;1163
8192,16,uniform,-0.0002679502065818795,8192,0,2048;2048;2048;2048
8192,16,regularized_adaptive,0.000790411909362021,8192,256,1942;2403;2415;1176
8192,17,uniform,-0.0012216081981755167,8192,0,2048;2048;2048;2048
8192,17,regularized_adaptive,-0.0006015935966514618,8192,256,1994;2378;2397;1167
8192,18,uniform,-0.0007666962204933014,8192,0,2048;2048;2048;2048
8192,18,regularized_adaptive,0.0009793238300712659,8192,256,1968;2400;2401;1167
8192,19,uniform,0.0019297174196610811,8192,0,2048;2048;2048;2048
8192,19,regularized_adaptive,0.0016014730205213823,8192,256,2076;2349;2362;1149
8192,20,uniform,0.0019221174018770881,8192,0,2048;2048;2048;2048
8192,20,regularized_adaptive,0.0019672753802177922,8192,256,2139;2340;2319;1138
8192,21,uniform,-0.0012412979801492696,8192,0,2048;2048;2048;2048
8192,21,regularized_adaptive,0.001787603568334184,8192,256,1969;2388;2409;1170
8192,22,uniform,0.0018412787737869252,8192,0,2048;2048;2048;2048
8192,22,regularized_adaptive,0.000830424866703261,8192,256,2028;2376;2376;1156
8192,23,uniform,0.000658915316564368,8192,0,2048;2048;2048;2048
8192,23,regularized_adaptive,0.0020202759841652096,8192,256,2076;2346;2364;1150
8192,24,uniform,-0.003645987698218889,8192,0,2048;2048;2048;2048
8192,24,regularized_adaptive,-0.002566899136170697,8192,256,1815;2457;2465;1199
8192,25,uniform,0.0009033342378046427,8192,0,2048;2048;2048;2048
8192,25,regularized_adaptive,0.0006668356435097778,8192,256,1935;2422;2403;1176
8192,26,uniform,0.0005630129608871215,8192,0,2048;2048;2048;2048
8192,26,regularized_adaptive,-0.002008273505318847,8192,256,1891;2392;2456;1197
8192,27,uniform,0.0009586758379596105,8192,0,2048;2048;2048;2048
8192,27,regularized_adaptive,0.00127340616387972,8192,256,1938;2426;2394;1178
8192,28,uniform,0.001328737810138314,8192,0,2048;2048;2048;2048
8192,28,regularized_adaptive,-0.0017405145693807356,8192,256,1924;2435;2395;1182
8192,29,uniform,-0.0005999099511688755,8192,0,2048;2048;2048;2048
8192,29,regularized_adaptive,-0.0003255531377961418,8192,256,1908;2432;2416;1180
8192,30,uniform,-0.0016545344067502299,8192,0,2048;2048;2048;2048
8192,30,regularized_adaptive,0.001236159656169633,8192,256,1920;2416;2424;1176
8192,31,uniform,-0.0016888310954383812,8192,0,2048;2048;2048;2048
8192,31,regularized_adaptive,0.0016758697827770064,8192,256,1759;2471;2496;1210
8192,32,uniform,-0.002457941746338399,8192,0,2048;2048;2048;2048
8192,32,regularized_adaptive,0.00018005133799903206,8192,256,2076;2361;2346;1153
8192,33,uniform,0.0007699221553023605,8192,0,2048;2048;2048;2048
8192,33,regularized_adaptive,-0.0006879588834136641,8192,256,1846;2448;2452;1190
8192,34,uniform,0.0012431521044611316,8192,0,2048;2048;2048;2048
8192,34,regularized_adaptive,-0.000712923995392245,8192,256,1947;2421;2389;1179
8192,35,uniform,0.000658820583534947,8192,0,2048;2048;2048;2048
8192,35,regularized_adaptive,-0.0008002308928451995,8192,256,2077;2358;2351;1150
8192,36,uniform,0.0024301596274778348,8192,0,2048;2048;2048;2048
8192,36,regularized_adaptive,-0.0007174130844314064,8192,256,1919;2415;2423;1179
8192,37,uniform,0.0012377447818554543,8192,0,2048;2048;2048;2048
8192,37,regularized_adaptive,-0.00035246992488957574,8192,256,1796;2485;2449;1206
8192,38,uniform,0.0003260970182541456,8192,0,2048;2048;2048;2048
8192,38,regularized_adaptive,-0.0014229303672541604,8192,256,2005;2393;2376;1162
8192,39,uniform,-0.0016997298109782122,8192,0,2048;2048;2048;2048
8192,39,regularized_adaptive,0.0011349141061165469,8192,256,2135;2332;2331;1138
8192,40,uniform,-0.0008524809301890812,8192,0,2048;2048;2048;2048
8192,40,regularized_adaptive,-0.0005553670452238535,8192,256,2004;2388;2379;1165
8192,41,uniform,0.0009856805479442343,8192,0,2048;2048;2048;2048
8192,41,regularized_adaptive,-0.002076260132928276,8192,256,1849;2451;2448;1188
8192,42,uniform,0.0016562258054557688,8192,0,2048;2048;2048;2048
8192,42,regularized_adaptive,-0.0005056791790005732,8192,256,1984;2386;2400;1166
8192,43,uniform,0.0007776157141474727,8192,0,2048;2048;2048;2048
8192,43,regularized_adaptive,-0.0006408962619648406,8192,256,2010;2352;2405;1169
8192,44,uniform,0.0011385532200094417,8192,0,2048;2048;2048;2048
8192,44,regularized_adaptive,0.0015381339838951291,8192,256,1928;2422;2409;1177
8192,45,uniform,0.00040375884093268866,8192,0,2048;2048;2048;2048
8192,45,regularized_adaptive,0.0004079011623350226,8192,256,1842;2437;2452;1205
8192,46,uniform,-0.000521341527255359,8192,0,2048;2048;2048;2048
8192,46,regularized_adaptive,0.001930339902712852,8192,256,1969;2399;2401;1167
8192,47,uniform,0.0010518618594126394,8192,0,2048;2048;2048;2048
8192,47,regularized_adaptive,-0.00030536297991279326,8192,256,1852;2447;2447;1190
8192,48,uniform,-0.001274747018872091,8192,0,2048;2048;2048;2048
8192,48,regularized_adaptive,-0.0011575194637831743,8192,256,1995;2410;2356;1175
8192,49,uniform,0.0015151359478462467,8192,0,2048;2048;2048;2048
8192,49,regularized_adaptive,-0.0009029527792776548,8192,256,1927;2418;2416;1175
8192,50,uniform,0.0003875215651776287,8192,0,2048;2048;2048;2048
8192,50,regularized_adaptive,0.00029452741740598753,8192,256,2072;2326;2381;1157
8192,51,uniform,0.0012645291278037263,8192,0,2048;2048;2048;2048
8192,51,regularized_adaptive,0.00026691366293363217,8192,256,1907;2212;2731;1086
8192,52,uniform,0.0023989803459425474,8192,0,2048;2048;2048;2048
8192,52,regularized_adaptive,-0.0017916177509160747,8192,256,1967;2402;2399;1168
8192,53,uniform,-0.0007606983589010241,8192,0,2048;2048;2048;2048
8192,53,regularized_adaptive,-0.00043294767636226084,8192,256,2033;2370;2378;1155
8192,54,uniform,-0.000636324334138294,8192,0,2048;2048;2048;2048
8192,54,regularized_adaptive,-0.0010519530800348065,8192,256,2046;2382;2351;1157
8192,55,uniform,-0.0010111244098256478,8192,0,2048;2048;2048;2048
8192,55,regularized_adaptive,0.0002663496798263054,8192,256,2114;2337;2345;1140
8192,56,uniform,-0.0011693081599650768,8192,0,2048;2048;2048;2048
8192,56,regularized_adaptive,-0.0014566461421718913,8192,256,1883;2228;2738;1087
8192,57,uniform,0.001443318674949623,8192,0,2048;2048;2048;2048
8192,57,regularized_adaptive,9.935471398225815e-05,8192,256,1942;2397;2421;1176
8192,58,uniform,-0.00020604808531210494,8192,0,2048;2048;2048;2048
8192,58,regularized_adaptive,-0.000732725562175851,8192,256,1926;2429;2390;1191
8192,59,uniform,0.0016625575420441407,8192,0,2048;2048;2048;2048
8192,59,regularized_adaptive,0.0009332910079065115,8192,256,2128;2338;2331;1139
8192,60,uniform,0.0021793630042807877,8192,0,2048;2048;2048;2048
8192,60,regularized_adaptive,-0.0016777032574086803,8192,256,1902;2404;2444;1186
8192,61,uniform,0.002146198228582641,8192,0,2048;2048;2048;2048
8192,61,regularized_adaptive,0.0001320522749255204,8192,256,1847;2447;2452;1190
8192,62,uniform,-0.0010839532254296458,8192,0,2048;2048;2048;2048
8192,62,regularized_adaptive,0.00016526827929208565,8192,256,1897;2429;2428;1182
8192,63,uniform,0.0024974097227605796,8192,0,2048;2048;2048;2048
8192,63,regularized_adaptive,0.0001411575103018592,8192,256,1919;2441;2387;1189
8192,64,uniform,0.0002519146022219587,8192,0,2048;2048;2048;2048
8192,64,regularized_adaptive,-0.0009908253690547042,8192,256,1885;2432;2432;1187
8192,65,uniform,0.001690779828616762,8192,0,2048;2048;2048;2048
8192,65,regularized_adaptive,-0.00029076563244867515,8192,256,1897;2435;2422;1182
8192,66,uniform,0.0002046971803837394,8192,0,2048;2048;2048;2048
8192,66,regularized_adaptive,0.0010008987026619565,8192,256,2087;2350;2351;1148
8192,67,uniform,0.0014778556479075888,8192,0,2048;2048;2048;2048
8192,67,regularized_adaptive,-0.0013694528065579803,8192,256,1917;2418;2422;1179
8192,68,uniform,0.0005439055457356901,8192,0,2048;2048;2048;2048
8192,68,regularized_adaptive,-0.0005672928865330107,8192,256,2095;2349;2346;1146
8192,69,uniform,0.0009323117259194547,8192,0,2048;2048;2048;2048
8192,69,regularized_adaptive,-0.0002443193835519608,8192,256,2025;2374;2374;1163
8192,70,uniform,0.0006904282744342183,8192,0,2048;2048;2048;2048
8192,70,regularized_adaptive,-0.00015742076058433696,8192,256,2055;2379;2339;1163
8192,71,uniform,-0.002064146460887706,8192,0,2048;2048;2048;2048
8192,71,regularized_adaptive,0.0009438333459010906,8192,256,1900;2428;2423;1185
8192,72,uniform,0.0009635586804987994,8192,0,2048;2048;2048;2048
8192,72,regularized_adaptive,-0.0010875509742946932,8192,256,1749;2482;2492;1213
8192,73,uniform,0.0008803279734523883,8192,0,2048;2048;2048;2048
8192,73,regularized_adaptive,-0.0010542255135499445,8192,256,2092;2351;2350;1143
8192,74,uniform,-0.00043989411800726685,8192,0,2048;2048;2048;2048
8192,74,regularized_adaptive,0.000571247742144898,8192,256,1978;2393;2385;1180
8192,75,uniform,0.001152416311320792,8192,0,2048;2048;2048;2048
8192,75,regularized_adaptive,0.0002049884703643201,8192,256,2092;2350;2351;1143
8192,76,uniform,-0.0007030021077740756,8192,0,2048;2048;2048;2048
8192,76,regularized_adaptive,0.0019050444180486181,8192,256,2048;2370;2359;1159
8192,77,uniform,-0.0015128357431501982,8192,0,2048;2048;2048;2048
8192,77,regularized_adaptive,0.0008501962610649727,8192,256,2015;2384;2378;1159
8192,78,uniform,0.00036784100890052684,8192,0,2048;2048;2048;2048
8192,78,regularized_adaptive,-0.000605169605895739,8192,256,1946;2403;2413;1174
8192,79,uniform,0.003063671788869904,8192,0,2048;2048;2048;2048
8192,79,regularized_adaptive,-0.0001426152112093959,8192,256,1996;2390;2389;1161
8192,80,uniform,0.00022724755323189072,8192,0,2048;2048;2048;2048
8192,80,regularized_adaptive,-0.0004765610512151852,8192,256,2133;2279;2359;1165
8192,81,uniform,-6.526511721105521e-05,8192,0,2048;2048;2048;2048
8192,81,regularized_adaptive,0.0016526745659364295,8192,256,1974;2414;2376;1172
8192,82,uniform,0.0013363457302180137,8192,0,2048;2048;2048;2048
8192,82,regularized_adaptive,-0.0005599867881098675,8192,256,1929;2413;2417;1177
8192,83,uniform,0.0003053969600390616,8192,0,2048;2048;2048;2048
8192,83,regularized_adaptive,-0.0009996976844632854,8192,256,1997;2385;2389;1165
8192,84,uniform,0.0002965204359384188,8192,0,2048;2048;2048;2048
8192,84,regularized_adaptive,-0.0015477330595654593,8192,256,2037;2377;2360;1162
8192,85,uniform,-0.0016231075098014358,8192,0,2048;2048;2048;2048
8192,85,regularized_adaptive,-0.0009869700429963046,8192,256,1771;2480;2475;1210
8192,86,uniform,-0.0005973152394211922,8192,0,2048;2048;2048;2048
8192,86,regularized_adaptive,-0.0032231053105773455,8192,256,2099;2342;2347;1148
8192,87,uniform,0.0002731211963240554,8192,0,2048;2048;2048;2048
8192,87,regularized_adaptive,0.00044021309332187286,8192,256,1740;2484;2495;1217
8192,88,uniform,-0.0013292395039341542,8192,0,2048;2048;2048;2048
8192,88,regularized_adaptive,-0.002211846558866526,8192,256,1931;2429;2392;1184
8192,89,uniform,-0.00021858959164511305,8192,0,2048;2048;2048;2048
8192,89,regularized_adaptive,9.093265678483675e-05,8192,256,2094;2285;2389;1168
8192,90,uniform,-0.0012984033198000233,8192,0,2048;2048;2048;2048
8192,90,regularized_adaptive,-0.0007923396797666626,8192,256,1858;2446;2443;1189
8192,91,uniform,0.0021559225764775647,8192,0,2048;2048;2048;2048
8192,91,regularized_adaptive,-0.002225324168491305,8192,256,1947;2413;2397;1179
8192,92,uniform,-0.0008160571830870822,8192,0,2048;2048;2048;2048
8192,92,regularized_adaptive,0.0003696139041835522,8192,256,2049;2368;2368;1151
8192,93,uniform,0.00012593963806928343,8192,0,2048;2048;2048;2048
8192,93,regularized_adaptive,0.0017742672940279647,8192,256,1718;2506;2498;1214
8192,94,uniform,-0.0016203129672867078,8192,0,2048;2048;2048;2048
8192,94,regularized_adaptive,-0.0012162592643507608,8192,256,2080;2364;2343;1149
8192,95,uniform,0.0019258361100469301,8192,0,2048;2048;2048;2048
8192,95,regularized_adaptive,6.947033824644677e-05,8192,256,1860;2442;2442;1192
8192,96,uniform,-0.002857760963350664,8192,0,2048;2048;2048;2048
8192,96,regularized_adaptive,-0.0013374274129498431,8192,256,2094;2351;2347;1144
8192,97,uniform,0.0005965568816348465,8192,0,2048;2048;2048;2048
8192,97,regularized_adaptive,0.0018118847149759532,8192,256,2137;2337;2326;1136
8192,98,uniform,-0.0007308146668734139,8192,0,2048;2048;2048;2048
8192,98,regularized_adaptive,-0.00031874763873762646,8192,256,1941;2723;2198;1074
8192,99,uniform,0.00012257240141622106,8192,0,2048;2048;2048;2048
8192,99,regularized_adaptive,-0.0004286616458690773,8192,256,1848;2435;2459;1194
8192,100,uniform,0.0019320910329527763,8192,0,2048;2048;2048;2048
8192,100,regularized_adaptive,0.0014527374354660338,8192,256,1794;2793;2244;1105
8192,101,uniform,-0.002041997607955537,8192,0,2048;2048;2048;2048
8192,101,regularized_adaptive,-0.0016494229195869181,8192,256,2042;2365;2370;1159
8192,102,uniform,-0.0012500797960530718,8192,0,2048;2048;2048;2048
8192,102,regularized_adaptive,-0.00042937063742432,8192,256,1995;2390;2390;1161
8192,103,uniform,0.0016021616304264796,8192,0,2048;2048;2048;2048
8192,103,regularized_adaptive,0.001269441610999067,8192,256,1987;2397;2388;1164
8192,104,uniform,0.0002599431783663064,8192,0,2048;2048;2048;2048
8192,104,regularized_adaptive,0.0007905956795069002,8192,256,2121;2320;2352;1143
8192,105,uniform,-0.0018121001357629396,8192,0,2048;2048;2048;2048
8192,105,regularized_adaptive,0.0015181825881516176,8192,256,1990;2398;2383;1165
8192,106,uniform,-0.0013074510396631212,8192,0,2048;2048;2048;2048
8192,106,regularized_adaptive,-0.0011467890526573044,8192,256,1978;2395;2388;1175
8192,107,uniform,0.0006337240077112227,8192,0,2048;2048;2048;2048
8192,107,regularized_adaptive,-0.001869814481739951,8192,256,1901;2404;2445;1186
8192,108,uniform,-0.0014675449850765077,8192,0,2048;2048;2048;2048
8192,108,regularized_adaptive,0.000263970900110877,8192,256,1958;2413;2393;1172
8192,109,uniform,0.0006572180796853289,8192,0,2048;2048;2048;2048
8192,109,regularized_adaptive,0.0021858691985379153,8192,256,1745;2211;2901;1079
8192,110,uniform,-0.0007567227384130959,8192,0,2048;2048;2048;2048
8192,110,regularized_adaptive,0.00038371154787419925,8192,256,1939;2401;2421;1175
8192,111,uniform,0.0010912403449943042,8192,0,2048;2048;2048;2048
8192,111,regularized_adaptive,-0.00036394610591283794,8192,256,1923;2432;2400;1181
8192,112,uniform,-0.0002132950455786542,8192,0,2048;2048;2048;2048
8192,112,regularized_adaptive,0.0003538768482913568,8192,256,1938;2356;2452;1190
8192,113,uniform,0.0018484318205027606,8192,0,2048;2048;2048;2048
8192,113,regularized_adaptive,0.0005730744109264663,8192,256,2020;2391;2364;1161
8192,114,uniform,0.00023053790170468602,8192,0,2048;2048;2048;2048
8192,114,regularized_adaptive,-0.00023543125996550174,8192,256,1896;2439;2418;1183
8192,115,uniform,0.0007233534539077269,8192,0,2048;2048;2048;2048
8192,115,regularized_adaptive,0.0003342889481841027,8192,256,1935;2412;2412;1177
8192,116,uniform,0.00018803169392711538,8192,0,2048;2048;2048;2048
8192,116,regularized_adaptive,-0.0028751915401565853,8192,256,2035;2369;2377;1155
8192,117,uniform,-0.0001051673378782425,8192,0,2048;2048;2048;2048
8192,117,regularized_adaptive,0.0008136501922342276,8192,256,2147;2316;2337;1136
8192,118,uniform,0.0019207727043211165,8192,0,2048;2048;2048;2048
8192,118,regularized_adaptive,0.0011689082848187482,8192,256,1901;2442;2401;1192
8192,119,uniform,0.0017586398473605769,8192,0,2048;2048;2048;2048
8192,119,regularized_adaptive,0.0012000750293683637,8192,256,1987;2397;2386;1166
8192,120,uniform,0.001961659705703056,8192,0,2048;2048;2048;2048
8192,120,regularized_adaptive,0.0005337511770147074,8192,256,1933;2408;2417;1178
8192,121,uniform,-0.00271547153726992,8192,0,2048;2048;2048;2048
8192,121,regularized_adaptive,-0.0013426279580226463,8192,256,1919;2430;2408;1179
8192,122,uniform,0.0023524211825085573,8192,0,2048;2048;2048;2048
8192,122,regularized_adaptive,-4.7170648977079566e-05,8192,256,1955;2404;2398;1179
8192,123,uniform,-0.0013755411590663513,8192,0,2048;2048;2048;2048
8192,123,regularized_adaptive,0.001333629887931842,8192,256,1965;2413;2385;1173
8192,124,uniform,-0.0005569349974194893,8192,0,2048;2048;2048;2048
8192,124,regularized_adaptive,-0.0019116101771388117,8192,256,1979;2392;2396;1169
8192,125,uniform,0.0020509636973944367,8192,0,2048;2048;2048;2048
8192,125,regularized_adaptive,0.0017642654040050942,8192,256,2020;2361;2393;1162
8192,126,uniform,0.003621391379702743,8192,0,2048;2048;2048;2048
8192,126,regularized_adaptive,0.0008184605263865663,8192,256,2005;2369;2396;1166
8192,127,uniform,-0.0008752794223738647,8192,0,2048;2048;2048;2048
8192,127,regularized_adaptive,-0.0017634682784164468,8192,256,2060;2349;2370;1157
8192,128,uniform,-0.0012002225060152583,8192,0,2048;2048;2048;2048
8192,128,regularized_adaptive,-0.0006448588573384484,8192,256,1969;2401;2399;1167
8192,129,uniform,0.000312739221194569,8192,0,2048;2048;2048;2048
8192,129,regularized_adaptive,-0.00015844311913948417,8192,256,2028;2394;2350;1164
8192,130,uniform,-5.3527048033075175e-05,8192,0,2048;2048;2048;2048
8192,130,regularized_adaptive,-0.0010350426875938012,8192,256,1920;2218;2705;1093
8192,131,uniform,-0.0006841515801072617,8192,0,2048;2048;2048;2048
8192,131,regularized_adaptive,0.0011697006489184147,8192,256,1856;2446;2446;1188
8192,132,uniform,0.00013286193847594774,8192,0,2048;2048;2048;2048
8192,132,regularized_adaptive,0.0007046133988106718,8192,256,1903;2423;2431;1179
8192,133,uniform,0.00010270304956350174,8192,0,2048;2048;2048;2048
8192,133,regularized_adaptive,-0.002100413040049709,8192,256,1775;2487;2462;1212
8192,134,uniform,-1.3899609364820265e-05,8192,0,2048;2048;2048;2048
8192,134,regularized_adaptive,-5.709042932000585e-05,8192,256,1915;2420;2421;1180
8192,135,uniform,0.0004648400245654827,8192,0,2048;2048;2048;2048
8192,135,regularized_adaptive,-0.0016888186116581494,8192,256,2000;2380;2393;1163
8192,136,uniform,-0.002062946619258099,8192,0,2048;2048;2048;2048
8192,136,regularized_adaptive,-0.000378726139280694,8192,256,1993;2384;2396;1163
8192,137,uniform,-0.00044446099762929236,8192,0,2048;2048;2048;2048
8192,137,regularized_adaptive,-0.00046523846001811364,8192,256,2051;2381;2348;1156
8192,138,uniform,0.001671434041312203,8192,0,2048;2048;2048;2048
8192,138,regularized_adaptive,0.00036839004696975763,8192,256,1905;2434;2417;1180
8192,139,uniform,0.003671402822569725,8192,0,2048;2048;2048;2048
8192,139,regularized_adaptive,0.0006808949796823782,8192,256,2008;2385;2382;1161
8192,140,uniform,-0.0008822016234502073,8192,0,2048;2048;2048;2048
8192,140,regularized_adaptive,0.0005387821551767757,8192,256,2169;2323;2312;1132
8192,141,uniform,-0.0011797699214870505,8192,0,2048;2048;2048;2048
8192,141,regularized_adaptive,0.00016228035415366548,8192,256,2079;2356;2355;1146
8192,142,uniform,-0.00041151715382792275,8192,0,2048;2048;2048;2048
8192,142,regularized_adaptive,0.0017823440001318858,8192,256,2029;2371;2378;1158
8192,143,uniform,-0.0023806412559634893,8192,0,2048;2048;2048;2048
8192,143,regularized_adaptive,-0.000418344164915041,8192,256,2079;2369;2337;1151
8192,144,uniform,-0.0006897297044439199,8192,0,2048;2048;2048;2048
8192,144,regularized_adaptive,-0.0010230983652768089,8192,256,1959;2406;2400;1171
8192,145,uniform,-0.00011806063855335225,8192,0,2048;2048;2048;2048
8192,145,regularized_adaptive,-0.0008205819710580542,8192,256,1778;2165;2912;1081
8192,146,uniform,-0.0023049241581221125,8192,0,2048;2048;2048;2048
8192,146,regularized_adaptive,-0.0002464446500427542,8192,256,2061;2362;2362;1151
8192,147,uniform,-0.0007854600415893032,8192,0,2048;2048;2048;2048
8192,147,regularized_adaptive,-0.00104708139605858,8192,256,2120;2378;2279;1159
8192,148,uniform,-0.0007885878382829503,8192,0,2048;2048;2048;2048
8192,148,regularized_adaptive,0.0004078670939637874,8192,256,1864;2431;2452;1189
8192,149,uniform,-0.00042055650286609847,8192,0,2048;2048;2048;2048
8192,149,regularized_adaptive,0.002391215773656974,8192,256,1952;2381;2421;1182
8192,150,uniform,-0.002391024880401993,8192,0,2048;2048;2048;2048
8192,150,regularized_adaptive,0.002309627994046437,8192,256,2007;2388;2380;1161
8192,151,uniform,0.0010596318097837454,8192,0,2048;2048;2048;2048
8192,151,regularized_adaptive,-0.000635412446841066,8192,256,2081;2349;2358;1148
8192,152,uniform,-0.0006142698417450632,8192,0,2048;2048;2048;2048
8192,152,regularized_adaptive,-0.00012043859985944039,8192,256,2092;2355;2344;1145
8192,153,uniform,-0.001340404297262232,8192,0,2048;2048;2048;2048
8192,153,regularized_adaptive,0.0014571217373928746,8192,256,2081;2358;2349;1148
8192,154,uniform,0.0014021757048920946,8192,0,2048;2048;2048;2048
8192,154,regularized_adaptive,0.0005311956699918241,8192,256,1990;2405;2371;1170
8192,155,uniform,0.0005888620066585304,8192,0,2048;2048;2048;2048
8192,155,regularized_adaptive,0.0007841558773380441,8192,256,1946;2410;2410;1170
8192,156,uniform,-0.00043924348544788216,8192,0,2048;2048;2048;2048
8192,156,regularized_adaptive,0.0022134035861798296,8192,256,2065;2347;2371;1153
8192,157,uniform,-0.0011975148687319859,8192,0,2048;2048;2048;2048
8192,157,regularized_adaptive,0.0009615883790417001,8192,256,1841;2440;2453;1202
8192,158,uniform,-0.0002390679233172932,8192,0,2048;2048;2048;2048
8192,158,regularized_adaptive,-0.0006286640775678976,8192,256,1801;2458;2475;1202
8192,159,uniform,0.0006322932740676634,8192,0,2048;2048;2048;2048
8192,159,regularized_adaptive,-0.00043688548071330047,8192,256,2040;2369;2372;1155
8192,160,uniform,-0.002851925728034388,8192,0,2048;2048;2048;2048
8192,160,regularized_adaptive,-0.000784611068213259,8192,256,1931;2411;2420;1174
8192,161,uniform,-0.0007939849948410682,8192,0,2048;2048;2048;2048
8192,161,regularized_adaptive,-0.00043000048579688865,8192,256,1899;2440;2413;1184
8192,162,uniform,-0.0007554725007272722,8192,0,2048;2048;2048;2048
8192,162,regularized_adaptive,-0.0013989248804966437,8192,256,1824;2862;2180;1070
8192,163,uniform,0.0002894350374340604,8192,0,2048;2048;2048;2048
8192,163,regularized_adaptive,-0.0016430794361852463,8192,256,1937;2412;2414;1173
8192,164,uniform,-0.0007751614774944571,8192,0,2048;2048;2048;2048
8192,164,regularized_adaptive,-0.0006717165897542898,8192,256,1991;2393;2389;1163
8192,165,uniform,0.0019259897943468829,8192,0,2048;2048;2048;2048
8192,165,regularized_adaptive,-0.001004535925440031,8192,256,2055;2387;2331;1163
8192,166,uniform,0.00027259770956522544,8192,0,2048;2048;2048;2048
8192,166,regularized_adaptive,-0.0017259791606436536,8192,256,1994;2385;2386;1171
8192,167,uniform,-1.0095929620312916e-05,8192,0,2048;2048;2048;2048
8192,167,regularized_adaptive,-0.0009297887685670858,8192,256,1786;2499;2438;1213
8192,168,uniform,0.0010049006794092818,8192,0,2048;2048;2048;2048
8192,168,regularized_adaptive,0.00015146915605246392,8192,256,1673;2515;2520;1228
8192,169,uniform,0.0005495785024329791,8192,0,2048;2048;2048;2048
8192,169,regularized_adaptive,-0.0006441278032660591,8192,256,2106;2328;2352;1150
8192,170,uniform,0.0003251629067539952,8192,0,2048;2048;2048;2048
8192,170,regularized_adaptive,-0.0001138471181860723,8192,256,1883;2448;2417;1188
8192,171,uniform,-0.0001594617625624295,8192,0,2048;2048;2048;2048
8192,171,regularized_adaptive,-0.003039182918428196,8192,256,1992;2400;2377;1167
8192,172,uniform,0.0014160203802031646,8192,0,2048;2048;2048;2048
8192,172,regularized_adaptive,0.00025472322948072446,8192,256,2025;2371;2383;1157
8192,173,uniform,0.0015662619909013742,8192,0,2048;2048;2048;2048
8192,173,regularized_adaptive,0.0002841860084892289,8192,256,2072;2335;2375;1154
8192,174,uniform,0.0025780276248843492,8192,0,2048;2048;2048;2048
8192,174,regularized_adaptive,0.0019500182946821099,8192,256,2069;2348;2366;1153
8192,175,uniform,0.0009261334501369234,8192,0,2048;2048;2048;2048
8192,175,regularized_adaptive,0.000860887640558694,8192,256,1925;2420;2407;1184
8192,176,uniform,0.0006785012639758392,8192,0,2048;2048;2048;2048
8192,176,regularized_adaptive,0.00012152638704865382,8192,256,2092;2373;2318;1153
8192,177,uniform,-0.0014674765206770246,8192,0,2048;2048;2048;2048
8192,177,regularized_adaptive,0.0011621892470063955,8192,256,1939;2389;2429;1179
8192,178,uniform,-0.0012144287619575422,8192,0,2048;2048;2048;2048
8192,178,regularized_adaptive,0.0015358747367280046,8192,256,1934;2418;2395;1189
8192,179,uniform,-0.001774159963296107,8192,0,2048;2048;2048;2048
8192,179,regularized_adaptive,0.0004332584640724946,8192,256,1926;2407;2425;1178
8192,180,uniform,-0.00013463131748370216,8192,0,2048;2048;2048;2048
8192,180,regularized_adaptive,0.0018182470686634034,8192,256,2082;2333;2368;1153
8192,181,uniform,-0.0025208820978113167,8192,0,2048;2048;2048;2048
8192,181,regularized_adaptive,-0.0006775632688853506,8192,256,2084;2349;2349;1154
8192,182,uniform,-0.0005000589389494436,8192,0,2048;2048;2048;2048
8192,182,regularized_adaptive,-0.0009817738345123672,8192,256,1990;2400;2380;1166
8192,183,uniform,-0.0007158452004940585,8192,0,2048;2048;2048;2048
8192,183,regularized_adaptive,-0.0016988413332450492,8192,256,1796;2467;2471;1202
8192,184,uniform,-0.0006975003749634112,8192,0,2048;2048;2048;2048
8192,184,regularized_adaptive,-0.0005500378570397757,8192,256,1876;2440;2432;1188
8192,185,uniform,-0.0028999926374559948,8192,0,2048;2048;2048;2048
8192,185,regularized_adaptive,0.000449765951727521,8192,256,2031;2346;2393;1166
8192,186,uniform,0.0004203787239500656,8192,0,2048;2048;2048;2048
8192,186,regularized_adaptive,-0.0007415712393594731,8192,256,1999;2365;2405;1167
8192,187,uniform,-0.00040322252472879683,8192,0,2048;2048;2048;2048
8192,187,regularized_adaptive,0.000215077281980669,8192,256,1826;2458;2459;1193
8192,188,uniform,2.9712054671726662e-05,8192,0,2048;2048;2048;2048
8192,188,regularized_adaptive,-0.00041980037352118416,8192,256,1971;2335;2444;1186
8192,189,uniform,0.00047463311001827435,8192,0,2048;2048;2048;2048
8192,189,regularized_adaptive,-0.0012636297329668977,8192,256,2064;2332;2381;1159
8192,190,uniform,0.0013247529745141762,8192,0,2048;2048;2048;2048
8192,190,regularized_adaptive,-0.00034193241973046185,8192,256,1736;2498;2492;1210
8192,191,uniform,0.0010983521362915027,8192,0,2048;2048;2048;2048
8192,191,regularized_adaptive,-0.0006104430987043941,8192,256,1886;2224;2739;1087
8192,192,uniform,-0.0001956184137359429,8192,0,2048;2048;2048;2048
8192,192,regularized_adaptive,-0.0012046432249475103,8192,256,1805;2790;2244;1097
8192,193,uniform,0.00138965644199196,8192,0,2048;2048;2048;2048
8192,193,regularized_adaptive,0.0006473972679224005,8192,256,2128;2331;2331;1146
8192,194,uniform,-0.0010331790512152494,8192,0,2048;2048;2048;2048
8192,194,regularized_adaptive,-0.0016333275050177676,8192,256,1939;2412;2413;1172
8192,195,uniform,-0.00021964460218271142,8192,0,2048;2048;2048;2048
8192,195,regularized_adaptive,0.0006593612551393235,8192,256,1871;2451;2425;1189
8192,196,uniform,0.0018366938009899414,8192,0,2048;2048;2048;2048
8192,196,regularized_adaptive,-0.0008311862196164199,8192,256,1943;2413;2404;1176
8192,197,uniform,0.00032010032050688864,8192,0,2048;2048;2048;2048
8192,197,regularized_adaptive,-0.0009233345583350427,8192,256,1819;2468;2447;1202
8192,198,uniform,0.0008889748190492597,8192,0,2048;2048;2048;2048
8192,198,regularized_adaptive,0.0007854963360269807,8192,256,2032;2352;2391;1161
8192,199,uniform,0.0006639020079388658,8192,0,2048;2048;2048;2048
8192,199,regularized_adaptive,0.0008100232055827661,8192,256,2049;2370;2360;1157
8192,200,uniform,-0.0014639213079270519,8192,0,2048;2048;2048;2048
8192,200,regularized_adaptive,0.000969439587271026,8192,256,1957;2405;2405;1169
8192,201,uniform,-0.0022908311399802983,8192,0,2048;2048;2048;2048
8192,201,regularized_adaptive,0.0025222616526416886,8192,256,1892;2189;2763;1092
8192,202,uniform,-0.00023576962288451853,8192,0,2048;2048;2048;2048
8192,202,regularized_adaptive,-0.0011081448831742335,8192,256,1856;2439;2445;1196
8192,203,uniform,-0.00024725885257748104,8192,0,2048;2048;2048;2048
8192,203,regularized_adaptive,0.0011749872290538477,8192,256,1838;2457;2448;1193
8192,204,uniform,-0.0027743773169843777,8192,0,2048;2048;2048;2048
8192,204,regularized_adaptive,0.0022389931024910936,8192,256,2060;2359;2366;1151
8192,205,uniform,-0.0027646438781170346,8192,0,2048;2048;2048;2048
8192,205,regularized_adaptive,-0.0009328911224262271,8192,256,2056;2347;2377;1156
8192,206,uniform,0.000591312806122346,8192,0,2048;2048;2048;2048
8192,206,regularized_adaptive,-0.0005404008895926182,8192,256,1966;2416;2377;1177
8192,207,uniform,0.00045688803860954863,8192,0,2048;2048;2048;2048
8192,207,regularized_adaptive,-0.00016992251883873877,8192,256,1886;2446;2414;1190
8192,208,uniform,-0.0014325696602019988,8192,0,2048;2048;2048;2048
8192,208,regularized_adaptive,0.002334410821404731,8192,256,2059;2380;2341;1156
8192,209,uniform,-0.0010711186525300675,8192,0,2048;2048;2048;2048
8192,209,regularized_adaptive,0.00010748134418925304,8192,256,1853;2457;2431;1195
8192,210,uniform,0.0011486029694518507,8192,0,2048;2048;2048;2048
8192,210,regularized_adaptive,0.0008577858342855293,8192,256,1830;2461;2450;1195
8192,211,uniform,-0.00022722612946779464,8192,0,2048;2048;2048;2048
8192,211,regularized_adaptive,-0.0009401867242617712,8192,256,2063;2369;2353;1151
8192,212,uniform,-0.00125641101115459,8192,0,2048;2048;2048;2048
8192,212,regularized_adaptive,3.733033641939443e-05,8192,256,1978;2399;2394;1165
8192,213,uniform,0.0004093185244364861,8192,0,2048;2048;2048;2048
8192,213,regularized_adaptive,2.474605776203731e-05,8192,256,2042;2373;2366;1155
8192,214,uniform,0.0008589871540234384,8192,0,2048;2048;2048;2048
8192,214,regularized_adaptive,0.0006433753390995278,8192,256,1960;2410;2394;1172
8192,215,uniform,0.0007746509658854706,8192,0,2048;2048;2048;2048
8192,215,regularized_adaptive,0.00019937800589975296,8192,256,2072;2358;2358;1148
8192,216,uniform,0.0010997650747519572,8192,0,2048;2048;2048;2048
8192,216,regularized_adaptive,0.0016377875225064287,8192,256,1857;2444;2437;1198
8192,217,uniform,-0.0003935058059703067,8192,0,2048;2048;2048;2048
8192,217,regularized_adaptive,-0.002129010809348131,8192,256,1841;2443;2459;1193
8192,218,uniform,0.0003014392837314972,8192,0,2048;2048;2048;2048
8192,218,regularized_adaptive,-0.0016593774238868875,8192,256,1995;2378;2398;1165
8192,219,uniform,0.002943197142064591,8192,0,2048;2048;2048;2048
8192,219,regularized_adaptive,-0.0010483037064643597,8192,256,2019;2389;2366;1162
8192,220,uniform,-0.00339165345152459,8192,0,2048;2048;2048;2048
8192,220,regularized_adaptive,0.0013143468468754804,8192,256,1865;2169;2840;1062
8192,221,uniform,-0.0002534277393948514,8192,0,2048;2048;2048;2048
8192,221,regularized_adaptive,0.0008249233857409166,8192,256,1987;2371;2408;1170
8192,222,uniform,0.0002888352584795584,8192,0,2048;2048;2048;2048
8192,222,regularized_adaptive,0.00029186951447623954,8192,256,1961;2391;2410;1174
8192,223,uniform,-0.0008064092267199285,8192,0,2048;2048;2048;2048
8192,223,regularized_adaptive,-0.0012822399694156772,8192,256,1934;2411;2415;1176
8192,224,uniform,-0.0007679819667778531,8192,0,2048;2048;2048;2048
8192,224,regularized_adaptive,0.0004312805941024678,8192,256,2035;2368;2373;1160
8192,225,uniform,-0.0005684825327341159,8192,0,2048;2048;2048;2048
8192,225,regularized_adaptive,0.0013626335418024382,8192,256,2082;2316;2378;1160
8192,226,uniform,0.0015925906191744943,8192,0,2048;2048;2048;2048
8192,226,regularized_adaptive,-0.0005766300429650428,8192,256,1975;2400;2392;1169
8192,227,uniform,0.002369926714627546,8192,0,2048;2048;2048;2048
8192,227,regularized_adaptive,0.0002751306551687094,8192,256,1802;2449;2482;1203
8192,228,uniform,-0.00013309802301275653,8192,0,2048;2048;2048;2048
8192,228,regularized_adaptive,0.0012992363024961762,8192,256,2062;2372;2344;1158
8192,229,uniform,-0.0011132920531178314,8192,0,2048;2048;2048;2048
8192,229,regularized_adaptive,-0.0010728130137200864,8192,256,1921;2419;2414;1182
8192,230,uniform,3.823703275696033e-05,8192,0,2048;2048;2048;2048
8192,230,regularized_adaptive,0.0006071662875495321,8192,256,2050;2369;2365;1152
8192,231,uniform,0.0011273118613255306,8192,0,2048;2048;2048;2048
8192,231,regularized_adaptive,-0.0015470088946152316,8192,256,1988;2387;2392;1169
8192,232,uniform,0.0012922557325829587,8192,0,2048;2048;2048;2048
8192,232,regularized_adaptive,0.0018016132574896204,8192,256,1975;2379;2411;1171
8192,233,uniform,-0.0007514961849244273,8192,0,2048;2048;2048;2048
8192,233,regularized_adaptive,0.00033508526030967545,8192,256,2053;2365;2368;1150
8192,234,uniform,-0.0014165137495485425,8192,0,2048;2048;2048;2048
8192,234,regularized_adaptive,0.00039715167859366574,8192,256,1985;2385;2395;1171
8192,235,uniform,-0.0008447769642394576,8192,0,2048;2048;2048;2048
8192,235,regularized_adaptive,-0.0007576335594645656,8192,256,2023;2392;2357;1164
8192,236,uniform,-0.001066199407414814,8192,0,2048;2048;2048;2048
8192,236,regularized_adaptive,0.00014529255176398692,8192,256,2083;2347;2358;1148
8192,237,uniform,-0.001272134189115981,8192,0,2048;2048;2048;2048
8192,237,regularized_adaptive,-0.0012012410411017527,8192,256,1966;2406;2391;1173
8192,238,uniform,-0.00016428629948173068,8192,0,2048;2048;2048;2048
8192,238,regularized_adaptive,-0.0006784966683754945,8192,256,1934;2411;2411;1180
8192,239,uniform,-0.0018777486460050952,8192,0,2048;2048;2048;2048
8192,239,regularized_adaptive,0.0015022845926093709,8192,256,2031;2342;2390;1173
8192,240,uniform,-0.0005696648026747297,8192,0,2048;2048;2048;2048
8192,240,regularized_adaptive,-0.0005441012654499033,8192,256,1894;2432;2420;1190
8192,241,uniform,-0.00013081800044734138,8192,0,2048;2048;2048;2048
8192,241,regularized_adaptive,-0.00010454818260274834,8192,256,1941;2413;2411;1171
8192,242,uniform,-0.0014329719499306393,8192,0,2048;2048;2048;2048
8192,242,regularized_adaptive,0.0013383029103568589,8192,256,1943;2403;2416;1174
8192,243,uniform,-0.002002455701451744,8192,0,2048;2048;2048;2048
8192,243,regularized_adaptive,0.0017165008925754677,8192,256,1988;2395;2389;1164
8192,244,uniform,0.0011591684059810703,8192,0,2048;2048;2048;2048
8192,244,regularized_adaptive,-0.0012403959429212463,8192,256,2023;2360;2391;1162
8192,245,uniform,0.0017777019106892666,8192,0,2048;2048;2048;2048
8192,245,regularized_adaptive,0.00015474473410126421,8192,256,1860;2454;2432;1190
8192,246,uniform,0.001817080743928834,8192,0,2048;2048;2048;2048
8192,246,regularized_adaptive,-0.002310231932183271,8192,256,1914;2412;2424;1186
8192,247,uniform,-0.0009683027430522628,8192,0,2048;2048;2048;2048
8192,247,regularized_adaptive,-0.0009902789572153736,8192,256,1730;2292;2796;1118
8192,248,uniform,0.0011370459458426296,8192,0,2048;2048;2048;2048
8192,248,regularized_adaptive,0.002463661324108024,8192,256,2011;2373;2387;1165
8192,249,uniform,-0.0002662627808236451,8192,0,2048;2048;2048;2048
8192,249,regularized_adaptive,-0.00042612673704756077,8192,256,1887;2432;2432;1185
8192,250,uniform,-0.0008289597733970311,8192,0,2048;2048;2048;2048
8192,250,regularized_adaptive,0.0008103163254071788,8192,256,1932;2422;2403;1179
8192,251,uniform,-0.002639001547326103,8192,0,2048;2048;2048;2048
8192,251,regularized_adaptive,0.0019972073185208217,8192,256,1963;2403;2403;1167
8192,252,uniform,-0.001137376142591684,8192,0,2048;2048;2048;2048
8192,252,regularized_adaptive,-0.0025659188547502154,8192,256,1983;2421;2357;1175
8192,253,uniform,0.0003361386098053032,8192,0,2048;2048;2048;2048
8192,253,regularized_adaptive,-0.00041381972416321133,8192,256,1965;2402;2402;1167
8192,254,uniform,0.0005998553807291529,8192,0,2048;2048;2048;2048
8192,254,regularized_adaptive,0.002760215502969565,8192,256,1838;2451;2456;1191
8192,255,uniform,-0.00043803504949835315,8192,0,2048;2048;2048;2048
8192,255,regularized_adaptive,-0.0003659007233753897,8192,256,1729;2489;2504;1214
8192,256,uniform,0.0011242109507874076,8192,0,2048;2048;2048;2048
8192,256,regularized_adaptive,0.001150748686346681,8192,256,2067;2371;2346;1152
8192,257,uniform,-0.0015756225344860653,8192,0,2048;2048;2048;2048
8192,257,regularized_adaptive,-0.0008166293734861441,8192,256,1962;2412;2387;1175
8192,258,uniform,0.002316093406779629,8192,0,2048;2048;2048;2048
8192,258,regularized_adaptive,-0.00032469018849745623,8192,256,2094;2347;2351;1144
8192,259,uniform,0.0017274338005401901,8192,0,2048;2048;2048;2048
8192,259,regularized_adaptive,-0.00048409093293866334,8192,256,1839;2445;2459;1193
8192,260,uniform,0.0011658775350591455,8192,0,2048;2048;2048;2048
8192,260,regularized_adaptive,-0.0013055271456625661,8192,256,1909;2425;2425;1177
8192,261,uniform,0.0009299561313049765,8192,0,2048;2048;2048;2048
8192,261,regularized_adaptive,-0.00013352747293460254,8192,256,2073;2348;2364;1151
8192,262,uniform,0.00010430537958416863,8192,0,2048;2048;2048;2048
8192,262,regularized_adaptive,0.0028332166185274232,8192,256,1877;2437;2437;1185
8192,263,uniform,-0.0036096408641306255,8192,0,2048;2048;2048;2048
8192,263,regularized_adaptive,-0.00046053382978783475,8192,256,1981;2395;2390;1170
8192,264,uniform,-0.0008325159049560327,8192,0,2048;2048;2048;2048
8192,264,regularized_adaptive,-0.0005057172567806134,8192,256,1877;2448;2419;1192
8192,265,uniform,-0.00028638062450347945,8192,0,2048;2048;2048;2048
8192,265,regularized_adaptive,0.0020056266957837465,8192,256,2019;2381;2370;1166
8192,266,uniform,0.0022321363494191004,8192,0,2048;2048;2048;2048
8192,266,regularized_adaptive,-0.0001270934713399896,8192,256,1775;2476;2481;1204
8192,267,uniform,0.0020286702368634835,8192,0,2048;2048;2048;2048
8192,267,regularized_adaptive,-0.001965883658740175,8192,256,2083;2353;2347;1153
8192,268,uniform,0.0015428452540957593,8192,0,2048;2048;2048;2048
8192,268,regularized_adaptive,0.0018716694774827403,8192,256,1773;2487;2465;1211
8192,269,uniform,-0.0016488115400905556,8192,0,2048;2048;2048;2048
8192,269,regularized_adaptive,-0.0009929818004996704,8192,256,1990;2391;2392;1163
8192,270,uniform,4.718122661007129e-05,8192,0,2048;2048;2048;2048
8192,270,regularized_adaptive,-0.001635016032135006,8192,256,1906;2433;2409;1188
8192,271,uniform,0.001983217522996128,8192,0,2048;2048;2048;2048
8192,271,regularized_adaptive,-0.00026722351449937065,8192,256,2032;2364;2381;1159
8192,272,uniform,-0.001099599117886818,8192,0,2048;2048;2048;2048
8192,272,regularized_adaptive,0.0009611906137312332,8192,256,1993;2392;2389;1162
8192,273,uniform,-0.0033299624437619357,8192,0,2048;2048;2048;2048
8192,273,regularized_adaptive,-0.0008776597897011129,8192,256,1965;2377;2405;1189
8192,274,uniform,-0.000653411122309322,8192,0,2048;2048;2048;2048
8192,274,regularized_adaptive,-0.0013700027637622014,8192,256,1914;2423;2420;1179
8192,275,uniform,0.0015033030744318054,8192,0,2048;2048;2048;2048
8192,275,regularized_adaptive,-0.001710359694683028,8192,256,2037;2375;2368;1156
8192,276,uniform,-0.0023883357336176303,8192,0,2048;2048;2048;2048
8192,276,regularized_adaptive,-0.00024404465770722084,8192,256,1946;2407;2412;1171
8192,277,uniform,-0.0028614891598159886,8192,0,2048;2048;2048;2048
8192,277,regularized_adaptive,-7.32549387727488e-05,8192,256,2004;2388;2379;1165
8192,278,uniform,0.0004867995107700196,8192,0,2048;2048;2048;2048
8192,278,regularized_adaptive,0.001064634074128712,8192,256,1911;2421;2420;1184
8192,279,uniform,-0.0002464106314610248,8192,0,2048;2048;2048;2048
8192,279,regularized_adaptive,-0.0010377475861798047,8192,256,1921;2424;2411;1180
8192,280,uniform,-0.0005133128269481091,8192,0,2048;2048;2048;2048
8192,280,regularized_adaptive,-0.002254694999122009,8192,256,2124;2289;2370;1153
8192,281,uniform,0.0004025582543221162,8192,0,2048;2048;2048;2048
8192,281,regularized_adaptive,-0.0001409787518769079,8192,256,2054;2330;2389;1163
8192,282,uniform,0.0009843544296570528,8192,0,2048;2048;2048;2048
8192,282,regularized_adaptive,-0.00039475166349678403,8192,256,2006;2379;2390;1161
8192,283,uniform,-9.92401370947249e-06,8192,0,2048;2048;2048;2048
8192,283,regularized_adaptive,-0.00109055779988676,8192,256,2009;2405;2347;1175
8192,284,uniform,0.002839000423177751,8192,0,2048;2048;2048;2048
8192,284,regularized_adaptive,-0.000749431513301424,8192,256,1667;2525;2520;1224
8192,285,uniform,4.525391719667482e-05,8192,0,2048;2048;2048;2048
8192,285,regularized_adaptive,-0.0003923312997065054,8192,256,1902;2431;2423;1180
8192,286,uniform,-0.0021358779675644257,8192,0,2048;2048;2048;2048
8192,286,regularized_adaptive,-0.0023362868044731755,8192,256,1779;2258;2795;1104
8192,287,uniform,0.00015600368034984768,8192,0,2048;2048;2048;2048
8192,287,regularized_adaptive,-0.0017652781397803352,8192,256,2049;2366;2359;1162
8192,288,uniform,0.0001450287862159172,8192,0,2048;2048;2048;2048
8192,288,regularized_adaptive,0.0001635332416753954,8192,256,2027;2377;2376;1156
8192,289,uniform,-0.001412966265264437,8192,0,2048;2048;2048;2048
8192,289,regularized_adaptive,0.00025478294947500757,8192,256,2062;2307;2401;1166
8192,290,uniform,0.003226815766383062,8192,0,2048;2048;2048;2048
8192,290,regularized_adaptive,0.0005593499203468966,8192,256,1835;2456;2454;1191
8192,291,uniform,0.0009837626987021508,8192,0,2048;2048;2048;2048
8192,291,regularized_adaptive,-0.003966824634197508,8192,256,1993;2404;2372;1167
8192,292,uniform,-0.00020417045180654014,8192,0,2048;2048;2048;2048
8192,292,regularized_adaptive,0.00013096513705868063,8192,256,1959;2419;2380;1178
8192,293,uniform,0.0004610268813580731,8192,0,2048;2048;2048;2048
8192,293,regularized_adaptive,-0.001078014888142853,8192,256,2026;2363;2384;1163
8192,294,uniform,-3.374259325639173e-05,8192,0,2048;2048;2048;2048
8192,294,regularized_adaptive,-0.000750512994176944,8192,256,2032;2370;2377;1157
8192,295,uniform,0.001995974884889229,8192,0,2048;2048;2048;2048
8192,295,regularized_adaptive,0.0005551414211160122,8192,256,2068;2359;2361;1148
8192,296,uniform,0.0006834788147118687,8192,0,2048;2048;2048;2048
8192,296,regularized_adaptive,0.0016910111261463356,8192,256,1951;2401;2411;1173
8192,297,uniform,-5.1916049194744573e-05,8192,0,2048;2048;2048;2048
8192,297,regularized_adaptive,-0.0012841636855860372,8192,256,1919;2401;2435;1181
8192,298,uniform,0.0014690063360793815,8192,0,2048;2048;2048;2048
8192,298,regularized_adaptive,-0.001986517302349,8192,256,1973;2383;2410;1170
8192,299,uniform,0.0012985875933342328,8192,0,2048;2048;2048;2048
8192,299,regularized_adaptive,8.000136086305787e-05,8192,256,1931;2410;2418;1177
8192,300,uniform,-0.0019766067798441256,8192,0,2048;2048;2048;2048
8192,300,regularized_adaptive,-4.807399058570638e-05,8192,256,2045;2381;2354;1156
8192,301,uniform,0.0005421409122634557,8192,0,2048;2048;2048;2048
8192,301,regularized_adaptive,-0.0002663437145766778,8192,256,1892;2411;2444;1189
8192,302,uniform,-0.000597811244039903,8192,0,2048;2048;2048;2048
8192,302,regularized_adaptive,0.0004892113673831133,8192,256,1768;2478;2482;1208
8192,303,uniform,-0.0027503594850912805,8192,0,2048;2048;2048;2048
8192,303,regularized_adaptive,-0.0005079022071923234,8192,256,2012;2384;2374;1166
8192,304,uniform,-2.0136563257722173e-05,8192,0,2048;2048;2048;2048
8192,304,regularized_adaptive,-0.000758175718757137,8192,256,1988;2389;2395;1164
8192,305,uniform,-0.0014331610186664179,8192,0,2048;2048;2048;2048
8192,305,regularized_adaptive,-0.0006728821310577615,8192,256,1802;2448;2480;1206
8192,306,uniform,-0.001304314996307454,8192,0,2048;2048;2048;2048
8192,306,regularized_adaptive,-0.001270181983497487,8192,256,1816;2783;2229;1108
8192,307,uniform,-0.00042609849778774134,8192,0,2048;2048;2048;2048
8192,307,regularized_adaptive,-0.0012647006567823027,8192,256,1937;2415;2411;1173
8192,308,uniform,0.00317992307561088,8192,0,2048;2048;2048;2048
8192,308,regularized_adaptive,-0.0011238275930081087,8192,256,1878;2432;2441;1185
8192,309,uniform,0.0030489601536167754,8192,0,2048;2048;2048;2048
8192,309,regularized_adaptive,-0.0003278745344994505,8192,256,1967;2401;2401;1167
8192,310,uniform,-0.00026484060239440055,8192,0,2048;2048;2048;2048
8192,310,regularized_adaptive,-0.0009285440487012409,8192,256,1951;2404;2404;1177
8192,311,uniform,-0.001674986022804248,8192,0,2048;2048;2048;2048
8192,311,regularized_adaptive,0.0009623244671868036,8192,256,1864;2427;2452;1193
8192,312,uniform,0.0003943673250619284,8192,0,2048;2048;2048;2048
8192,312,regularized_adaptive,-0.001287098696033162,8192,256,2042;2367;2371;1156
8192,313,uniform,0.0005112774198172687,8192,0,2048;2048;2048;2048
8192,313,regularized_adaptive,0.001505604615679168,8192,256,2097;2340;2346;1153
8192,314,uniform,-0.0006928386878151116,8192,0,2048;2048;2048;2048
8192,314,regularized_adaptive,-0.001776062512788279,8192,256,2113;2330;2342;1151
8192,315,uniform,0.0014814293014904223,8192,0,2048;2048;2048;2048
8192,315,regularized_adaptive,-0.002402460143292373,8192,256,2089;2366;2330;1151
8192,316,uniform,-0.00026670031655307014,8192,0,2048;2048;2048;2048
8192,316,regularized_adaptive,0.00014920735424261977,8192,256,2027;2365;2385;1159
8192,317,uniform,0.0005129827295293765,8192,0,2048;2048;2048;2048
8192,317,regularized_adaptive,-0.0002778307670583402,8192,256,1937;2415;2410;1174
8192,318,uniform,0.002869931563834527,8192,0,2048;2048;2048;2048
8192,318,regularized_adaptive,0.00030774141400602417,8192,256,1947;2413;2399;1177
8192,319,uniform,0.0001615998128032814,8192,0,2048;2048;2048;2048
8192,319,regularized_adaptive,0.0011363815739571237,8192,256,2163;2323;2317;1133
8192,320,uniform,0.0008921023177510534,8192,0,2048;2048;2048;2048
8192,320,regularized_adaptive,-0.0014195630215319,8192,256,2030;2381;2367;1158
8192,321,uniform,-0.0004242934532081577,8192,0,2048;2048;2048;2048
8192,321,regularized_adaptive,-0.0016508188835775428,8192,256,2043;2383;2352;1158
8192,322,uniform,-0.0024446876348465096,8192,0,2048;2048;2048;2048
8192,322,regularized_adaptive,-0.0008472497909002286,8192,256,1938;2418;2406;1174
8192,323,uniform,0.00013853434885380267,8192,0,2048;2048;2048;2048
8192,323,regularized_adaptive,0.0011918691178278706,8192,256,2028;2376;2376;1156
8192,324,uniform,-0.0009882402116465627,8192,0,2048;2048;2048;2048
8192,324,regularized_adaptive,-0.0003074237491054177,8192,256,1856;2437;2453;1190
8192,325,uniform,0.0011023019103042486,8192,0,2048;2048;2048;2048
8192,325,regularized_adaptive,-0.0005840790218751835,8192,256,1957;2419;2384;1176
8192,326,uniform,0.002596259560272429,8192,0,2048;2048;2048;2048
8192,326,regularized_adaptive,-0.00019509893281632884,8192,256,2022;2363;2388;1163
8192,327,uniform,0.0007172886890849384,8192,0,2048;2048;2048;2048
8192,327,regularized_adaptive,-0.0008561009116858642,8192,256,1982;2393;2395;1166
8192,328,uniform,0.0007527863368732568,8192,0,2048;2048;2048;2048
8192,328,regularized_adaptive,-0.0010214602466991352,8192,256,1949;2409;2409;1169
8192,329,uniform,-0.0006972801350899616,8192,0,2048;2048;2048;2048
8192,329,regularized_adaptive,-0.000646254954655312,8192,256,2006;2347;2412;1171
8192,330,uniform,0.00015144609036266132,8192,0,2048;2048;2048;2048
8192,330,regularized_adaptive,7.439284432031457e-06,8192,256,1961;2402;2402;1171
8192,331,uniform,0.0014228397257518566,8192,0,2048;2048;2048;2048
8192,331,regularized_adaptive,0.001057939360020299,8192,256,1935;2392;2429;1180
8192,332,uniform,-5.809410148316374e-05,8192,0,2048;2048;2048;2048
8192,332,regularized_adaptive,-0.0012777894829296699,8192,256,2063;2359;2362;1152
8192,333,uniform,-0.0012822612207710193,8192,0,2048;2048;2048;2048
8192,333,regularized_adaptive,-0.0014023418633755114,8192,256,1974;2413;2376;1173
8192,334,uniform,-0.0013788312343789855,8192,0,2048;2048;2048;2048
8192,334,regularized_adaptive,0.0004984821755247282,8192,256,1924;2419;2419;1174
8192,335,uniform,0.0025251095903797705,8192,0,2048;2048;2048;2048
8192,335,regularized_adaptive,-0.0024297400088144627,8192,256,2123;2332;2337;1144
8192,336,uniform,-0.0007335810815982668,8192,0,2048;2048;2048;2048
8192,336,regularized_adaptive,-0.001732994526863152,8192,256,1997;2391;2386;1162
8192,337,uniform,0.0007342793039306628,8192,0,2048;2048;2048;2048
8192,337,regularized_adaptive,-0.00015508876859371412,8192,256,2115;2331;2347;1143
8192,338,uniform,0.000462723621582839,8192,0,2048;2048;2048;2048
8192,338,regularized_adaptive,-0.0010098625821672869,8192,256,1896;2435;2422;1183
8192,339,uniform,-0.0024906368003208,8192,0,2048;2048;2048;2048
8192,339,regularized_adaptive,0.0011135533205335335,8192,256,2054;2376;2351;1155
8192,340,uniform,-0.0011718358548788999,8192,0,2048;2048;2048;2048
8192,340,regularized_adaptive,0.002414456156966338,8192,256,2116;2345;2326;1149
8192,341,uniform,0.0010284619989811006,8192,0,2048;2048;2048;2048
8192,341,regularized_adaptive,0.0007186686317757207,8192,256,1961;2404;2400;1171
8192,342,uniform,-0.0010258723946980908,8192,0,2048;2048;2048;2048
8192,342,regularized_adaptive,-0.00010006646443017075,8192,256,2053;2356;2373;1154
8192,343,uniform,-0.002174399737040922,8192,0,2048;2048;2048;2048
8192,343,regularized_adaptive,0.0006284539683862889,8192,256,2026;2384;2368;1158
8192,344,uniform,-0.0010903020122201568,8192,0,2048;2048;2048;2048
8192,344,regularized_adaptive,0.0010440713178168082,8192,256,1782;2465;2478;1211
8192,345,uniform,-0.0005515871724028898,8192,0,2048;2048;2048;2048
8192,345,regularized_adaptive,0.0006315537615062539,8192,256,2043;2372;2367;1154
8192,346,uniform,-0.000341405910790904,8192,0,2048;2048;2048;2048
8192,346,regularized_adaptive,0.000780641428275608,8192,256,2039;2374;2366;1157
8192,347,uniform,0.00035971807221812924,8192,0,2048;2048;2048;2048
8192,347,regularized_adaptive,0.00027460612504359716,8192,256,1809;2731;2282;1114
8192,348,uniform,0.001805857964513713,8192,0,2048;2048;2048;2048
8192,348,regularized_adaptive,0.0011804088637745735,8192,256,2038;2379;2363;1156
8192,349,uniform,-0.0004405713883972595,8192,0,2048;2048;2048;2048
8192,349,regularized_adaptive,0.0011985419661337815,8192,256,1769;2482;2477;1208
8192,350,uniform,-0.00042411226193550533,8192,0,2048;2048;2048;2048
8192,350,regularized_adaptive,-0.0013957243589493018,8192,256,1950;2408;2405;1173
8192,351,uniform,-0.0034990355453086153,8192,0,2048;2048;2048;2048
8192,351,regularized_adaptive,5.418970124715372e-05,8192,256,2090;2370;2324;1152
8192,352,uniform,-0.0008478099782385229,8192,0,2048;2048;2048;2048
8192,352,regularized_adaptive,-0.00020219581611335968,8192,256,1955;2401;2405;1175
8192,353,uniform,0.0003428218675765038,8192,0,2048;2048;2048;2048
8192,353,regularized_adaptive,-0.0009324547805560357,8192,256,1910;2424;2419;1183
8192,354,uniform,-0.0002176727819662716,8192,0,2048;2048;2048;2048
8192,354,regularized_adaptive,-0.0019843435808182264,8192,256,1971;2406;2391;1168
8192,355,uniform,-0.0008434139996795764,8192,0,2048;2048;2048;2048
8192,355,regularized_adaptive,-0.00023655475103367962,8192,256,1959;2379;2412;1186
8192,356,uniform,-0.0014677434676091394,8192,0,2048;2048;2048;2048
8192,356,regularized_adaptive,0.0019323701456865905,8192,256,1859;2441;2447;1189
8192,357,uniform,-1.1240052995020733e-06,8192,0,2048;2048;2048;2048
8192,357,regularized_adaptive,0.0007548643841017721,8192,256,2042;2373;2366;1155
8192,358,uniform,0.0003901523639457949,8192,0,2048;2048;2048;2048
8192,358,regularized_adaptive,-0.00041926821369031586,8192,256,1967;2401;2402;1166
8192,359,uniform,0.0005668076880933626,8192,0,2048;2048;2048;2048
8192,359,regularized_adaptive,-0.0015436890718474316,8192,256,2009;2367;2391;1169
8192,360,uniform,0.0018125417189382986,8192,0,2048;2048;2048;2048
8192,360,regularized_adaptive,-0.000760377794524203,8192,256,1967;2402;2400;1167
8192,361,uniform,0.0026324251037577184,8192,0,2048;2048;2048;2048
8192,361,regularized_adaptive,0.0005270558428227545,8192,256,1791;2449;2490;1206
8192,362,uniform,0.0018391445507885962,8192,0,2048;2048;2048;2048
8192,362,regularized_adaptive,-0.0016058594664940529,8192,256,1943;2389;2414;1190
8192,363,uniform,0.0009040886447007068,8192,0,2048;2048;2048;2048
8192,363,regularized_adaptive,0.0008057692863623345,8192,256,1848;2437;2459;1192
8192,364,uniform,-0.0020169786156269964,8192,0,2048;2048;2048;2048
8192,364,regularized_adaptive,0.0002851515992228215,8192,256,1950;2414;2400;1172
8192,365,uniform,-0.0007921433241930842,8192,0,2048;2048;2048;2048
8192,365,regularized_adaptive,-0.0015728284396123726,8192,256,2053;2378;2346;1159
8192,366,uniform,-0.0007408555240049353,8192,0,2048;2048;2048;2048
8192,366,regularized_adaptive,0.0009856913388341937,8192,256,1939;2407;2412;1178
8192,367,uniform,-0.0007796250545997196,8192,0,2048;2048;2048;2048
8192,367,regularized_adaptive,-0.0004926855219151705,8192,256,2003;2400;2360;1173
8192,368,uniform,0.0013907627673948042,8192,0,2048;2048;2048;2048
8192,368,regularized_adaptive,0.0007166795493915856,8192,256,1921;2430;2405;1180
8192,369,uniform,0.00035557975095645844,8192,0,2048;2048;2048;2048
8192,369,regularized_adaptive,0.0006922805789928432,8192,256,1960;2395;2410;1171
8192,370,uniform,0.002381064596966631,8192,0,2048;2048;2048;2048
8192,370,regularized_adaptive,-0.0008356816947596712,8192,256,1942;2417;2403;1174
8192,371,uniform,0.0007186330141504271,8192,0,2048;2048;2048;2048
8192,371,regularized_adaptive,9.769220434829862e-05,8192,256,1961;2190;2716;1069
8192,372,uniform,0.0010349646117981948,8192,0,2048;2048;2048;2048
8192,372,regularized_adaptive,-0.0001359358866066529,8192,256,2117;2336;2343;1140
8192,373,uniform,0.0013081231208200705,8192,0,2048;2048;2048;2048
8192,373,regularized_adaptive,-0.001313695888749855,8192,256,1833;2458;2448;1197
8192,374,uniform,0.0013117382781482334,8192,0,2048;2048;2048;2048
8192,374,regularized_adaptive,-4.000008792726106e-05,8192,256,2004;2380;2391;1161
8192,375,uniform,-0.001142268374096922,8192,0,2048;2048;2048;2048
8192,375,regularized_adaptive,0.0007981244385364406,8192,256,2145;2321;2334;1136
8192,376,uniform,-0.001435038453510451,8192,0,2048;2048;2048;2048
8192,376,regularized_adaptive,-0.0001091245977926647,8192,256,1976;2372;2414;1174
8192,377,uniform,-0.00010666589356223,8192,0,2048;2048;2048;2048
8192,377,regularized_adaptive,0.0006088982708325474,8192,256,1835;2440;2462;1199
8192,378,uniform,-0.0012154304687115314,8192,0,2048;2048;2048;2048
8192,378,regularized_adaptive,-0.0011701508710517672,8192,256,1844;2454;2448;1190
8192,379,uniform,-0.0009327182148650692,8192,0,2048;2048;2048;2048
8192,379,regularized_adaptive,-0.0010402413102381658,8192,256,2002;2372;2397;1165
8192,380,uniform,-0.00019834486434255894,8192,0,2048;2048;2048;2048
8192,380,regularized_adaptive,0.001886892227217274,8192,256,2009;2387;2379;1161
8192,381,uniform,-0.00036012518198091925,8192,0,2048;2048;2048;2048
8192,381,regularized_adaptive,0.0005481649967107316,8192,256,2020;2376;2380;1160
8192,382,uniform,-0.000925204779488098,8192,0,2048;2048;2048;2048
8192,382,regularized_adaptive,0.002214413081151889,8192,256,2095;2337;2350;1154
8192,383,uniform,0.0008000816971343028,8192,0,2048;2048;2048;2048
8192,383,regularized_adaptive,0.0002839861510786079,8192,256,2012;2376;2388;1160
8192,384,uniform,0.0001960600465764628,8192,0,2048;2048;2048;2048
8192,384,regularized_adaptive,-0.0005726803103041078,8192,256,1943;2415;2404;1174
8192,385,uniform,0.0008252803090069705,8192,0,2048;2048;2048;2048
8192,385,regularized_adaptive,6.120210108484514e-05,8192,256,1648;2936;2253;1099
8192,386,uniform,-0.0003977395307437348,8192,0,2048;2048;2048;2048
8192,386,regularized_adaptive,-0.0019320555920723237,8192,256,1893;2429;2433;1181
8192,387,uniform,0.00020865505535372364,8192,0,2048;2048;2048;2048
8192,387,regularized_adaptive,-0.00131013670770308,8192,256,2064;2370;2350;1152
8192,388,uniform,0.0031506889235055624,8192,0,2048;2048;2048;2048
8192,388,regularized_adaptive,-0.0008881257753872163,8192,256,1955;2689;2211;1081
8192,389,uniform,0.0015074415695233156,8192,0,2048;2048;2048;2048
8192,389,regularized_adaptive,0.0011307978235386429,8192,256,2163;2326;2311;1136
8192,390,uniform,0.001556871145512062,8192,0,2048;2048;2048;2048
8192,390,regularized_adaptive,-0.00047309382474214345,8192,256,1999;2381;2390;1166
8192,391,uniform,0.0007674711571770132,8192,0,2048;2048;2048;2048
8192,391,regularized_adaptive,0.000673983516340293,8192,256,1916;2441;2394;1185
8192,392,uniform,0.001859854593953436,8192,0,2048;2048;2048;2048
8192,392,regularized_adaptive,0.0004330360806292788,8192,256,2121;2339;2337;1139
8192,393,uniform,-0.0020427608326656355,8192,0,2048;2048;2048;2048
8192,393,regularized_adaptive,-0.001350938942040969,8192,256,1918;2388;2444;1186
8192,394,uniform,-6.719850321523779e-06,8192,0,2048;2048;2048;2048
8192,394,regularized_adaptive,-0.00026999614119560533,8192,256,1886;2227;2723;1100
8192,395,uniform,0.0016070354707640178,8192,0,2048;2048;2048;2048
8192,395,regularized_adaptive,-0.0018115359206243298,8192,256,1926;2714;2214;1082
8192,396,uniform,-7.21108522618863e-05,8192,0,2048;2048;2048;2048
8192,396,regularized_adaptive,0.0023529438124993973,8192,256,2116;2345;2334;1141
8192,397,uniform,0.0006402279614929896,8192,0,2048;2048;2048;2048
8192,397,regularized_adaptive,-0.00040220072883645486,8192,256,1978;2403;2388;1167
8192,398,uniform,0.0006010289537297098,8192,0,2048;2048;2048;2048
8192,398,regularized_adaptive,-0.0008327322941292792,8192,256,1876;2232;2739;1089
8192,399,uniform,0.0012594657220779126,8192,0,2048;2048;2048;2048
8192,399,regularized_adaptive,-0.0009418948061998833,8192,256,1812;2465;2464;1195
