case,budget,repeat,method,error_ground,error_noisy_mean,paid_shots
ideal,2048,0,uniform,0.005417980655645138,0.005417980655638033,2048
ideal,2048,0,regularized_adaptive,0.0016714131982711322,0.0016714131982640268,2048
ideal,2048,1,uniform,0.0030827114597702376,0.003082711459763132,2048
ideal,2048,1,regularized_adaptive,0.0009088258598932697,0.0009088258598861643,2048
ideal,2048,2,uniform,-0.0030824050174400597,-0.003082405017447165,2048
ideal,2048,2,regularized_adaptive,0.0030142183858155036,0.003014218385808398,2048
ideal,2048,3,uniform,0.0008923419315385317,0.0008923419315314263,2048
ideal,2048,3,regularized_adaptive,0.004101779830972596,0.004101779830965491,2048
ideal,2048,4,uniform,0.0005310796946105256,0.0005310796946034202,2048
ideal,2048,4,regularized_adaptive,-0.002543978010336012,-0.0025439780103431175,2048
ideal,2048,5,uniform,-0.0039148096517731545,-0.00391480965178026,2048
ideal,2048,5,regularized_adaptive,-0.0031146982619807417,-0.003114698261987847,2048
ideal,2048,6,uniform,-0.0007788711940222015,-0.0007788711940293069,2048
ideal,2048,6,regularized_adaptive,4.509128390672856e-05,4.5091283899623136e-05,2048
ideal,2048,7,uniform,0.004593015275270673,0.004593015275263568,2048
ideal,2048,7,regularized_adaptive,-0.0029580928806023365,-0.002958092880609442,2048
ideal,2048,8,uniform,0.004264516457392453,0.004264516457385348,2048
ideal,2048,8,regularized_adaptive,-0.004864257745216705,-0.00486425774522381,2048
ideal,2048,9,uniform,-0.0016623053752615746,-0.00166230537526868,2048
ideal,2048,9,regularized_adaptive,-0.0013920119783064067,-0.001392011978313512,2048
ideal,2048,10,uniform,-0.00011234501265100505,-0.00011234501265811048,2048
ideal,2048,10,regularized_adaptive,0.004071143380478759,0.0040711433804716535,2048
ideal,2048,11,uniform,-0.0012804109806356934,-0.0012804109806427988,2048
ideal,2048,11,regularized_adaptive,0.001545048842191754,0.0015450488421846487,2048
ideal,2048,12,uniform,-0.0001225238647108995,-0.00012252386471800492,2048
ideal,2048,12,regularized_adaptive,0.0035288725194559944,0.003528872519448889,2048
ideal,2048,13,uniform,-7.828028539869081e-05,-7.828028540579623e-05,2048
ideal,2048,13,regularized_adaptive,-0.0014573702494100615,-0.001457370249417167,2048
ideal,2048,14,uniform,-0.0026775503022893332,-0.0026775503022964386,2048
ideal,2048,14,regularized_adaptive,-0.0017524082970501453,-0.0017524082970572508,2048
ideal,2048,15,uniform,-0.0029059714622308164,-0.002905971462237922,2048
ideal,2048,15,regularized_adaptive,0.002701437847346,0.0027014378473388945,2048
ideal,2048,16,uniform,0.004473441660001853,0.004473441659994748,2048
ideal,2048,16,regularized_adaptive,-0.0033790695823023853,-0.0033790695823094907,2048
ideal,2048,17,uniform,0.00035971787355659757,0.00035971787354949214,2048
ideal,2048,17,regularized_adaptive,0.0029841521147684347,0.0029841521147613292,2048
ideal,2048,18,uniform,0.0005935914877230886,0.0005935914877159831,2048
ideal,2048,18,regularized_adaptive,-0.0022414029304274052,-0.0022414029304345107,2048
ideal,2048,19,uniform,0.0034544254130457475,0.003454425413038642,2048
ideal,2048,19,regularized_adaptive,0.0010235094144190882,0.0010235094144119827,2048
ideal,2048,20,uniform,0.0035301330898196426,0.003530133089812537,2048
ideal,2048,20,regularized_adaptive,-0.0035162145677700707,-0.003516214567777176,2048
ideal,2048,21,uniform,-0.001326369488700685,-0.0013263694887077904,2048
ideal,2048,21,regularized_adaptive,-0.004787224786181987,-0.004787224786189093,2048
ideal,2048,22,uniform,-0.00264101417267959,-0.0026410141726866954,2048
ideal,2048,22,regularized_adaptive,0.0013820247707272415,0.001382024770720136,2048
ideal,2048,23,uniform,0.001137046293499644,0.0011370462934925385,2048
ideal,2048,23,regularized_adaptive,0.0024274995986042214,0.002427499598597116,2048
ideal,2048,24,uniform,-0.0033696751023315485,-0.003369675102338654,2048
ideal,2048,24,regularized_adaptive,-0.00166348207910616,-0.0016634820791132654,2048
ideal,2048,25,uniform,0.003364222729683952,0.0033642227296768468,2048
ideal,2048,25,regularized_adaptive,0.0021136070978711174,0.002113607097864012,2048
ideal,2048,26,uniform,0.004421003445765237,0.0044210034457581315,2048
ideal,2048,26,regularized_adaptive,-0.0011871984432776372,-0.0011871984432847427,2048
ideal,2048,27,uniform,8.909240260202012e-06,8.909240253096584e-06,2048
ideal,2048,27,regularized_adaptive,0.0008183644675279211,0.0008183644675208157,2048
ideal,2048,28,uniform,3.1219949655714174e-05,3.121994964860875e-05,2048
ideal,2048,28,regularized_adaptive,-0.0006856904420589061,-0.0006856904420660115,2048
ideal,2048,29,uniform,0.001603762892642635,0.0016037628926355296,2048
ideal,2048,29,regularized_adaptive,0.005220218434480728,0.0052202184344736224,2048
ideal,2048,30,uniform,0.0039765973573571145,0.003976597357350009,2048
ideal,2048,30,regularized_adaptive,0.004650537036701152,0.004650537036694047,2048
ideal,2048,31,uniform,0.00043306160643297176,0.00043306160642586633,2048
ideal,2048,31,regularized_adaptive,0.0017167642787185855,0.00171676427871148,2048
ideal,2048,32,uniform,0.0014993367756810372,0.0014993367756739318,2048
ideal,2048,32,regularized_adaptive,-0.00027764367262150813,-0.00027764367262861356,2048
ideal,2048,33,uniform,-0.0030996452839797684,-0.0030996452839868738,2048
ideal,2048,33,regularized_adaptive,-0.0025884166881171566,-0.002588416688124262,2048
ideal,2048,34,uniform,-0.00012187514755801487,-0.0001218751475651203,2048
ideal,2048,34,regularized_adaptive,0.0007480828236836601,0.0007480828236765547,2048
ideal,2048,35,uniform,0.00018770644137422465,0.00018770644136711923,2048
ideal,2048,35,regularized_adaptive,0.0013655775968581807,0.0013655775968510753,2048
ideal,2048,36,uniform,-0.00027599590742699576,-0.0002759959074341012,2048
ideal,2048,36,regularized_adaptive,0.001941175480264512,0.0019411754802574066,2048
ideal,2048,37,uniform,-0.0045548721897743505,-0.004554872189781456,2048
ideal,2048,37,regularized_adaptive,0.0036663722771930196,0.003666372277185914,2048
ideal,2048,38,uniform,-0.0008390199372145801,-0.0008390199372216856,2048
ideal,2048,38,regularized_adaptive,-0.00020151381211697128,-0.0002015138121240767,2048
ideal,2048,39,uniform,0.002508479637354455,0.0025084796373473495,2048
ideal,2048,39,regularized_adaptive,0.00048607158649360827,0.00048607158648650284,2048
ideal,2048,40,uniform,-0.0012496338646661442,-0.0012496338646732497,2048
ideal,2048,40,regularized_adaptive,-0.0013721256842300633,-0.0013721256842371687,2048
ideal,2048,41,uniform,-0.002629533615094992,-0.0026295336151020976,2048
ideal,2048,41,regularized_adaptive,-0.0011217091029456228,-0.0011217091029527282,2048
ideal,2048,42,uniform,-0.003888452870877579,-0.0038884528708846844,2048
ideal,2048,42,regularized_adaptive,0.0006676449789697614,0.000667644978962656,2048
ideal,2048,43,uniform,0.0008784976287170565,0.0008784976287099511,2048
ideal,2048,43,regularized_adaptive,-0.0023113923520989843,-0.0023113923521060897,2048
ideal,2048,44,uniform,-0.0018343172047670109,-0.0018343172047741163,2048
ideal,2048,44,regularized_adaptive,0.0012634589876983071,0.0012634589876912017,2048
ideal,2048,45,uniform,0.004231752442358072,0.004231752442350967,2048
ideal,2048,45,regularized_adaptive,0.002177752431392399,0.0021777524313852936,2048
ideal,2048,46,uniform,0.0021299787231789935,0.002129978723171888,2048
ideal,2048,46,regularized_adaptive,-0.0004843605722726352,-0.0004843605722797406,2048
ideal,2048,47,uniform,-0.0020522859530460735,-0.002052285953053179,2048
ideal,2048,47,regularized_adaptive,0.0004450753963887166,0.0004450753963816112,2048
ideal,2048,48,uniform,0.00505229520305317,0.005052295203046064,2048
ideal,2048,48,regularized_adaptive,0.002403166990278649,0.0024031669902715436,2048
ideal,2048,49,uniform,-0.0015953706644769028,-0.0015953706644840082,2048
ideal,2048,49,regularized_adaptive,-0.00333144415038511,-0.0033314441503922154,2048
ideal,2048,50,uniform,-0.0026954391866507166,-0.002695439186657822,2048
ideal,2048,50,regularized_adaptive,0.003965019260872893,0.0039650192608657875,2048
ideal,2048,51,uniform,0.0013762981019054266,0.0013762981018983211,2048
ideal,2048,51,regularized_adaptive,-0.0012632887442753926,-0.001263288744282498,2048
ideal,2048,52,uniform,-0.0018877120862006436,-0.001887712086207749,2048
ideal,2048,52,regularized_adaptive,-0.00034919207185968304,-0.00034919207186678847,2048
ideal,2048,53,uniform,-0.0012327741195345965,-0.001232774119541702,2048
ideal,2048,53,regularized_adaptive,0.0025606397270170334,0.002560639727009928,2048
ideal,2048,54,uniform,0.0035139236511323446,0.003513923651125239,2048
ideal,2048,54,regularized_adaptive,-0.0030173909274813226,-0.003017390927488428,2048
ideal,2048,55,uniform,0.001408105151750938,0.0014081051517438326,2048
ideal,2048,55,regularized_adaptive,0.003172058002745004,0.0031720580027378986,2048
ideal,2048,56,uniform,-6.889387351094456e-05,-6.889387351804999e-05,2048
ideal,2048,56,regularized_adaptive,0.0014035899349398306,0.0014035899349327252,2048
ideal,2048,57,uniform,0.0005861547170322723,0.0005861547170251669,2048
ideal,2048,57,regularized_adaptive,-0.006672727590377292,-0.0066727275903843974,2048
ideal,2048,58,uniform,0.0011103121697786378,0.0011103121697715324,2048
ideal,2048,58,regularized_adaptive,0.00025294970728406696,0.00025294970727696153,2048
ideal,2048,59,uniform,0.0018916825886625688,0.0018916825886554633,2048
ideal,2048,59,regularized_adaptive,0.0030530867213940382,0.003053086721386933,2048
ideal,2048,60,uniform,0.0012952122308922398,0.0012952122308851344,2048
ideal,2048,60,regularized_adaptive,-0.00363600050982793,-0.0036360005098350356,2048
ideal,2048,61,uniform,-0.0015092116686785673,-0.0015092116686856727,2048
ideal,2048,61,regularized_adaptive,0.002467122349352202,0.0024671223493450967,2048
ideal,2048,62,uniform,-2.3856165404900764e-05,-2.385616541200619e-05,2048
ideal,2048,62,regularized_adaptive,-0.0013985310493032088,-0.0013985310493103142,2048
ideal,2048,63,uniform,0.0058306522655717785,0.005830652265564673,2048
ideal,2048,63,regularized_adaptive,-0.0030323330902968237,-0.003032333090303929,2048
ideal,2048,64,uniform,0.0015419013066422238,0.0015419013066351184,2048
ideal,2048,64,regularized_adaptive,-0.0033772636644613385,-0.003377263664468444,2048
ideal,2048,65,uniform,0.0005776886084500887,0.0005776886084429833,2048
ideal,2048,65,regularized_adaptive,0.001447656404594433,0.0014476564045873275,2048
ideal,2048,66,uniform,0.0021695289044680877,0.0021695289044609822,2048
ideal,2048,66,regularized_adaptive,0.0014458406464648021,0.0014458406464576967,2048
ideal,2048,67,uniform,-0.0016984615794468638,-0.0016984615794539693,2048
ideal,2048,67,regularized_adaptive,-0.00444160700416063,-0.004441607004167736,2048
ideal,2048,68,uniform,-0.0017734847579973234,-0.0017734847580044288,2048
ideal,2048,68,regularized_adaptive,-0.001368036160084074,-0.0013680361600911795,2048
ideal,2048,69,uniform,-0.0010712144036997273,-0.0010712144037068327,2048
ideal,2048,69,regularized_adaptive,-0.004334548259974369,-0.004334548259981474,2048
ideal,2048,70,uniform,0.0007382190857248005,0.0007382190857176951,2048
ideal,2048,70,regularized_adaptive,-0.0021473911586316063,-0.0021473911586387118,2048
ideal,2048,71,uniform,-0.003261203013200209,-0.0032612030132073144,2048
ideal,2048,71,regularized_adaptive,0.004094374459957528,0.004094374459950423,2048
ideal,2048,72,uniform,0.0005202488474846945,0.000520248847477589,2048
ideal,2048,72,regularized_adaptive,0.0010919615288962348,0.0010919615288891293,2048
ideal,2048,73,uniform,-0.0010276186475630666,-0.001027618647570172,2048
ideal,2048,73,regularized_adaptive,-0.0022596286821503497,-0.002259628682157455,2048
ideal,2048,74,uniform,0.003797798964273902,0.0037977989642667964,2048
ideal,2048,74,regularized_adaptive,-0.0005537250260347903,-0.0005537250260418958,2048
ideal,2048,75,uniform,-0.0023405843825221595,-0.002340584382529265,2048
ideal,2048,75,regularized_adaptive,-0.0011086479234272417,-0.0011086479234343471,2048
ideal,2048,76,uniform,0.005184108432108481,0.005184108432101375,2048
ideal,2048,76,regularized_adaptive,0.0028637324894438265,0.002863732489436721,2048
ideal,2048,77,uniform,-3.914490346357269e-05,-3.9144903470678116e-05,2048
ideal,2048,77,regularized_adaptive,-0.002347437453527057,-0.0023474374535341624,2048
ideal,2048,78,uniform,0.0018565546297306668,0.0018565546297235613,2048
ideal,2048,78,regularized_adaptive,-0.000939743689079009,-0.0009397436890861144,2048
ideal,2048,79,uniform,0.0017396190146161672,0.0017396190146090618,2048
ideal,2048,79,regularized_adaptive,-0.0011602127227074988,-0.0011602127227146042,2048
ideal,2048,80,uniform,0.0033483179631268456,0.00334831796311974,2048
ideal,2048,80,regularized_adaptive,0.005315994052416784,0.005315994052409678,2048
ideal,2048,81,uniform,0.0013664961953478993,0.001366496195340794,2048
ideal,2048,81,regularized_adaptive,-0.001937538947946571,-0.0019375389479536764,2048
ideal,2048,82,uniform,0.003757598377210236,0.0037575983772031307,2048
ideal,2048,82,regularized_adaptive,-0.0010249193040907656,-0.001024919304097871,2048
ideal,2048,83,uniform,0.0019545739098765225,0.001954573909869417,2048
ideal,2048,83,regularized_adaptive,0.0026211834573679482,0.002621183457360843,2048
ideal,2048,84,uniform,-0.0012030235601958594,-0.0012030235602029649,2048
ideal,2048,84,regularized_adaptive,0.0003639097991046114,0.000363909799097506,2048
ideal,2048,85,uniform,0.0003462519068682113,0.00034625190686110585,2048
ideal,2048,85,regularized_adaptive,-0.00016003640583051038,-0.0001600364058376158,2048
ideal,2048,86,uniform,-0.0015740885976578411,-0.0015740885976649466,2048
ideal,2048,86,regularized_adaptive,-0.003779099610797587,-0.0037790996108046926,2048
ideal,2048,87,uniform,-0.002860392680927859,-0.0028603926809349645,2048
ideal,2048,87,regularized_adaptive,-0.0003383853176952556,-0.000338385317702361,2048
ideal,2048,88,uniform,6.737655116406671e-05,6.737655115696128e-05,2048
ideal,2048,88,regularized_adaptive,0.002332642947291852,0.0023326429472847465,2048
ideal,2048,89,uniform,-0.0009032448711279173,-0.0009032448711350227,2048
ideal,2048,89,regularized_adaptive,0.0003864660108625628,0.0003864660108554574,2048
ideal,2048,90,uniform,0.004543013278302865,0.00454301327829576,2048
ideal,2048,90,regularized_adaptive,0.001810435802397592,0.0018104358023904865,2048
ideal,2048,91,uniform,0.0002100182434077169,0.00021001824340061148,2048
ideal,2048,91,regularized_adaptive,0.004274704854625,0.0042747048546178945,2048
ideal,2048,92,uniform,-0.0008383688361250918,-0.0008383688361321973,2048
ideal,2048,92,regularized_adaptive,0.003279133298168091,0.0032791332981609855,2048
ideal,2048,93,uniform,-0.0008269243444383179,-0.0008269243444454233,2048
ideal,2048,93,regularized_adaptive,0.0060997618265279385,0.006099761826520833,2048
ideal,2048,94,uniform,-0.0014199652551898367,-0.0014199652551969422,2048
ideal,2048,94,regularized_adaptive,-0.004476218211799221,-0.0044762182118063265,2048
ideal,2048,95,uniform,0.003775486367594283,0.0037754863675871775,2048
ideal,2048,95,regularized_adaptive,-0.00362303975126288,-0.0036230397512699852,2048
ideal,2048,96,uniform,0.0013377768611846363,0.001337776861177531,2048
ideal,2048,96,regularized_adaptive,-0.0012639326809891216,-0.001263932680996227,2048
ideal,2048,97,uniform,-0.0012104620195092508,-0.0012104620195163562,2048
ideal,2048,97,regularized_adaptive,-0.0006733505043614585,-0.0006733505043685639,2048
ideal,2048,98,uniform,-0.0018268798380924878,-0.0018268798380995932,2048
ideal,2048,98,regularized_adaptive,-0.0016002594658202085,-0.001600259465827314,2048
ideal,2048,99,uniform,-0.001473054371855298,-0.0014730543718624034,2048
ideal,2048,99,regularized_adaptive,0.0007738235304568519,0.0007738235304497465,2048
ideal,2048,100,uniform,0.0022543533935905913,0.002254353393583486,2048
ideal,2048,100,regularized_adaptive,0.004236921765908619,0.0042369217659015135,2048
ideal,2048,101,uniform,0.0021106824627858956,0.00211068246277879,2048
ideal,2048,101,regularized_adaptive,0.0010836115631045473,0.0010836115630974419,2048
ideal,2048,102,uniform,-0.00397564209854373,-0.003975642098550836,2048
ideal,2048,102,regularized_adaptive,-0.0007735621008739813,-0.0007735621008810867,2048
ideal,2048,103,uniform,0.0025507387015393235,0.002550738701532218,2048
ideal,2048,103,regularized_adaptive,0.0013407045218256641,0.0013407045218185587,2048
ideal,2048,104,uniform,0.0002228344996373366,0.00022283449963023116,2048
ideal,2048,104,regularized_adaptive,0.0013712247196249194,0.001371224719617814,2048
ideal,2048,105,uniform,-0.0011073707072153383,-0.0011073707072224437,2048
ideal,2048,105,regularized_adaptive,0.000952171090791154,0.0009521710907840486,2048
ideal,2048,106,uniform,-0.003378140714259459,-0.0033781407142665643,2048
ideal,2048,106,regularized_adaptive,-0.0034847175966055133,-0.0034847175966126187,2048
ideal,2048,107,uniform,0.0005851248824875199,0.0005851248824804145,2048
ideal,2048,107,regularized_adaptive,-0.0020904767934526447,-0.00209047679345975,2048
ideal,2048,108,uniform,-0.0012104619201780409,-0.0012104619201851463,2048
ideal,2048,108,regularized_adaptive,-0.003095003505229066,-0.0030950035052361713,2048
ideal,2048,109,uniform,0.0006628902417373794,0.000662890241730274,2048
ideal,2048,109,regularized_adaptive,0.000665658024935567,0.0006656580249284616,2048
ideal,2048,110,uniform,-0.004932417529390776,-0.004932417529397881,2048
ideal,2048,110,regularized_adaptive,0.004150078029829807,0.004150078029822701,2048
ideal,2048,111,uniform,0.0028488384415874535,0.002848838441580348,2048
ideal,2048,111,regularized_adaptive,0.001603043697868678,0.0016030436978615725,2048
ideal,2048,112,uniform,0.00013431146061027022,0.0001343114606031648,2048
ideal,2048,112,regularized_adaptive,-0.0014999569254712242,-0.0014999569254783296,2048
ideal,2048,113,uniform,0.0011444826668673969,0.0011444826668602914,2048
ideal,2048,113,regularized_adaptive,-0.0032779743069610845,-0.00327797430696819,2048
ideal,2048,114,uniform,-0.004618414910069646,-0.004618414910076751,2048
ideal,2048,114,regularized_adaptive,-0.0017910126118367842,-0.0017910126118438896,2048
ideal,2048,115,uniform,0.0020170861003121487,0.0020170861003050433,2048
ideal,2048,115,regularized_adaptive,0.0005911831821157065,0.0005911831821086011,2048
ideal,2048,116,uniform,0.0011444829648601385,0.001144482964853033,2048
ideal,2048,116,regularized_adaptive,-0.0019615240915502596,-0.001961524091557365,2048
ideal,2048,117,uniform,0.0006524388233817291,0.0006524388233746237,2048
ideal,2048,117,regularized_adaptive,0.002030637174961214,0.0020306371749541086,2048
ideal,2048,118,uniform,0.0006226893566809721,0.0006226893566738667,2048
ideal,2048,118,regularized_adaptive,-0.0018706603788407605,-0.001870660378847866,2048
ideal,2048,119,uniform,0.0008011100096156909,0.0008011100096085855,2048
ideal,2048,119,regularized_adaptive,-0.005819845753681996,-0.005819845753689101,2048
ideal,2048,120,uniform,0.0006361566146688702,0.0006361566146617648,2048
ideal,2048,120,regularized_adaptive,0.000855495433414788,0.0008554954334076825,2048
ideal,2048,121,uniform,-0.002604207165397554,-0.0026042071654046595,2048
ideal,2048,121,regularized_adaptive,0.0015373197784178672,0.0015373197784107617,2048
ideal,2048,122,uniform,-0.0013422725666352164,-0.0013422725666423219,2048
ideal,2048,122,regularized_adaptive,0.0010617843946336691,0.0010617843946265637,2048
ideal,2048,123,uniform,0.0022286485084297425,0.002228648508422637,2048
ideal,2048,123,regularized_adaptive,-0.0008889594580603344,-0.0008889594580674398,2048
ideal,2048,124,uniform,-0.0014656175018332718,-0.0014656175018403772,2048
ideal,2048,124,regularized_adaptive,0.0002417905369371809,0.00024179053693007546,2048
ideal,2048,125,uniform,-0.0012317429936903324,-0.0012317429936974378,2048
ideal,2048,125,regularized_adaptive,0.0036600026522348728,0.0036600026522277673,2048
ideal,2048,126,uniform,0.0007649528121236315,0.0007649528121165261,2048
ideal,2048,126,regularized_adaptive,-0.0016778235966619093,-0.0016778235966690147,2048
ideal,2048,127,uniform,0.0003854225600559147,0.00038542256004880926,2048
ideal,2048,127,regularized_adaptive,0.0010201977989581223,0.001020197798951017,2048
ideal,2048,128,uniform,0.0020204797794241003,0.002020479779416995,2048
ideal,2048,128,regularized_adaptive,-0.0024294401059261617,-0.002429440105933267,2048
ideal,2048,129,uniform,0.002491240761445468,0.0024912407614383625,2048
ideal,2048,129,regularized_adaptive,0.002080052297758428,0.0020800522977513225,2048
ideal,2048,130,uniform,-0.0013858674287954287,-0.001385867428802534,2048
ideal,2048,130,regularized_adaptive,0.006890610475146275,0.0068906104751391695,2048
ideal,2048,131,uniform,0.002104274831324915,0.0021042748313178095,2048
ideal,2048,131,regularized_adaptive,-0.005220370879726488,-0.0052203708797335935,2048
ideal,2048,132,uniform,0.0009626697254514482,0.0009626697254443428,2048
ideal,2048,132,regularized_adaptive,-0.0012977442745123469,-0.0012977442745194523,2048
ideal,2048,133,uniform,0.00022893735963691597,0.00022893735962981054,2048
ideal,2048,133,regularized_adaptive,2.711375636010871e-05,2.7113756353003282e-05,2048
ideal,2048,134,uniform,0.0015280567058288952,0.0015280567058217898,2048
ideal,2048,134,regularized_adaptive,-0.002773707189165364,-0.0027737071891724696,2048
ideal,2048,135,uniform,-0.0009106828337870354,-0.0009106828337941408,2048
ideal,2048,135,regularized_adaptive,0.00018952226611546052,0.0001895222661083551,2048
ideal,2048,136,uniform,0.006965848846008704,0.006965848846001599,2048
ideal,2048,136,regularized_adaptive,-0.0015096906724405557,-0.001509690672447661,2048
ideal,2048,137,uniform,0.003019820138556284,0.0030198201385491785,2048
ideal,2048,137,regularized_adaptive,0.0019697165405077044,0.001969716540500599,2048
ideal,2048,138,uniform,0.0038062654701791487,0.0038062654701720433,2048
ideal,2048,138,regularized_adaptive,-0.0004382582472821639,-0.0004382582472892693,2048
ideal,2048,139,uniform,-0.0017559018370665314,-0.0017559018370736368,2048
ideal,2048,139,regularized_adaptive,0.0016262008229910307,0.0016262008229839253,2048
ideal,2048,140,uniform,0.002232040995572504,0.0022320409955653986,2048
ideal,2048,140,regularized_adaptive,0.002158244287048916,0.0021582442870418106,2048
ideal,2048,141,uniform,-0.0011837272004724397,-0.0011837272004795452,2048
ideal,2048,141,regularized_adaptive,0.0006692178186149533,0.0006692178186078479,2048
ideal,2048,142,uniform,0.0028484593108100142,0.002848459310802909,2048
ideal,2048,142,regularized_adaptive,-0.0027686847021843874,-0.002768684702191493,2048
ideal,2048,143,uniform,0.0031229125434872884,0.003122912543480183,2048
ideal,2048,143,regularized_adaptive,0.0004893935767311675,0.000489393576724062,2048
ideal,2048,144,uniform,0.0007689966983486229,0.0007689966983415175,2048
ideal,2048,144,regularized_adaptive,-0.003295967298907243,-0.0032959672989143485,2048
ideal,2048,145,uniform,-0.003112155278786055,-0.0031121552787931606,2048
ideal,2048,145,regularized_adaptive,0.0026799865182782767,0.0026799865182711713,2048
ideal,2048,146,uniform,-0.0011475710956183605,-0.0011475710956254659,2048
ideal,2048,146,regularized_adaptive,-0.0022772138645095197,-0.002277213864516625,2048
ideal,2048,147,uniform,-0.0017366771547306925,-0.001736677154737798,2048
ideal,2048,147,regularized_adaptive,-0.00179466605602574,-0.0017946660560328453,2048
ideal,2048,148,uniform,-0.004020265305287651,-0.004020265305294757,2048
ideal,2048,148,regularized_adaptive,-0.001737485303562103,-0.0017374853035692084,2048
ideal,2048,149,uniform,0.00011539323835751958,0.00011539323835041415,2048
ideal,2048,149,regularized_adaptive,0.0005049570057646946,0.0005049570057575892,2048
ideal,2048,150,uniform,-0.0017471286724157764,-0.0017471286724228818,2048
ideal,2048,150,regularized_adaptive,-0.003534138965692435,-0.0035341389656995403,2048
ideal,2048,151,uniform,-0.0022013360713977193,-0.0022013360714048247,2048
ideal,2048,151,regularized_adaptive,0.0029799577110409814,0.002979957711033876,2048
ideal,2048,152,uniform,-0.001822835554544433,-0.0018228355545515385,2048
ideal,2048,152,regularized_adaptive,0.0028228447219662556,0.00282284472195915,2048
ideal,2048,153,uniform,0.0012421228162358133,0.001242122816228708,2048
ideal,2048,153,regularized_adaptive,0.00037250392346699357,0.00037250392345988814,2048
ideal,2048,154,uniform,0.0022509595158179962,0.002250959515810891,2048
ideal,2048,154,regularized_adaptive,-0.0006866739326225613,-0.0006866739326296667,2048
ideal,2048,155,uniform,0.002075554702515525,0.0020755547025084198,2048
ideal,2048,155,regularized_adaptive,0.0011057209681064606,0.0011057209680993552,2048
ideal,2048,156,uniform,0.0018788684183785875,0.001878868418371482,2048
ideal,2048,156,regularized_adaptive,-0.0024899527401229804,-0.002489952740130086,2048
ideal,2048,157,uniform,-0.001078649187776115,-0.0010786491877832205,2048
ideal,2048,157,regularized_adaptive,0.005159099080020546,0.005159099080013441,2048
ideal,2048,158,uniform,-0.0029323275478123634,-0.002932327547819469,2048
ideal,2048,158,regularized_adaptive,-0.0032036860110231657,-0.003203686011030271,2048
ideal,2048,159,uniform,-0.003754692682553795,-0.0037546926825609006,2048
ideal,2048,159,regularized_adaptive,-0.0012223406115907665,-0.0012223406115978719,2048
ideal,2048,160,uniform,0.0006074376778277824,0.0006074376778206769,2048
ideal,2048,160,regularized_adaptive,-0.0022297054623079404,-0.002229705462315046,2048
ideal,2048,161,uniform,-0.006655691427033261,-0.006655691427040367,2048
ideal,2048,161,regularized_adaptive,-0.00163323226241463,-0.0016332322624217355,2048
ideal,2048,162,uniform,0.000520248549492841,0.0005202485494857356,2048
ideal,2048,162,regularized_adaptive,-0.0005066664798958342,-0.0005066664799029397,2048
ideal,2048,163,uniform,0.000881890215191028,0.0008818902151839225,2048
ideal,2048,163,regularized_adaptive,0.0010201644384375541,0.0010201644384304487,2048
ideal,2048,164,uniform,0.0017970584775888199,0.0017970584775817144,2048
ideal,2048,164,regularized_adaptive,0.0005983307411021599,0.0005983307410950545,2048
ideal,2048,165,uniform,0.00023637413032773225,0.00023637413032062682,2048
ideal,2048,165,regularized_adaptive,0.00042765592352989046,0.00042765592352278503,2048
ideal,2048,166,uniform,-0.0019617065228434427,-0.001961706522850548,2048
ideal,2048,166,regularized_adaptive,-0.003437941935922062,-0.0034379419359291674,2048
ideal,2048,167,uniform,-0.004041547173445181,-0.004041547173452287,2048
ideal,2048,167,regularized_adaptive,-0.0005360978864201726,-0.0005360978864272781,2048
ideal,2048,168,uniform,0.003651491721936573,0.0036514917219294674,2048
ideal,2048,168,regularized_adaptive,0.0011836591201808133,0.0011836591201737079,2048
ideal,2048,169,uniform,0.00024617484491606945,0.000246174844908964,2048
ideal,2048,169,regularized_adaptive,-0.004144775427661784,-0.00414477542766889,2048
ideal,2048,170,uniform,0.0003884378037044556,0.00038843780369735015,2048
ideal,2048,170,regularized_adaptive,0.0008401870016854218,0.0008401870016783164,2048
ideal,2048,171,uniform,-0.0005628864642170939,-0.0005628864642241993,2048
ideal,2048,171,regularized_adaptive,0.00028665351474543854,0.0002866535147383331,2048
ideal,2048,172,uniform,-0.0013922749609260876,-0.001392274960933193,2048
ideal,2048,172,regularized_adaptive,0.002107372438876709,0.0021073724388696036,2048
ideal,2048,173,uniform,2.378258298030289e-05,2.3782582973197464e-05,2048
ideal,2048,173,regularized_adaptive,0.0026720190576519087,0.0026720190576448033,2048
ideal,2048,174,uniform,0.0023817424136751697,0.0023817424136680643,2048
ideal,2048,174,regularized_adaptive,0.004608025126050741,0.004608025126043636,2048
ideal,2048,175,uniform,-0.003741766696423454,-0.0037417666964305596,2048
ideal,2048,175,regularized_adaptive,0.0004980658440958408,0.0004980658440887353,2048
ideal,2048,176,uniform,0.005009730870752627,0.005009730870745521,2048
ideal,2048,176,regularized_adaptive,0.0028593353752484063,0.002859335375241301,2048
ideal,2048,177,uniform,-0.0032013274322881813,-0.0032013274322952867,2048
ideal,2048,177,regularized_adaptive,-0.0005240530824650591,-0.0005240530824721645,2048
ideal,2048,178,uniform,0.0006074365851906904,0.000607436585183585,2048
ideal,2048,178,regularized_adaptive,-0.0019522344134088598,-0.0019522344134159653,2048
ideal,2048,179,uniform,0.0005202484501616311,0.0005202484501545257,2048
ideal,2048,179,regularized_adaptive,-0.0019377267038196422,-0.0019377267038267476,2048
ideal,2048,180,uniform,0.002812303106624725,0.0028123031066176196,2048
ideal,2048,180,regularized_adaptive,0.0041206164393861044,0.004120616439378999,2048
ideal,2048,181,uniform,-0.001823864495112737,-0.0018238644951198424,2048
ideal,2048,181,regularized_adaptive,-0.0024003123616376243,-0.0024003123616447297,2048
ideal,2048,182,uniform,0.001404711770631728,0.0014047117706246226,2048
ideal,2048,182,regularized_adaptive,-0.0028275622110864873,-0.0028275622110935927,2048
ideal,2048,183,uniform,-0.002048242861467209,-0.0020482428614743142,2048
ideal,2048,183,regularized_adaptive,-0.002257555525578603,-0.0022575555255857083,2048
ideal,2048,184,uniform,0.0022756358577327163,0.002275635857725611,2048
ideal,2048,184,regularized_adaptive,0.0028615181612297036,0.002861518161222598,2048
ideal,2048,185,uniform,0.00040029759139859067,0.00040029759139148524,2048
ideal,2048,185,regularized_adaptive,-0.001506489372305353,-0.0015064893723124584,2048
ideal,2048,186,uniform,0.0013124517027858218,0.0013124517027787164,2048
ideal,2048,186,regularized_adaptive,-0.004628324991127641,-0.004628324991134747,2048
ideal,2048,187,uniform,-0.00025814467825568954,-0.00025814467826279497,2048
ideal,2048,187,regularized_adaptive,-0.0044312427448254255,-0.004431242744832531,2048
ideal,2048,188,uniform,-0.004078733311506433,-0.004078733311513538,2048
ideal,2048,188,regularized_adaptive,-0.0013392319016221066,-0.001339231901629212,2048
ideal,2048,189,uniform,0.0008923428255149801,0.0008923428255078747,2048
ideal,2048,189,regularized_adaptive,-0.0008615694803495444,-0.0008615694803566498,2048
ideal,2048,190,uniform,-0.0021226152369200335,-0.002122615236927139,2048
ideal,2048,190,regularized_adaptive,0.00397298671906654,0.003972986719059435,2048
ideal,2048,191,uniform,0.002075554801845847,0.0020755548018387415,2048
ideal,2048,191,regularized_adaptive,-0.0017867589330897715,-0.001786758933096877,2048
ideal,2048,192,uniform,-0.004640074915698733,-0.0046400749157058385,2048
ideal,2048,192,regularized_adaptive,0.0006052978147446098,0.0006052978147375043,2048
ideal,2048,193,uniform,0.0035416141440576254,0.00354161414405052,2048
ideal,2048,193,regularized_adaptive,0.004700859029521887,0.004700859029514781,2048
ideal,2048,194,uniform,-0.0032250475043298366,-0.003225047504336942,2048
ideal,2048,194,regularized_adaptive,0.0036551294480950958,0.0036551294480879903,2048
ideal,2048,195,uniform,0.0019734911388216148,0.0019734911388145093,2048
ideal,2048,195,regularized_adaptive,0.003912768846796588,0.003912768846789483,2048
ideal,2048,196,uniform,0.0018673855761868197,0.0018673855761797142,2048
ideal,2048,196,regularized_adaptive,-9.217632333413661e-05,-9.217632334124204e-05,2048
ideal,2048,197,uniform,-0.0012817457853033787,-0.0012817457853104841,2048
ideal,2048,197,regularized_adaptive,0.006857638165750579,0.006857638165743474,2048
ideal,2048,198,uniform,0.002250959615148318,0.0022509596151412126,2048
ideal,2048,198,regularized_adaptive,-0.0012516624169602864,-0.0012516624169673918,2048
ideal,2048,199,uniform,0.00016135144843065774,0.0001613514484235523,2048
ideal,2048,199,regularized_adaptive,-0.00099464921891812,-0.0009946492189252254,2048
ideal,2048,200,uniform,0.002461492387381803,0.0024614923873746974,2048
ideal,2048,200,regularized_adaptive,0.002465227416731608,0.0024652274167245025,2048
ideal,2048,201,uniform,0.0033195998209318844,0.003319599820924779,2048
ideal,2048,201,regularized_adaptive,-0.0011534527146892515,-0.001153452714696357,2048
ideal,2048,202,uniform,-0.0010637762423781894,-0.0010637762423852948,2048
ideal,2048,202,regularized_adaptive,0.0008090528510598105,0.0008090528510527051,2048
ideal,2048,203,uniform,-0.002841094731913074,-0.0028410947319201796,2048
ideal,2048,203,regularized_adaptive,-0.004776448577560544,-0.004776448577567649,2048
ideal,2048,204,uniform,0.0041847667816776735,0.004184766781670568,2048
ideal,2048,204,regularized_adaptive,0.0018535583393886057,0.0018535583393815003,2048
ideal,2048,205,uniform,-0.0016112740404032877,-0.0016112740404103931,2048
ideal,2048,205,regularized_adaptive,-0.0019517596426599226,-0.001951759642667028,2048
ideal,2048,206,uniform,0.004167253849511887,0.004167253849504782,2048
ideal,2048,206,regularized_adaptive,0.0028034966319099297,0.0028034966319028243,2048
ideal,2048,207,uniform,0.0007605311857501462,0.0007605311857430408,2048
ideal,2048,207,regularized_adaptive,0.002471979755130249,0.0024719797551231437,2048
ideal,2048,208,uniform,0.0015057453011184663,0.0015057453011113608,2048
ideal,2048,208,regularized_adaptive,-0.0015988724982296532,-0.0015988724982367586,2048
ideal,2048,209,uniform,0.0006956534621256338,0.0006956534621185284,2048
ideal,2048,209,regularized_adaptive,0.0006141993656951783,0.0006141993656880729,2048
ideal,2048,210,uniform,-0.0022321147766586336,-0.002232114776665739,2048
ideal,2048,210,regularized_adaptive,4.202410053899541e-05,4.2024100531889985e-05,2048
ideal,2048,211,uniform,-0.001873489347916646,-0.0018734893479237513,2048
ideal,2048,211,regularized_adaptive,0.0036730469392782794,0.003673046939271174,2048
ideal,2048,212,uniform,-0.001921503651173495,-0.0019215036511806005,2048
ideal,2048,212,regularized_adaptive,-0.00442420534861121,-0.004424205348618315,2048
ideal,2048,213,uniform,-0.002968862882775092,-0.0029688628827821972,2048
ideal,2048,213,regularized_adaptive,0.0009773505234660362,0.0009773505234589308,2048
ideal,2048,214,uniform,-0.0022523683995627763,-0.0022523683995698818,2048
ideal,2048,214,regularized_adaptive,-0.0028923688782418466,-0.002892368878248952,2048
ideal,2048,215,uniform,-0.004282857260310635,-0.004282857260317741,2048
ideal,2048,215,regularized_adaptive,-0.0019761738273951224,-0.001976173827402228,2048
ideal,2048,216,uniform,0.0021259350356155338,0.0021259350356084283,2048
ideal,2048,216,regularized_adaptive,-0.001617460888948763,-0.0016174608889558684,2048
ideal,2048,217,uniform,0.0017747473708711325,0.0017747473708640271,2048
ideal,2048,217,regularized_adaptive,0.002296375361508396,0.0022963753615012905,2048
ideal,2048,218,uniform,-0.004348763030527891,-0.004348763030534997,2048
ideal,2048,218,regularized_adaptive,-0.0060113891006574605,-0.006011389100664566,2048
ideal,2048,219,uniform,0.001097494920242248,0.0010974949202351425,2048
ideal,2048,219,regularized_adaptive,-0.002278016239921854,-0.0022780162399289594,2048
ideal,2048,220,uniform,0.004326378639376571,0.004326378639369466,2048
ideal,2048,220,regularized_adaptive,-0.0004754462882399224,-0.00047544628824702784,2048
ideal,2048,221,uniform,0.0010052345544044883,0.0010052345543973829,2048
ideal,2048,221,regularized_adaptive,-0.004149206945022854,-0.00414920694502996,2048
ideal,2048,222,uniform,-0.0005970591465827013,-0.0005970591465898067,2048
ideal,2048,222,regularized_adaptive,-0.0024329451739406593,-0.0024329451739477648,2048
ideal,2048,223,uniform,-0.004625201572978632,-0.004625201572985738,2048
ideal,2048,223,regularized_adaptive,0.004192511874042459,0.004192511874035354,2048
ideal,2048,224,uniform,0.00164094922936453,0.0016409492293574246,2048
ideal,2048,224,regularized_adaptive,0.0035706722274664315,0.003570672227459326,2048
ideal,2048,225,uniform,-0.0010093515264006925,-0.001009351526407798,2048
ideal,2048,225,regularized_adaptive,0.0013291996512139193,0.0013291996512068138,2048
ideal,2048,226,uniform,-0.0012902119932167722,-0.0012902119932238776,2048
ideal,2048,226,regularized_adaptive,0.0012707798688618155,0.00127077986885471,2048
ideal,2048,227,uniform,0.005623134637656513,0.005623134637649407,2048
ideal,2048,227,regularized_adaptive,-0.0020820728805039934,-0.002082072880511099,2048
ideal,2048,228,uniform,0.0031556755652148993,0.003155675565207794,2048
ideal,2048,228,regularized_adaptive,0.0024888836039274054,0.0024888836039203,2048
ideal,2048,229,uniform,0.00193630579540649,0.0019363057953993845,2048
ideal,2048,229,regularized_adaptive,-0.0014891414909179446,-0.00148914149092505,2048
ideal,2048,230,uniform,0.0019903160100227524,0.001990316010015647,2048
ideal,2048,230,regularized_adaptive,-0.00121492254213873,-0.0012149225421458354,2048
ideal,2048,231,uniform,-0.0006085377175528706,-0.000608537717559976,2048
ideal,2048,231,regularized_adaptive,-0.003724097457443065,-0.0037240974574501706,2048
ideal,2048,232,uniform,6.737635250253504e-05,6.737635249542961e-05,2048
ideal,2048,232,regularized_adaptive,-0.0018045387665628354,-0.0018045387665699408,2048
ideal,2048,233,uniform,0.0008234215136573297,0.0008234215136502243,2048
ideal,2048,233,regularized_adaptive,-0.0014304711822976657,-0.001430471182304771,2048
ideal,2048,234,uniform,0.0014834333997546523,0.0014834333997475468,2048
ideal,2048,234,regularized_adaptive,0.0011175337205671099,0.0011175337205600044,2048
ideal,2048,235,uniform,0.006400461269645774,0.006400461269638669,2048
ideal,2048,235,regularized_adaptive,-0.003544416162444719,-0.0035444161624518244,2048
ideal,2048,236,uniform,0.004181751041374859,0.004181751041367754,2048
ideal,2048,236,regularized_adaptive,-0.005275786113381642,-0.005275786113388747,2048
ideal,2048,237,uniform,-0.0022608341108227847,-0.00226083411082989,2048
ideal,2048,237,regularized_adaptive,-0.0014225973044998952,-0.0014225973045070006,2048
ideal,2048,238,uniform,0.004753924684662181,0.004753924684655075,2048
ideal,2048,238,regularized_adaptive,-0.0006471562435281797,-0.0006471562435352851,2048
ideal,2048,239,uniform,-0.005059807145459949,-0.005059807145467055,2048
ideal,2048,239,regularized_adaptive,0.0017340838329342745,0.001734083832927169,2048
ideal,2048,240,uniform,0.0019288691240459954,0.00192886912403889,2048
ideal,2048,240,regularized_adaptive,0.002655269691509865,0.0026552696915027596,2048
ideal,2048,241,uniform,-2.0839829118379782e-05,-2.083982912548521e-05,2048
ideal,2048,241,regularized_adaptive,0.0010629017948717845,0.001062901794864679,2048
ideal,2048,242,uniform,0.0003620816187925868,0.0003620816187854814,2048
ideal,2048,242,regularized_adaptive,0.006372961668647648,0.006372961668640542,2048
ideal,2048,243,uniform,-0.0014439569002204777,-0.0014439569002275832,2048
ideal,2048,243,regularized_adaptive,0.006861299492529227,0.006861299492522122,2048
ideal,2048,244,uniform,-0.002807303464932076,-0.0028073034649391815,2048
ideal,2048,244,regularized_adaptive,-0.006009331261098261,-0.006009331261105366,2048
ideal,2048,245,uniform,-0.003428143605203715,-0.0034281436052108205,2048
ideal,2048,245,regularized_adaptive,-0.002495073768703726,-0.0024950737687108315,2048
ideal,2048,246,uniform,-0.0004939672383041938,-0.0004939672383112992,2048
ideal,2048,246,regularized_adaptive,-0.0007317847316619108,-0.0007317847316690163,2048
ideal,2048,247,uniform,-0.000710601281246781,-0.0007106012812538864,2048
ideal,2048,247,regularized_adaptive,0.0031970178564550977,0.0031970178564479923,2048
ideal,2048,248,uniform,0.0027017738316716944,0.002701773831664589,2048
ideal,2048,248,regularized_adaptive,0.001588160405407102,0.0015881604053999965,2048
ideal,2048,249,uniform,-0.0009542764046477359,-0.0009542764046548413,2048
ideal,2048,249,regularized_adaptive,-0.00043715705318891906,-0.0004371570531960245,2048
ideal,2048,250,uniform,-0.005339638373714983,-0.005339638373722089,2048
ideal,2048,250,regularized_adaptive,-0.0026403088299069566,-0.002640308829914062,2048
ideal,2048,251,uniform,0.0015047156652352456,0.0015047156652281402,2048
ideal,2048,251,regularized_adaptive,-0.005260453603860071,-0.005260453603867177,2048
ideal,2048,252,uniform,0.0010275458597845955,0.00102754585977749,2048
ideal,2048,252,regularized_adaptive,0.0006646352457337912,0.0006646352457266858,2048
ideal,2048,253,uniform,0.0018748231415237626,0.0018748231415166572,2048
ideal,2048,253,regularized_adaptive,0.004886402670854828,0.004886402670847723,2048
ideal,2048,254,uniform,-0.00045781014014245613,-0.00045781014014956156,2048
ideal,2048,254,regularized_adaptive,3.265434561505742e-05,3.2654345607951996e-05,2048
ideal,2048,255,uniform,-0.0004588383853958433,-0.00045883838540294875,2048
ideal,2048,255,regularized_adaptive,-0.0028140212409208942,-0.0028140212409279997,2048
ideal,2048,256,uniform,0.00456768932222662,0.004567689322219515,2048
ideal,2048,256,regularized_adaptive,-0.00025972684539876667,-0.0002597268454058721,2048
ideal,2048,257,uniform,-0.0009096530985726048,-0.0009096530985797102,2048
ideal,2048,257,regularized_adaptive,-0.0019912590962301024,-0.001991259096237208,2048
ideal,2048,258,uniform,0.002340512389388927,0.0023405123893818214,2048
ideal,2048,258,regularized_adaptive,-0.0003231117311646159,-0.0003231117311717213,2048
ideal,2048,259,uniform,0.000304643943772831,0.00030464394376572557,2048
ideal,2048,259,regularized_adaptive,-0.0031844705220098746,-0.00318447052201698,2048
ideal,2048,260,uniform,0.005611239280717051,0.005611239280709945,2048
ideal,2048,260,regularized_adaptive,0.0021704488402569666,0.002170448840249861,2048
ideal,2048,261,uniform,0.0003809999403756592,0.0003809999403685538,2048
ideal,2048,261,regularized_adaptive,-0.00039230659628675113,-0.00039230659629385656,2048
ideal,2048,262,uniform,0.003210100380523606,0.0032101003805165007,2048
ideal,2048,262,regularized_adaptive,-0.0007776441144535795,-0.0007776441144606849,2048
ideal,2048,263,uniform,0.0025754146461318683,0.002575414646124763,2048
ideal,2048,263,regularized_adaptive,-0.002943578229361421,-0.0029435782293685264,2048
ideal,2048,264,uniform,-0.0009914631386926942,-0.0009914631386997996,2048
ideal,2048,264,regularized_adaptive,0.0004821885517767299,0.0004821885517696245,2048
ideal,2048,265,uniform,-0.0049398535054363535,-0.004939853505443459,2048
ideal,2048,265,regularized_adaptive,0.0050435022900918725,0.005043502290084767,2048
ideal,2048,266,uniform,-0.0038012660271480314,-0.003801266027155137,2048
ideal,2048,266,regularized_adaptive,-0.0018863788534657644,-0.0018863788534728698,2048
ideal,2048,267,uniform,0.003803555593975716,0.0038035555939686105,2048
ideal,2048,267,regularized_adaptive,-0.0027189538267151647,-0.00271895382672227,2048
ideal,2048,268,uniform,-0.005143980136169901,-0.0051439801361770066,2048
ideal,2048,268,regularized_adaptive,-0.00021197713054288414,-0.00021197713054998957,2048
ideal,2048,269,uniform,0.002340097490704629,0.0023400974906975236,2048
ideal,2048,269,regularized_adaptive,0.0024112435408270017,0.0024112435408198962,2048
ideal,2048,270,uniform,0.0002566265612635732,0.00025662656125646777,2048
ideal,2048,270,regularized_adaptive,-0.003358311322202212,-0.0033583113222093175,2048
ideal,2048,271,uniform,0.00034823652132587313,0.0003482365213187677,2048
ideal,2048,271,regularized_adaptive,-0.001849080753904886,-0.0018490807539119913,2048
ideal,2048,272,uniform,-0.0007129660197904286,-0.000712966019797534,2048
ideal,2048,272,regularized_adaptive,0.000288928151184642,0.00028892815117753656,2048
ideal,2048,273,uniform,-0.000504418160006459,-0.0005044181600135644,2048
ideal,2048,273,regularized_adaptive,-0.00023157199667345196,-0.0002315719966805574,2048
ideal,2048,274,uniform,-1.543866717135245e-06,-1.5438667242406723e-06,2048
ideal,2048,274,regularized_adaptive,0.0035940245192680464,0.003594024519260941,2048
ideal,2048,275,uniform,0.0006010298477061582,0.0006010298476990528,2048
ideal,2048,275,regularized_adaptive,0.0005023005231343802,0.0005023005231272748,2048
ideal,2048,276,uniform,-0.0006991203263391199,-0.0006991203263462253,2048
ideal,2048,276,regularized_adaptive,-0.001945728605162067,-0.0019457286051691725,2048
ideal,2048,277,uniform,-0.001837710486555899,-0.0018377104865630045,2048
ideal,2048,277,regularized_adaptive,-0.0015777328425006232,-0.0015777328425077286,2048
ideal,2048,278,uniform,3.0189320464835134e-05,3.0189320457729707e-05,2048
ideal,2048,278,regularized_adaptive,-4.0826043951724955e-05,-4.082604395883038e-05,2048
ideal,2048,279,uniform,0.003509879764907353,0.0035098797649002478,2048
ideal,2048,279,regularized_adaptive,0.0017284341559005156,0.0017284341558934102,2048
ideal,2048,280,uniform,0.000519598938363508,0.0005195989383564026,2048
ideal,2048,280,regularized_adaptive,0.002239660137768773,0.0022396601377616676,2048
ideal,2048,281,uniform,-0.0014156153062048205,-0.0014156153062119259,2048
ideal,2048,281,regularized_adaptive,-0.0031340379792110795,-0.003134037979218185,2048
ideal,2048,282,uniform,0.004152002071328376,0.00415200207132127,2048
ideal,2048,282,regularized_adaptive,0.0015108677752850852,0.0015108677752779798,2048
ideal,2048,283,uniform,0.003234398187645482,0.0032343981876383765,2048
ideal,2048,283,regularized_adaptive,-0.0020161387000730002,-0.0020161387000801057,2048
ideal,2048,284,uniform,0.005918870930460507,0.0059188709304534015,2048
ideal,2048,284,regularized_adaptive,-0.0003370599417369391,-0.0003370599417440445,2048
ideal,2048,285,uniform,-0.0024139271220908753,-0.0024139271220979808,2048
ideal,2048,285,regularized_adaptive,0.0013169393282765895,0.0013169393282694841,2048
ideal,2048,286,uniform,-0.0003844672019122086,-0.00038446720191931405,2048
ideal,2048,286,regularized_adaptive,0.0028612148499034262,0.002861214849896321,2048
ideal,2048,287,uniform,0.0009977984790285888,0.0009977984790214833,2048
ideal,2048,287,regularized_adaptive,0.0014196140809641378,0.0014196140809570323,2048
ideal,2048,288,uniform,0.0017598718428750715,0.001759871842867966,2048
ideal,2048,288,regularized_adaptive,-0.002168992927020774,-0.0021689929270278796,2048
ideal,2048,289,uniform,-0.002626519066761368,-0.0026265190667684735,2048
ideal,2048,289,regularized_adaptive,0.003603704638564409,0.0036037046385573035,2048
ideal,2048,290,uniform,-0.004364666505784598,-0.004364666505791703,2048
ideal,2048,290,regularized_adaptive,0.0047528148117068625,0.004752814811699757,2048
ideal,2048,291,uniform,0.0014536845290376021,0.0014536845290304967,2048
ideal,2048,291,regularized_adaptive,-0.001842914314950761,-0.0018429143149578664,2048
ideal,2048,292,uniform,-0.0015132544622655786,-0.001513254462272684,2048
ideal,2048,292,regularized_adaptive,-0.002623416202166773,-0.0026234162021738783,2048
ideal,2048,293,uniform,0.0002883253711694067,0.0002883253711623013,2048
ideal,2048,293,regularized_adaptive,-0.0011341874233448124,-0.0011341874233519178,2048
ideal,2048,294,uniform,0.0034950051308877406,0.003495005130880635,2048
ideal,2048,294,regularized_adaptive,-0.0020784578628889605,-0.002078457862896066,2048
ideal,2048,295,uniform,0.0032932441326734008,0.0032932441326662953,2048
ideal,2048,295,regularized_adaptive,0.005346573065720506,0.0053465730657134,2048
ideal,2048,296,uniform,-0.0004365289672998429,-0.00043652896730694835,2048
ideal,2048,296,regularized_adaptive,-0.0017339345395237515,-0.001733934539530857,2048
ideal,2048,297,uniform,0.0038373478542634842,0.003837347854256379,2048
ideal,2048,297,regularized_adaptive,-0.005173315600639938,-0.005173315600647044,2048
ideal,2048,298,uniform,0.0029005197848981368,0.0029005197848910313,2048
ideal,2048,298,regularized_adaptive,0.002483812180714473,0.0024838121807073676,2048
ideal,2048,299,uniform,0.002574386400878481,0.0025743864008713757,2048
ideal,2048,299,regularized_adaptive,2.901233583330054e-05,2.9012335826195113e-05,2048
ideal,2048,300,uniform,0.0008893269858818442,0.0008893269858747388,2048
ideal,2048,300,regularized_adaptive,0.0029697992407111684,0.002969799240704063,2048
ideal,2048,301,uniform,-0.002282117468941358,-0.0022821174689484636,2048
ideal,2048,301,regularized_adaptive,0.001050480433631762,0.0010504804336246565,2048
ideal,2048,302,uniform,-0.0009478675812175652,-0.0009478675812246706,2048
ideal,2048,302,regularized_adaptive,-0.003132321362510737,-0.0031323213625178425,2048
ideal,2048,303,uniform,0.003002581262646409,0.0030025812626393034,2048
ideal,2048,303,regularized_adaptive,-0.0013851355407146215,-0.001385135540721727,2048
ideal,2048,304,uniform,-0.004414668304090874,-0.0044146683040979795,2048
ideal,2048,304,regularized_adaptive,0.0021412370718163487,0.0021412370718092433,2048
ideal,2048,305,uniform,0.00205766561949261,0.0020576656194855047,2048
ideal,2048,305,regularized_adaptive,-0.0012470546561349494,-0.0012470546561420548,2048
ideal,2048,306,uniform,-0.003970262513674605,-0.0039702625136817105,2048
ideal,2048,306,regularized_adaptive,0.0005412941526410364,0.000541294152633931,2048
ideal,2048,307,uniform,-0.0009711368450942004,-0.0009711368451013058,2048
ideal,2048,307,regularized_adaptive,0.001389346840410255,0.0013893468404031495,2048
ideal,2048,308,uniform,-0.0062940495626726545,-0.00629404956267976,2048
ideal,2048,308,regularized_adaptive,0.002582767836137201,0.0025827678361300954,2048
ideal,2048,309,uniform,0.0016949960065337777,0.0016949960065266723,2048
ideal,2048,309,regularized_adaptive,-0.0025582101092354037,-0.002558210109242509,2048
ideal,2048,310,uniform,0.0036916934016391068,0.0036916934016320013,2048
ideal,2048,310,regularized_adaptive,-0.0020663753107488247,-0.00206637531075593,2048
ideal,2048,311,uniform,0.0021076667224839696,0.002107666722476864,2048
ideal,2048,311,regularized_adaptive,0.0012259928120093022,0.0012259928120021968,2048
ideal,2048,312,uniform,0.0019575890541947416,0.001957589054187636,2048
ideal,2048,312,regularized_adaptive,-0.006677584994166708,-0.006677584994173813,2048
ideal,2048,313,uniform,0.002079977719518844,0.0020799777195117386,2048
ideal,2048,313,regularized_adaptive,-0.00240485969392612,-0.0024048596939332256,2048
ideal,2048,314,uniform,-0.0008201002250016742,-0.0008201002250087797,2048
ideal,2048,314,regularized_adaptive,-0.001210765597965846,-0.0012107655979729515,2048
ideal,2048,315,uniform,-0.002655239096240436,-0.0026552390962475414,2048
ideal,2048,315,regularized_adaptive,-0.0007913910481862629,-0.0007913910481933684,2048
ideal,2048,316,uniform,0.0019139944900263828,0.0019139944900192774,2048
ideal,2048,316,regularized_adaptive,0.0037538832469854455,0.00375388324697834,2048
ideal,2048,317,uniform,0.000961639791575486,0.0009616397915683805,2048
ideal,2048,317,regularized_adaptive,-0.002265510040298402,-0.0022655100403055073,2048
ideal,2048,318,uniform,0.001778139858013894,0.0017781398580067886,2048
ideal,2048,318,regularized_adaptive,0.0023279946848173694,0.002327994684810264,2048
ideal,2048,319,uniform,-0.00035574756975620403,-0.00035574756976330946,2048
ideal,2048,319,regularized_adaptive,0.005516222007456051,0.005516222007448945,2048
ideal,2048,320,uniform,-0.0018496057441641511,-0.0018496057441712566,2048
ideal,2048,320,regularized_adaptive,-0.006785563692716323,-0.006785563692723429,2048
ideal,2048,321,uniform,0.0017142923662571974,0.001714292366250092,2048
ideal,2048,321,regularized_adaptive,-0.001118556912543589,-0.0011185569125506944,2048
ideal,2048,322,uniform,0.0006148736538733601,0.0006148736538662547,2048
ideal,2048,322,regularized_adaptive,-0.0033815811044419775,-0.003381581104449083,2048
ideal,2048,323,uniform,0.001688587282434817,0.0016885872824277115,2048
ideal,2048,323,regularized_adaptive,-0.00029895677185276526,-0.0002989567718598707,2048
ideal,2048,324,uniform,0.0017173067159292899,0.0017173067159221844,2048
ideal,2048,324,regularized_adaptive,0.003761110740312823,0.0037611107403057176,2048
ideal,2048,325,uniform,-0.0018481619049115494,-0.0018481619049186548,2048
ideal,2048,325,regularized_adaptive,0.004753992571407295,0.00475399257140019,2048
ideal,2048,326,uniform,-0.002451113160821805,-0.0024511131608289105,2048
ideal,2048,326,regularized_adaptive,0.003385153774038585,0.0033851537740314797,2048
ideal,2048,327,uniform,0.0004989657873588627,0.0004989657873517572,2048
ideal,2048,327,regularized_adaptive,-0.0028471418464679488,-0.002847141846475054,2048
ideal,2048,328,uniform,0.001184032947487701,0.0011840329474805955,2048
ideal,2048,328,regularized_adaptive,0.0023421018731761833,0.002342101873169078,2048
ideal,2048,329,uniform,0.0005087681905688868,0.0005087681905617814,2048
ideal,2048,329,regularized_adaptive,0.00031549364286931336,0.00031549364286220793,2048
ideal,2048,330,uniform,0.000432031473896366,0.00043203147388926055,2048
ideal,2048,330,regularized_adaptive,-0.0012461968592951678,-0.0012461968593022732,2048
ideal,2048,331,uniform,0.0024763666240792404,0.002476366624072135,2048
ideal,2048,331,regularized_adaptive,-0.004710707378762891,-0.004710707378769996,2048
ideal,2048,332,uniform,-0.0010127449075199024,-0.0010127449075270079,2048
ideal,2048,332,regularized_adaptive,-0.002270626974786971,-0.0022706269747940766,2048
ideal,2048,333,uniform,0.0009180464193763171,0.0009180464193692117,2048
ideal,2048,333,regularized_adaptive,0.002863926852462839,0.0028639268524557338,2048
ideal,2048,334,uniform,-0.002325710741809317,-0.0023257107418164225,2048
ideal,2048,334,regularized_adaptive,-0.0021444834017474435,-0.002144483401754549,2048
ideal,2048,335,uniform,0.0015419027966032672,0.0015419027965961618,2048
ideal,2048,335,regularized_adaptive,-0.0016186149161541152,-0.0016186149161612207,2048
ideal,2048,336,uniform,-0.0029539874541102407,-0.002953987454117346,2048
ideal,2048,336,regularized_adaptive,0.0016349651365699103,0.0016349651365628048,2048
ideal,2048,337,uniform,-0.0009874550203745613,-0.0009874550203816668,2048
ideal,2048,337,regularized_adaptive,0.00664017608024281,0.006640176080235705,2048
ideal,2048,338,uniform,-8.980140754566435e-06,-8.980140761671862e-06,2048
ideal,2048,338,regularized_adaptive,-0.006793504438594056,-0.006793504438601161,2048
ideal,2048,339,uniform,0.0010934512326787882,0.0010934512326716828,2048
ideal,2048,339,regularized_adaptive,0.0014538964675043786,0.0014538964674972732,2048
ideal,2048,340,uniform,-0.0001803425577930895,-0.00018034255780019492,2048
ideal,2048,340,regularized_adaptive,-0.0012573952707786162,-0.0012573952707857217,2048
ideal,2048,341,uniform,0.001954158812530693,0.0019541588125235876,2048
ideal,2048,341,regularized_adaptive,-0.0025453866864939556,-0.002545386686501061,2048
ideal,2048,342,uniform,-0.003203764742195858,-0.0032037647422029636,2048
ideal,2048,342,regularized_adaptive,0.004224742721159025,0.0042247427211519195,2048
ideal,2048,343,uniform,-0.0031070826506542915,-0.003107082650661397,2048
ideal,2048,343,regularized_adaptive,5.015108412020908e-05,5.015108411310365e-05,2048
ideal,2048,344,uniform,-0.0011103858515335574,-0.0011103858515406628,2048
ideal,2048,344,regularized_adaptive,-0.0015978143012773671,-0.0015978143012844725,2048
ideal,2048,345,uniform,0.0006216606147741999,0.0006216606147670944,2048
ideal,2048,345,regularized_adaptive,-0.0019070193104040456,-0.001907019310411151,2048
ideal,2048,346,uniform,-0.0023416138197438485,-0.002341613819750954,2048
ideal,2048,346,regularized_adaptive,-0.00626650168773768,-0.0062665016877447854,2048
ideal,2048,347,uniform,0.0032131149288572303,0.003213114928850125,2048
ideal,2048,347,regularized_adaptive,0.0006717806730431874,0.000671780673036082,2048
ideal,2048,348,uniform,-0.00031856093504156746,-0.0003185609350486729,2048
ideal,2048,348,regularized_adaptive,-0.0009811040289218198,-0.0009811040289289252,2048
ideal,2048,349,uniform,0.0010092792352756064,0.001009279235268501,2048
ideal,2048,349,regularized_adaptive,0.004273932858645857,0.0042739328586387515,2048
ideal,2048,350,uniform,0.0005226133873668104,0.000522613387359705,2048
ideal,2048,350,regularized_adaptive,0.00410167202849987,0.004101672028492764,2048
ideal,2048,351,uniform,-0.0013848372962579347,-0.0013848372962650402,2048
ideal,2048,351,regularized_adaptive,0.001850222136671853,0.0018502221366647476,2048
ideal,2048,352,uniform,-0.0022969906129999274,-0.0022969906130070328,2048
ideal,2048,352,regularized_adaptive,-0.0020527188357952753,-0.0020527188358023807,2048
ideal,2048,353,uniform,0.0014368249825684742,0.0014368249825613688,2048
ideal,2048,353,regularized_adaptive,0.0013021321285338061,0.0013021321285267007,2048
ideal,2048,354,uniform,-0.0009211338548196224,-0.0009211338548267278,2048
ideal,2048,354,regularized_adaptive,0.0068273286117781495,0.006827328611771044,2048
ideal,2048,355,uniform,0.0035990522164013328,0.0035990522163942273,2048
ideal,2048,355,regularized_adaptive,-0.0037656564753936195,-0.003765656475400725,2048
ideal,2048,356,uniform,0.0029302688542758304,0.002930268854268725,2048
ideal,2048,356,regularized_adaptive,-0.0014413230682697176,-0.001441323068276823,2048
ideal,2048,357,uniform,-0.0010117137816756383,-0.0010117137816827437,2048
ideal,2048,357,regularized_adaptive,-1.7624506348568048e-05,-1.7624506355673475e-05,2048
ideal,2048,358,uniform,0.002499055768937275,0.0024990557689301696,2048
ideal,2048,358,regularized_adaptive,-0.0007950281114039726,-0.000795028111411078,2048
ideal,2048,359,uniform,0.0014249642015666808,0.0014249642015595754,2048
ideal,2048,359,regularized_adaptive,-0.0022729489968673633,-0.0022729489968744687,2048
ideal,2048,360,uniform,8.225078786061601e-05,8.225078785351059e-05,2048
ideal,2048,360,regularized_adaptive,0.00017865619830370605,0.00017865619829660062,2048
ideal,2048,361,uniform,0.004187744668127991,0.004187744668120885,2048
ideal,2048,361,regularized_adaptive,-0.0035949762105271788,-0.003594976210534284,2048
ideal,2048,362,uniform,-0.0006034654867441702,-0.0006034654867512756,2048
ideal,2048,362,regularized_adaptive,0.0031161065734259807,0.0031161065734188753,2048
ideal,2048,363,uniform,-0.0026008145789235826,-0.002600814578930688,2048
ideal,2048,363,regularized_adaptive,-0.005289817147470899,-0.005289817147478004,2048
ideal,2048,364,uniform,-0.0006659779751716499,-0.0006659779751787553,2048
ideal,2048,364,regularized_adaptive,0.00033264832546553436,0.00033264832545842893,2048
ideal,2048,365,uniform,-0.0027647377420025876,-0.002764737742009693,2048
ideal,2048,365,regularized_adaptive,0.0020106529531203066,0.002010652953113201,2048
ideal,2048,366,uniform,-0.004413640058837487,-0.004413640058844592,2048
ideal,2048,366,regularized_adaptive,0.0017034580292092372,0.0017034580292021317,2048
ideal,2048,367,uniform,-0.0011688535597595973,-0.0011688535597667027,2048
ideal,2048,367,regularized_adaptive,-0.0026153151684251696,-0.002615315168432275,2048
ideal,2048,368,uniform,0.002227996811355659,0.0022279968113485538,2048
ideal,2048,368,regularized_adaptive,0.0016872243553667232,0.0016872243553596178,2048
ideal,2048,369,uniform,0.001497279589859346,0.0014972795898522406,2048
ideal,2048,369,regularized_adaptive,0.0005766666278921306,0.0005766666278850252,2048
ideal,2048,370,uniform,0.0011346819522790597,0.0011346819522719542,2048
ideal,2048,370,regularized_adaptive,0.0007770793079080462,0.0007770793079009408,2048
ideal,2048,371,uniform,-0.0011039764321196799,-0.0011039764321267853,2048
ideal,2048,371,regularized_adaptive,0.0015490617109401583,0.001549061710933053,2048
ideal,2048,372,uniform,0.0004404985757853197,0.0004404985757782143,2048
ideal,2048,372,regularized_adaptive,-0.002695094978148127,-0.0026950949781552325,2048
ideal,2048,373,uniform,-0.0011732761794398527,-0.0011732761794469582,2048
ideal,2048,373,regularized_adaptive,-0.00603040854679282,-0.006030408546799926,2048
ideal,2048,374,uniform,0.003954247900132657,0.0039542479001255515,2048
ideal,2048,374,regularized_adaptive,-0.0018372137733662086,-0.001837213773373314,2048
ideal,2048,375,uniform,0.0027474276676056064,0.002747427667598501,2048
ideal,2048,375,regularized_adaptive,0.0012923649480516275,0.001292364948044522,2048
ideal,2048,376,uniform,0.0011762169466882355,0.00117621694668113,2048
ideal,2048,376,regularized_adaptive,0.004865769086031868,0.004865769086024763,2048
ideal,2048,377,uniform,-0.0040936073495414504,-0.004093607349548556,2048
ideal,2048,377,regularized_adaptive,0.001076025991214813,0.0010760259912077075,2048
ideal,2048,378,uniform,0.0006648763461560847,0.0006648763461489793,2048
ideal,2048,378,regularized_adaptive,0.0025247668767569564,0.002524766876749851,2048
ideal,2048,379,uniform,-0.004932417628721986,-0.004932417628729091,2048
ideal,2048,379,regularized_adaptive,-0.00042568937220544,-0.00042568937221254544,2048
ideal,2048,380,uniform,4.609388836041006e-05,4.6093888353304635e-05,2048
ideal,2048,380,regularized_adaptive,0.0032974997533337103,0.003297499753326605,2048
ideal,2048,381,uniform,-0.0014101649379245629,-0.0014101649379316683,2048
ideal,2048,381,regularized_adaptive,-0.0025549281376564537,-0.002554928137663559,2048
ideal,2048,382,uniform,-0.003491306797398508,-0.0034913067974056133,2048
ideal,2048,382,regularized_adaptive,0.0009539266243239197,0.0009539266243168143,2048
ideal,2048,383,uniform,-0.004294338910533213,-0.0042943389105403185,2048
ideal,2048,383,regularized_adaptive,-0.0016055317044392226,-0.001605531704446328,2048
ideal,2048,384,uniform,0.0048218162613054005,0.004821816261298295,2048
ideal,2048,384,regularized_adaptive,0.0014441149878745563,0.0014441149878674508,2048
ideal,2048,385,uniform,-0.00045883878271890666,-0.0004588387827260121,2048
ideal,2048,385,regularized_adaptive,0.0010205465784398626,0.0010205465784327572,2048
ideal,2048,386,uniform,-0.0002715736850698036,-0.00027157368507690904,2048
ideal,2048,386,regularized_adaptive,0.001141256714865868,0.0011412567148587627,2048
ideal,2048,387,uniform,-0.00012931171958818766,-0.00012931171959529308,2048
ideal,2048,387,regularized_adaptive,-0.002867725443534752,-0.0028677254435418575,2048
ideal,2048,388,uniform,-0.0017609740678752317,-0.0017609740678823371,2048
ideal,2048,388,regularized_adaptive,-0.0034954305895897875,-0.003495430589596893,2048
ideal,2048,389,uniform,0.003528146588077874,0.0035281465880707685,2048
ideal,2048,389,regularized_adaptive,0.003299014212318596,0.0032990142123114907,2048
ideal,2048,390,uniform,-0.0037789542251154273,-0.0037789542251225328,2048
ideal,2048,390,regularized_adaptive,-0.0013996136675258342,-0.0013996136675329396,2048
ideal,2048,391,uniform,-0.001801553686386903,-0.0018015536863940085,2048
ideal,2048,391,regularized_adaptive,-0.0023622475081337413,-0.0023622475081408467,2048
ideal,2048,392,uniform,-0.00016546772511194519,-0.0001654677251190506,2048
ideal,2048,392,regularized_adaptive,-0.00032184370486199043,-0.00032184370486909586,2048
ideal,2048,393,uniform,-0.00038851108813720003,-0.00038851108814430546,2048
ideal,2048,393,regularized_adaptive,0.004364864271538593,0.004364864271531488,2048
ideal,2048,394,uniform,-0.0015453680715253881,-0.0015453680715324936,2048
ideal,2048,394,regularized_adaptive,0.0014456924268557714,0.001445692426848666,2048
ideal,2048,395,uniform,-8.980240085776359e-06,-8.980240092881786e-06,2048
ideal,2048,395,regularized_adaptive,0.002129912635354003,0.002129912635346898,2048
ideal,2048,396,uniform,0.00312291174884205,0.0031229117488349445,2048
ideal,2048,396,regularized_adaptive,-0.002241255589338742,-0.0022412555893458475,2048
ideal,2048,397,uniform,-0.0023095005084767806,-0.002309500508483886,2048
ideal,2048,397,regularized_adaptive,0.0019546392661942136,0.001954639266187108,2048
ideal,2048,398,uniform,0.0014844627376460195,0.0014844627376389141,2048
ideal,2048,398,regularized_adaptive,0.0015064502527648571,0.0015064502527577517,2048
ideal,2048,399,uniform,0.003331458615318361,0.0033314586153112558,2048
ideal,2048,399,regularized_adaptive,-0.0015329294701924567,-0.0015329294701995622,2048
ideal,8192,0,uniform,0.00018871746259563338,0.00018871746258852795,8192
ideal,8192,0,regularized_adaptive,0.0009318591364957385,0.0009318591364886331,8192
ideal,8192,1,uniform,-0.0004382924833015167,-0.00043829248330862214,8192
ideal,8192,1,regularized_adaptive,-0.0003104928602075674,-0.0003104928602146728,8192
ideal,8192,2,uniform,-0.00020441894363276703,-0.00020441894363987245,8192
ideal,8192,2,regularized_adaptive,-0.0015846692608425528,-0.0015846692608496582,8192
ideal,8192,3,uniform,-0.0019625899049016127,-0.001962589904908718,8192
ideal,8192,3,regularized_adaptive,0.0010168192904060902,0.0010168192903989848,8192
ideal,8192,4,uniform,-7.074840918797065e-05,-7.074840919507608e-05,8192
ideal,8192,4,regularized_adaptive,0.0002781724905736027,0.0002781724905664973,8192
ideal,8192,5,uniform,0.000285621571402217,0.0002856215713951116,8192
ideal,8192,5,regularized_adaptive,8.635048685601276e-05,8.635048684890734e-05,8192
ideal,8192,6,uniform,8.248796579124473e-06,8.248796572019046e-06,8192
ideal,8192,6,regularized_adaptive,0.00014749993474705292,0.0001474999347399475,8192
ideal,8192,7,uniform,-0.0010052131554729726,-0.001005213155480078,8192
ideal,8192,7,regularized_adaptive,-0.0029665825953673064,-0.002966582595374412,8192
ideal,8192,8,uniform,0.0009250552525248423,0.0009250552525177369,8192
ideal,8192,8,regularized_adaptive,-0.0015350088618184543,-0.0015350088618255597,8192
ideal,8192,9,uniform,-0.001411621542875885,-0.0014116215428829904,8192
ideal,8192,9,regularized_adaptive,-0.0011861446771499473,-0.0011861446771570527,8192
ideal,8192,10,uniform,0.0005219459105347823,0.0005219459105276769,8192
ideal,8192,10,regularized_adaptive,-0.0034439217622148632,-0.0034439217622219687,8192
ideal,8192,11,uniform,-0.0014066435451516313,-0.0014066435451587367,8192
ideal,8192,11,regularized_adaptive,-0.0015191010111754721,-0.0015191010111825776,8192
ideal,8192,12,uniform,-0.0007923062484609389,-0.0007923062484680443,8192
ideal,8192,12,regularized_adaptive,-0.0018545043240605352,-0.0018545043240676407,8192
ideal,8192,13,uniform,0.00011209409361434552,0.0001120940936072401,8192
ideal,8192,13,regularized_adaptive,-0.0014837185384939389,-0.0014837185385010443,8192
ideal,8192,14,uniform,-0.00012363856422936692,-0.00012363856423647235,8192
ideal,8192,14,regularized_adaptive,7.104081887998603e-05,7.10408188728806e-05,8192
ideal,8192,15,uniform,-0.0006822922384381869,-0.0006822922384452923,8192
ideal,8192,15,regularized_adaptive,0.00016675354960327127,0.00016675354959616584,8192
ideal,8192,16,uniform,-0.0002679502065818795,-0.00026795020658898494,8192
ideal,8192,16,regularized_adaptive,0.000790411909362021,0.0007904119093549156,8192
ideal,8192,17,uniform,-0.0012216081981755167,-0.0012216081981826221,8192
ideal,8192,17,regularized_adaptive,-0.0006015935966514618,-0.0006015935966585673,8192
ideal,8192,18,uniform,-0.0007666962204933014,-0.0007666962205004069,8192
ideal,8192,18,regularized_adaptive,0.0009793238300712659,0.0009793238300641605,8192
ideal,8192,19,uniform,0.0019297174196610811,0.0019297174196539757,8192
ideal,8192,19,regularized_adaptive,0.0016014730205213823,0.0016014730205142769,8192
ideal,8192,20,uniform,0.0019221174018770881,0.0019221174018699827,8192
ideal,8192,20,regularized_adaptive,0.0019672753802177922,0.001967275380210687,8192
ideal,8192,21,uniform,-0.0012412979801492696,-0.001241297980156375,8192
ideal,8192,21,regularized_adaptive,0.001787603568334184,0.0017876035683270786,8192
ideal,8192,22,uniform,0.0018412787737869252,0.0018412787737798197,8192
ideal,8192,22,regularized_adaptive,0.000830424866703261,0.0008304248666961556,8192
ideal,8192,23,uniform,0.000658915316564368,0.0006589153165572625,8192
ideal,8192,23,regularized_adaptive,0.0020202759841652096,0.002020275984158104,8192
ideal,8192,24,uniform,-0.003645987698218889,-0.0036459876982259942,8192
ideal,8192,24,regularized_adaptive,-0.002566899136170697,-0.0025668991361778026,8192
ideal,8192,25,uniform,0.0009033342378046427,0.0009033342377975373,8192
ideal,8192,25,regularized_adaptive,0.0006668356435097778,0.0006668356435026723,8192
ideal,8192,26,uniform,0.0005630129608871215,0.0005630129608800161,8192
ideal,8192,26,regularized_adaptive,-0.002008273505318847,-0.0020082735053259526,8192
ideal,8192,27,uniform,0.0009586758379596105,0.0009586758379525051,8192
ideal,8192,27,regularized_adaptive,0.00127340616387972,0.0012734061638726146,8192
ideal,8192,28,uniform,0.001328737810138314,0.0013287378101312086,8192
ideal,8192,28,regularized_adaptive,-0.0017405145693807356,-0.001740514569387841,8192
ideal,8192,29,uniform,-0.0005999099511688755,-0.0005999099511759809,8192
ideal,8192,29,regularized_adaptive,-0.0003255531377961418,-0.00032555313780324724,8192
ideal,8192,30,uniform,-0.0016545344067502299,-0.0016545344067573353,8192
ideal,8192,30,regularized_adaptive,0.001236159656169633,0.0012361596561625277,8192
ideal,8192,31,uniform,-0.0016888310954383812,-0.0016888310954454866,8192
ideal,8192,31,regularized_adaptive,0.0016758697827770064,0.001675869782769901,8192
ideal,8192,32,uniform,-0.002457941746338399,-0.0024579417463455044,8192
ideal,8192,32,regularized_adaptive,0.00018005133799903206,0.00018005133799192663,8192
ideal,8192,33,uniform,0.0007699221553023605,0.0007699221552952551,8192
ideal,8192,33,regularized_adaptive,-0.0006879588834136641,-0.0006879588834207695,8192
ideal,8192,34,uniform,0.0012431521044611316,0.0012431521044540261,8192
ideal,8192,34,regularized_adaptive,-0.000712923995392245,-0.0007129239953993505,8192
ideal,8192,35,uniform,0.000658820583534947,0.0006588205835278416,8192
ideal,8192,35,regularized_adaptive,-0.0008002308928451995,-0.000800230892852305,8192
ideal,8192,36,uniform,0.0024301596274778348,0.0024301596274707293,8192
ideal,8192,36,regularized_adaptive,-0.0007174130844314064,-0.0007174130844385118,8192
ideal,8192,37,uniform,0.0012377447818554543,0.001237744781848349,8192
ideal,8192,37,regularized_adaptive,-0.00035246992488957574,-0.00035246992489668116,8192
ideal,8192,38,uniform,0.0003260970182541456,0.0003260970182470402,8192
ideal,8192,38,regularized_adaptive,-0.0014229303672541604,-0.0014229303672612659,8192
ideal,8192,39,uniform,-0.0016997298109782122,-0.0016997298109853176,8192
ideal,8192,39,regularized_adaptive,0.0011349141061165469,0.0011349141061094414,8192
ideal,8192,40,uniform,-0.0008524809301890812,-0.0008524809301961866,8192
ideal,8192,40,regularized_adaptive,-0.0005553670452238535,-0.0005553670452309589,8192
ideal,8192,41,uniform,0.0009856805479442343,0.000985680547937129,8192
ideal,8192,41,regularized_adaptive,-0.002076260132928276,-0.0020762601329353814,8192
ideal,8192,42,uniform,0.0016562258054557688,0.0016562258054486634,8192
ideal,8192,42,regularized_adaptive,-0.0005056791790005732,-0.0005056791790076787,8192
ideal,8192,43,uniform,0.0007776157141474727,0.0007776157141403672,8192
ideal,8192,43,regularized_adaptive,-0.0006408962619648406,-0.000640896261971946,8192
ideal,8192,44,uniform,0.0011385532200094417,0.0011385532200023363,8192
ideal,8192,44,regularized_adaptive,0.0015381339838951291,0.0015381339838880237,8192
ideal,8192,45,uniform,0.00040375884093268866,0.00040375884092558323,8192
ideal,8192,45,regularized_adaptive,0.0004079011623350226,0.0004079011623279172,8192
ideal,8192,46,uniform,-0.000521341527255359,-0.0005213415272624644,8192
ideal,8192,46,regularized_adaptive,0.001930339902712852,0.0019303399027057466,8192
ideal,8192,47,uniform,0.0010518618594126394,0.001051861859405534,8192
ideal,8192,47,regularized_adaptive,-0.00030536297991279326,-0.0003053629799198987,8192
ideal,8192,48,uniform,-0.001274747018872091,-0.0012747470188791965,8192
ideal,8192,48,regularized_adaptive,-0.0011575194637831743,-0.0011575194637902797,8192
ideal,8192,49,uniform,0.0015151359478462467,0.0015151359478391413,8192
ideal,8192,49,regularized_adaptive,-0.0009029527792776548,-0.0009029527792847603,8192
ideal,8192,50,uniform,0.0003875215651776287,0.0003875215651705233,8192
ideal,8192,50,regularized_adaptive,0.00029452741740598753,0.0002945274173988821,8192
ideal,8192,51,uniform,0.0012645291278037263,0.0012645291277966209,8192
ideal,8192,51,regularized_adaptive,0.00026691366293363217,0.00026691366292652674,8192
ideal,8192,52,uniform,0.0023989803459425474,0.002398980345935442,8192
ideal,8192,52,regularized_adaptive,-0.0017916177509160747,-0.00179161775092318,8192
ideal,8192,53,uniform,-0.0007606983589010241,-0.0007606983589081295,8192
ideal,8192,53,regularized_adaptive,-0.00043294767636226084,-0.00043294767636936626,8192
ideal,8192,54,uniform,-0.000636324334138294,-0.0006363243341453995,8192
ideal,8192,54,regularized_adaptive,-0.0010519530800348065,-0.001051953080041912,8192
ideal,8192,55,uniform,-0.0010111244098256478,-0.0010111244098327532,8192
ideal,8192,55,regularized_adaptive,0.0002663496798263054,0.0002663496798192,8192
ideal,8192,56,uniform,-0.0011693081599650768,-0.0011693081599721822,8192
ideal,8192,56,regularized_adaptive,-0.0014566461421718913,-0.0014566461421789967,8192
ideal,8192,57,uniform,0.001443318674949623,0.0014433186749425175,8192
ideal,8192,57,regularized_adaptive,9.935471398225815e-05,9.935471397515272e-05,8192
ideal,8192,58,uniform,-0.00020604808531210494,-0.00020604808531921037,8192
ideal,8192,58,regularized_adaptive,-0.000732725562175851,-0.0007327255621829565,8192
ideal,8192,59,uniform,0.0016625575420441407,0.0016625575420370353,8192
ideal,8192,59,regularized_adaptive,0.0009332910079065115,0.0009332910078994061,8192
ideal,8192,60,uniform,0.0021793630042807877,0.0021793630042736822,8192
ideal,8192,60,regularized_adaptive,-0.0016777032574086803,-0.0016777032574157857,8192
ideal,8192,61,uniform,0.002146198228582641,0.0021461982285755354,8192
ideal,8192,61,regularized_adaptive,0.0001320522749255204,0.00013205227491841498,8192
ideal,8192,62,uniform,-0.0010839532254296458,-0.0010839532254367512,8192
ideal,8192,62,regularized_adaptive,0.00016526827929208565,0.00016526827928498022,8192
ideal,8192,63,uniform,0.0024974097227605796,0.002497409722753474,8192
ideal,8192,63,regularized_adaptive,0.0001411575103018592,0.00014115751029475376,8192
ideal,8192,64,uniform,0.0002519146022219587,0.0002519146022148533,8192
ideal,8192,64,regularized_adaptive,-0.0009908253690547042,-0.0009908253690618096,8192
ideal,8192,65,uniform,0.001690779828616762,0.0016907798286096565,8192
ideal,8192,65,regularized_adaptive,-0.00029076563244867515,-0.0002907656324557806,8192
ideal,8192,66,uniform,0.0002046971803837394,0.00020469718037663398,8192
ideal,8192,66,regularized_adaptive,0.0010008987026619565,0.001000898702654851,8192
ideal,8192,67,uniform,0.0014778556479075888,0.0014778556479004834,8192
ideal,8192,67,regularized_adaptive,-0.0013694528065579803,-0.0013694528065650857,8192
ideal,8192,68,uniform,0.0005439055457356901,0.0005439055457285846,8192
ideal,8192,68,regularized_adaptive,-0.0005672928865330107,-0.0005672928865401161,8192
ideal,8192,69,uniform,0.0009323117259194547,0.0009323117259123492,8192
ideal,8192,69,regularized_adaptive,-0.0002443193835519608,-0.00024431938355906624,8192
ideal,8192,70,uniform,0.0006904282744342183,0.0006904282744271129,8192
ideal,8192,70,regularized_adaptive,-0.00015742076058433696,-0.0001574207605914424,8192
ideal,8192,71,uniform,-0.002064146460887706,-0.0020641464608948112,8192
ideal,8192,71,regularized_adaptive,0.0009438333459010906,0.0009438333458939852,8192
ideal,8192,72,uniform,0.0009635586804987994,0.000963558680491694,8192
ideal,8192,72,regularized_adaptive,-0.0010875509742946932,-0.0010875509743017986,8192
ideal,8192,73,uniform,0.0008803279734523883,0.0008803279734452829,8192
ideal,8192,73,regularized_adaptive,-0.0010542255135499445,-0.00105422551355705,8192
ideal,8192,74,uniform,-0.00043989411800726685,-0.0004398941180143723,8192
ideal,8192,74,regularized_adaptive,0.000571247742144898,0.0005712477421377926,8192
ideal,8192,75,uniform,0.001152416311320792,0.0011524163113136865,8192
ideal,8192,75,regularized_adaptive,0.0002049884703643201,0.00020498847035721468,8192
ideal,8192,76,uniform,-0.0007030021077740756,-0.000703002107781181,8192
ideal,8192,76,regularized_adaptive,0.0019050444180486181,0.0019050444180415127,8192
ideal,8192,77,uniform,-0.0015128357431501982,-0.0015128357431573036,8192
ideal,8192,77,regularized_adaptive,0.0008501962610649727,0.0008501962610578673,8192
ideal,8192,78,uniform,0.00036784100890052684,0.0003678410088934214,8192
ideal,8192,78,regularized_adaptive,-0.000605169605895739,-0.0006051696059028444,8192
ideal,8192,79,uniform,0.003063671788869904,0.0030636717888627985,8192
ideal,8192,79,regularized_adaptive,-0.0001426152112093959,-0.00014261521121650134,8192
ideal,8192,80,uniform,0.00022724755323189072,0.0002272475532247853,8192
ideal,8192,80,regularized_adaptive,-0.0004765610512151852,-0.00047656105122229064,8192
ideal,8192,81,uniform,-6.526511721105521e-05,-6.526511721816064e-05,8192
ideal,8192,81,regularized_adaptive,0.0016526745659364295,0.001652674565929324,8192
ideal,8192,82,uniform,0.0013363457302180137,0.0013363457302109083,8192
ideal,8192,82,regularized_adaptive,-0.0005599867881098675,-0.0005599867881169729,8192
ideal,8192,83,uniform,0.0003053969600390616,0.00030539696003195616,8192
ideal,8192,83,regularized_adaptive,-0.0009996976844632854,-0.0009996976844703909,8192
ideal,8192,84,uniform,0.0002965204359384188,0.0002965204359313134,8192
ideal,8192,84,regularized_adaptive,-0.0015477330595654593,-0.0015477330595725647,8192
ideal,8192,85,uniform,-0.0016231075098014358,-0.0016231075098085412,8192
ideal,8192,85,regularized_adaptive,-0.0009869700429963046,-0.00098697004300341,8192
ideal,8192,86,uniform,-0.0005973152394211922,-0.0005973152394282977,8192
ideal,8192,86,regularized_adaptive,-0.0032231053105773455,-0.003223105310584451,8192
ideal,8192,87,uniform,0.0002731211963240554,0.00027312119631695,8192
ideal,8192,87,regularized_adaptive,0.00044021309332187286,0.00044021309331476743,8192
ideal,8192,88,uniform,-0.0013292395039341542,-0.0013292395039412597,8192
ideal,8192,88,regularized_adaptive,-0.002211846558866526,-0.0022118465588736314,8192
ideal,8192,89,uniform,-0.00021858959164511305,-0.00021858959165221847,8192
ideal,8192,89,regularized_adaptive,9.093265678483675e-05,9.093265677773132e-05,8192
ideal,8192,90,uniform,-0.0012984033198000233,-0.0012984033198071288,8192
ideal,8192,90,regularized_adaptive,-0.0007923396797666626,-0.0007923396797737681,8192
ideal,8192,91,uniform,0.0021559225764775647,0.0021559225764704593,8192
ideal,8192,91,regularized_adaptive,-0.002225324168491305,-0.0022253241684984104,8192
ideal,8192,92,uniform,-0.0008160571830870822,-0.0008160571830941876,8192
ideal,8192,92,regularized_adaptive,0.0003696139041835522,0.0003696139041764468,8192
ideal,8192,93,uniform,0.00012593963806928343,0.000125939638062178,8192
ideal,8192,93,regularized_adaptive,0.0017742672940279647,0.0017742672940208593,8192
ideal,8192,94,uniform,-0.0016203129672867078,-0.0016203129672938132,8192
ideal,8192,94,regularized_adaptive,-0.0012162592643507608,-0.0012162592643578662,8192
ideal,8192,95,uniform,0.0019258361100469301,0.0019258361100398247,8192
ideal,8192,95,regularized_adaptive,6.947033824644677e-05,6.947033823934134e-05,8192
ideal,8192,96,uniform,-0.002857760963350664,-0.0028577609633577694,8192
ideal,8192,96,regularized_adaptive,-0.0013374274129498431,-0.0013374274129569486,8192
ideal,8192,97,uniform,0.0005965568816348465,0.0005965568816277411,8192
ideal,8192,97,regularized_adaptive,0.0018118847149759532,0.0018118847149688477,8192
ideal,8192,98,uniform,-0.0007308146668734139,-0.0007308146668805193,8192
ideal,8192,98,regularized_adaptive,-0.00031874763873762646,-0.0003187476387447319,8192
ideal,8192,99,uniform,0.00012257240141622106,0.00012257240140911563,8192
ideal,8192,99,regularized_adaptive,-0.0004286616458690773,-0.0004286616458761827,8192
ideal,8192,100,uniform,0.0019320910329527763,0.0019320910329456709,8192
ideal,8192,100,regularized_adaptive,0.0014527374354660338,0.0014527374354589284,8192
ideal,8192,101,uniform,-0.002041997607955537,-0.0020419976079626423,8192
ideal,8192,101,regularized_adaptive,-0.0016494229195869181,-0.0016494229195940235,8192
ideal,8192,102,uniform,-0.0012500797960530718,-0.0012500797960601773,8192
ideal,8192,102,regularized_adaptive,-0.00042937063742432,-0.00042937063743142545,8192
ideal,8192,103,uniform,0.0016021616304264796,0.0016021616304193742,8192
ideal,8192,103,regularized_adaptive,0.001269441610999067,0.0012694416109919615,8192
ideal,8192,104,uniform,0.0002599431783663064,0.000259943178359201,8192
ideal,8192,104,regularized_adaptive,0.0007905956795069002,0.0007905956794997948,8192
ideal,8192,105,uniform,-0.0018121001357629396,-0.001812100135770045,8192
ideal,8192,105,regularized_adaptive,0.0015181825881516176,0.0015181825881445121,8192
ideal,8192,106,uniform,-0.0013074510396631212,-0.0013074510396702266,8192
ideal,8192,106,regularized_adaptive,-0.0011467890526573044,-0.0011467890526644098,8192
ideal,8192,107,uniform,0.0006337240077112227,0.0006337240077041173,8192
ideal,8192,107,regularized_adaptive,-0.001869814481739951,-0.0018698144817470563,8192
ideal,8192,108,uniform,-0.0014675449850765077,-0.001467544985083613,8192
ideal,8192,108,regularized_adaptive,0.000263970900110877,0.00026397090010377156,8192
ideal,8192,109,uniform,0.0006572180796853289,0.0006572180796782234,8192
ideal,8192,109,regularized_adaptive,0.0021858691985379153,0.00218586919853081,8192
ideal,8192,110,uniform,-0.0007567227384130959,-0.0007567227384202013,8192
ideal,8192,110,regularized_adaptive,0.00038371154787419925,0.00038371154786709383,8192
ideal,8192,111,uniform,0.0010912403449943042,0.0010912403449871988,8192
ideal,8192,111,regularized_adaptive,-0.00036394610591283794,-0.00036394610591994336,8192
ideal,8192,112,uniform,-0.0002132950455786542,-0.00021329504558575962,8192
ideal,8192,112,regularized_adaptive,0.0003538768482913568,0.00035387684828425137,8192
ideal,8192,113,uniform,0.0018484318205027606,0.0018484318204956551,8192
ideal,8192,113,regularized_adaptive,0.0005730744109264663,0.0005730744109193608,8192
ideal,8192,114,uniform,0.00023053790170468602,0.0002305379016975806,8192
ideal,8192,114,regularized_adaptive,-0.00023543125996550174,-0.00023543125997260717,8192
ideal,8192,115,uniform,0.0007233534539077269,0.0007233534539006214,8192
ideal,8192,115,regularized_adaptive,0.0003342889481841027,0.0003342889481769973,8192
ideal,8192,116,uniform,0.00018803169392711538,0.00018803169392000996,8192
ideal,8192,116,regularized_adaptive,-0.0028751915401565853,-0.0028751915401636907,8192
ideal,8192,117,uniform,-0.0001051673378782425,-0.00010516733788534793,8192
ideal,8192,117,regularized_adaptive,0.0008136501922342276,0.0008136501922271222,8192
ideal,8192,118,uniform,0.0019207727043211165,0.001920772704314011,8192
ideal,8192,118,regularized_adaptive,0.0011689082848187482,0.0011689082848116428,8192
ideal,8192,119,uniform,0.0017586398473605769,0.0017586398473534715,8192
ideal,8192,119,regularized_adaptive,0.0012000750293683637,0.0012000750293612583,8192
ideal,8192,120,uniform,0.001961659705703056,0.0019616597056959506,8192
ideal,8192,120,regularized_adaptive,0.0005337511770147074,0.000533751177007602,8192
ideal,8192,121,uniform,-0.00271547153726992,-0.0027154715372770255,8192
ideal,8192,121,regularized_adaptive,-0.0013426279580226463,-0.0013426279580297518,8192
ideal,8192,122,uniform,0.0023524211825085573,0.002352421182501452,8192
ideal,8192,122,regularized_adaptive,-4.7170648977079566e-05,-4.717064898418499e-05,8192
ideal,8192,123,uniform,-0.0013755411590663513,-0.0013755411590734568,8192
ideal,8192,123,regularized_adaptive,0.001333629887931842,0.0013336298879247366,8192
ideal,8192,124,uniform,-0.0005569349974194893,-0.0005569349974265947,8192
ideal,8192,124,regularized_adaptive,-0.0019116101771388117,-0.001911610177145917,8192
ideal,8192,125,uniform,0.0020509636973944367,0.0020509636973873313,8192
ideal,8192,125,regularized_adaptive,0.0017642654040050942,0.0017642654039979888,8192
ideal,8192,126,uniform,0.003621391379702743,0.0036213913796956376,8192
ideal,8192,126,regularized_adaptive,0.0008184605263865663,0.0008184605263794609,8192
ideal,8192,127,uniform,-0.0008752794223738647,-0.0008752794223809701,8192
ideal,8192,127,regularized_adaptive,-0.0017634682784164468,-0.0017634682784235522,8192
ideal,8192,128,uniform,-0.0012002225060152583,-0.0012002225060223637,8192
ideal,8192,128,regularized_adaptive,-0.0006448588573384484,-0.0006448588573455538,8192
ideal,8192,129,uniform,0.000312739221194569,0.00031273922118746356,8192
ideal,8192,129,regularized_adaptive,-0.00015844311913948417,-0.0001584431191465896,8192
ideal,8192,130,uniform,-5.3527048033075175e-05,-5.35270480401806e-05,8192
ideal,8192,130,regularized_adaptive,-0.0010350426875938012,-0.0010350426876009067,8192
ideal,8192,131,uniform,-0.0006841515801072617,-0.0006841515801143672,8192
ideal,8192,131,regularized_adaptive,0.0011697006489184147,0.0011697006489113093,8192
ideal,8192,132,uniform,0.00013286193847594774,0.0001328619384688423,8192
ideal,8192,132,regularized_adaptive,0.0007046133988106718,0.0007046133988035663,8192
ideal,8192,133,uniform,0.00010270304956350174,0.00010270304955639631,8192
ideal,8192,133,regularized_adaptive,-0.002100413040049709,-0.0021004130400568144,8192
ideal,8192,134,uniform,-1.3899609364820265e-05,-1.3899609371925692e-05,8192
ideal,8192,134,regularized_adaptive,-5.709042932000585e-05,-5.709042932711128e-05,8192
ideal,8192,135,uniform,0.0004648400245654827,0.00046484002455837725,8192
ideal,8192,135,regularized_adaptive,-0.0016888186116581494,-0.0016888186116652548,8192
ideal,8192,136,uniform,-0.002062946619258099,-0.0020629466192652046,8192
ideal,8192,136,regularized_adaptive,-0.000378726139280694,-0.0003787261392877994,8192
ideal,8192,137,uniform,-0.00044446099762929236,-0.0004444609976363978,8192
ideal,8192,137,regularized_adaptive,-0.00046523846001811364,-0.00046523846002521907,8192
ideal,8192,138,uniform,0.001671434041312203,0.0016714340413050977,8192
ideal,8192,138,regularized_adaptive,0.00036839004696975763,0.0003683900469626522,8192
ideal,8192,139,uniform,0.003671402822569725,0.0036714028225626194,8192
ideal,8192,139,regularized_adaptive,0.0006808949796823782,0.0006808949796752728,8192
ideal,8192,140,uniform,-0.0008822016234502073,-0.0008822016234573127,8192
ideal,8192,140,regularized_adaptive,0.0005387821551767757,0.0005387821551696703,8192
ideal,8192,141,uniform,-0.0011797699214870505,-0.001179769921494156,8192
ideal,8192,141,regularized_adaptive,0.00016228035415366548,0.00016228035414656006,8192
ideal,8192,142,uniform,-0.00041151715382792275,-0.0004115171538350282,8192
ideal,8192,142,regularized_adaptive,0.0017823440001318858,0.0017823440001247803,8192
ideal,8192,143,uniform,-0.0023806412559634893,-0.0023806412559705947,8192
ideal,8192,143,regularized_adaptive,-0.000418344164915041,-0.00041834416492214643,8192
ideal,8192,144,uniform,-0.0006897297044439199,-0.0006897297044510253,8192
ideal,8192,144,regularized_adaptive,-0.0010230983652768089,-0.0010230983652839143,8192
ideal,8192,145,uniform,-0.00011806063855335225,-0.00011806063856045768,8192
ideal,8192,145,regularized_adaptive,-0.0008205819710580542,-0.0008205819710651596,8192
ideal,8192,146,uniform,-0.0023049241581221125,-0.002304924158129218,8192
ideal,8192,146,regularized_adaptive,-0.0002464446500427542,-0.0002464446500498596,8192
ideal,8192,147,uniform,-0.0007854600415893032,-0.0007854600415964086,8192
ideal,8192,147,regularized_adaptive,-0.00104708139605858,-0.0010470813960656855,8192
ideal,8192,148,uniform,-0.0007885878382829503,-0.0007885878382900557,8192
ideal,8192,148,regularized_adaptive,0.0004078670939637874,0.00040786709395668197,8192
ideal,8192,149,uniform,-0.00042055650286609847,-0.0004205565028732039,8192
ideal,8192,149,regularized_adaptive,0.002391215773656974,0.0023912157736498685,8192
ideal,8192,150,uniform,-0.002391024880401993,-0.0023910248804090983,8192
ideal,8192,150,regularized_adaptive,0.002309627994046437,0.0023096279940393316,8192
ideal,8192,151,uniform,0.0010596318097837454,0.00105963180977664,8192
ideal,8192,151,regularized_adaptive,-0.000635412446841066,-0.0006354124468481714,8192
ideal,8192,152,uniform,-0.0006142698417450632,-0.0006142698417521686,8192
ideal,8192,152,regularized_adaptive,-0.00012043859985944039,-0.00012043859986654581,8192
ideal,8192,153,uniform,-0.001340404297262232,-0.0013404042972693375,8192
ideal,8192,153,regularized_adaptive,0.0014571217373928746,0.0014571217373857692,8192
ideal,8192,154,uniform,0.0014021757048920946,0.0014021757048849892,8192
ideal,8192,154,regularized_adaptive,0.0005311956699918241,0.0005311956699847187,8192
ideal,8192,155,uniform,0.0005888620066585304,0.000588862006651425,8192
ideal,8192,155,regularized_adaptive,0.0007841558773380441,0.0007841558773309387,8192
ideal,8192,156,uniform,-0.00043924348544788216,-0.0004392434854549876,8192
ideal,8192,156,regularized_adaptive,0.0022134035861798296,0.002213403586172724,8192
ideal,8192,157,uniform,-0.0011975148687319859,-0.0011975148687390913,8192
ideal,8192,157,regularized_adaptive,0.0009615883790417001,0.0009615883790345947,8192
ideal,8192,158,uniform,-0.0002390679233172932,-0.00023906792332439863,8192
ideal,8192,158,regularized_adaptive,-0.0006286640775678976,-0.000628664077575003,8192
ideal,8192,159,uniform,0.0006322932740676634,0.000632293274060558,8192
ideal,8192,159,regularized_adaptive,-0.00043688548071330047,-0.0004368854807204059,8192
ideal,8192,160,uniform,-0.002851925728034388,-0.0028519257280414934,8192
ideal,8192,160,regularized_adaptive,-0.000784611068213259,-0.0007846110682203644,8192
ideal,8192,161,uniform,-0.0007939849948410682,-0.0007939849948481736,8192
ideal,8192,161,regularized_adaptive,-0.00043000048579688865,-0.0004300004858039941,8192
ideal,8192,162,uniform,-0.0007554725007272722,-0.0007554725007343777,8192
ideal,8192,162,regularized_adaptive,-0.0013989248804966437,-0.001398924880503749,8192
ideal,8192,163,uniform,0.0002894350374340604,0.000289435037426955,8192
ideal,8192,163,regularized_adaptive,-0.0016430794361852463,-0.0016430794361923517,8192
ideal,8192,164,uniform,-0.0007751614774944571,-0.0007751614775015625,8192
ideal,8192,164,regularized_adaptive,-0.0006717165897542898,-0.0006717165897613953,8192
ideal,8192,165,uniform,0.0019259897943468829,0.0019259897943397775,8192
ideal,8192,165,regularized_adaptive,-0.001004535925440031,-0.0010045359254471364,8192
ideal,8192,166,uniform,0.00027259770956522544,0.00027259770955812,8192
ideal,8192,166,regularized_adaptive,-0.0017259791606436536,-0.001725979160650759,8192
ideal,8192,167,uniform,-1.0095929620312916e-05,-1.0095929627418343e-05,8192
ideal,8192,167,regularized_adaptive,-0.0009297887685670858,-0.0009297887685741912,8192
ideal,8192,168,uniform,0.0010049006794092818,0.0010049006794021764,8192
ideal,8192,168,regularized_adaptive,0.00015146915605246392,0.0001514691560453585,8192
ideal,8192,169,uniform,0.0005495785024329791,0.0005495785024258737,8192
ideal,8192,169,regularized_adaptive,-0.0006441278032660591,-0.0006441278032731645,8192
ideal,8192,170,uniform,0.0003251629067539952,0.00032516290674688975,8192
ideal,8192,170,regularized_adaptive,-0.0001138471181860723,-0.00011384711819317772,8192
ideal,8192,171,uniform,-0.0001594617625624295,-0.00015946176256953493,8192
ideal,8192,171,regularized_adaptive,-0.003039182918428196,-0.0030391829184353014,8192
ideal,8192,172,uniform,0.0014160203802031646,0.0014160203801960591,8192
ideal,8192,172,regularized_adaptive,0.00025472322948072446,0.00025472322947361903,8192
ideal,8192,173,uniform,0.0015662619909013742,0.0015662619908942688,8192
ideal,8192,173,regularized_adaptive,0.0002841860084892289,0.0002841860084821235,8192
ideal,8192,174,uniform,0.0025780276248843492,0.002578027624877244,8192
ideal,8192,174,regularized_adaptive,0.0019500182946821099,0.0019500182946750044,8192
ideal,8192,175,uniform,0.0009261334501369234,0.000926133450129818,8192
ideal,8192,175,regularized_adaptive,0.000860887640558694,0.0008608876405515886,8192
ideal,8192,176,uniform,0.0006785012639758392,0.0006785012639687338,8192
ideal,8192,176,regularized_adaptive,0.00012152638704865382,0.00012152638704154839,8192
ideal,8192,177,uniform,-0.0014674765206770246,-0.00146747652068413,8192
ideal,8192,177,regularized_adaptive,0.0011621892470063955,0.00116218924699929,8192
ideal,8192,178,uniform,-0.0012144287619575422,-0.0012144287619646477,8192
ideal,8192,178,regularized_adaptive,0.0015358747367280046,0.0015358747367208991,8192
ideal,8192,179,uniform,-0.001774159963296107,-0.0017741599633032124,8192
ideal,8192,179,regularized_adaptive,0.0004332584640724946,0.00043325846406538915,8192
ideal,8192,180,uniform,-0.00013463131748370216,-0.0001346313174908076,8192
ideal,8192,180,regularized_adaptive,0.0018182470686634034,0.001818247068656298,8192
ideal,8192,181,uniform,-0.0025208820978113167,-0.002520882097818422,8192
ideal,8192,181,regularized_adaptive,-0.0006775632688853506,-0.000677563268892456,8192
ideal,8192,182,uniform,-0.0005000589389494436,-0.0005000589389565491,8192
ideal,8192,182,regularized_adaptive,-0.0009817738345123672,-0.0009817738345194726,8192
ideal,8192,183,uniform,-0.0007158452004940585,-0.000715845200501164,8192
ideal,8192,183,regularized_adaptive,-0.0016988413332450492,-0.0016988413332521546,8192
ideal,8192,184,uniform,-0.0006975003749634112,-0.0006975003749705166,8192
ideal,8192,184,regularized_adaptive,-0.0005500378570397757,-0.0005500378570468811,8192
ideal,8192,185,uniform,-0.0028999926374559948,-0.0028999926374631,8192
ideal,8192,185,regularized_adaptive,0.000449765951727521,0.00044976595172041556,8192
ideal,8192,186,uniform,0.0004203787239500656,0.00042037872394296016,8192
ideal,8192,186,regularized_adaptive,-0.0007415712393594731,-0.0007415712393665785,8192
ideal,8192,187,uniform,-0.00040322252472879683,-0.00040322252473590225,8192
ideal,8192,187,regularized_adaptive,0.000215077281980669,0.00021507728197356357,8192
ideal,8192,188,uniform,2.9712054671726662e-05,2.9712054664621235e-05,8192
ideal,8192,188,regularized_adaptive,-0.00041980037352118416,-0.0004198003735282896,8192
ideal,8192,189,uniform,0.00047463311001827435,0.0004746331100111689,8192
ideal,8192,189,regularized_adaptive,-0.0012636297329668977,-0.0012636297329740032,8192
ideal,8192,190,uniform,0.0013247529745141762,0.0013247529745070707,8192
ideal,8192,190,regularized_adaptive,-0.00034193241973046185,-0.00034193241973756727,8192
ideal,8192,191,uniform,0.0010983521362915027,0.0010983521362843973,8192
ideal,8192,191,regularized_adaptive,-0.0006104430987043941,-0.0006104430987114995,8192
ideal,8192,192,uniform,-0.0001956184137359429,-0.00019561841374304834,8192
ideal,8192,192,regularized_adaptive,-0.0012046432249475103,-0.0012046432249546157,8192
ideal,8192,193,uniform,0.00138965644199196,0.0013896564419848545,8192
ideal,8192,193,regularized_adaptive,0.0006473972679224005,0.0006473972679152951,8192
ideal,8192,194,uniform,-0.0010331790512152494,-0.0010331790512223549,8192
ideal,8192,194,regularized_adaptive,-0.0016333275050177676,-0.001633327505024873,8192
ideal,8192,195,uniform,-0.00021964460218271142,-0.00021964460218981685,8192
ideal,8192,195,regularized_adaptive,0.0006593612551393235,0.0006593612551322181,8192
ideal,8192,196,uniform,0.0018366938009899414,0.001836693800982836,8192
ideal,8192,196,regularized_adaptive,-0.0008311862196164199,-0.0008311862196235253,8192
ideal,8192,197,uniform,0.00032010032050688864,0.0003201003204997832,8192
ideal,8192,197,regularized_adaptive,-0.0009233345583350427,-0.0009233345583421482,8192
ideal,8192,198,uniform,0.0008889748190492597,0.0008889748190421543,8192
ideal,8192,198,regularized_adaptive,0.0007854963360269807,0.0007854963360198752,8192
ideal,8192,199,uniform,0.0006639020079388658,0.0006639020079317604,8192
ideal,8192,199,regularized_adaptive,0.0008100232055827661,0.0008100232055756607,8192
ideal,8192,200,uniform,-0.0014639213079270519,-0.0014639213079341573,8192
ideal,8192,200,regularized_adaptive,0.000969439587271026,0.0009694395872639205,8192
ideal,8192,201,uniform,-0.0022908311399802983,-0.0022908311399874037,8192
ideal,8192,201,regularized_adaptive,0.0025222616526416886,0.002522261652634583,8192
ideal,8192,202,uniform,-0.00023576962288451853,-0.00023576962289162395,8192
ideal,8192,202,regularized_adaptive,-0.0011081448831742335,-0.001108144883181339,8192
ideal,8192,203,uniform,-0.00024725885257748104,-0.00024725885258458646,8192
ideal,8192,203,regularized_adaptive,0.0011749872290538477,0.0011749872290467422,8192
ideal,8192,204,uniform,-0.0027743773169843777,-0.002774377316991483,8192
ideal,8192,204,regularized_adaptive,0.0022389931024910936,0.002238993102483988,8192
ideal,8192,205,uniform,-0.0027646438781170346,-0.00276464387812414,8192
ideal,8192,205,regularized_adaptive,-0.0009328911224262271,-0.0009328911224333325,8192
ideal,8192,206,uniform,0.000591312806122346,0.0005913128061152406,8192
ideal,8192,206,regularized_adaptive,-0.0005404008895926182,-0.0005404008895997237,8192
ideal,8192,207,uniform,0.00045688803860954863,0.0004568880386024432,8192
ideal,8192,207,regularized_adaptive,-0.00016992251883873877,-0.0001699225188458442,8192
ideal,8192,208,uniform,-0.0014325696602019988,-0.0014325696602091043,8192
ideal,8192,208,regularized_adaptive,0.002334410821404731,0.0023344108213976256,8192
ideal,8192,209,uniform,-0.0010711186525300675,-0.001071118652537173,8192
ideal,8192,209,regularized_adaptive,0.00010748134418925304,0.00010748134418214761,8192
ideal,8192,210,uniform,0.0011486029694518507,0.0011486029694447453,8192
ideal,8192,210,regularized_adaptive,0.0008577858342855293,0.0008577858342784239,8192
ideal,8192,211,uniform,-0.00022722612946779464,-0.00022722612947490006,8192
ideal,8192,211,regularized_adaptive,-0.0009401867242617712,-0.0009401867242688766,8192
ideal,8192,212,uniform,-0.00125641101115459,-0.0012564110111616955,8192
ideal,8192,212,regularized_adaptive,3.733033641939443e-05,3.7330336412289e-05,8192
ideal,8192,213,uniform,0.0004093185244364861,0.00040931852442938066,8192
ideal,8192,213,regularized_adaptive,2.474605776203731e-05,2.4746057754931883e-05,8192
ideal,8192,214,uniform,0.0008589871540234384,0.000858987154016333,8192
ideal,8192,214,regularized_adaptive,0.0006433753390995278,0.0006433753390924224,8192
ideal,8192,215,uniform,0.0007746509658854706,0.0007746509658783651,8192
ideal,8192,215,regularized_adaptive,0.00019937800589975296,0.00019937800589264754,8192
ideal,8192,216,uniform,0.0010997650747519572,0.0010997650747448517,8192
ideal,8192,216,regularized_adaptive,0.0016377875225064287,0.0016377875224993232,8192
ideal,8192,217,uniform,-0.0003935058059703067,-0.00039350580597741214,8192
ideal,8192,217,regularized_adaptive,-0.002129010809348131,-0.0021290108093552362,8192
ideal,8192,218,uniform,0.0003014392837314972,0.00030143928372439177,8192
ideal,8192,218,regularized_adaptive,-0.0016593774238868875,-0.001659377423893993,8192
ideal,8192,219,uniform,0.002943197142064591,0.0029431971420574854,8192
ideal,8192,219,regularized_adaptive,-0.0010483037064643597,-0.001048303706471465,8192
ideal,8192,220,uniform,-0.00339165345152459,-0.0033916534515316954,8192
ideal,8192,220,regularized_adaptive,0.0013143468468754804,0.001314346846868375,8192
ideal,8192,221,uniform,-0.0002534277393948514,-0.00025342773940195684,8192
ideal,8192,221,regularized_adaptive,0.0008249233857409166,0.0008249233857338112,8192
ideal,8192,222,uniform,0.0002888352584795584,0.00028883525847245295,8192
ideal,8192,222,regularized_adaptive,0.00029186951447623954,0.0002918695144691341,8192
ideal,8192,223,uniform,-0.0008064092267199285,-0.000806409226727034,8192
ideal,8192,223,regularized_adaptive,-0.0012822399694156772,-0.0012822399694227826,8192
ideal,8192,224,uniform,-0.0007679819667778531,-0.0007679819667849586,8192
ideal,8192,224,regularized_adaptive,0.0004312805941024678,0.00043128059409536235,8192
ideal,8192,225,uniform,-0.0005684825327341159,-0.0005684825327412213,8192
ideal,8192,225,regularized_adaptive,0.0013626335418024382,0.0013626335417953328,8192
ideal,8192,226,uniform,0.0015925906191744943,0.0015925906191673889,8192
ideal,8192,226,regularized_adaptive,-0.0005766300429650428,-0.0005766300429721483,8192
ideal,8192,227,uniform,0.002369926714627546,0.0023699267146204406,8192
ideal,8192,227,regularized_adaptive,0.0002751306551687094,0.00027513065516160395,8192
ideal,8192,228,uniform,-0.00013309802301275653,-0.00013309802301986196,8192
ideal,8192,228,regularized_adaptive,0.0012992363024961762,0.0012992363024890707,8192
ideal,8192,229,uniform,-0.0011132920531178314,-0.0011132920531249368,8192
ideal,8192,229,regularized_adaptive,-0.0010728130137200864,-0.0010728130137271918,8192
ideal,8192,230,uniform,3.823703275696033e-05,3.8237032749854905e-05,8192
ideal,8192,230,regularized_adaptive,0.0006071662875495321,0.0006071662875424266,8192
ideal,8192,231,uniform,0.0011273118613255306,0.0011273118613184252,8192
ideal,8192,231,regularized_adaptive,-0.0015470088946152316,-0.001547008894622337,8192
ideal,8192,232,uniform,0.0012922557325829587,0.0012922557325758532,8192
ideal,8192,232,regularized_adaptive,0.0018016132574896204,0.001801613257482515,8192
ideal,8192,233,uniform,-0.0007514961849244273,-0.0007514961849315327,8192
ideal,8192,233,regularized_adaptive,0.00033508526030967545,0.00033508526030257,8192
ideal,8192,234,uniform,-0.0014165137495485425,-0.001416513749555648,8192
ideal,8192,234,regularized_adaptive,0.00039715167859366574,0.0003971516785865603,8192
ideal,8192,235,uniform,-0.0008447769642394576,-0.000844776964246563,8192
ideal,8192,235,regularized_adaptive,-0.0007576335594645656,-0.000757633559471671,8192
ideal,8192,236,uniform,-0.001066199407414814,-0.0010661994074219194,8192
ideal,8192,236,regularized_adaptive,0.00014529255176398692,0.0001452925517568815,8192
ideal,8192,237,uniform,-0.001272134189115981,-0.0012721341891230864,8192
ideal,8192,237,regularized_adaptive,-0.0012012410411017527,-0.001201241041108858,8192
ideal,8192,238,uniform,-0.00016428629948173068,-0.0001642862994888361,8192
ideal,8192,238,regularized_adaptive,-0.0006784966683754945,-0.0006784966683825999,8192
ideal,8192,239,uniform,-0.0018777486460050952,-0.0018777486460122006,8192
ideal,8192,239,regularized_adaptive,0.0015022845926093709,0.0015022845926022654,8192
ideal,8192,240,uniform,-0.0005696648026747297,-0.0005696648026818352,8192
ideal,8192,240,regularized_adaptive,-0.0005441012654499033,-0.0005441012654570088,8192
ideal,8192,241,uniform,-0.00013081800044734138,-0.0001308180004544468,8192
ideal,8192,241,regularized_adaptive,-0.00010454818260274834,-0.00010454818260985377,8192
ideal,8192,242,uniform,-0.0014329719499306393,-0.0014329719499377447,8192
ideal,8192,242,regularized_adaptive,0.0013383029103568589,0.0013383029103497535,8192
ideal,8192,243,uniform,-0.002002455701451744,-0.0020024557014588495,8192
ideal,8192,243,regularized_adaptive,0.0017165008925754677,0.0017165008925683622,8192
ideal,8192,244,uniform,0.0011591684059810703,0.0011591684059739649,8192
ideal,8192,244,regularized_adaptive,-0.0012403959429212463,-0.0012403959429283518,8192
ideal,8192,245,uniform,0.0017777019106892666,0.0017777019106821612,8192
ideal,8192,245,regularized_adaptive,0.00015474473410126421,0.0001547447340941588,8192
ideal,8192,246,uniform,0.001817080743928834,0.0018170807439217285,8192
ideal,8192,246,regularized_adaptive,-0.002310231932183271,-0.0023102319321903764,8192
ideal,8192,247,uniform,-0.0009683027430522628,-0.0009683027430593683,8192
ideal,8192,247,regularized_adaptive,-0.0009902789572153736,-0.000990278957222479,8192
ideal,8192,248,uniform,0.0011370459458426296,0.0011370459458355242,8192
ideal,8192,248,regularized_adaptive,0.002463661324108024,0.0024636613241009186,8192
ideal,8192,249,uniform,-0.0002662627808236451,-0.0002662627808307505,8192
ideal,8192,249,regularized_adaptive,-0.00042612673704756077,-0.0004261267370546662,8192
ideal,8192,250,uniform,-0.0008289597733970311,-0.0008289597734041365,8192
ideal,8192,250,regularized_adaptive,0.0008103163254071788,0.0008103163254000734,8192
ideal,8192,251,uniform,-0.002639001547326103,-0.0026390015473332085,8192
ideal,8192,251,regularized_adaptive,0.0019972073185208217,0.0019972073185137162,8192
ideal,8192,252,uniform,-0.001137376142591684,-0.0011373761425987894,8192
ideal,8192,252,regularized_adaptive,-0.0025659188547502154,-0.002565918854757321,8192
ideal,8192,253,uniform,0.0003361386098053032,0.00033613860979819776,8192
ideal,8192,253,regularized_adaptive,-0.00041381972416321133,-0.00041381972417031676,8192
ideal,8192,254,uniform,0.0005998553807291529,0.0005998553807220475,8192
ideal,8192,254,regularized_adaptive,0.002760215502969565,0.0027602155029624598,8192
ideal,8192,255,uniform,-0.00043803504949835315,-0.0004380350495054586,8192
ideal,8192,255,regularized_adaptive,-0.0003659007233753897,-0.00036590072338249513,8192
ideal,8192,256,uniform,0.0011242109507874076,0.0011242109507803022,8192
ideal,8192,256,regularized_adaptive,0.001150748686346681,0.0011507486863395755,8192
ideal,8192,257,uniform,-0.0015756225344860653,-0.0015756225344931707,8192
ideal,8192,257,regularized_adaptive,-0.0008166293734861441,-0.0008166293734932495,8192
ideal,8192,258,uniform,0.002316093406779629,0.0023160934067725236,8192
ideal,8192,258,regularized_adaptive,-0.00032469018849745623,-0.00032469018850456166,8192
ideal,8192,259,uniform,0.0017274338005401901,0.0017274338005330847,8192
ideal,8192,259,regularized_adaptive,-0.00048409093293866334,-0.00048409093294576877,8192
ideal,8192,260,uniform,0.0011658775350591455,0.00116587753505204,8192
ideal,8192,260,regularized_adaptive,-0.0013055271456625661,-0.0013055271456696715,8192
ideal,8192,261,uniform,0.0009299561313049765,0.000929956131297871,8192
ideal,8192,261,regularized_adaptive,-0.00013352747293460254,-0.00013352747294170797,8192
ideal,8192,262,uniform,0.00010430537958416863,0.0001043053795770632,8192
ideal,8192,262,regularized_adaptive,0.0028332166185274232,0.002833216618520318,8192
ideal,8192,263,uniform,-0.0036096408641306255,-0.003609640864137731,8192
ideal,8192,263,regularized_adaptive,-0.00046053382978783475,-0.0004605338297949402,8192
ideal,8192,264,uniform,-0.0008325159049560327,-0.0008325159049631381,8192
ideal,8192,264,regularized_adaptive,-0.0005057172567806134,-0.0005057172567877188,8192
ideal,8192,265,uniform,-0.00028638062450347945,-0.0002863806245105849,8192
ideal,8192,265,regularized_adaptive,0.0020056266957837465,0.002005626695776641,8192
ideal,8192,266,uniform,0.0022321363494191004,0.002232136349411995,8192
ideal,8192,266,regularized_adaptive,-0.0001270934713399896,-0.00012709347134709503,8192
ideal,8192,267,uniform,0.0020286702368634835,0.002028670236856378,8192
ideal,8192,267,regularized_adaptive,-0.001965883658740175,-0.0019658836587472805,8192
ideal,8192,268,uniform,0.0015428452540957593,0.001542845254088654,8192
ideal,8192,268,regularized_adaptive,0.0018716694774827403,0.0018716694774756348,8192
ideal,8192,269,uniform,-0.0016488115400905556,-0.001648811540097661,8192
ideal,8192,269,regularized_adaptive,-0.0009929818004996704,-0.0009929818005067759,8192
ideal,8192,270,uniform,4.718122661007129e-05,4.7181226602965864e-05,8192
ideal,8192,270,regularized_adaptive,-0.001635016032135006,-0.0016350160321421114,8192
ideal,8192,271,uniform,0.001983217522996128,0.0019832175229890225,8192
ideal,8192,271,regularized_adaptive,-0.00026722351449937065,-0.0002672235145064761,8192
ideal,8192,272,uniform,-0.001099599117886818,-0.0010995991178939235,8192
ideal,8192,272,regularized_adaptive,0.0009611906137312332,0.0009611906137241277,8192
ideal,8192,273,uniform,-0.0033299624437619357,-0.003329962443769041,8192
ideal,8192,273,regularized_adaptive,-0.0008776597897011129,-0.0008776597897082183,8192
ideal,8192,274,uniform,-0.000653411122309322,-0.0006534111223164274,8192
ideal,8192,274,regularized_adaptive,-0.0013700027637622014,-0.0013700027637693069,8192
ideal,8192,275,uniform,0.0015033030744318054,0.0015033030744247,8192
ideal,8192,275,regularized_adaptive,-0.001710359694683028,-0.0017103596946901334,8192
ideal,8192,276,uniform,-0.0023883357336176303,-0.0023883357336247357,8192
ideal,8192,276,regularized_adaptive,-0.00024404465770722084,-0.00024404465771432626,8192
ideal,8192,277,uniform,-0.0028614891598159886,-0.002861489159823094,8192
ideal,8192,277,regularized_adaptive,-7.32549387727488e-05,-7.325493877985423e-05,8192
ideal,8192,278,uniform,0.0004867995107700196,0.00048679951076291417,8192
ideal,8192,278,regularized_adaptive,0.001064634074128712,0.0010646340741216065,8192
ideal,8192,279,uniform,-0.0002464106314610248,-0.00024641063146813025,8192
ideal,8192,279,regularized_adaptive,-0.0010377475861798047,-0.00103774758618691,8192
ideal,8192,280,uniform,-0.0005133128269481091,-0.0005133128269552145,8192
ideal,8192,280,regularized_adaptive,-0.002254694999122009,-0.0022546949991291143,8192
ideal,8192,281,uniform,0.0004025582543221162,0.0004025582543150108,8192
ideal,8192,281,regularized_adaptive,-0.0001409787518769079,-0.00014097875188401332,8192
ideal,8192,282,uniform,0.0009843544296570528,0.0009843544296499473,8192
ideal,8192,282,regularized_adaptive,-0.00039475166349678403,-0.00039475166350388946,8192
ideal,8192,283,uniform,-9.92401370947249e-06,-9.924013716577917e-06,8192
ideal,8192,283,regularized_adaptive,-0.00109055779988676,-0.0010905577998938654,8192
ideal,8192,284,uniform,0.002839000423177751,0.0028390004231706456,8192
ideal,8192,284,regularized_adaptive,-0.000749431513301424,-0.0007494315133085294,8192
ideal,8192,285,uniform,4.525391719667482e-05,4.525391718956939e-05,8192
ideal,8192,285,regularized_adaptive,-0.0003923312997065054,-0.0003923312997136108,8192
ideal,8192,286,uniform,-0.0021358779675644257,-0.002135877967571531,8192
ideal,8192,286,regularized_adaptive,-0.0023362868044731755,-0.002336286804480281,8192
ideal,8192,287,uniform,0.00015600368034984768,0.00015600368034274226,8192
ideal,8192,287,regularized_adaptive,-0.0017652781397803352,-0.0017652781397874406,8192
ideal,8192,288,uniform,0.0001450287862159172,0.00014502878620881177,8192
ideal,8192,288,regularized_adaptive,0.0001635332416753954,0.00016353324166828997,8192
ideal,8192,289,uniform,-0.001412966265264437,-0.0014129662652715425,8192
ideal,8192,289,regularized_adaptive,0.00025478294947500757,0.00025478294946790214,8192
ideal,8192,290,uniform,0.003226815766383062,0.0032268157663759567,8192
ideal,8192,290,regularized_adaptive,0.0005593499203468966,0.0005593499203397911,8192
ideal,8192,291,uniform,0.0009837626987021508,0.0009837626986950454,8192
ideal,8192,291,regularized_adaptive,-0.003966824634197508,-0.003966824634204613,8192
ideal,8192,292,uniform,-0.00020417045180654014,-0.00020417045181364557,8192
ideal,8192,292,regularized_adaptive,0.00013096513705868063,0.0001309651370515752,8192
ideal,8192,293,uniform,0.0004610268813580731,0.0004610268813509677,8192
ideal,8192,293,regularized_adaptive,-0.001078014888142853,-0.0010780148881499585,8192
ideal,8192,294,uniform,-3.374259325639173e-05,-3.3742593263497156e-05,8192
ideal,8192,294,regularized_adaptive,-0.000750512994176944,-0.0007505129941840494,8192
ideal,8192,295,uniform,0.001995974884889229,0.0019959748848821235,8192
ideal,8192,295,regularized_adaptive,0.0005551414211160122,0.0005551414211089067,8192
ideal,8192,296,uniform,0.0006834788147118687,0.0006834788147047632,8192
ideal,8192,296,regularized_adaptive,0.0016910111261463356,0.0016910111261392302,8192
ideal,8192,297,uniform,-5.1916049194744573e-05,-5.191604920185e-05,8192
ideal,8192,297,regularized_adaptive,-0.0012841636855860372,-0.0012841636855931426,8192
ideal,8192,298,uniform,0.0014690063360793815,0.001469006336072276,8192
ideal,8192,298,regularized_adaptive,-0.001986517302349,-0.0019865173023561056,8192
ideal,8192,299,uniform,0.0012985875933342328,0.0012985875933271274,8192
ideal,8192,299,regularized_adaptive,8.000136086305787e-05,8.000136085595244e-05,8192
ideal,8192,300,uniform,-0.0019766067798441256,-0.001976606779851231,8192
ideal,8192,300,regularized_adaptive,-4.807399058570638e-05,-4.807399059281181e-05,8192
ideal,8192,301,uniform,0.0005421409122634557,0.0005421409122563503,8192
ideal,8192,301,regularized_adaptive,-0.0002663437145766778,-0.00026634371458378325,8192
ideal,8192,302,uniform,-0.000597811244039903,-0.0005978112440470085,8192
ideal,8192,302,regularized_adaptive,0.0004892113673831133,0.0004892113673760079,8192
ideal,8192,303,uniform,-0.0027503594850912805,-0.002750359485098386,8192
ideal,8192,303,regularized_adaptive,-0.0005079022071923234,-0.0005079022071994288,8192
ideal,8192,304,uniform,-2.0136563257722173e-05,-2.01365632648276e-05,8192
ideal,8192,304,regularized_adaptive,-0.000758175718757137,-0.0007581757187642424,8192
ideal,8192,305,uniform,-0.0014331610186664179,-0.0014331610186735233,8192
ideal,8192,305,regularized_adaptive,-0.0006728821310577615,-0.0006728821310648669,8192
ideal,8192,306,uniform,-0.001304314996307454,-0.0013043149963145595,8192
ideal,8192,306,regularized_adaptive,-0.001270181983497487,-0.0012701819835045924,8192
ideal,8192,307,uniform,-0.00042609849778774134,-0.00042609849779484676,8192
ideal,8192,307,regularized_adaptive,-0.0012647006567823027,-0.0012647006567894081,8192
ideal,8192,308,uniform,0.00317992307561088,0.0031799230756037744,8192
ideal,8192,308,regularized_adaptive,-0.0011238275930081087,-0.0011238275930152142,8192
ideal,8192,309,uniform,0.0030489601536167754,0.00304896015360967,8192
ideal,8192,309,regularized_adaptive,-0.0003278745344994505,-0.0003278745345065559,8192
ideal,8192,310,uniform,-0.00026484060239440055,-0.000264840602401506,8192
ideal,8192,310,regularized_adaptive,-0.0009285440487012409,-0.0009285440487083463,8192
ideal,8192,311,uniform,-0.001674986022804248,-0.0016749860228113533,8192
ideal,8192,311,regularized_adaptive,0.0009623244671868036,0.0009623244671796982,8192
ideal,8192,312,uniform,0.0003943673250619284,0.00039436732505482297,8192
ideal,8192,312,regularized_adaptive,-0.001287098696033162,-0.0012870986960402675,8192
ideal,8192,313,uniform,0.0005112774198172687,0.0005112774198101633,8192
ideal,8192,313,regularized_adaptive,0.001505604615679168,0.0015056046156720626,8192
ideal,8192,314,uniform,-0.0006928386878151116,-0.000692838687822217,8192
ideal,8192,314,regularized_adaptive,-0.001776062512788279,-0.0017760625127953844,8192
ideal,8192,315,uniform,0.0014814293014904223,0.0014814293014833169,8192
ideal,8192,315,regularized_adaptive,-0.002402460143292373,-0.0024024601432994785,8192
ideal,8192,316,uniform,-0.00026670031655307014,-0.00026670031656017557,8192
ideal,8192,316,regularized_adaptive,0.00014920735424261977,0.00014920735423551434,8192
ideal,8192,317,uniform,0.0005129827295293765,0.0005129827295222711,8192
ideal,8192,317,regularized_adaptive,-0.0002778307670583402,-0.00027783076706544563,8192
ideal,8192,318,uniform,0.002869931563834527,0.0028699315638274214,8192
ideal,8192,318,regularized_adaptive,0.00030774141400602417,0.00030774141399891874,8192
ideal,8192,319,uniform,0.0001615998128032814,0.00016159981279617597,8192
ideal,8192,319,regularized_adaptive,0.0011363815739571237,0.0011363815739500183,8192
ideal,8192,320,uniform,0.0008921023177510534,0.000892102317743948,8192
ideal,8192,320,regularized_adaptive,-0.0014195630215319,-0.0014195630215390054,8192
ideal,8192,321,uniform,-0.0004242934532081577,-0.00042429345321526313,8192
ideal,8192,321,regularized_adaptive,-0.0016508188835775428,-0.0016508188835846482,8192
ideal,8192,322,uniform,-0.0024446876348465096,-0.002444687634853615,8192
ideal,8192,322,regularized_adaptive,-0.0008472497909002286,-0.000847249790907334,8192
ideal,8192,323,uniform,0.00013853434885380267,0.00013853434884669724,8192
ideal,8192,323,regularized_adaptive,0.0011918691178278706,0.0011918691178207652,8192
ideal,8192,324,uniform,-0.0009882402116465627,-0.0009882402116536682,8192
ideal,8192,324,regularized_adaptive,-0.0003074237491054177,-0.0003074237491125231,8192
ideal,8192,325,uniform,0.0011023019103042486,0.0011023019102971432,8192
ideal,8192,325,regularized_adaptive,-0.0005840790218751835,-0.0005840790218822889,8192
ideal,8192,326,uniform,0.002596259560272429,0.002596259560265324,8192
ideal,8192,326,regularized_adaptive,-0.00019509893281632884,-0.00019509893282343427,8192
ideal,8192,327,uniform,0.0007172886890849384,0.0007172886890778329,8192
ideal,8192,327,regularized_adaptive,-0.0008561009116858642,-0.0008561009116929696,8192
ideal,8192,328,uniform,0.0007527863368732568,0.0007527863368661514,8192
ideal,8192,328,regularized_adaptive,-0.0010214602466991352,-0.0010214602467062406,8192
ideal,8192,329,uniform,-0.0006972801350899616,-0.000697280135097067,8192
ideal,8192,329,regularized_adaptive,-0.000646254954655312,-0.0006462549546624174,8192
ideal,8192,330,uniform,0.00015144609036266132,0.0001514460903555559,8192
ideal,8192,330,regularized_adaptive,7.439284432031457e-06,7.439284424926029e-06,8192
ideal,8192,331,uniform,0.0014228397257518566,0.0014228397257447511,8192
ideal,8192,331,regularized_adaptive,0.001057939360020299,0.0010579393600131937,8192
ideal,8192,332,uniform,-5.809410148316374e-05,-5.809410149026917e-05,8192
ideal,8192,332,regularized_adaptive,-0.0012777894829296699,-0.0012777894829367753,8192
ideal,8192,333,uniform,-0.0012822612207710193,-0.0012822612207781248,8192
ideal,8192,333,regularized_adaptive,-0.0014023418633755114,-0.0014023418633826168,8192
ideal,8192,334,uniform,-0.0013788312343789855,-0.001378831234386091,8192
ideal,8192,334,regularized_adaptive,0.0004984821755247282,0.0004984821755176227,8192
ideal,8192,335,uniform,0.0025251095903797705,0.002525109590372665,8192
ideal,8192,335,regularized_adaptive,-0.0024297400088144627,-0.002429740008821568,8192
ideal,8192,336,uniform,-0.0007335810815982668,-0.0007335810816053723,8192
ideal,8192,336,regularized_adaptive,-0.001732994526863152,-0.0017329945268702573,8192
ideal,8192,337,uniform,0.0007342793039306628,0.0007342793039235573,8192
ideal,8192,337,regularized_adaptive,-0.00015508876859371412,-0.00015508876860081955,8192
ideal,8192,338,uniform,0.000462723621582839,0.00046272362157573355,8192
ideal,8192,338,regularized_adaptive,-0.0010098625821672869,-0.0010098625821743923,8192
ideal,8192,339,uniform,-0.0024906368003208,-0.0024906368003279056,8192
ideal,8192,339,regularized_adaptive,0.0011135533205335335,0.001113553320526428,8192
ideal,8192,340,uniform,-0.0011718358548788999,-0.0011718358548860053,8192
ideal,8192,340,regularized_adaptive,0.002414456156966338,0.0024144561569592327,8192
ideal,8192,341,uniform,0.0010284619989811006,0.0010284619989739952,8192
ideal,8192,341,regularized_adaptive,0.0007186686317757207,0.0007186686317686153,8192
ideal,8192,342,uniform,-0.0010258723946980908,-0.0010258723947051962,8192
ideal,8192,342,regularized_adaptive,-0.00010006646443017075,-0.00010006646443727618,8192
ideal,8192,343,uniform,-0.002174399737040922,-0.0021743997370480272,8192
ideal,8192,343,regularized_adaptive,0.0006284539683862889,0.0006284539683791834,8192
ideal,8192,344,uniform,-0.0010903020122201568,-0.0010903020122272622,8192
ideal,8192,344,regularized_adaptive,0.0010440713178168082,0.0010440713178097027,8192
ideal,8192,345,uniform,-0.0005515871724028898,-0.0005515871724099952,8192
ideal,8192,345,regularized_adaptive,0.0006315537615062539,0.0006315537614991484,8192
ideal,8192,346,uniform,-0.000341405910790904,-0.0003414059107980094,8192
ideal,8192,346,regularized_adaptive,0.000780641428275608,0.0007806414282685026,8192
ideal,8192,347,uniform,0.00035971807221812924,0.0003597180722110238,8192
ideal,8192,347,regularized_adaptive,0.00027460612504359716,0.00027460612503649173,8192
ideal,8192,348,uniform,0.001805857964513713,0.0018058579645066075,8192
ideal,8192,348,regularized_adaptive,0.0011804088637745735,0.0011804088637674681,8192
ideal,8192,349,uniform,-0.0004405713883972595,-0.00044057138840436494,8192
ideal,8192,349,regularized_adaptive,0.0011985419661337815,0.001198541966126676,8192
ideal,8192,350,uniform,-0.00042411226193550533,-0.00042411226194261076,8192
ideal,8192,350,regularized_adaptive,-0.0013957243589493018,-0.0013957243589564072,8192
ideal,8192,351,uniform,-0.0034990355453086153,-0.0034990355453157207,8192
ideal,8192,351,regularized_adaptive,5.418970124715372e-05,5.4189701240048294e-05,8192
ideal,8192,352,uniform,-0.0008478099782385229,-0.0008478099782456283,8192
ideal,8192,352,regularized_adaptive,-0.00020219581611335968,-0.0002021958161204651,8192
ideal,8192,353,uniform,0.0003428218675765038,0.00034282186756939836,8192
ideal,8192,353,regularized_adaptive,-0.0009324547805560357,-0.0009324547805631411,8192
ideal,8192,354,uniform,-0.0002176727819662716,-0.00021767278197337703,8192
ideal,8192,354,regularized_adaptive,-0.0019843435808182264,-0.001984343580825332,8192
ideal,8192,355,uniform,-0.0008434139996795764,-0.0008434139996866818,8192
ideal,8192,355,regularized_adaptive,-0.00023655475103367962,-0.00023655475104078505,8192
ideal,8192,356,uniform,-0.0014677434676091394,-0.0014677434676162449,8192
ideal,8192,356,regularized_adaptive,0.0019323701456865905,0.001932370145679485,8192
ideal,8192,357,uniform,-1.1240052995020733e-06,-1.1240053066075006e-06,8192
ideal,8192,357,regularized_adaptive,0.0007548643841017721,0.0007548643840946667,8192
ideal,8192,358,uniform,0.0003901523639457949,0.00039015236393868946,8192
ideal,8192,358,regularized_adaptive,-0.00041926821369031586,-0.0004192682136974213,8192
ideal,8192,359,uniform,0.0005668076880933626,0.0005668076880862571,8192
ideal,8192,359,regularized_adaptive,-0.0015436890718474316,-0.001543689071854537,8192
ideal,8192,360,uniform,0.0018125417189382986,0.0018125417189311932,8192
ideal,8192,360,regularized_adaptive,-0.000760377794524203,-0.0007603777945313084,8192
ideal,8192,361,uniform,0.0026324251037577184,0.002632425103750613,8192
ideal,8192,361,regularized_adaptive,0.0005270558428227545,0.0005270558428156491,8192
ideal,8192,362,uniform,0.0018391445507885962,0.0018391445507814908,8192
ideal,8192,362,regularized_adaptive,-0.0016058594664940529,-0.0016058594665011583,8192
ideal,8192,363,uniform,0.0009040886447007068,0.0009040886446936014,8192
ideal,8192,363,regularized_adaptive,0.0008057692863623345,0.000805769286355229,8192
ideal,8192,364,uniform,-0.0020169786156269964,-0.002016978615634102,8192
ideal,8192,364,regularized_adaptive,0.0002851515992228215,0.0002851515992157161,8192
ideal,8192,365,uniform,-0.0007921433241930842,-0.0007921433242001896,8192
ideal,8192,365,regularized_adaptive,-0.0015728284396123726,-0.001572828439619478,8192
ideal,8192,366,uniform,-0.0007408555240049353,-0.0007408555240120407,8192
ideal,8192,366,regularized_adaptive,0.0009856913388341937,0.0009856913388270883,8192
ideal,8192,367,uniform,-0.0007796250545997196,-0.0007796250546068251,8192
ideal,8192,367,regularized_adaptive,-0.0004926855219151705,-0.0004926855219222759,8192
ideal,8192,368,uniform,0.0013907627673948042,0.0013907627673876988,8192
ideal,8192,368,regularized_adaptive,0.0007166795493915856,0.0007166795493844802,8192
ideal,8192,369,uniform,0.00035557975095645844,0.000355579750949353,8192
ideal,8192,369,regularized_adaptive,0.0006922805789928432,0.0006922805789857378,8192
ideal,8192,370,uniform,0.002381064596966631,0.0023810645969595257,8192
ideal,8192,370,regularized_adaptive,-0.0008356816947596712,-0.0008356816947667767,8192
ideal,8192,371,uniform,0.0007186330141504271,0.0007186330141433217,8192
ideal,8192,371,regularized_adaptive,9.769220434829862e-05,9.769220434119319e-05,8192
ideal,8192,372,uniform,0.0010349646117981948,0.0010349646117910893,8192
ideal,8192,372,regularized_adaptive,-0.0001359358866066529,-0.00013593588661375833,8192
ideal,8192,373,uniform,0.0013081231208200705,0.0013081231208129651,8192
ideal,8192,373,regularized_adaptive,-0.001313695888749855,-0.0013136958887569605,8192
ideal,8192,374,uniform,0.0013117382781482334,0.001311738278141128,8192
ideal,8192,374,regularized_adaptive,-4.000008792726106e-05,-4.000008793436649e-05,8192
ideal,8192,375,uniform,-0.001142268374096922,-0.0011422683741040274,8192
ideal,8192,375,regularized_adaptive,0.0007981244385364406,0.0007981244385293351,8192
ideal,8192,376,uniform,-0.001435038453510451,-0.0014350384535175564,8192
ideal,8192,376,regularized_adaptive,-0.0001091245977926647,-0.00010912459779977013,8192
ideal,8192,377,uniform,-0.00010666589356223,-0.00010666589356933542,8192
ideal,8192,377,regularized_adaptive,0.0006088982708325474,0.000608898270825442,8192
ideal,8192,378,uniform,-0.0012154304687115314,-0.0012154304687186368,8192
ideal,8192,378,regularized_adaptive,-0.0011701508710517672,-0.0011701508710588726,8192
ideal,8192,379,uniform,-0.0009327182148650692,-0.0009327182148721747,8192
ideal,8192,379,regularized_adaptive,-0.0010402413102381658,-0.0010402413102452712,8192
ideal,8192,380,uniform,-0.00019834486434255894,-0.00019834486434966436,8192
ideal,8192,380,regularized_adaptive,0.001886892227217274,0.0018868922272101685,8192
ideal,8192,381,uniform,-0.00036012518198091925,-0.0003601251819880247,8192
ideal,8192,381,regularized_adaptive,0.0005481649967107316,0.0005481649967036262,8192
ideal,8192,382,uniform,-0.000925204779488098,-0.0009252047794952034,8192
ideal,8192,382,regularized_adaptive,0.002214413081151889,0.0022144130811447837,8192
ideal,8192,383,uniform,0.0008000816971343028,0.0008000816971271973,8192
ideal,8192,383,regularized_adaptive,0.0002839861510786079,0.0002839861510715025,8192
ideal,8192,384,uniform,0.0001960600465764628,0.00019606004656935738,8192
ideal,8192,384,regularized_adaptive,-0.0005726803103041078,-0.0005726803103112132,8192
ideal,8192,385,uniform,0.0008252803090069705,0.000825280308999865,8192
ideal,8192,385,regularized_adaptive,6.120210108484514e-05,6.120210107773971e-05,8192
ideal,8192,386,uniform,-0.0003977395307437348,-0.00039773953075084023,8192
ideal,8192,386,regularized_adaptive,-0.0019320555920723237,-0.0019320555920794291,8192
ideal,8192,387,uniform,0.00020865505535372364,0.0002086550553466182,8192
ideal,8192,387,regularized_adaptive,-0.00131013670770308,-0.0013101367077101855,8192
ideal,8192,388,uniform,0.0031506889235055624,0.003150688923498457,8192
ideal,8192,388,regularized_adaptive,-0.0008881257753872163,-0.0008881257753943217,8192
ideal,8192,389,uniform,0.0015074415695233156,0.0015074415695162102,8192
ideal,8192,389,regularized_adaptive,0.0011307978235386429,0.0011307978235315375,8192
ideal,8192,390,uniform,0.001556871145512062,0.0015568711455049566,8192
ideal,8192,390,regularized_adaptive,-0.00047309382474214345,-0.0004730938247492489,8192
ideal,8192,391,uniform,0.0007674711571770132,0.0007674711571699078,8192
ideal,8192,391,regularized_adaptive,0.000673983516340293,0.0006739835163331875,8192
ideal,8192,392,uniform,0.001859854593953436,0.0018598545939463307,8192
ideal,8192,392,regularized_adaptive,0.0004330360806292788,0.00043303608062217336,8192
ideal,8192,393,uniform,-0.0020427608326656355,-0.002042760832672741,8192
ideal,8192,393,regularized_adaptive,-0.001350938942040969,-0.0013509389420480744,8192
ideal,8192,394,uniform,-6.719850321523779e-06,-6.719850328629207e-06,8192
ideal,8192,394,regularized_adaptive,-0.00026999614119560533,-0.00026999614120271076,8192
ideal,8192,395,uniform,0.0016070354707640178,0.0016070354707569123,8192
ideal,8192,395,regularized_adaptive,-0.0018115359206243298,-0.0018115359206314352,8192
ideal,8192,396,uniform,-7.21108522618863e-05,-7.211085226899172e-05,8192
ideal,8192,396,regularized_adaptive,0.0023529438124993973,0.002352943812492292,8192
ideal,8192,397,uniform,0.0006402279614929896,0.0006402279614858841,8192
ideal,8192,397,regularized_adaptive,-0.00040220072883645486,-0.0004022007288435603,8192
ideal,8192,398,uniform,0.0006010289537297098,0.0006010289537226043,8192
ideal,8192,398,regularized_adaptive,-0.0008327322941292792,-0.0008327322941363846,8192
ideal,8192,399,uniform,0.0012594657220779126,0.0012594657220708072,8192
ideal,8192,399,regularized_adaptive,-0.0009418948061998833,-0.0009418948062069887,8192
readout,2048,0,uniform,0.0023685003880178357,-0.0007593431025334496,2048
readout,2048,0,regularized_adaptive,0.005618944358462663,0.0024911008679113777,2048
readout,2048,1,uniform,0.007675531195998175,0.00454768770544689,2048
readout,2048,1,regularized_adaptive,0.0024397514926564057,-0.0006880919978948796,2048
readout,2048,2,uniform,0.0036689233270204014,0.0005410798364691161,2048
readout,2048,2,regularized_adaptive,0.0036195129210589982,0.0004916694305077129,2048
readout,2048,3,uniform,0.004408018790848622,0.001280175300297337,2048
readout,2048,3,regularized_adaptive,0.004474105305002141,0.0013462618144508554,2048
readout,2048,4,uniform,0.0027449668608339195,-0.0003828766297173658,2048
readout,2048,4,regularized_adaptive,0.0031721677071985255,4.432421664724018e-05,2048
readout,2048,5,uniform,0.008331735398275697,0.005203891907724412,2048
readout,2048,5,regularized_adaptive,0.0015672907238624134,-0.0015605527666888719,2048
readout,2048,6,uniform,0.0008241952687608745,-0.002303648221790411,2048
readout,2048,6,regularized_adaptive,-0.001199700902129841,-0.004327544392681126,2048
readout,2048,7,uniform,0.00020600410838689243,-0.002921839382164393,2048
readout,2048,7,regularized_adaptive,0.0012799362112820845,-0.0018479072792692008,2048
readout,2048,8,uniform,0.0013858598621352414,-0.001741983628416044,2048
readout,2048,8,regularized_adaptive,-0.001323611101057942,-0.004451454591609227,2048
readout,2048,9,uniform,0.008530823579492086,0.005402980088940801,2048
readout,2048,9,regularized_adaptive,0.002930934735432267,-0.0001969087551190185,2048
readout,2048,10,uniform,0.00978289633771201,0.006655052847160725,2048
readout,2048,10,regularized_adaptive,0.004604822534040487,0.0014769790434892016,2048
readout,2048,11,uniform,0.001908068666991447,-0.0012197748235598382,2048
readout,2048,11,regularized_adaptive,0.009049536594906371,0.005921693104355086,2048
readout,2048,12,uniform,0.009563179121971466,0.00643533563142018,2048
readout,2048,12,regularized_adaptive,-0.000952981032273037,-0.004080824522824322,2048
readout,2048,13,uniform,0.0036079838452156565,0.0004801403546643712,2048
readout,2048,13,regularized_adaptive,0.005679296141130052,0.002551452650578767,2048
readout,2048,14,uniform,0.010074935018511866,0.0069470915279605805,2048
readout,2048,14,regularized_adaptive,0.002040530623392378,-0.0010873128671589072,2048
readout,2048,15,uniform,0.007533267045240599,0.004405423554689314,2048
readout,2048,15,regularized_adaptive,0.0024891893029801437,-0.0006386541875711416,2048
readout,2048,16,uniform,0.012764099285231367,0.009636255794680082,2048
readout,2048,16,regularized_adaptive,0.0027537805688266914,-0.0003740629217245939,2048
readout,2048,17,uniform,0.002471450559891508,-0.0006563929306597771,2048
readout,2048,17,regularized_adaptive,0.002492625218137867,-0.0006352182724134181,2048
readout,2048,18,uniform,0.006629059095330625,0.0035012156047793397,2048
readout,2048,18,regularized_adaptive,0.0006230846575521198,-0.0025047588329991655,2048
readout,2048,19,uniform,0.0024361963842043366,-0.0006916471063469487,2048
readout,2048,19,regularized_adaptive,0.0025860486583120235,-0.0005417948322392618,2048
readout,2048,20,uniform,0.011554190231219508,0.008426346740668222,2048
readout,2048,20,regularized_adaptive,0.004757917036995352,0.0016300735464440663,2048
readout,2048,21,uniform,1.7185781818973567e-05,-0.0031106577087323117,2048
readout,2048,21,regularized_adaptive,0.0022005613030655624,-0.0009272821874857229,2048
readout,2048,22,uniform,0.004323301164200544,0.0011954576736492584,2048
readout,2048,22,regularized_adaptive,0.0070957789579715325,0.003967935467420247,2048
readout,2048,23,uniform,-0.00049687712237656,-0.0036247206129278453,2048
readout,2048,23,regularized_adaptive,0.0075784217172847335,0.004450578226733448,2048
readout,2048,24,uniform,0.0012476040283573298,-0.0018802394621939555,2048
readout,2048,24,regularized_adaptive,0.002317343357224111,-0.0008105001333271744,2048
readout,2048,25,uniform,0.005533413464728021,0.0024055699741767356,2048
readout,2048,25,regularized_adaptive,-0.004463884086886694,-0.007591727577437979,2048
readout,2048,26,uniform,0.0015225824433615642,-0.001605261047189721,2048
readout,2048,26,regularized_adaptive,0.006129794578197512,0.0030019510876462263,2048
readout,2048,27,uniform,0.0028161425282631214,-0.0003117009622881639,2048
readout,2048,27,regularized_adaptive,0.009172137301428407,0.006044293810877122,2048
readout,2048,28,uniform,0.00235983929496264,-0.0007680041955886452,2048
readout,2048,28,regularized_adaptive,-2.9040532677271358e-05,-0.0031568840232285567,2048
readout,2048,29,uniform,0.0008193346508544863,-0.002308508839696799,2048
readout,2048,29,regularized_adaptive,0.005345134844087163,0.0022172913535358774,2048
readout,2048,30,uniform,0.00747570166350453,0.004347858172953245,2048
readout,2048,30,regularized_adaptive,0.005553650756803918,0.002425807266252633,2048
readout,2048,31,uniform,-0.002783821992169422,-0.005911665482720707,2048
readout,2048,31,regularized_adaptive,-0.0007772360932376543,-0.0039050795837889396,2048
readout,2048,32,uniform,0.004778923519105582,0.001651080028554297,2048
readout,2048,32,regularized_adaptive,0.010883347235734142,0.007755503745182857,2048
readout,2048,33,uniform,0.006381557503711832,0.003253714013160547,2048
readout,2048,33,regularized_adaptive,0.0065136821685154445,0.003385838677964159,2048
readout,2048,34,uniform,0.001898717526356286,-0.0012291259641949992,2048
readout,2048,34,regularized_adaptive,0.00874284418244109,0.005615000691889804,2048
readout,2048,35,uniform,0.0037574500281181145,0.0006296065375668292,2048
readout,2048,35,regularized_adaptive,0.005009405567514058,0.0018815620769627728,2048
readout,2048,36,uniform,-0.002292012960458223,-0.005419856451009508,2048
readout,2048,36,regularized_adaptive,0.0011121578824759837,-0.0020156856080753016,2048
readout,2048,37,uniform,0.003643474024646487,0.0005156305340952017,2048
readout,2048,37,regularized_adaptive,0.0051218481087129675,0.001994004618161682,2048
readout,2048,38,uniform,0.008021268492462319,0.004893425001911034,2048
readout,2048,38,regularized_adaptive,0.0045936989877510825,0.0014658554971997972,2048
readout,2048,39,uniform,0.006257578550263432,0.0031297350597121465,2048
readout,2048,39,regularized_adaptive,0.003898245737757655,0.0007704022472063699,2048
readout,2048,40,uniform,-0.0007639672061214853,-0.0038918106966727706,2048
readout,2048,40,regularized_adaptive,0.0028809242114054,-0.0002469192791458852,2048
readout,2048,41,uniform,0.005366671035781145,0.00223882754522986,2048
readout,2048,41,regularized_adaptive,0.002864340348389227,-0.00026350314216205817,2048
readout,2048,42,uniform,0.002277146209404002,-0.0008506972811472835,2048
readout,2048,42,regularized_adaptive,0.005442284671404174,0.0023144411808528886,2048
readout,2048,43,uniform,0.0016041921483145316,-0.0015236513422367537,2048
readout,2048,43,regularized_adaptive,0.00022254152543599304,-0.0029053019651152923,2048
readout,2048,44,uniform,0.0064412861961864465,0.003313442705635161,2048
readout,2048,44,regularized_adaptive,-0.0011746497156304159,-0.004302493206181701,2048
readout,2048,45,uniform,-0.0005362677891067591,-0.0036641112796580444,2048
readout,2048,45,regularized_adaptive,0.0042122459196543005,0.0010844024291030152,2048
readout,2048,46,uniform,0.002636296621811418,-0.0004915468687398672,2048
readout,2048,46,regularized_adaptive,-0.001231651408316381,-0.004359494898867666,2048
readout,2048,47,uniform,0.002232922209135957,-0.0008949212814153285,2048
readout,2048,47,regularized_adaptive,-1.7273615954493948e-05,-0.0031451171065057792,2048
readout,2048,48,uniform,0.007481100801316032,0.0043532573107647465,2048
readout,2048,48,regularized_adaptive,0.00222229716939637,-0.0009055463211549153,2048
readout,2048,49,uniform,-0.00028002782060188025,-0.0034078713111531655,2048
readout,2048,49,regularized_adaptive,0.00588129104601709,0.0027534475554658044,2048
readout,2048,50,uniform,0.002366985112282727,-0.0007608583782685585,2048
readout,2048,50,regularized_adaptive,0.006253537782725083,0.0031256942921737974,2048
readout,2048,51,uniform,0.004362891470782948,0.0012350479802316627,2048
readout,2048,51,regularized_adaptive,0.0007414221088257733,-0.002386421381725512,2048
readout,2048,52,uniform,0.005400952412496274,0.0022731089219449885,2048
readout,2048,52,regularized_adaptive,0.005051535308140842,0.0019236918175895568,2048
readout,2048,53,uniform,-0.000807956096623208,-0.003935799587174493,2048
readout,2048,53,regularized_adaptive,0.0011528743260820207,-0.0019749691644692646,2048
readout,2048,54,uniform,0.001207403540624874,-0.0019204399499264113,2048
readout,2048,54,regularized_adaptive,0.0017527739701197476,-0.0013750695204315377,2048
readout,2048,55,uniform,0.007945219538762593,0.004817376048211308,2048
readout,2048,55,regularized_adaptive,0.007135002215878039,0.004007158725326754,2048
readout,2048,56,uniform,0.0035224368185202692,0.00039459332796898394,2048
readout,2048,56,regularized_adaptive,-0.0020111553490371747,-0.00513899883958846,2048
readout,2048,57,uniform,0.00574165472285415,0.002613811232302865,2048
readout,2048,57,regularized_adaptive,0.0028645251928685056,-0.0002633182976827797,2048
readout,2048,58,uniform,-0.0013654930098532247,-0.00449333650040451,2048
readout,2048,58,regularized_adaptive,0.0061915249243735815,0.003063681433822296,2048
readout,2048,59,uniform,0.009511318883720143,0.006383475393168858,2048
readout,2048,59,regularized_adaptive,0.005535636169341274,0.0024077926787899884,2048
readout,2048,60,uniform,0.0008502949769093604,-0.002277548513641925,2048
readout,2048,60,regularized_adaptive,0.0019713167269941323,-0.001156526763557153,2048
readout,2048,61,uniform,-0.0022875554668484455,-0.005415398957399731,2048
readout,2048,61,regularized_adaptive,0.0026861841014040877,-0.0004416593891471976,2048
readout,2048,62,uniform,0.004309763804951849,0.0011819203144005641,2048
readout,2048,62,regularized_adaptive,0.005784547492516445,0.00265670400196516,2048
readout,2048,63,uniform,-0.003326538214764696,-0.006454381705315981,2048
readout,2048,63,regularized_adaptive,0.004001216321246837,0.0008733728306955513,2048
readout,2048,64,uniform,0.014472677841117054,0.011344834350565769,2048
readout,2048,64,regularized_adaptive,0.003694092250102976,0.0005662487595516907,2048
readout,2048,65,uniform,-0.0008343314632561771,-0.003962174953807462,2048
readout,2048,65,regularized_adaptive,-0.0007412806103719305,-0.003869124100923216,2048
readout,2048,66,uniform,-0.0007154620978147008,-0.003843305588365986,2048
readout,2048,66,regularized_adaptive,0.005482517226717221,0.0023546737361659353,2048
readout,2048,67,uniform,0.0037436036654536764,0.0006157601749023911,2048
readout,2048,67,regularized_adaptive,0.006025885063903225,0.0028980415733519393,2048
readout,2048,68,uniform,0.013429417730423054,0.010301574239871769,2048
readout,2048,68,regularized_adaptive,0.002601413755817461,-0.0005264297347338243,2048
readout,2048,69,uniform,0.0065142517915912634,0.003386408301039978,2048
readout,2048,69,regularized_adaptive,-0.0001244376446161155,-0.003252281135167401,2048
readout,2048,70,uniform,0.007033245116962128,0.0039054016264108427,2048
readout,2048,70,regularized_adaptive,0.002913791305820368,-0.00021405218473091736,2048
readout,2048,71,uniform,-0.0008521642060204115,-0.003980007696571697,2048
readout,2048,71,regularized_adaptive,-0.0014538551992151483,-0.004581698689766434,2048
readout,2048,72,uniform,0.005192473958658184,0.0020646304681068983,2048
readout,2048,72,regularized_adaptive,-0.0004978250589502409,-0.003625668549501526,2048
readout,2048,73,uniform,0.00803383272864533,0.004905989238094044,2048
readout,2048,73,regularized_adaptive,-0.0013500760142921564,-0.004477919504843442,2048
readout,2048,74,uniform,0.00551967825357913,0.0023918347630278447,2048
readout,2048,74,regularized_adaptive,0.009833449410248107,0.006705605919696822,2048
readout,2048,75,uniform,0.0016563257475077364,-0.0014715177430435489,2048
readout,2048,75,regularized_adaptive,0.005059547904566308,0.001931704414015023,2048
readout,2048,76,uniform,0.0077030437872904756,0.00457520029673919,2048
readout,2048,76,regularized_adaptive,0.011396643084784053,0.008268799594232767,2048
readout,2048,77,uniform,0.004745149149239403,0.0016173056586881174,2048
readout,2048,77,regularized_adaptive,0.009498509428643942,0.006370665938092657,2048
readout,2048,78,uniform,0.0024712343338535447,-0.0006566091566977406,2048
readout,2048,78,regularized_adaptive,0.005318792019253671,0.0021909485287023855,2048
readout,2048,79,uniform,0.00448852603280514,0.0013606825422538549,2048
readout,2048,79,regularized_adaptive,0.0038547359524878644,0.0007268924619365791,2048
readout,2048,80,uniform,0.008578750456065265,0.00545090696551398,2048
readout,2048,80,regularized_adaptive,-0.0005084742216103777,-0.003636317712161663,2048
readout,2048,81,uniform,0.003357303634655473,0.0002294601441041877,2048
readout,2048,81,regularized_adaptive,-0.000516071662135964,-0.0036439151526872493,2048
readout,2048,82,uniform,0.006974561851911254,0.0038467183613599687,2048
readout,2048,82,regularized_adaptive,0.0028574664296678876,-0.00027037706088339775,2048
readout,2048,83,uniform,0.007305766188604679,0.0041779226980533934,2048
readout,2048,83,regularized_adaptive,1.2829612751730224e-05,-0.003115013877799555,2048
readout,2048,84,uniform,0.008797078855409701,0.005669235364858416,2048
readout,2048,84,regularized_adaptive,0.0036218916997121653,0.00049404820916088,2048
readout,2048,85,uniform,0.005453858501595299,0.0023260150110440136,2048
readout,2048,85,regularized_adaptive,0.002943227608175114,-0.00018461588237617121,2048
readout,2048,86,uniform,0.003491407086520404,0.0003635635959691186,2048
readout,2048,86,regularized_adaptive,-0.00042605954071994745,-0.0035539030312712327,2048
readout,2048,87,uniform,-0.0020581600179738757,-0.005186003508525161,2048
readout,2048,87,regularized_adaptive,0.0009079287243434209,-0.0022199147662078644,2048
readout,2048,88,uniform,0.0036128386450808847,0.0004849951545295994,2048
readout,2048,88,regularized_adaptive,-0.009226710137713034,-0.01235455362826432,2048
readout,2048,89,uniform,0.0005263414327263405,-0.002601502057824945,2048
readout,2048,89,regularized_adaptive,0.007043430585953914,0.003915587095402628,2048
readout,2048,90,uniform,0.009783932063527345,0.00665608857297606,2048
readout,2048,90,regularized_adaptive,-0.00027363442692962536,-0.0034014779174809107,2048
readout,2048,91,uniform,0.0007660853243161014,-0.002361758166235184,2048
readout,2048,91,regularized_adaptive,0.005559515607105325,0.00243167211655404,2048
readout,2048,92,uniform,-0.007334751000744433,-0.010462594491295718,2048
readout,2048,92,regularized_adaptive,0.0039487114702563275,0.0008208679797050422,2048
readout,2048,93,uniform,-0.00266470033479127,-0.005792543825342555,2048
readout,2048,93,regularized_adaptive,0.005649437679503322,0.0025215941889520366,2048
readout,2048,94,uniform,0.004527879838990501,0.0014000363484392153,2048
readout,2048,94,regularized_adaptive,-0.00018483439500194265,-0.003312677885553228,2048
readout,2048,95,uniform,0.00286932066090273,-0.00025852282964855533,2048
readout,2048,95,regularized_adaptive,0.006080180394546275,0.00295233690399499,2048
readout,2048,96,uniform,0.004464195481620692,0.0013363519910694066,2048
readout,2048,96,regularized_adaptive,0.005668303471664693,0.0025404599811134077,2048
readout,2048,97,uniform,0.0022764218838791095,-0.0008514216066721758,2048
readout,2048,97,regularized_adaptive,0.0017095521546695025,-0.0014182913358817828,2048
readout,2048,98,uniform,-0.0026938919744345924,-0.005821735464985878,2048
readout,2048,98,regularized_adaptive,0.005741596555626671,0.002613753065075386,2048
readout,2048,99,uniform,0.00609219297513075,0.002964349484579465,2048
readout,2048,99,regularized_adaptive,0.0013765199156106078,-0.0017513235749406775,2048
readout,2048,100,uniform,-0.003329370347659122,-0.006457213838210407,2048
readout,2048,100,regularized_adaptive,0.007569968367779012,0.004442124877227727,2048
readout,2048,101,uniform,0.0029825921165551605,-0.00014525137399612476,2048
readout,2048,101,regularized_adaptive,0.004345832769390157,0.0012179892788388713,2048
readout,2048,102,uniform,8.90497218106745e-05,-0.003038793768740611,2048
readout,2048,102,regularized_adaptive,0.003945091137365964,0.0008172476468146783,2048
readout,2048,103,uniform,0.003115850917409624,-1.1992573141661467e-05,2048
readout,2048,103,regularized_adaptive,0.004383506044952412,0.0012556625544011268,2048
readout,2048,104,uniform,-0.0006251325023827192,-0.0037529759929340045,2048
readout,2048,104,regularized_adaptive,0.0034273236648711958,0.0002994801743199105,2048
readout,2048,105,uniform,0.0011768810141346009,-0.0019509624764166844,2048
readout,2048,105,regularized_adaptive,0.0112157213558568,0.008087877865305515,2048
readout,2048,106,uniform,0.0009989298985830786,-0.0021289135919682067,2048
readout,2048,106,regularized_adaptive,0.008242682425590786,0.005114838935039501,2048
readout,2048,107,uniform,0.0013999419566532723,-0.001727901533898013,2048
readout,2048,107,regularized_adaptive,0.004745864541592759,0.0016180210510414739,2048
readout,2048,108,uniform,-0.0015140552037458122,-0.0046418986942970974,2048
readout,2048,108,regularized_adaptive,-0.002121593902832508,-0.0052494373933837934,2048
readout,2048,109,uniform,-0.0002051861064265026,-0.003333029596977788,2048
readout,2048,109,regularized_adaptive,0.006995476563899317,0.0038676330733480313,2048
readout,2048,110,uniform,0.003949474962979593,0.000821631472428308,2048
readout,2048,110,regularized_adaptive,0.009141363854340945,0.0060135203637896595,2048
readout,2048,111,uniform,0.00817878481872647,0.005050941328175185,2048
readout,2048,111,regularized_adaptive,0.0019708102383022563,-0.001157033252249029,2048
readout,2048,112,uniform,0.002341084050679676,-0.0007867594398716093,2048
readout,2048,112,regularized_adaptive,0.002059336967961123,-0.0010685065225901624,2048
readout,2048,113,uniform,0.002635918583671071,-0.0004919249068802145,2048
readout,2048,113,regularized_adaptive,-0.0011761533067895513,-0.004303996797340837,2048
readout,2048,114,uniform,0.0027176341577908047,-0.00041020933276048055,2048
readout,2048,114,regularized_adaptive,0.009591199307321219,0.006463355816769933,2048
readout,2048,115,uniform,0.0034306106063182185,0.00030276711576693316,2048
readout,2048,115,regularized_adaptive,0.0037951892909253715,0.0006673458003740862,2048
readout,2048,116,uniform,0.0013612228640331736,-0.0017666206265181117,2048
readout,2048,116,regularized_adaptive,0.00029675609282442394,-0.0028310873977268614,2048
readout,2048,117,uniform,0.004411411973306301,0.0012835684827550153,2048
readout,2048,117,regularized_adaptive,-0.0007672560953295715,-0.003895099585880857,2048
readout,2048,118,uniform,-0.006445360152627977,-0.009573203643179262,2048
readout,2048,118,regularized_adaptive,0.0006595247484186828,-0.0024683187421326025,2048
readout,2048,119,uniform,0.005983703790223949,0.0028558602996726634,2048
readout,2048,119,regularized_adaptive,0.00911044933668137,0.005982605846130085,2048
readout,2048,120,uniform,0.003103356583825878,-2.448690672540721e-05,2048
readout,2048,120,regularized_adaptive,0.0014001976581274889,-0.0017276458324237964,2048
readout,2048,121,uniform,0.006493347862242871,0.0033655043716915856,2048
readout,2048,121,regularized_adaptive,0.0012087291472715478,-0.0019191143432797375,2048
readout,2048,122,uniform,0.0031899518192037846,6.210832865249927e-05,2048
readout,2048,122,regularized_adaptive,0.0033527043099077503,0.00022486081935646496,2048
readout,2048,123,uniform,6.152405189485677e-05,-0.0030663194386564285,2048
readout,2048,123,regularized_adaptive,0.00431811088400913,0.0011902673934578445,2048
readout,2048,124,uniform,0.0022678330219516596,-0.0008600104685996257,2048
readout,2048,124,regularized_adaptive,0.005927560150731814,0.002799716660180529,2048
readout,2048,125,uniform,0.0008685639853558413,-0.002259279505195444,2048
readout,2048,125,regularized_adaptive,0.0025349066860842484,-0.0005929368044670369,2048
readout,2048,126,uniform,0.003121624400303169,-6.219090248116288e-06,2048
readout,2048,126,regularized_adaptive,0.00037131522376565584,-0.0027565282667856295,2048
readout,2048,127,uniform,-0.00024134389990404514,-0.0033691873904553304,2048
readout,2048,127,regularized_adaptive,0.008857325407414685,0.005729481916863399,2048
readout,2048,128,uniform,0.0010149566238393248,-0.0021128868667119605,2048
readout,2048,128,regularized_adaptive,0.00044332333437946403,-0.0026845201561718213,2048
readout,2048,129,uniform,0.00574694409977905,0.0026191006092277647,2048
readout,2048,129,regularized_adaptive,0.005336359074106234,0.0022085155835549486,2048
readout,2048,130,uniform,-0.0019073577261670138,-0.005035201216718299,2048
readout,2048,130,regularized_adaptive,0.009590127824712802,0.006462284334161517,2048
readout,2048,131,uniform,0.003062776766652675,-6.506672389861023e-05,2048
readout,2048,131,regularized_adaptive,0.006536285340908776,0.003408441850357491,2048
readout,2048,132,uniform,0.001996915602113347,-0.0011309278884379381,2048
readout,2048,132,regularized_adaptive,0.007297987678453133,0.0041701441879018475,2048
readout,2048,133,uniform,0.007310423918052145,0.004182580427500859,2048
readout,2048,133,regularized_adaptive,0.0024915391438460333,-0.000636304346705252,2048
readout,2048,134,uniform,0.001764165096522774,-0.0013636783940285113,2048
readout,2048,134,regularized_adaptive,-0.0013582489402743647,-0.00448609243082565,2048
readout,2048,135,uniform,0.0033849406808519333,0.00025709719030064804,2048
readout,2048,135,regularized_adaptive,0.004841892457007724,0.0017140489664564384,2048
readout,2048,136,uniform,0.001942040616865981,-0.0011858028736853043,2048
readout,2048,136,regularized_adaptive,-0.002003244873900911,-0.0051310883644521965,2048
readout,2048,137,uniform,0.005568955825690836,0.0024411123351395503,2048
readout,2048,137,regularized_adaptive,0.00428123232611366,0.0011533888355623745,2048
readout,2048,138,uniform,0.0045591989221343,0.0014313554315830146,2048
readout,2048,138,regularized_adaptive,0.0024752173429574142,-0.000652626147593871,2048
readout,2048,139,uniform,-0.0015104801595891004,-0.004638323650140386,2048
readout,2048,139,regularized_adaptive,0.0001921392548069889,-0.0029357042357442964,2048
readout,2048,140,uniform,-0.0016012064782291446,-0.00472904996878043,2048
readout,2048,140,regularized_adaptive,6.498503395491184e-05,-0.0030628584565963735,2048
readout,2048,141,uniform,0.0015524903319832362,-0.0015753531585680491,2048
readout,2048,141,regularized_adaptive,0.00330108128554496,0.00017323779499367475,2048
readout,2048,142,uniform,0.0029431350367374876,-0.00018470845381379775,2048
readout,2048,142,regularized_adaptive,0.0012567275065773487,-0.0018711159839739366,2048
readout,2048,143,uniform,0.00012011837420011773,-0.0030077251163511676,2048
readout,2048,143,regularized_adaptive,0.008092726593709187,0.004964883103157902,2048
readout,2048,144,uniform,0.002340760664174546,-0.0007870828263767393,2048
readout,2048,144,regularized_adaptive,0.0034619680343217496,0.0003341245437704643,2048
readout,2048,145,uniform,0.005953811123259101,0.0028259676327078154,2048
readout,2048,145,regularized_adaptive,0.007651068718151244,0.0045232252275999585,2048
readout,2048,146,uniform,-0.00019370584683375824,-0.0033215493373850435,2048
readout,2048,146,regularized_adaptive,-0.0018564898215274184,-0.004984333312078704,2048
readout,2048,147,uniform,0.004460550007226338,0.001332706516675053,2048
readout,2048,147,regularized_adaptive,-0.00394708459331472,-0.007074928083866006,2048
readout,2048,148,uniform,-0.0007826847952143723,-0.003910528285765658,2048
readout,2048,148,regularized_adaptive,0.004810364376667486,0.001682520886116201,2048
readout,2048,149,uniform,-0.0016416397049567877,-0.004769483195508073,2048
readout,2048,149,regularized_adaptive,-0.0022698830732759134,-0.005397726563827199,2048
readout,2048,150,uniform,0.00413031540341624,0.001002471912864955,2048
readout,2048,150,regularized_adaptive,0.004017685719932551,0.0008898422293812658,2048
readout,2048,151,uniform,0.0035364111565874268,0.0004085676660361415,2048
readout,2048,151,regularized_adaptive,0.0007413994818241676,-0.0023864440087271177,2048
readout,2048,152,uniform,-4.510748771213713e-05,-0.0031729509782634224,2048
readout,2048,152,regularized_adaptive,0.002131780828217522,-0.0009960626623337632,2048
readout,2048,153,uniform,0.003968144711785193,0.0008403012212339078,2048
readout,2048,153,regularized_adaptive,0.004566787043548182,0.0014389435529968964,2048
readout,2048,154,uniform,-0.002088267546447753,-0.005216111036999038,2048
readout,2048,154,regularized_adaptive,-0.0008718667967926308,-0.003999710287343916,2048
readout,2048,155,uniform,0.004366177592105558,0.0012383341015542726,2048
readout,2048,155,regularized_adaptive,0.0006204139127206076,-0.0025074295778306777,2048
readout,2048,156,uniform,0.011266507048761198,0.008138663558209913,2048
readout,2048,156,regularized_adaptive,0.004061332127092143,0.0009334886365408579,2048
readout,2048,157,uniform,0.002671424084089935,-0.00045641940646135026,2048
readout,2048,157,regularized_adaptive,0.008186905453635873,0.005059061963084588,2048
readout,2048,158,uniform,0.011906263524001481,0.008778420033450196,2048
readout,2048,158,regularized_adaptive,0.012352697360411113,0.009224853869859828,2048
readout,2048,159,uniform,0.0008629289170301035,-0.0022649145735211818,2048
readout,2048,159,regularized_adaptive,0.00895137934586554,0.005823535855314255,2048
readout,2048,160,uniform,0.0035993709897699233,0.000471527499218638,2048
readout,2048,160,regularized_adaptive,0.004991659113590785,0.0018638156230394998,2048
readout,2048,161,uniform,-0.0021874606267413554,-0.005315304117292641,2048
readout,2048,161,regularized_adaptive,0.00164309630175552,-0.0014847471887957653,2048
readout,2048,162,uniform,0.0013359310896037258,-0.0017919124009475595,2048
readout,2048,162,regularized_adaptive,-0.0011419385513669056,-0.004269782041918191,2048
readout,2048,163,uniform,0.00013345792547170277,-0.0029943855650795825,2048
readout,2048,163,regularized_adaptive,-0.0046359697321758375,-0.007763813222727123,2048
readout,2048,164,uniform,0.003817972352733179,0.0006901288621818935,2048
readout,2048,164,regularized_adaptive,0.005180774750728645,0.0020529312601773597,2048
readout,2048,165,uniform,0.005392990558809707,0.002265147068258422,2048
readout,2048,165,regularized_adaptive,0.008458573925240742,0.005330730434689457,2048
readout,2048,166,uniform,0.005998830146297429,0.002870986655746144,2048
readout,2048,166,regularized_adaptive,0.00445058287041622,0.0013227393798649345,2048
readout,2048,167,uniform,0.0011410852556599238,-0.0019867582348913615,2048
readout,2048,167,regularized_adaptive,0.004385889710162516,0.0012580462196112308,2048
readout,2048,168,uniform,-0.007134075482018609,-0.010261918972569894,2048
readout,2048,168,regularized_adaptive,0.0029145502740366425,-0.00021329321651464284,2048
readout,2048,169,uniform,0.004164795426676804,0.0010369519361255186,2048
readout,2048,169,regularized_adaptive,0.006358415989646815,0.00323057249909553,2048
readout,2048,170,uniform,0.0002848889141411348,-0.0028429545764101505,2048
readout,2048,170,regularized_adaptive,-0.0017570275015792447,-0.00488487099213053,2048
readout,2048,171,uniform,0.0022180274994187954,-0.0009098159911324899,2048
readout,2048,171,regularized_adaptive,0.0019486819028582403,-0.001179161587693045,2048
readout,2048,172,uniform,-0.003240107546647053,-0.006367951037198338,2048
readout,2048,172,regularized_adaptive,0.004612749990515752,0.0014849064999644668,2048
readout,2048,173,uniform,0.0017847603936766987,-0.0013430830968745866,2048
readout,2048,173,regularized_adaptive,0.0029429222844701286,-0.0001849212060811567,2048
readout,2048,174,uniform,0.004684184767003607,0.0015563412764523221,2048
readout,2048,174,regularized_adaptive,-0.0035131893952664583,-0.006641032885817744,2048
readout,2048,175,uniform,-0.001573047597644539,-0.004700891088195824,2048
readout,2048,175,regularized_adaptive,0.0026465999683757957,-0.0004812435221754896,2048
readout,2048,176,uniform,0.00824068207330253,0.005112838582751245,2048
readout,2048,176,regularized_adaptive,0.004288193301412058,0.0011603498108607724,2048
readout,2048,177,uniform,0.004014065763321639,0.0008862222727703539,2048
readout,2048,177,regularized_adaptive,0.006091365357910661,0.0029635218673593755,2048
readout,2048,178,uniform,0.002621423378421639,-0.0005064201121296463,2048
readout,2048,178,regularized_adaptive,-0.0006968976642021119,-0.003824741154753397,2048
readout,2048,179,uniform,0.003028768353556366,-9.907513699491943e-05,2048
readout,2048,179,regularized_adaptive,0.00572525445517158,0.0025974109646202947,2048
readout,2048,180,uniform,-0.001919342893727638,-0.005047186384278923,2048
readout,2048,180,regularized_adaptive,0.008076816197519321,0.004948972706968036,2048
readout,2048,181,uniform,-0.001746428539070699,-0.004874272029621984,2048
readout,2048,181,regularized_adaptive,0.0008167218936296905,-0.002311121596921595,2048
readout,2048,182,uniform,0.001693650827776949,-0.0014341926627743362,2048
readout,2048,182,regularized_adaptive,0.0006423931879293576,-0.0024854503026219277,2048
readout,2048,183,uniform,0.0010890063081028245,-0.002038837182448461,2048
readout,2048,183,regularized_adaptive,0.007754134180937733,0.004626290690386448,2048
readout,2048,184,uniform,0.0028672080417369017,-0.0002606354488143836,2048
readout,2048,184,regularized_adaptive,0.006743638527821005,0.00361579503726972,2048
readout,2048,185,uniform,0.005015322863170191,0.0018874793726189054,2048
readout,2048,185,regularized_adaptive,0.004346305116968985,0.0012184616264176995,2048
readout,2048,186,uniform,-0.0018138335948219009,-0.004941677085373186,2048
readout,2048,186,regularized_adaptive,0.001225951769449729,-0.0019018917211015562,2048
readout,2048,187,uniform,0.009834003267778613,0.006706159777227327,2048
readout,2048,187,regularized_adaptive,0.002179057695055775,-0.0009487857954955103,2048
readout,2048,188,uniform,-0.0008710831235880789,-0.003998926614139364,2048
readout,2048,188,regularized_adaptive,0.006883345295659815,0.00375550180510853,2048
readout,2048,189,uniform,-0.0006660896623804646,-0.00379393315293175,2048
readout,2048,189,regularized_adaptive,0.0060100607313335885,0.0028822172407823032,2048
readout,2048,190,uniform,0.004578984795607255,0.0014511413050559696,2048
readout,2048,190,regularized_adaptive,0.005178398804911666,0.0020505553143603805,2048
readout,2048,191,uniform,0.0026190581432246063,-0.000508785347326679,2048
readout,2048,191,regularized_adaptive,0.010313066454660458,0.0071852229641091725,2048
readout,2048,192,uniform,0.0009236193294031025,-0.0022042241611481828,2048
readout,2048,192,regularized_adaptive,0.004867966030865034,0.0017401225403137488,2048
readout,2048,193,uniform,0.004295539874698662,0.0011676963841473764,2048
readout,2048,193,regularized_adaptive,0.006194141322996671,0.003066297832445386,2048
readout,2048,194,uniform,0.005273563690403549,0.0021457201998522635,2048
readout,2048,194,regularized_adaptive,0.004022869076331759,0.0008950255857804734,2048
readout,2048,195,uniform,0.006774894502740381,0.0036470510121890953,2048
readout,2048,195,regularized_adaptive,0.0040716381375922595,0.0009437946470409742,2048
readout,2048,196,uniform,0.0019297663278106114,-0.0011980771627406739,2048
readout,2048,196,regularized_adaptive,0.005848041323523567,0.002720197832972282,2048
readout,2048,197,uniform,0.002412314369744095,-0.0007155291208071901,2048
readout,2048,197,regularized_adaptive,0.002596439656063154,-0.0005314038344881311,2048
readout,2048,198,uniform,-0.001871903811296427,-0.004999747301847712,2048
readout,2048,198,regularized_adaptive,0.0030835502024197936,-4.429328813149169e-05,2048
readout,2048,199,uniform,7.293188169743559e-05,-0.0030549116088538497,2048
readout,2048,199,regularized_adaptive,0.0008608074131659649,-0.0022670360773853204,2048
readout,2048,200,uniform,0.0003973861180357474,-0.002730457372515538,2048
readout,2048,200,regularized_adaptive,0.002192168979918918,-0.0009356745106323672,2048
readout,2048,201,uniform,0.0007696222036921441,-0.0023582212868591412,2048
readout,2048,201,regularized_adaptive,0.0051579712023395174,0.002030127711788232,2048
readout,2048,202,uniform,-0.0015814215980629598,-0.004709265088614245,2048
readout,2048,202,regularized_adaptive,0.00536987146353507,0.0022420279729837844,2048
readout,2048,203,uniform,-0.002677319818594981,-0.005805163309146266,2048
readout,2048,203,regularized_adaptive,0.00042564296293257087,-0.0027022005276187144,2048
readout,2048,204,uniform,0.002269258176137434,-0.0008585853144138511,2048
readout,2048,204,regularized_adaptive,0.0019359369065172771,-0.0011919065840340082,2048
readout,2048,205,uniform,0.00017094967188313603,-0.0029568938186681493,2048
readout,2048,205,regularized_adaptive,0.004996130345339189,0.001868286854787904,2048
readout,2048,206,uniform,0.0030704871962772273,-5.735629427405797e-05,2048
readout,2048,206,regularized_adaptive,0.0038227691452883406,0.0006949256547370553,2048
readout,2048,207,uniform,0.0006525059317841198,-0.0024753375587671655,2048
readout,2048,207,regularized_adaptive,0.00809218934638345,0.004964345855832164,2048
readout,2048,208,uniform,0.007506497451604588,0.004378653961053303,2048
readout,2048,208,regularized_adaptive,0.00974015372261583,0.006612310232064544,2048
readout,2048,209,uniform,0.00915119428171085,0.006023350791159565,2048
readout,2048,209,regularized_adaptive,0.004471612839468619,0.0013437693489173341,2048
readout,2048,210,uniform,0.004435581718632342,0.0013077382280810568,2048
readout,2048,210,regularized_adaptive,-0.0003546633321782622,-0.0034825068227295475,2048
readout,2048,211,uniform,0.00021602394254127688,-0.0029118195480100084,2048
readout,2048,211,regularized_adaptive,-0.0038051800913176947,-0.00693302358186898,2048
readout,2048,212,uniform,0.002987466793457294,-0.00014037669709399125,2048
readout,2048,212,regularized_adaptive,-0.0008064751449232688,-0.003934318635474554,2048
readout,2048,213,uniform,0.0004260881706983355,-0.00270175531985295,2048
readout,2048,213,regularized_adaptive,0.004272347138822852,0.0011445036482715665,2048
readout,2048,214,uniform,0.003235203594173619,0.00010736010362233372,2048
readout,2048,214,regularized_adaptive,-0.002377814350584373,-0.005505657841135658,2048
readout,2048,215,uniform,0.0020249693088452148,-0.0011028741817060705,2048
readout,2048,215,regularized_adaptive,0.0025650368931229295,-0.0005628065974283558,2048
readout,2048,216,uniform,0.007055049316162076,0.003927205825610791,2048
readout,2048,216,regularized_adaptive,0.00034064364863528596,-0.0027871998419159993,2048
readout,2048,217,uniform,0.007542982761004957,0.004415139270453672,2048
readout,2048,217,regularized_adaptive,0.0035459778800852604,0.0004181343895339751,2048
readout,2048,218,uniform,0.005207693688094039,0.002079850197542754,2048
readout,2048,218,regularized_adaptive,-0.009537528735378942,-0.012665372225930227,2048
readout,2048,219,uniform,0.0010450323151642849,-0.0020828111753870004,2048
readout,2048,219,regularized_adaptive,-0.00018199182213152199,-0.0033098353126828073,2048
readout,2048,220,uniform,0.008513653910867447,0.005385810420316162,2048
readout,2048,220,regularized_adaptive,0.004910123848947734,0.0017822803583964486,2048
readout,2048,221,uniform,0.004738771864967184,0.0016109283744158986,2048
readout,2048,221,regularized_adaptive,0.0052131088817493065,0.0020852653911980212,2048
readout,2048,222,uniform,0.002554271521520768,-0.0005735719690305174,2048
readout,2048,222,regularized_adaptive,0.00367586865864844,0.0005480251680971548,2048
readout,2048,223,uniform,0.0008064275484533923,-0.002321415942097893,2048
readout,2048,223,regularized_adaptive,0.007131189499141044,0.004003346008589759,2048
readout,2048,224,uniform,0.0055570427899285235,0.0024291992993772382,2048
readout,2048,224,regularized_adaptive,0.0025739446423536094,-0.0005538988481976759,2048
readout,2048,225,uniform,0.005931320922937466,0.002803477432386181,2048
readout,2048,225,regularized_adaptive,0.008051597899423335,0.00492375440887205,2048
readout,2048,226,uniform,0.00010165141452311843,-0.003026192076028167,2048
readout,2048,226,regularized_adaptive,0.0034462182095271743,0.000318374718975889,2048
readout,2048,227,uniform,0.009608112152879045,0.0064802686623277594,2048
readout,2048,227,regularized_adaptive,0.005349418729164057,0.002221575238612772,2048
readout,2048,228,uniform,0.00809129137333997,0.004963447882788685,2048
readout,2048,228,regularized_adaptive,0.0023491329624532042,-0.0007787105280980811,2048
readout,2048,229,uniform,0.00395891771512602,0.0008310742245747349,2048
readout,2048,229,regularized_adaptive,0.005148806636273484,0.002020963145722199,2048
readout,2048,230,uniform,0.002408306847409669,-0.0007195366431416161,2048
readout,2048,230,regularized_adaptive,0.0016345670855519856,-0.0014932764049992997,2048
readout,2048,231,uniform,0.003930092313133571,0.0008022488225822855,2048
readout,2048,231,regularized_adaptive,0.00704849439926214,0.003920650908710854,2048
readout,2048,232,uniform,0.0015470248543136833,-0.001580818636237602,2048
readout,2048,232,regularized_adaptive,0.0033574978612147532,0.00022965437066346794,2048
readout,2048,233,uniform,0.0064036694672315875,0.003275825976680302,2048
readout,2048,233,regularized_adaptive,0.006997695974977347,0.0038698524844260618,2048
readout,2048,234,uniform,0.008196258009757429,0.005068414519206144,2048
readout,2048,234,regularized_adaptive,-0.004996976578582668,-0.008124820069133953,2048
readout,2048,235,uniform,-6.04330863156477e-05,-0.003188276576866933,2048
readout,2048,235,regularized_adaptive,0.00841572772766952,0.005287884237118234,2048
readout,2048,236,uniform,-0.00522216641080675,-0.008350009901358035,2048
readout,2048,236,regularized_adaptive,0.0019047047156819374,-0.0012231387748693479,2048
readout,2048,237,uniform,0.0022022857108314753,-0.00092555777971981,2048
readout,2048,237,regularized_adaptive,0.01100086852139448,0.007873025030843195,2048
readout,2048,238,uniform,0.005548144302498947,0.002420300811947662,2048
readout,2048,238,regularized_adaptive,-0.0023330566715884515,-0.005460900162139737,2048
readout,2048,239,uniform,-0.0019616564972801953,-0.005089499987831481,2048
readout,2048,239,regularized_adaptive,0.002061184066920241,-0.0010666594236310445,2048
readout,2048,240,uniform,0.010971007157023038,0.007843163666471753,2048
readout,2048,240,regularized_adaptive,0.009034171718514727,0.005906328227963442,2048
readout,2048,241,uniform,-0.0027674318966894873,-0.005895275387240773,2048
readout,2048,241,regularized_adaptive,0.0042993761710627965,0.0011715326805115112,2048
readout,2048,242,uniform,0.0008777132015316269,-0.0022501302890196584,2048
readout,2048,242,regularized_adaptive,0.00911673746409214,0.005988893973540854,2048
readout,2048,243,uniform,0.004563130551267669,0.0014352870607163837,2048
readout,2048,243,regularized_adaptive,0.015182650256131858,0.012054806765580572,2048
readout,2048,244,uniform,-0.004795194778765222,-0.007923038269316507,2048
readout,2048,244,regularized_adaptive,0.004816987689384433,0.001689144198833148,2048
readout,2048,245,uniform,0.004796230410330615,0.00166838691977933,2048
readout,2048,245,regularized_adaptive,0.006649981737852251,0.0035221382473009655,2048
readout,2048,246,uniform,0.006611044762758311,0.003483201272207026,2048
readout,2048,246,regularized_adaptive,0.004285696185470478,0.0011578526949191925,2048
readout,2048,247,uniform,0.0023473292008251434,-0.0007805142897261419,2048
readout,2048,247,regularized_adaptive,0.005137841302270907,0.0020099978117196216,2048
readout,2048,248,uniform,-0.0013763601215392995,-0.004504203612090585,2048
readout,2048,248,regularized_adaptive,0.006057492521309271,0.002929649030757986,2048
readout,2048,249,uniform,0.0009974325132695583,-0.002130410977281727,2048
readout,2048,249,regularized_adaptive,0.0027173848129580236,-0.0004104586775932617,2048
readout,2048,250,uniform,0.0011069686155602554,-0.00202087487499103,2048
readout,2048,250,regularized_adaptive,0.0010952062685953834,-0.002032637221955902,2048
readout,2048,251,uniform,0.002048850727320861,-0.0010789927632304241,2048
readout,2048,251,regularized_adaptive,0.00818571593796058,0.005057872447409295,2048
readout,2048,252,uniform,0.006267813444588377,0.0031399699540370918,2048
readout,2048,252,regularized_adaptive,-0.0006311712742590458,-0.003759014764810331,2048
readout,2048,253,uniform,0.00703573557560766,0.003907892085056375,2048
readout,2048,253,regularized_adaptive,0.00761940320755361,0.004491559717002325,2048
readout,2048,254,uniform,0.003013356564160574,-0.00011448692639071112,2048
readout,2048,254,regularized_adaptive,0.011478104738849026,0.008350261248297741,2048
readout,2048,255,uniform,-0.0015099737616610653,-0.004637817252212351,2048
readout,2048,255,regularized_adaptive,-0.00020719718544626176,-0.003335040675997547,2048
readout,2048,256,uniform,3.38494498395292e-05,-0.003093994040711756,2048
readout,2048,256,regularized_adaptive,0.00011309900003375617,-0.003014744490517529,2048
readout,2048,257,uniform,-0.0012105573501788314,-0.004338400840730117,2048
readout,2048,257,regularized_adaptive,0.009133375796861465,0.0060055323063101795,2048
readout,2048,258,uniform,0.008372984802943684,0.0052451413123923984,2048
readout,2048,258,regularized_adaptive,0.004508837406887345,0.0013809939163360596,2048
readout,2048,259,uniform,-0.0007386755310232473,-0.0038665190215745326,2048
readout,2048,259,regularized_adaptive,-0.005516938075703415,-0.0086447815662547,2048
readout,2048,260,uniform,0.0004663068339088028,-0.0026615366566424825,2048
readout,2048,260,regularized_adaptive,-0.0017175527723933826,-0.004845396262944668,2048
readout,2048,261,uniform,0.004909198827066419,0.0017813553365151336,2048
readout,2048,261,regularized_adaptive,0.004265544031597734,0.0011377005410464491,2048
readout,2048,262,uniform,0.0030565490234399917,-7.129446711129361e-05,2048
readout,2048,262,regularized_adaptive,0.005236130118896121,0.0021082866283448354,2048
readout,2048,263,uniform,0.008514720407295506,0.005386876916744221,2048
readout,2048,263,regularized_adaptive,0.0033676762381054104,0.0002398327475541251,2048
readout,2048,264,uniform,0.0013237267031467326,-0.0018041167874045527,2048
readout,2048,264,regularized_adaptive,0.0005518367341936781,-0.0025760067563576072,2048
readout,2048,265,uniform,0.006031698838530275,0.0029038553479789897,2048
readout,2048,265,regularized_adaptive,0.001267068525767634,-0.0018607749647836513,2048
readout,2048,266,uniform,-0.0008532307024484709,-0.003981074192999756,2048
readout,2048,266,regularized_adaptive,0.002561586783144776,-0.0005662567074065095,2048
readout,2048,267,uniform,0.008934231530876247,0.005806388040324961,2048
readout,2048,267,regularized_adaptive,0.0023056403294363648,-0.0008222031611149205,2048
readout,2048,268,uniform,0.00306228923951668,-6.555425103460522e-05,2048
readout,2048,268,regularized_adaptive,0.0005759173722532651,-0.00255192611829802,2048
readout,2048,269,uniform,8.143265261217891e-05,-0.0030464108379391064,2048
readout,2048,269,regularized_adaptive,0.006571296744696475,0.00344345325414519,2048
readout,2048,270,uniform,0.004671062902423806,0.0015432194118725207,2048
readout,2048,270,regularized_adaptive,0.004608025980279429,0.0014801824897281435,2048
readout,2048,271,uniform,0.004780148040131493,0.001652304549580208,2048
readout,2048,271,regularized_adaptive,0.004095396087958392,0.0009675525974071064,2048
readout,2048,272,uniform,-0.0015389838375980958,-0.004666827328149381,2048
readout,2048,272,regularized_adaptive,0.0037770160726813273,0.000649172582130042,2048
readout,2048,273,uniform,0.00603154041660936,0.0029036969260580747,2048
readout,2048,273,regularized_adaptive,0.004448179843293154,0.0013203363527418688,2048
readout,2048,274,uniform,0.002247361173457918,-0.0008804823170933673,2048
readout,2048,274,regularized_adaptive,0.00942091011369417,0.0062930666231428845,2048
readout,2048,275,uniform,0.0009261658303145737,-0.0022016776602367116,2048
readout,2048,275,regularized_adaptive,0.0038017593457393417,0.0006739158551880564,2048
readout,2048,276,uniform,0.0024381288432309134,-0.0006897146473203719,2048
readout,2048,276,regularized_adaptive,0.005784076636953017,0.002656233146401732,2048
readout,2048,277,uniform,0.0007348192905798356,-0.0023930241999714497,2048
readout,2048,277,regularized_adaptive,-0.00036072466014491766,-0.003488568150696203,2048
readout,2048,278,uniform,0.008229237780277288,0.005101394289726002,2048
readout,2048,278,regularized_adaptive,0.0015562118309304651,-0.0015716316596208202,2048
readout,2048,279,uniform,0.0095389564265691,0.006411112936017815,2048
readout,2048,279,regularized_adaptive,0.009369737046787563,0.006241893556236278,2048
readout,2048,280,uniform,0.00249726683426843,-0.0006305766562828552,2048
readout,2048,280,regularized_adaptive,0.004786394743422129,0.0016585512528708435,2048
readout,2048,281,uniform,0.004989796574959016,0.0018619530844077303,2048
readout,2048,281,regularized_adaptive,0.0022753989551222986,-0.0008524445354289867,2048
readout,2048,282,uniform,0.009294251865946457,0.0061664083753951715,2048
readout,2048,282,regularized_adaptive,0.002581367922384281,-0.0005464755681670042,2048
readout,2048,283,uniform,0.006621948933649868,0.003494105443098583,2048
readout,2048,283,regularized_adaptive,-0.0006792389214638206,-0.003807082412015106,2048
readout,2048,284,uniform,0.005748368359988376,0.002620524869437091,2048
readout,2048,284,regularized_adaptive,0.0030225882872398913,-0.00010525520331139404,2048
readout,2048,285,uniform,0.009306220745313176,0.006178377254761891,2048
readout,2048,285,regularized_adaptive,0.001718505743853349,-0.0014093377466979362,2048
readout,2048,286,uniform,-0.0011733683869348255,-0.004301211877486111,2048
readout,2048,286,regularized_adaptive,-0.002954374017742012,-0.006082217508293297,2048
readout,2048,287,uniform,0.008064703542071783,0.0049368600515204974,2048
readout,2048,287,regularized_adaptive,0.009321340331682748,0.006193496841131463,2048
readout,2048,288,uniform,0.006214150014010933,0.0030863065234596476,2048
readout,2048,288,regularized_adaptive,0.003015705509356259,-0.00011213798119502627,2048
readout,2048,289,uniform,-0.00295437240292884,-0.006082215893480125,2048
readout,2048,289,regularized_adaptive,0.00801429785187846,0.004886454361327175,2048
readout,2048,290,uniform,0.00703230612858885,0.0039044626380375647,2048
readout,2048,290,regularized_adaptive,-0.000399850256570744,-0.0035276937471220293,2048
readout,2048,291,uniform,-0.0016151247008009406,-0.004742968191352226,2048
readout,2048,291,regularized_adaptive,0.006644360921900017,0.0035165174313487313,2048
readout,2048,292,uniform,0.0019320213786970797,-0.0011958221118542056,2048
readout,2048,292,regularized_adaptive,0.010223561534223435,0.00709571804367215,2048
readout,2048,293,uniform,0.003620002948807155,0.0004921594582558697,2048
readout,2048,293,regularized_adaptive,0.0019365916506242087,-0.0011912518399270766,2048
readout,2048,294,uniform,0.0058368019857164555,0.00270895849516517,2048
readout,2048,294,regularized_adaptive,0.00020496396360591973,-0.0029228795269453656,2048
readout,2048,295,uniform,0.003660383298687009,0.0005325398081357235,2048
readout,2048,295,regularized_adaptive,0.004625097353031293,0.001497253862480008,2048
readout,2048,296,uniform,0.0026828675824690507,-0.00044497590808223464,2048
readout,2048,296,regularized_adaptive,0.004413278160351197,0.001285434669799912,2048
readout,2048,297,uniform,-0.0019080973465781526,-0.005035940837129438,2048
readout,2048,297,regularized_adaptive,0.0011413239183859503,-0.001986519572165335,2048
readout,2048,298,uniform,0.003804635255422184,0.0006767917648708988,2048
readout,2048,298,regularized_adaptive,0.001531307353543454,-0.0015965361370078313,2048
readout,2048,299,uniform,0.006768306400211088,0.003640462909659803,2048
readout,2048,299,regularized_adaptive,0.007457590865790564,0.004329747375239279,2048
readout,2048,300,uniform,0.0013813843917098723,-0.001746459098841413,2048
readout,2048,300,regularized_adaptive,-0.0008561180991124573,-0.003983961589663743,2048
readout,2048,301,uniform,0.0009154761236089826,-0.0022123673669423027,2048
readout,2048,301,regularized_adaptive,0.0015992305732908108,-0.0015286129172604745,2048
readout,2048,302,uniform,-0.00080669382107601,-0.003934537311627295,2048
readout,2048,302,regularized_adaptive,0.009606705736979748,0.006478862246428463,2048
readout,2048,303,uniform,0.0024997204323691236,-0.0006281230581821617,2048
readout,2048,303,regularized_adaptive,-0.006307580408196678,-0.009435423898747963,2048
readout,2048,304,uniform,0.0023529255213219358,-0.0007749179692293495,2048
readout,2048,304,regularized_adaptive,0.0021889480933898753,-0.00093889539716141,2048
readout,2048,305,uniform,0.009312898316549578,0.006185054825998293,2048
readout,2048,305,regularized_adaptive,0.0006573508274172468,-0.0024704926631340385,2048
readout,2048,306,uniform,0.00598314459863758,0.0028553011080862944,2048
readout,2048,306,regularized_adaptive,0.0009774542751870285,-0.0021503892153642568,2048
readout,2048,307,uniform,0.003627549804478214,0.0004997063139269287,2048
readout,2048,307,regularized_adaptive,-6.524375725458498e-05,-0.0031930872478058703,2048
readout,2048,308,uniform,0.0005504813145797982,-0.002577362175971487,2048
readout,2048,308,regularized_adaptive,0.0035741106472011452,0.00044626715664985994,2048
readout,2048,309,uniform,0.004746989003447943,0.001619145512896658,2048
readout,2048,309,regularized_adaptive,0.0057899565938015485,0.002662113103250263,2048
readout,2048,310,uniform,0.007496770358774718,0.004368926868223433,2048
readout,2048,310,regularized_adaptive,0.009319172721369284,0.006191329230817999,2048
readout,2048,311,uniform,0.0043956702840501904,0.0012678267934989051,2048
readout,2048,311,regularized_adaptive,0.008743672561468685,0.0056158290709174,2048
readout,2048,312,uniform,0.006152989753324789,0.0030251462627735037,2048
readout,2048,312,regularized_adaptive,0.006684585795714071,0.0035567423051627856,2048
readout,2048,313,uniform,0.006086201136331404,0.0029583576457801186,2048
readout,2048,313,regularized_adaptive,0.0026319625627042598,-0.0004958809278470255,2048
readout,2048,314,uniform,0.0015789201386535723,-0.001548923351897713,2048
readout,2048,314,regularized_adaptive,0.004340239048310934,0.001212395557759649,2048
readout,2048,315,uniform,0.005241250739283387,0.002113407248732102,2048
readout,2048,315,regularized_adaptive,0.0015870574886927002,-0.001540786001858585,2048
readout,2048,316,uniform,0.0022540609502588183,-0.000873782540292467,2048
readout,2048,316,regularized_adaptive,0.00915427316993167,0.006026429679380385,2048
readout,2048,317,uniform,0.004811792707991813,0.001683949217440528,2048
readout,2048,317,regularized_adaptive,0.009745707772445655,0.00661786428189437,2048
readout,2048,318,uniform,0.005024888567322527,0.0018970450767712421,2048
readout,2048,318,regularized_adaptive,0.005518915777179778,0.002391072286628493,2048
readout,2048,319,uniform,0.00020963339391943947,-0.002918210096631846,2048
readout,2048,319,regularized_adaptive,0.008667261930273895,0.00553941843972261,2048
readout,2048,320,uniform,0.004292526419003018,0.0011646829284517324,2048
readout,2048,320,regularized_adaptive,0.0002535600759481227,-0.0028742834146031626,2048
readout,2048,321,uniform,0.005181557417393456,0.002053713926842171,2048
readout,2048,321,regularized_adaptive,-0.0006687554072648538,-0.003796598897816139,2048
readout,2048,322,uniform,0.0016180736096718107,-0.0015097698808794746,2048
readout,2048,322,regularized_adaptive,0.00929306125950724,0.006165217768955955,2048
readout,2048,323,uniform,0.0032692495370287844,0.0001414060464774991,2048
readout,2048,323,regularized_adaptive,-0.0011450864520634596,-0.004272929942614745,2048
readout,2048,324,uniform,0.0022826876796049334,-0.000845155810946352,2048
readout,2048,324,regularized_adaptive,0.0037138560808225307,0.0005860125902712454,2048
readout,2048,325,uniform,0.00533804539907301,0.002210201908521725,2048
readout,2048,325,regularized_adaptive,-0.00020189339009490936,-0.0033297368806461947,2048
readout,2048,326,uniform,0.0014513507336673115,-0.0016764927568839738,2048
readout,2048,326,regularized_adaptive,0.0029534682871847906,-0.0001743752033664947,2048
readout,2048,327,uniform,0.005251957343103797,0.0021241138525525116,2048
readout,2048,327,regularized_adaptive,0.0022479435760764943,-0.000879899914474791,2048
readout,2048,328,uniform,0.004070980540622493,0.0009431370500712077,2048
readout,2048,328,regularized_adaptive,0.00298831744259509,-0.0001395260479561955,2048
readout,2048,329,uniform,0.003984535515517251,0.000856692024965966,2048
readout,2048,329,regularized_adaptive,0.0045361269660704195,0.0014082834755191342,2048
readout,2048,330,uniform,0.004839445943050968,0.0017116024524996831,2048
readout,2048,330,regularized_adaptive,0.008110908726293609,0.004983065235742323,2048
readout,2048,331,uniform,0.007537384851215911,0.004409541360664626,2048
readout,2048,331,regularized_adaptive,-0.0009736925846972611,-0.004101536075248546,2048
readout,2048,332,uniform,0.0030504296504840767,-7.741384006720864e-05,2048
readout,2048,332,regularized_adaptive,0.0069139299402012355,0.0037860864496499502,2048
readout,2048,333,uniform,0.0063075632657296765,0.003179719775178391,2048
readout,2048,333,regularized_adaptive,0.007731973284727189,0.004604129794175904,2048
readout,2048,334,uniform,-7.749356393738083e-05,-0.003205337054488666,2048
readout,2048,334,regularized_adaptive,0.004962036325125041,0.0018341928345737557,2048
readout,2048,335,uniform,0.0018857939241643251,-0.0012420495663869602,2048
readout,2048,335,regularized_adaptive,-0.0013321342295036231,-0.0044599777200549084,2048
readout,2048,336,uniform,0.008741229481898927,0.005613385991347641,2048
readout,2048,336,regularized_adaptive,0.0019051510880778721,-0.0012226924024734132,2048
readout,2048,337,uniform,0.0016111945406072081,-0.0015166489499440772,2048
readout,2048,337,regularized_adaptive,-0.0026535526297992718,-0.005781396120350557,2048
readout,2048,338,uniform,0.002540155546379985,-0.0005876879441713001,2048
readout,2048,338,regularized_adaptive,0.006780184018889912,0.0036523405283386268,2048
readout,2048,339,uniform,-0.0004907796130702025,-0.0036186231036214878,2048
readout,2048,339,regularized_adaptive,0.003145508104668515,1.766461411722986e-05,2048
readout,2048,340,uniform,0.0061772327230862345,0.003049389232534949,2048
readout,2048,340,regularized_adaptive,0.007782063762035385,0.0046542202714841,2048
readout,2048,341,uniform,0.004843904827290579,0.001716061336739294,2048
readout,2048,341,regularized_adaptive,0.002725958738740708,-0.00040188475181057726,2048
readout,2048,342,uniform,0.0010822011587876545,-0.0020456423317636308,2048
readout,2048,342,regularized_adaptive,0.0030994845940099935,-2.8358896541291756e-05,2048
readout,2048,343,uniform,0.003403425716674846,0.00027558222612356076,2048
readout,2048,343,regularized_adaptive,0.001469987831585584,-0.0016578556589657012,2048
readout,2048,344,uniform,0.003943864285495202,0.0008160207949439169,2048
readout,2048,344,regularized_adaptive,0.000551881367414353,-0.0025759621231369323,2048
readout,2048,345,uniform,0.002221364440949891,-0.0009064790496013941,2048
readout,2048,345,regularized_adaptive,0.00823906758418147,0.0051112240936301845,2048
readout,2048,346,uniform,0.0007288826000690918,-0.0023989608904821935,2048
readout,2048,346,regularized_adaptive,-0.005004842641112006,-0.008132686131663291,2048
readout,2048,347,uniform,0.0042884133254936785,0.0011605698349423932,2048
readout,2048,347,regularized_adaptive,0.004597106303102727,0.0014692628125514418,2048
readout,2048,348,uniform,0.00432384460816948,0.001196001117618195,2048
readout,2048,348,regularized_adaptive,-0.0033603273293030256,-0.006488170819854311,2048
readout,2048,349,uniform,0.007795140877165707,0.004667297386614422,2048
readout,2048,349,regularized_adaptive,0.0010171215037910741,-0.002110721986760211,2048
readout,2048,350,uniform,0.0024965608828813046,-0.0006312826076699807,2048
readout,2048,350,regularized_adaptive,0.00828743846302249,0.005159594972471204,2048
readout,2048,351,uniform,0.00166758658954258,-0.0014602569010087052,2048
readout,2048,351,regularized_adaptive,0.002357765839986925,-0.0007700776505643603,2048
readout,2048,352,uniform,0.0011965732894836378,-0.0019312702010676475,2048
readout,2048,352,regularized_adaptive,-0.0002792619969458343,-0.0034071054874971196,2048
readout,2048,353,uniform,0.003869890421203337,0.0007420469306520516,2048
readout,2048,353,regularized_adaptive,2.9911452276820683e-05,-0.0030979320382744646,2048
readout,2048,354,uniform,0.0019761559656670258,-0.0011516875248842595,2048
readout,2048,354,regularized_adaptive,0.007131298649667883,0.004003455159116598,2048
readout,2048,355,uniform,-0.000109296554388294,-0.0032371400449395793,2048
readout,2048,355,regularized_adaptive,0.002457244902635658,-0.0006705985879156273,2048
readout,2048,356,uniform,0.007174861232717156,0.00404701774216587,2048
readout,2048,356,regularized_adaptive,0.00280935760601686,-0.00031848588453442517,2048
readout,2048,357,uniform,-0.0009871693883907184,-0.004115012878942004,2048
readout,2048,357,regularized_adaptive,0.0006818394910901304,-0.002446003999461155,2048
readout,2048,358,uniform,-0.004401750221946443,-0.007529593712497729,2048
readout,2048,358,regularized_adaptive,-0.0017798080743363087,-0.004907651564887594,2048
readout,2048,359,uniform,0.0029669429327858765,-0.0001609005577654088,2048
readout,2048,359,regularized_adaptive,-0.0004143412932364754,-0.0035421847837877607,2048
readout,2048,360,uniform,0.0041507310109833995,0.0010228875204321142,2048
readout,2048,360,regularized_adaptive,0.0027110434063031263,-0.00041680008424815895,2048
readout,2048,361,uniform,-0.0035171598329890585,-0.006645003323540344,2048
readout,2048,361,regularized_adaptive,0.0016060061791964841,-0.0015218373113548012,2048
readout,2048,362,uniform,0.0041878812818065825,0.0010600377912552972,2048
readout,2048,362,regularized_adaptive,-0.004253270403740572,-0.0073811138942918575,2048
readout,2048,363,uniform,0.00015641671211241714,-0.002971426778438868,2048
readout,2048,363,regularized_adaptive,0.003887877096206971,0.0007600336056556856,2048
readout,2048,364,uniform,-0.005162867315918973,-0.008290710806470258,2048
readout,2048,364,regularized_adaptive,0.005462748516778859,0.002334905026227574,2048
readout,2048,365,uniform,6.296749382528333e-05,-0.003064875996726002,2048
readout,2048,365,regularized_adaptive,0.005938691010268116,0.0028108475197168303,2048
readout,2048,366,uniform,-0.0012872214384005431,-0.0044150649289518284,2048
readout,2048,366,regularized_adaptive,0.0076417088411782075,0.004513865350626922,2048
readout,2048,367,uniform,0.0014800712597997645,-0.0016477722307515208,2048
readout,2048,367,regularized_adaptive,0.005018365018933046,0.0018905215283817611,2048
readout,2048,368,uniform,0.010350686493304728,0.007222843002753443,2048
readout,2048,368,regularized_adaptive,0.0049868443164466925,0.0018590008258954072,2048
readout,2048,369,uniform,-0.0004824550422313223,-0.0036102985327826076,2048
readout,2048,369,regularized_adaptive,0.004837151375997273,0.0017093078854459876,2048
readout,2048,370,uniform,0.0034410460344718174,0.00031320254392053215,2048
readout,2048,370,regularized_adaptive,-0.0011101501493175903,-0.0042379936398688756,2048
readout,2048,371,uniform,0.0028567765997484784,-0.0002710668908028069,2048
readout,2048,371,regularized_adaptive,-0.00296983088540248,-0.0060976743759537655,2048
readout,2048,372,uniform,0.004537265158241155,0.0014094216676898697,2048
readout,2048,372,regularized_adaptive,0.00559262496516677,0.002464781474615485,2048
readout,2048,373,uniform,0.0021922853563900446,-0.0009355581341612407,2048
readout,2048,373,regularized_adaptive,0.0038231208018810747,0.0006952773113297894,2048
readout,2048,374,uniform,0.0022640247421472637,-0.0008638187484040216,2048
readout,2048,374,regularized_adaptive,-0.0003416609044482044,-0.0034695043949994897,2048
readout,2048,375,uniform,0.005295459997768148,0.002167616507216863,2048
readout,2048,375,regularized_adaptive,0.005700880977228984,0.0025730374866776984,2048
readout,2048,376,uniform,0.003840340892347527,0.0007124974017962415,2048
readout,2048,376,regularized_adaptive,-0.001667630850496593,-0.004795474341047878,2048
readout,2048,377,uniform,0.0010571287025857856,-0.0020707147879654997,2048
readout,2048,377,regularized_adaptive,0.0052842552910181695,0.002156411800466884,2048
readout,2048,378,uniform,0.005764796818910511,0.002636953328359226,2048
readout,2048,378,regularized_adaptive,-0.0001127452894476022,-0.0032405887799988875,2048
readout,2048,379,uniform,-0.003731305602562074,-0.006859149093113359,2048
readout,2048,379,regularized_adaptive,-0.004867973985138718,-0.007995817475690004,2048
readout,2048,380,uniform,-0.0013905838531309556,-0.004518427343682241,2048
readout,2048,380,regularized_adaptive,0.007614514221492286,0.004486670730941,2048
readout,2048,381,uniform,0.005200599783620419,0.0020727562930691334,2048
readout,2048,381,regularized_adaptive,0.003427065936820739,0.0002992224462694537,2048
readout,2048,382,uniform,0.007021655269042526,0.0038938117784912407,2048
readout,2048,382,regularized_adaptive,0.0029261626084586823,-0.00020168088209260304,2048
readout,2048,383,uniform,0.0016762693475875778,-0.0014515741429637075,2048
readout,2048,383,regularized_adaptive,0.005316126488447814,0.002188282997896529,2048
readout,2048,384,uniform,0.009147529625594508,0.006019686135043223,2048
readout,2048,384,regularized_adaptive,0.002143737908876453,-0.0009841055816748323,2048
readout,2048,385,uniform,0.003016222292850479,-0.00011162119770080636,2048
readout,2048,385,regularized_adaptive,0.008786950586389786,0.0056591070958385,2048
readout,2048,386,uniform,0.0066743103607098675,0.003546466870158582,2048
readout,2048,386,regularized_adaptive,0.004546113410210495,0.0014182699196592097,2048
readout,2048,387,uniform,0.0018149614209450604,-0.0013128820696062249,2048
readout,2048,387,regularized_adaptive,-0.0011840410818679814,-0.004311884572419267,2048
readout,2048,388,uniform,-0.000513250333678883,-0.0036410938242301683,2048
readout,2048,388,regularized_adaptive,0.00455535134430729,0.0014275078537560049,2048
readout,2048,389,uniform,0.007630221616911292,0.004502378126360007,2048
readout,2048,389,regularized_adaptive,0.00683847152762862,0.003710628037077335,2048
readout,2048,390,uniform,-0.0034246103878992074,-0.006552453878450493,2048
readout,2048,390,regularized_adaptive,0.004960094911378832,0.0018322514208275464,2048
readout,2048,391,uniform,-6.33379469920925e-05,-0.003191181437543378,2048
readout,2048,391,regularized_adaptive,0.008448694665869283,0.005320851175317998,2048
readout,2048,392,uniform,0.0023117496813247485,-0.0008160938092265368,2048
readout,2048,392,regularized_adaptive,0.003885037177087547,0.0007571936865362616,2048
readout,2048,393,uniform,0.002529739001954745,-0.0005981044885965403,2048
readout,2048,393,regularized_adaptive,0.008841410280890472,0.005713566790339186,2048
readout,2048,394,uniform,0.006276443723108649,0.0031486002325573637,2048
readout,2048,394,regularized_adaptive,0.002315158309587062,-0.0008126851809642233,2048
readout,2048,395,uniform,0.001917003816303442,-0.0012108396742478433,2048
readout,2048,395,regularized_adaptive,0.005413642434811017,0.0022857989442597315,2048
readout,2048,396,uniform,0.0011619869004020345,-0.001965856590149251,2048
readout,2048,396,regularized_adaptive,0.006316333602411461,0.003188490111860176,2048
readout,2048,397,uniform,-0.0026175705537694327,-0.005745414044320718,2048
readout,2048,397,regularized_adaptive,0.01200517066290896,0.008877327172357674,2048
readout,2048,398,uniform,0.0007348750348530331,-0.0023929684556982522,2048
readout,2048,398,regularized_adaptive,0.0024417794877180654,-0.0006860640028332199,2048
readout,2048,399,uniform,0.01134464875752883,0.008216805266977545,2048
readout,2048,399,regularized_adaptive,0.0036027957802513555,0.0004749522897000702,2048
readout,8192,0,uniform,0.003484808328502176,0.0003569648379508905,8192
readout,8192,0,regularized_adaptive,0.003101414962989324,-2.6428527561961346e-05,8192
readout,8192,1,uniform,0.0030896146195580343,-3.822887099325101e-05,8192
readout,8192,1,regularized_adaptive,0.0033057287125366486,0.00017788522198536327,8192
readout,8192,2,uniform,0.00441709424117942,0.0012892507506281348,8192
readout,8192,2,regularized_adaptive,0.0024119700113764964,-0.0007158734791747889,8192
readout,8192,3,uniform,0.004152144999685525,0.00102430150913424,8192
readout,8192,3,regularized_adaptive,0.0041873744903657695,0.0010595309998144842,8192
readout,8192,4,uniform,0.005439983104519541,0.002312139613968256,8192
readout,8192,4,regularized_adaptive,0.0005354845255238772,-0.002592358965027408,8192
readout,8192,5,uniform,0.002061225449793369,-0.0010666180407579162,8192
readout,8192,5,regularized_adaptive,0.003862140857633811,0.0007342973670825259,8192
readout,8192,6,uniform,0.0013989153095197437,-0.0017289281810315416,8192
readout,8192,6,regularized_adaptive,0.0029234872574193105,-0.00020435623313197482,8192
readout,8192,7,uniform,0.004835637372580415,0.0017077938820291294,8192
readout,8192,7,regularized_adaptive,0.00516364223844068,0.0020357987478893946,8192
readout,8192,8,uniform,0.003570571192508254,0.00044272770195696864,8192
readout,8192,8,regularized_adaptive,-0.0020222199781176897,-0.005150063468668975,8192
readout,8192,9,uniform,0.003703051004362301,0.0005752075138110158,8192
readout,8192,9,regularized_adaptive,0.0023141038914449297,-0.0008137395991063556,8192
readout,8192,10,uniform,0.0031022506956519535,-2.559279489933175e-05,8192
readout,8192,10,regularized_adaptive,-0.0010283913888979868,-0.004156234879449272,8192
readout,8192,11,uniform,0.004199467650370714,0.0010716241598194287,8192
readout,8192,11,regularized_adaptive,0.003087183419830275,-4.06600707210103e-05,8192
readout,8192,12,uniform,0.0030316728267258952,-9.617066382539008e-05,8192
readout,8192,12,regularized_adaptive,0.004666580631523587,0.0015387371409723016,8192
readout,8192,13,uniform,0.0018259619315346143,-0.001301881559016671,8192
readout,8192,13,regularized_adaptive,0.0023730054872608264,-0.0007548380032904589,8192
readout,8192,14,uniform,0.002674095609844329,-0.00045374788070695615,8192
readout,8192,14,regularized_adaptive,0.003145558748804511,1.771525825322584e-05,8192
readout,8192,15,uniform,0.0029553814614029505,-0.00017246202914833475,8192
readout,8192,15,regularized_adaptive,0.004456788512687382,0.0013289450221360966,8192
readout,8192,16,uniform,0.004255200650348456,0.001127357159797171,8192
readout,8192,16,regularized_adaptive,-0.0012095922829269412,-0.0043374357734782265,8192
readout,8192,17,uniform,0.004173259105004767,0.001045415614453482,8192
readout,8192,17,regularized_adaptive,0.004046660026624238,0.0009188165360729528,8192
readout,8192,18,uniform,0.0034468691774094395,0.00031902568685815424,8192
readout,8192,18,regularized_adaptive,0.003640358402823729,0.0005125149122724437,8192
readout,8192,19,uniform,0.004828330846752493,0.001700487356201208,8192
readout,8192,19,regularized_adaptive,0.0021448269913877382,-0.000983016499163547,8192
readout,8192,20,uniform,0.006430118856584066,0.003302275366032781,8192
readout,8192,20,regularized_adaptive,0.0026198933156527104,-0.0005079501748985749,8192
readout,8192,21,uniform,0.0020141881441535503,-0.001113655346397735,8192
readout,8192,21,regularized_adaptive,0.0013616940402112476,-0.0017661494503400377,8192
readout,8192,22,uniform,0.0053323516636165635,0.0022045081730652782,8192
readout,8192,22,regularized_adaptive,0.0016399574558203511,-0.0014878860347309342,8192
readout,8192,23,uniform,-0.0003820893651020896,-0.003509932855653375,8192
readout,8192,23,regularized_adaptive,0.0017516827097754373,-0.001376160780775848,8192
readout,8192,24,uniform,0.0010104370366432747,-0.0021174064539080106,8192
readout,8192,24,regularized_adaptive,0.002291483580735054,-0.0008363599098162311,8192
readout,8192,25,uniform,0.004695752055991598,0.0015679085654403124,8192
readout,8192,25,regularized_adaptive,0.002652235374706713,-0.0004756081158445724,8192
readout,8192,26,uniform,0.0038971348906811087,0.0007692914001298234,8192
readout,8192,26,regularized_adaptive,0.004988307954370441,0.0018604644638191559,8192
readout,8192,27,uniform,0.004634600195491778,0.0015067567049404929,8192
readout,8192,27,regularized_adaptive,0.00046611967204324145,-0.002661723818508044,8192
readout,8192,28,uniform,0.0036111698697984806,0.00048332637924719535,8192
readout,8192,28,regularized_adaptive,0.005055628856598382,0.0019277853660470967,8192
readout,8192,29,uniform,0.005363017926144131,0.002235174435592846,8192
readout,8192,29,regularized_adaptive,0.002650694186335123,-0.0004771493042161623,8192
readout,8192,30,uniform,0.004724148227946756,0.0015963047373954709,8192
readout,8192,30,regularized_adaptive,0.0029034627667616775,-0.00022438072378960783,8192
readout,8192,31,uniform,0.0009618747080271106,-0.0021659687825241747,8192
readout,8192,31,regularized_adaptive,0.005005625181291329,0.0018777816907400435,8192
readout,8192,32,uniform,0.004336964692996936,0.001209121202445651,8192
readout,8192,32,regularized_adaptive,0.004421746547957461,0.001293903057406176,8192
readout,8192,33,uniform,0.003874574653812246,0.0007467311632609608,8192
readout,8192,33,regularized_adaptive,0.003994369848779655,0.00086652635822837,8192
readout,8192,34,uniform,-0.0008563397949092888,-0.003984183285460574,8192
readout,8192,34,regularized_adaptive,0.001307049620429268,-0.0018207938701220172,8192
readout,8192,35,uniform,0.004167408678588558,0.0010395651880372725,8192
readout,8192,35,regularized_adaptive,0.0017334467947769383,-0.001394396695774347,8192
readout,8192,36,uniform,0.005575464099790928,0.0024476206092396424,8192
readout,8192,36,regularized_adaptive,0.004099909827335324,0.0009720663367840388,8192
readout,8192,37,uniform,0.00430685027216704,0.0011790067816157546,8192
readout,8192,37,regularized_adaptive,0.007142698524843283,0.0040148550342919975,8192
readout,8192,38,uniform,0.0035333714941030436,0.00040552800355175833,8192
readout,8192,38,regularized_adaptive,-2.9720928473864205e-06,-0.0031308155833986717,8192
readout,8192,39,uniform,0.00161452645224891,-0.0015133170383023753,8192
readout,8192,39,regularized_adaptive,0.003111893126072296,-1.5950364478989343e-05,8192
readout,8192,40,uniform,0.004485585036187345,0.0013577415456360598,8192
readout,8192,40,regularized_adaptive,0.0041166401445407175,0.0009887966539894322,8192
readout,8192,41,uniform,0.004279167575736764,0.001151324085185479,8192
readout,8192,41,regularized_adaptive,0.0005967825202048971,-0.0025310609703463882,8192
readout,8192,42,uniform,0.0039997692046176425,0.0008719257140663572,8192
readout,8192,42,regularized_adaptive,0.0026294863678630875,-0.0004983571226881978,8192
readout,8192,43,uniform,0.0036328072953741852,0.0005049638048228999,8192
readout,8192,43,regularized_adaptive,0.0026068710400686257,-0.0005209724504826596,8192
readout,8192,44,uniform,0.004240773597653735,0.00111293010710245,8192
readout,8192,44,regularized_adaptive,0.002906391661062102,-0.00022145182948918318,8192
readout,8192,45,uniform,0.002636292291676945,-0.0004915511988743404,8192
readout,8192,45,regularized_adaptive,0.0011290123749478909,-0.0019988311156033944,8192
readout,8192,46,uniform,0.0008683870472294686,-0.0022594564433218167,8192
readout,8192,46,regularized_adaptive,0.0006177078842917183,-0.002510135606259567,8192
readout,8192,47,uniform,0.004692462956843002,0.0015646194662917168,8192
readout,8192,47,regularized_adaptive,0.0052635951587802765,0.002135751668228991,8192
readout,8192,48,uniform,0.003721305659039942,0.0005934621684886565,8192
readout,8192,48,regularized_adaptive,-0.0009715126660294615,-0.004099356156580747,8192
readout,8192,49,uniform,0.0019517295489670516,-0.0011761139415842337,8192
readout,8192,49,regularized_adaptive,0.005782673044149256,0.0026548295535979705,8192
readout,8192,50,uniform,0.003674975942869807,0.0005471324523185217,8192
readout,8192,50,regularized_adaptive,0.0023908410479460684,-0.0007370024426052169,8192
readout,8192,51,uniform,0.0057627559521638005,0.0026349124616125152,8192
readout,8192,51,regularized_adaptive,0.0044850996506013985,0.0013572561600501132,8192
readout,8192,52,uniform,0.004262510502023531,0.0011346670114722457,8192
readout,8192,52,regularized_adaptive,0.00159562725461182,-0.0015322162359394653,8192
readout,8192,53,uniform,0.0018251037287599914,-0.001302739761791294,8192
readout,8192,53,regularized_adaptive,0.0006537462498066304,-0.002474097240744655,8192
readout,8192,54,uniform,0.0030283167466143013,-9.952674393698402e-05,8192
readout,8192,54,regularized_adaptive,0.0019419979589407887,-0.0011858455316104966,8192
readout,8192,55,uniform,0.0044342753760373554,0.0013064318854860701,8192
readout,8192,55,regularized_adaptive,0.005245290724118057,0.0021174472335667716,8192
readout,8192,56,uniform,0.0015526393210008038,-0.0015752041695504815,8192
readout,8192,56,regularized_adaptive,0.0035065046270101874,0.0003786611364589021,8192
readout,8192,57,uniform,0.0020124353819825913,-0.001115408108568694,8192
readout,8192,57,regularized_adaptive,0.0029284413286037037,-0.00019940216194758165,8192
readout,8192,58,uniform,0.002798929165442665,-0.0003289143251086202,8192
readout,8192,58,regularized_adaptive,0.0016649240559845069,-0.0014629194345667784,8192
readout,8192,59,uniform,0.0020387912831747457,-0.0010890522073765396,8192
readout,8192,59,regularized_adaptive,0.004452551815935735,0.0013247083253844494,8192
readout,8192,60,uniform,0.0037993147073596134,0.0006714712168083281,8192
readout,8192,60,regularized_adaptive,8.77708299622526e-05,-0.0030400726605890327,8192
readout,8192,61,uniform,0.003829004343085529,0.0007011608525342439,8192
readout,8192,61,regularized_adaptive,0.004518171193704568,0.0013903277031532824,8192
readout,8192,62,uniform,0.004853752735774819,0.0017259092452235336,8192
readout,8192,62,regularized_adaptive,0.0033348738320251314,0.00020703034147384614,8192
readout,8192,63,uniform,0.001808591653443159,-0.0013192518371081263,8192
readout,8192,63,regularized_adaptive,0.0036147800783847828,0.00048693658783349747,8192
readout,8192,64,uniform,0.0013305011047002324,-0.0017973423858510529,8192
readout,8192,64,regularized_adaptive,0.004369675505979664,0.001241832015428379,8192
readout,8192,65,uniform,-0.002438770489207265,-0.00556661397975855,8192
readout,8192,65,regularized_adaptive,0.0054725304218044,0.002344686931253115,8192
readout,8192,66,uniform,0.003587904248602669,0.0004600607580513838,8192
readout,8192,66,regularized_adaptive,0.003712271197136019,0.0005844277065847336,8192
readout,8192,67,uniform,0.0026906037946883288,-0.0004372396958629565,8192
readout,8192,67,regularized_adaptive,0.0030626694082984685,-6.517408225281685e-05,8192
readout,8192,68,uniform,0.0032276226392609075,9.977914870962223e-05,8192
readout,8192,68,regularized_adaptive,0.004194283390397402,0.0010664398998461166,8192
readout,8192,69,uniform,0.0007268276168996834,-0.002401015873651602,8192
readout,8192,69,regularized_adaptive,0.005138041172262575,0.00201019768171129,8192
readout,8192,70,uniform,0.0054228755706233756,0.0022950320800720903,8192
readout,8192,70,regularized_adaptive,0.001758820802643335,-0.0013690226879079503,8192
readout,8192,71,uniform,0.005738044264917086,0.0026102007743658007,8192
readout,8192,71,regularized_adaptive,0.0033059628990956824,0.00017811940854439712,8192
readout,8192,72,uniform,0.0018295348080350493,-0.001298308682516236,8192
readout,8192,72,regularized_adaptive,0.001826622247505405,-0.0013012212430458803,8192
readout,8192,73,uniform,0.002987977461980762,-0.00013986602857052333,8192
readout,8192,73,regularized_adaptive,0.001799488627593604,-0.0013283548629576813,8192
readout,8192,74,uniform,0.0037432416346012687,0.0006153981440499834,8192
readout,8192,74,regularized_adaptive,0.0053689916969332785,0.002241148206381993,8192
readout,8192,75,uniform,0.0036866004547144726,0.0005587569641631873,8192
readout,8192,75,regularized_adaptive,0.0010149230939378029,-0.0021129203966134824,8192
readout,8192,76,uniform,0.000702002886059816,-0.0024258406044914693,8192
readout,8192,76,regularized_adaptive,0.0036481150234539683,0.000520271532902683,8192
readout,8192,77,uniform,0.003586623993061977,0.0004587805025106917,8192
readout,8192,77,regularized_adaptive,0.003963390675314926,0.0008355471847636409,8192
readout,8192,78,uniform,0.004729278252763258,0.001601434762211973,8192
readout,8192,78,regularized_adaptive,0.0035673362978272394,0.0004394928072759541,8192
readout,8192,79,uniform,0.00651396181761843,0.0033861183270671447,8192
readout,8192,79,regularized_adaptive,0.003102325734396061,-2.5517756155224447e-05,8192
readout,8192,80,uniform,0.00382066794037339,0.0006928244498221048,8192
readout,8192,80,regularized_adaptive,0.002129178455607672,-0.0009986650349436133,8192
readout,8192,81,uniform,0.0031563118806525736,2.846839010128832e-05,8192
readout,8192,81,regularized_adaptive,0.0007229186573471935,-0.0024049248332040918,8192
readout,8192,82,uniform,0.0035435524719567013,0.000415708981405416,8192
readout,8192,82,regularized_adaptive,0.0034453837325116865,0.0003175402419604012,8192
readout,8192,83,uniform,0.00425228050165849,0.0011244370111072044,8192
readout,8192,83,regularized_adaptive,0.0019976325766464242,-0.001130210913904861,8192
readout,8192,84,uniform,0.0036583556768015058,0.0005305121862502205,8192
readout,8192,84,regularized_adaptive,0.0020756835718831468,-0.0010521599186681385,8192
readout,8192,85,uniform,0.0043492344772877445,0.0012213909867364592,8192
readout,8192,85,regularized_adaptive,0.0008669642470993111,-0.0022608792434519742,8192
readout,8192,86,uniform,0.002211034224152364,-0.0009168092663989214,8192
readout,8192,86,regularized_adaptive,0.00563538823415044,0.002507544743599155,8192
readout,8192,87,uniform,0.0032648709661460273,0.00013702747559474204,8192
readout,8192,87,regularized_adaptive,0.0023454500218962337,-0.0007823934686550515,8192
readout,8192,88,uniform,0.0016729804479016508,-0.0014548630426496345,8192
readout,8192,88,regularized_adaptive,0.0018682871130843992,-0.001259556377466886,8192
readout,8192,89,uniform,0.003228669467073786,0.00010082597652250058,8192
readout,8192,89,regularized_adaptive,0.004805910029860527,0.001678066539309242,8192
readout,8192,90,uniform,0.003834780044998709,0.0007069365544474238,8192
readout,8192,90,regularized_adaptive,0.003355712418258605,0.0002278689277073198,8192
readout,8192,91,uniform,-0.0012319917737650954,-0.004359835264316381,8192
readout,8192,91,regularized_adaptive,0.0014143127724706162,-0.0017135307180806691,8192
readout,8192,92,uniform,0.0018100634007032212,-0.001317780089848064,8192
readout,8192,92,regularized_adaptive,0.0011097784102336306,-0.0020180650803176547,8192
readout,8192,93,uniform,-0.0009699762014001578,-0.004097819691951443,8192
readout,8192,93,regularized_adaptive,0.0040438058488039275,0.0009159623582526422,8192
readout,8192,94,uniform,0.000793875530090915,-0.0023339679604603703,8192
readout,8192,94,regularized_adaptive,0.00520449288150715,0.0020766493909558648,8192
readout,8192,95,uniform,0.0065604760155153485,0.0034326325249640632,8192
readout,8192,95,regularized_adaptive,0.001069951491252219,-0.0020578919992990663,8192
readout,8192,96,uniform,-0.0011763039693439836,-0.004304147459895269,8192
readout,8192,96,regularized_adaptive,-0.00023160637787533744,-0.0033594498684266227,8192
readout,8192,97,uniform,0.003274532756017301,0.00014668926546601568,8192
readout,8192,97,regularized_adaptive,0.0052797971436557845,0.002151953653104499,8192
readout,8192,98,uniform,0.0034189347507975754,0.00029109126024629006,8192
readout,8192,98,regularized_adaptive,0.004075346061117813,0.0009475025705665274,8192
readout,8192,99,uniform,0.002632830719317525,-0.0004950127712337604,8192
readout,8192,99,regularized_adaptive,0.0012123076797365684,-0.001915535810814717,8192
readout,8192,100,uniform,0.004159587495596639,0.0010317440050453541,8192
readout,8192,100,regularized_adaptive,0.0032644337161809034,0.0001365902256296181,8192
readout,8192,101,uniform,0.0023188725924914166,-0.0008089708980598687,8192
readout,8192,101,regularized_adaptive,0.001370048817372016,-0.0017577946731792693,8192
readout,8192,102,uniform,0.0016223470823968356,-0.0015054964081544497,8192
readout,8192,102,regularized_adaptive,0.003928808540382356,0.0008009650498310705,8192
readout,8192,103,uniform,0.0020996383405309516,-0.0010282051500203337,8192
readout,8192,103,regularized_adaptive,0.0037327373110604967,0.0006048938205092114,8192
readout,8192,104,uniform,0.0037431053945926607,0.0006152619040413754,8192
readout,8192,104,regularized_adaptive,0.0034330419662120804,0.00030519847566079505,8192
readout,8192,105,uniform,0.003167203409136121,3.9359918584835896e-05,8192
readout,8192,105,regularized_adaptive,0.002536122510129246,-0.0005917209804220391,8192
readout,8192,106,uniform,0.004079314151967495,0.0009514706614162094,8192
readout,8192,106,regularized_adaptive,0.001976327698400837,-0.0011515157921504482,8192
readout,8192,107,uniform,0.0015963672486778435,-0.0015314762418734418,8192
readout,8192,107,regularized_adaptive,0.0031612448818743033,3.3401391323018004e-05,8192
readout,8192,108,uniform,0.001187973190049263,-0.0019398703005020224,8192
readout,8192,108,regularized_adaptive,0.0023512032950865347,-0.0007766401954647506,8192
readout,8192,109,uniform,0.003879195742173991,0.0007513522516227056,8192
readout,8192,109,regularized_adaptive,0.001981391276273392,-0.0011464522142778932,8192
readout,8192,110,uniform,0.002879158639407464,-0.0002486848511438211,8192
readout,8192,110,regularized_adaptive,0.0026047097258352636,-0.0005231337647160217,8192
readout,8192,111,uniform,0.0023839655337738463,-0.000743877956777439,8192
readout,8192,111,regularized_adaptive,0.005540215713616625,0.00241237222306534,8192
readout,8192,112,uniform,0.002551675745258386,-0.0005761677452928993,8192
readout,8192,112,regularized_adaptive,-0.0007789892612146687,-0.003906832751765954,8192
readout,8192,113,uniform,0.006460814827992323,0.0033329713374410375,8192
readout,8192,113,regularized_adaptive,0.005988686765358686,0.002860843274807401,8192
readout,8192,114,uniform,0.0035045576967789316,0.0003767142062276463,8192
readout,8192,114,regularized_adaptive,0.001998825937898019,-0.0011290175526532664,8192
readout,8192,115,uniform,0.00016458078004966126,-0.002963262710501624,8192
readout,8192,115,regularized_adaptive,0.0019612895370721972,-0.001166553953479088,8192
readout,8192,116,uniform,0.002773803000446051,-0.0003540404901052341,8192
readout,8192,116,regularized_adaptive,0.0038085769829621086,0.0006807334924108233,8192
readout,8192,117,uniform,0.0007735364499970032,-0.002354307040554282,8192
readout,8192,117,regularized_adaptive,0.0011392388573998602,-0.001988604633151425,8192
readout,8192,118,uniform,0.006803579352970601,0.003675735862419316,8192
readout,8192,118,regularized_adaptive,0.00500305754274688,0.0018752140521955951,8192
readout,8192,119,uniform,0.005875463489572574,0.002747619999021289,8192
readout,8192,119,regularized_adaptive,0.004048248683576894,0.0009204051930256085,8192
readout,8192,120,uniform,0.004395970267804472,0.0012681267772531868,8192
readout,8192,120,regularized_adaptive,0.00511066465600063,0.0019828211654493444,8192
readout,8192,121,uniform,0.006089475852843584,0.002961632362292299,8192
readout,8192,121,regularized_adaptive,0.001160162290885225,-0.0019676811996660604,8192
readout,8192,122,uniform,0.006529216380716463,0.0034013728901651774,8192
readout,8192,122,regularized_adaptive,0.0031178752651097597,-9.968225441525647e-06,8192
readout,8192,123,uniform,0.000619901152441038,-0.0025079423381102472,8192
readout,8192,123,regularized_adaptive,0.002739591744187031,-0.0003882517463642543,8192
readout,8192,124,uniform,0.00435683433631695,0.001228990845765665,8192
readout,8192,124,regularized_adaptive,0.005184636778878371,0.0020567932883270856,8192
readout,8192,125,uniform,0.000463251044429569,-0.0026645924461217163,8192
readout,8192,125,regularized_adaptive,-0.0004846617245464202,-0.0036125052150977055,8192
readout,8192,126,uniform,0.0031537729018005223,2.5929411249236978e-05,8192
readout,8192,126,regularized_adaptive,0.0016674626263810666,-0.0014603808641702187,8192
readout,8192,127,uniform,0.0023961365345863683,-0.000731706955964917,8192
readout,8192,127,regularized_adaptive,0.001090409788806035,-0.0020374337017452504,8192
readout,8192,128,uniform,0.003121339999320405,-6.503491230880343e-06,8192
readout,8192,128,regularized_adaptive,0.005486588590486896,0.0023587450999356108,8192
readout,8192,129,uniform,0.003191028359552206,6.318486900092068e-05,8192
readout,8192,129,regularized_adaptive,0.003602170675895522,0.00047432718534423657,8192
readout,8192,130,uniform,0.004708685622813569,0.0015808421322622834,8192
readout,8192,130,regularized_adaptive,0.002309000581634635,-0.0008188429089166505,8192
readout,8192,131,uniform,0.0030971694979768927,-3.067399257439263e-05,8192
readout,8192,131,regularized_adaptive,0.003969753601539949,0.000841910110988664,8192
readout,8192,132,uniform,6.627876594400561e-05,-0.0030615647246072797,8192
readout,8192,132,regularized_adaptive,0.0035121432751417103,0.000384299784590425,8192
readout,8192,133,uniform,0.002953269804185865,-0.00017457368636542014,8192
readout,8192,133,regularized_adaptive,0.0031450980250591343,1.7254534507848973e-05,8192
readout,8192,134,uniform,0.002975652247693361,-0.00015219124285792418,8192
readout,8192,134,regularized_adaptive,0.0007286881534751544,-0.002399155337076131,8192
readout,8192,135,uniform,0.003831056392401777,0.0007032129018504918,8192
readout,8192,135,regularized_adaptive,0.0014185019909209728,-0.0017093414996303125,8192
readout,8192,136,uniform,0.004485770032873759,0.001357926542322474,8192
readout,8192,136,regularized_adaptive,0.0037760003776270423,0.000648156887075757,8192
readout,8192,137,uniform,0.0037310789688005386,0.0006032354782492533,8192
readout,8192,137,regularized_adaptive,0.004907422815469076,0.0017795793249177905,8192
readout,8192,138,uniform,0.002717843695463351,-0.00040999979508793416,8192
readout,8192,138,regularized_adaptive,0.003931074301068094,0.0008032308105168084,8192
readout,8192,139,uniform,0.004409323733928439,0.0012814802433771533,8192
readout,8192,139,regularized_adaptive,0.003765449713494462,0.0006376062229431767,8192
readout,8192,140,uniform,0.0039469279662327494,0.0008190844756814641,8192
readout,8192,140,regularized_adaptive,0.004584891430016391,0.001457047939465106,8192
readout,8192,141,uniform,0.003991457397860998,0.0008636139073097127,8192
readout,8192,141,regularized_adaptive,0.004512145504670606,0.0013843020141193207,8192
readout,8192,142,uniform,0.0022316385418159612,-0.0008962049487353241,8192
readout,8192,142,regularized_adaptive,0.006161394576131407,0.0030335510855801218,8192
readout,8192,143,uniform,0.002653872547077718,-0.0004739709434735673,8192
readout,8192,143,regularized_adaptive,0.002581205377444107,-0.0005466381131071785,8192
readout,8192,144,uniform,0.0025244223338045657,-0.0006034211567467196,8192
readout,8192,144,regularized_adaptive,0.004886440770405898,0.0017585972798546123,8192
readout,8192,145,uniform,0.0036811716523823534,0.0005533281618310681,8192
readout,8192,145,regularized_adaptive,0.000952176606581645,-0.0021756668839696403,8192
readout,8192,146,uniform,0.0010467434209404658,-0.0020811000696108195,8192
readout,8192,146,regularized_adaptive,0.0038336610065048404,0.0007058175159535551,8192
readout,8192,147,uniform,0.0018453171855927764,-0.001282526304958509,8192
readout,8192,147,regularized_adaptive,0.0029571172275986157,-0.00017072626295266957,8192
readout,8192,148,uniform,0.004036635194529126,0.0009087917039778404,8192
readout,8192,148,regularized_adaptive,0.001404297228064344,-0.0017235462624869413,8192
readout,8192,149,uniform,0.0037035641089060434,0.0005757206183547581,8192
readout,8192,149,regularized_adaptive,-0.0012543269376479316,-0.004382170428199217,8192
readout,8192,150,uniform,0.003827303179919639,0.0006994596893683536,8192
readout,8192,150,regularized_adaptive,0.0009284921090815246,-0.0021993513814697607,8192
readout,8192,151,uniform,0.003462475400926479,0.0003346319103751938,8192
readout,8192,151,regularized_adaptive,0.0022301969240672292,-0.000897646566484056,8192
readout,8192,152,uniform,0.0023086461178554174,-0.0008191973726958679,8192
readout,8192,152,regularized_adaptive,0.0006058990379482765,-0.002521944452603009,8192
readout,8192,153,uniform,0.0012360744657664569,-0.0018917690247848284,8192
readout,8192,153,regularized_adaptive,0.006392053853424784,0.0032642103628734986,8192
readout,8192,154,uniform,0.0022676440277145105,-0.0008601994628367748,8192
readout,8192,154,regularized_adaptive,0.005519966644849106,0.0023921231542978205,8192
readout,8192,155,uniform,0.005151233915647424,0.0020233904250961388,8192
readout,8192,155,regularized_adaptive,0.0015571828079732342,-0.0015706606825780511,8192
readout,8192,156,uniform,0.005044022265376036,0.0019161787748247505,8192
readout,8192,156,regularized_adaptive,0.003456705639986346,0.00032886214943506076,8192
readout,8192,157,uniform,0.0043658521408911355,0.0012380086503398502,8192
readout,8192,157,regularized_adaptive,0.0031288691558666315,1.0256653153462025e-06,8192
readout,8192,158,uniform,0.003139681246164372,1.1837755613086642e-05,8192
readout,8192,158,regularized_adaptive,0.0021842786014092397,-0.0009435648891420456,8192
readout,8192,159,uniform,0.0042948947048166985,0.0011670512142654133,8192
readout,8192,159,regularized_adaptive,0.0017219968632806726,-0.0014058466272706127,8192
readout,8192,160,uniform,0.0018209942696501003,-0.001306849220901185,8192
readout,8192,160,regularized_adaptive,0.004232568178777818,0.0011047246882265327,8192
readout,8192,161,uniform,0.00450910575251573,0.0013812622619644443,8192
readout,8192,161,regularized_adaptive,0.0026017785262482107,-0.0005260649643030746,8192
readout,8192,162,uniform,0.0011672404707354644,-0.001960603019815821,8192
readout,8192,162,regularized_adaptive,0.0009673464842370194,-0.002160497006314266,8192
readout,8192,163,uniform,0.001160697510749209,-0.0019671459798020763,8192
readout,8192,163,regularized_adaptive,0.004767985097630323,0.0016401416070790376,8192
readout,8192,164,uniform,0.0012452453692741727,-0.0018825981212771126,8192
readout,8192,164,regularized_adaptive,0.0010838979827720863,-0.002043945507779199,8192
readout,8192,165,uniform,0.006648630972750702,0.0035207874821994167,8192
readout,8192,165,regularized_adaptive,0.0037970764454238193,0.000669232954872534,8192
readout,8192,166,uniform,0.003670389284321729,0.0005425457937704437,8192
readout,8192,166,regularized_adaptive,0.00836787111178161,0.005240027621230325,8192
readout,8192,167,uniform,0.004786588183217866,0.0016587446926665805,8192
readout,8192,167,regularized_adaptive,0.002125850606593538,-0.0010019928839577474,8192
readout,8192,168,uniform,0.0018912456830744162,-0.001236597807476869,8192
readout,8192,168,regularized_adaptive,0.0023539627724806778,-0.0007738807180706075,8192
readout,8192,169,uniform,0.0037627649743230407,0.0006349214837717554,8192
readout,8192,169,regularized_adaptive,0.004216714305444569,0.0010888708148932835,8192
readout,8192,170,uniform,0.001299552413895455,-0.0018282910766558302,8192
readout,8192,170,regularized_adaptive,0.0032345340311081827,0.00010669054055689742,8192
readout,8192,171,uniform,0.006343779364827995,0.0032159358742767097,8192
readout,8192,171,regularized_adaptive,-0.0017713187880668002,-0.0048991622786180855,8192
readout,8192,172,uniform,0.001419250137268513,-0.0017085933532827724,8192
readout,8192,172,regularized_adaptive,0.0026891175108323395,-0.0004387259797189458,8192
readout,8192,173,uniform,0.003325262855380373,0.00019741936482908784,8192
readout,8192,173,regularized_adaptive,-0.00019675424288934096,-0.0033245977334406263,8192
readout,8192,174,uniform,0.007202699411563707,0.004074855921012421,8192
readout,8192,174,regularized_adaptive,0.000832646197376441,-0.0022951972931748443,8192
readout,8192,175,uniform,0.004406588029080893,0.0012787445385296081,8192
readout,8192,175,regularized_adaptive,0.0037228781274869505,0.0005950346369356652,8192
readout,8192,176,uniform,0.004562664448902964,0.0014348209583516791,8192
readout,8192,176,regularized_adaptive,0.0017159050687478583,-0.001411938421803427,8192
readout,8192,177,uniform,-0.0006158721013189705,-0.003743715591870256,8192
readout,8192,177,regularized_adaptive,0.0031525956616658135,2.475217111452821e-05,8192
readout,8192,178,uniform,0.0016846326018633562,-0.0014432108886879291,8192
readout,8192,178,regularized_adaptive,0.004091497208968953,0.0009636537184176674,8192
readout,8192,179,uniform,0.005561071324678757,0.0024332278341274716,8192
readout,8192,179,regularized_adaptive,0.0035394035063491813,0.00041156001579789603,8192
readout,8192,180,uniform,0.0028606036692639947,-0.0002672398212872906,8192
readout,8192,180,regularized_adaptive,0.00138870368144417,-0.0017391398091071153,8192
readout,8192,181,uniform,0.0001829716499024414,-0.002944871840648844,8192
readout,8192,181,regularized_adaptive,0.004598211802516516,0.001470368311965231,8192
readout,8192,182,uniform,0.0022853355665164443,-0.000842507924034841,8192
readout,8192,182,regularized_adaptive,0.0015537858942478167,-0.0015740575963034686,8192
readout,8192,183,uniform,0.0009580967257614148,-0.0021697467647898705,8192
readout,8192,183,regularized_adaptive,0.0018360553459029205,-0.0012917881446483648,8192
readout,8192,184,uniform,0.0025123743354811268,-0.0006154691550701585,8192
readout,8192,184,regularized_adaptive,0.0041812724444749705,0.0010534289539236852,8192
readout,8192,185,uniform,0.0019333264955481155,-0.0011945169950031698,8192
readout,8192,185,regularized_adaptive,-0.00016524371956627704,-0.0032930872101175623,8192
readout,8192,186,uniform,0.0030885726539269243,-3.927083662436104e-05,8192
readout,8192,186,regularized_adaptive,0.002859517738509787,-0.00026832575204149833,8192
readout,8192,187,uniform,0.00246491266769322,-0.0006629308228580655,8192
readout,8192,187,regularized_adaptive,0.0008218405932307604,-0.002306002897320525,8192
readout,8192,188,uniform,0.004252318153557866,0.0011244746630065805,8192
readout,8192,188,regularized_adaptive,0.0010489481191653383,-0.002078895371385947,8192
readout,8192,189,uniform,0.0018203310529676386,-0.0013075124375836467,8192
readout,8192,189,regularized_adaptive,0.005558991395482771,0.0024311479049314855,8192
readout,8192,190,uniform,0.0034847418832404387,0.00035689839268915335,8192
readout,8192,190,regularized_adaptive,0.0035364213463715544,0.00040857785582026906,8192
readout,8192,191,uniform,0.005034620388411071,0.0019067768978597854,8192
readout,8192,191,regularized_adaptive,0.003169154611024183,4.1311120472897755e-05,8192
readout,8192,192,uniform,0.004535578201068979,0.001407734710517694,8192
readout,8192,192,regularized_adaptive,0.004060812094139443,0.0009329686035881579,8192
readout,8192,193,uniform,0.003749095169500727,0.0006212516789494416,8192
readout,8192,193,regularized_adaptive,0.004516854315619767,0.0013890108250684818,8192
readout,8192,194,uniform,0.0011380415044044412,-0.001989801986146844,8192
readout,8192,194,regularized_adaptive,0.0022675848504256635,-0.0008602586401256218,8192
readout,8192,195,uniform,0.004135370878723066,0.0010075273881717806,8192
readout,8192,195,regularized_adaptive,0.005156992277839834,0.0020291487872885483,8192
readout,8192,196,uniform,0.005228647395495223,0.0021008039049439375,8192
readout,8192,196,regularized_adaptive,0.001142536116962134,-0.0019853073735891513,8192
readout,8192,197,uniform,0.002732339811776008,-0.0003955036787752775,8192
readout,8192,197,regularized_adaptive,0.002697934038249805,-0.00042990945230148014,8192
readout,8192,198,uniform,0.005229094625928354,0.002101251135377069,8192
readout,8192,198,regularized_adaptive,0.003398744394275788,0.0002709009037245025,8192
readout,8192,199,uniform,0.0033693575812732135,0.0002415140907219282,8192
readout,8192,199,regularized_adaptive,0.00430945171300845,0.0011816082224571645,8192
readout,8192,200,uniform,0.0023200578060293964,-0.0008077856845218889,8192
readout,8192,200,regularized_adaptive,0.002783391945989422,-0.00034445154456186344,8192
readout,8192,201,uniform,-0.00048198279981814807,-0.0036098262903694334,8192
readout,8192,201,regularized_adaptive,-0.00037503363030033654,-0.003502877120851622,8192
readout,8192,202,uniform,0.002262686023846605,-0.0008651574667046802,8192
readout,8192,202,regularized_adaptive,0.0019449096336465743,-0.001182933856904711,8192
readout,8192,203,uniform,0.0026274237117904775,-0.0005004197787608078,8192
readout,8192,203,regularized_adaptive,0.007109751286767718,0.003981907796216433,8192
readout,8192,204,uniform,0.00033035720950280734,-0.002797486281048478,8192
readout,8192,204,regularized_adaptive,0.001657168799968467,-0.0014706746905828183,8192
readout,8192,205,uniform,0.0007224234942437846,-0.0024054199963075007,8192
readout,8192,205,regularized_adaptive,0.003073739858804103,-5.4103631747182135e-05,8192
readout,8192,206,uniform,0.004452836167496699,0.0013249926769454135,8192
readout,8192,206,regularized_adaptive,0.005071046635539922,0.0019432031449886367,8192
readout,8192,207,uniform,0.003950204200772411,0.0008223607102211261,8192
readout,8192,207,regularized_adaptive,0.003232517812130631,0.00010467432157934553,8192
readout,8192,208,uniform,0.001040212615651015,-0.0020876308749002703,8192
readout,8192,208,regularized_adaptive,0.00406108478248246,0.000933241291931175,8192
readout,8192,209,uniform,0.002268111627729219,-0.0008597318628220663,8192
readout,8192,209,regularized_adaptive,0.00248420710735342,-0.0006436363831978653,8192
readout,8192,210,uniform,0.002081273722222221,-0.0010465697683290642,8192
readout,8192,210,regularized_adaptive,0.004742705413337767,0.0016148619227864813,8192
readout,8192,211,uniform,0.0029740191548386363,-0.00015382433571264897,8192
readout,8192,211,regularized_adaptive,0.0020950570563114113,-0.001032786434239874,8192
readout,8192,212,uniform,0.00045745682676567867,-0.0026703866637856066,8192
readout,8192,212,regularized_adaptive,0.004048356016135735,0.0009205125255844493,8192
readout,8192,213,uniform,0.004418018828990178,0.0012901753384388925,8192
readout,8192,213,regularized_adaptive,0.0049178168281631685,0.0017899733376118832,8192
readout,8192,214,uniform,0.004890702987730755,0.0017628594971794698,8192
readout,8192,214,regularized_adaptive,0.005079516933251149,0.0019516734426998639,8192
readout,8192,215,uniform,0.004651974148308646,0.001524130657757361,8192
readout,8192,215,regularized_adaptive,0.0025180111420137763,-0.000609832348537509,8192
readout,8192,216,uniform,0.003747952301923263,0.0006201088113719777,8192
readout,8192,216,regularized_adaptive,0.0002622294159202454,-0.00286561407463104,8192
readout,8192,217,uniform,0.004926232952194631,0.001798389461643346,8192
readout,8192,217,regularized_adaptive,0.0007617270623310191,-0.0023661164282202662,8192
readout,8192,218,uniform,0.004971888078974196,0.0018440445884229106,8192
readout,8192,218,regularized_adaptive,0.0012546694028854333,-0.001873174087665852,8192
readout,8192,219,uniform,0.00011081164105775088,-0.0030170318494935344,8192
readout,8192,219,regularized_adaptive,0.004113507733000787,0.0009856642424495021,8192
readout,8192,220,uniform,0.0032607961929231877,0.00013295270237190238,8192
readout,8192,220,regularized_adaptive,0.0012260708310476431,-0.0019017726595036422,8192
readout,8192,221,uniform,0.004145156321188281,0.001017312830636996,8192
readout,8192,221,regularized_adaptive,0.004460852011014538,0.0013330085204632525,8192
readout,8192,222,uniform,0.0016972277596360996,-0.0014306157309151857,8192
readout,8192,222,regularized_adaptive,0.004671587115052667,0.0015437436245013814,8192
readout,8192,223,uniform,0.003041024921926372,-8.681856862491344e-05,8192
readout,8192,223,regularized_adaptive,-9.680185470983815e-07,-0.0031288115090983837,8192
readout,8192,224,uniform,0.0026125674021866274,-0.0005152760883646579,8192
readout,8192,224,regularized_adaptive,0.003776698358195496,0.0006488548676442107,8192
readout,8192,225,uniform,0.00179859599186738,-0.0013292474986839053,8192
readout,8192,225,regularized_adaptive,0.002767282759856826,-0.00036056073069445915,8192
readout,8192,226,uniform,0.0019371720633092337,-0.0011906714272420515,8192
readout,8192,226,regularized_adaptive,0.006026515167857127,0.002898671677305842,8192
readout,8192,227,uniform,0.0048127653754743704,0.0016849218849230851,8192
readout,8192,227,regularized_adaptive,0.0037620591202571774,0.0006342156297058921,8192
readout,8192,228,uniform,0.0050037452057623,0.0018759017152110147,8192
readout,8192,228,regularized_adaptive,0.0025726135382937443,-0.000555229952257541,8192
readout,8192,229,uniform,0.004740772285213524,0.0016129287946622384,8192
readout,8192,229,regularized_adaptive,0.002455685994571688,-0.0006721574959795973,8192
readout,8192,230,uniform,0.0038240402456155564,0.0006961967550642711,8192
readout,8192,230,regularized_adaptive,0.004509227100025548,0.0013813836094742626,8192
readout,8192,231,uniform,0.0047449103475880605,0.0016170668570367752,8192
readout,8192,231,regularized_adaptive,0.001570385087882542,-0.0015574584026687432,8192
readout,8192,232,uniform,0.005259067850485799,0.0021312243599345138,8192
readout,8192,232,regularized_adaptive,0.0021415458601765636,-0.0009862976303747217,8192
readout,8192,233,uniform,0.004111055606990099,0.0009832121164388141,8192
readout,8192,233,regularized_adaptive,0.0031233530190606373,-4.490471490647963e-06,8192
readout,8192,234,uniform,0.005706714685955738,0.002578871195404453,8192
readout,8192,234,regularized_adaptive,0.0029369853189704642,-0.00019085817158082108,8192
readout,8192,235,uniform,0.0007611706153234366,-0.0023666728752278487,8192
readout,8192,235,regularized_adaptive,0.002423739480232001,-0.0007041040103192842,8192
readout,8192,236,uniform,0.0011301128259759707,-0.0019977306645753146,8192
readout,8192,236,regularized_adaptive,0.003109646712579739,-1.8196777971546396e-05,8192
readout,8192,237,uniform,0.0014435983509502037,-0.0016842451396010816,8192
readout,8192,237,regularized_adaptive,0.004413639090648402,0.0012857956000971171,8192
readout,8192,238,uniform,0.0015063526302405705,-0.0016214908603107148,8192
readout,8192,238,regularized_adaptive,0.005343138313626206,0.0022152948230749203,8192
readout,8192,239,uniform,0.0018548744875053202,-0.001272969003045965,8192
readout,8192,239,regularized_adaptive,0.0015756185548623236,-0.0015522249356889617,8192
readout,8192,240,uniform,0.004053732687342659,0.000925889196791374,8192
readout,8192,240,regularized_adaptive,0.00042056871285467423,-0.002707274777696611,8192
readout,8192,241,uniform,0.002136775548083669,-0.000991067942467616,8192
readout,8192,241,regularized_adaptive,0.002504688084761675,-0.0006231554057896105,8192
readout,8192,242,uniform,0.006472661690430925,0.00334481819987964,8192
readout,8192,242,regularized_adaptive,0.002319037502857668,-0.0008088059876936171,8192
readout,8192,243,uniform,0.00023676439764841462,-0.0028910790929028707,8192
readout,8192,243,regularized_adaptive,0.004415886376878397,0.001288042886327112,8192
readout,8192,244,uniform,0.0029678369702761387,-0.0001600065202751466,8192
readout,8192,244,regularized_adaptive,0.006897089419272362,0.0037692459287210767,8192
readout,8192,245,uniform,0.002260674161723486,-0.0008671693288277993,8192
readout,8192,245,regularized_adaptive,0.004223914591558575,0.0010960711010072899,8192
readout,8192,246,uniform,0.00493914766987924,0.001811304179327955,8192
readout,8192,246,regularized_adaptive,0.000742710694781934,-0.0023851327957693513,8192
readout,8192,247,uniform,0.0003346445332361725,-0.002793198957315113,8192
readout,8192,247,regularized_adaptive,0.0046220730475186045,0.0014942295569673192,8192
readout,8192,248,uniform,0.00644501094142047,0.003317167450869185,8192
readout,8192,248,regularized_adaptive,0.0008630125886259776,-0.0022648309019253077,8192
readout,8192,249,uniform,0.0047525226018949596,0.0016246791113436743,8192
readout,8192,249,regularized_adaptive,0.003939245426611393,0.0008114019360601077,8192
readout,8192,250,uniform,0.0034768845061501352,0.0003490410155988499,8192
readout,8192,250,regularized_adaptive,-0.0003578322716641935,-0.003485675762215479,8192
readout,8192,251,uniform,0.002460923015040528,-0.0006669204755107572,8192
readout,8192,251,regularized_adaptive,0.0026938005004275567,-0.0004340429901237286,8192
readout,8192,252,uniform,0.0022181449301390543,-0.000909698560412231,8192
readout,8192,252,regularized_adaptive,0.006001089883845623,0.0028732463932943375,8192
readout,8192,253,uniform,0.001490129496485082,-0.0016377139940662033,8192
readout,8192,253,regularized_adaptive,0.00189228537685171,-0.0012355581136995752,8192
readout,8192,254,uniform,0.0010759825781754273,-0.002051860912375858,8192
readout,8192,254,regularized_adaptive,0.002193360132575428,-0.0009344833579758571,8192
readout,8192,255,uniform,0.0021529756547415957,-0.0009748678358096896,8192
readout,8192,255,regularized_adaptive,0.0027265694226032977,-0.0004012740679479876,8192
readout,8192,256,uniform,0.005649351316517226,0.0025215078259659407,8192
readout,8192,256,regularized_adaptive,0.005267254266208887,0.002139410775657602,8192
readout,8192,257,uniform,0.0029048098417705503,-0.00022303364878073495,8192
readout,8192,257,regularized_adaptive,0.003269451032583248,0.0001416075420319629,8192
readout,8192,258,uniform,0.004889413226808692,0.0017615697362574068,8192
readout,8192,258,regularized_adaptive,-0.0009142966405599751,-0.00404214013111126,8192
readout,8192,259,uniform,0.004732822733223507,0.001604979242672222,8192
readout,8192,259,regularized_adaptive,0.0023405899224657745,-0.0007872535680855108,8192
readout,8192,260,uniform,0.006278670039659318,0.0031508265491080323,8192
readout,8192,260,regularized_adaptive,0.0034102796434023475,0.00028243615285106216,8192
readout,8192,261,uniform,0.004617983440881268,0.0014901399503299828,8192
readout,8192,261,regularized_adaptive,0.008413043355264271,0.005285199864712986,8192
readout,8192,262,uniform,0.00239047151234395,-0.0007373719782073351,8192
readout,8192,262,regularized_adaptive,0.0028708443281040275,-0.00025699916244725785,8192
readout,8192,263,uniform,0.002115180355286128,-0.0010126631352651572,8192
readout,8192,263,regularized_adaptive,0.003052806479478143,-7.503701107314242e-05,8192
readout,8192,264,uniform,-0.0003142574818948418,-0.003442100972446127,8192
readout,8192,264,regularized_adaptive,-0.001191254188164237,-0.004319097678715522,8192
readout,8192,265,uniform,0.0021280230580096315,-0.0009998204325416538,8192
readout,8192,265,regularized_adaptive,0.0016742146597934493,-0.001453628830757836,8192
readout,8192,266,uniform,0.0010740814942513666,-0.0020537619962999187,8192
readout,8192,266,regularized_adaptive,0.003267192379973416,0.00013934888942213064,8192
readout,8192,267,uniform,0.005624932748793832,0.0024970892582425464,8192
readout,8192,267,regularized_adaptive,0.0050986256980039,0.001970782207452615,8192
readout,8192,268,uniform,0.0014914692064742496,-0.0016363742840770357,8192
readout,8192,268,regularized_adaptive,0.0029294223107410033,-0.00019842117981028196,8192
readout,8192,269,uniform,0.0005668427033151957,-0.0025610007872360896,8192
readout,8192,269,regularized_adaptive,0.004395855188606745,0.00126801169805546,8192
readout,8192,270,uniform,0.0018333990889871643,-0.001294444401564121,8192
readout,8192,270,regularized_adaptive,0.005153827100624397,0.002025983610073112,8192
readout,8192,271,uniform,0.005524620815585024,0.0023967773250337387,8192
readout,8192,271,regularized_adaptive,-5.19086722583495e-05,-0.003179752162809635,8192
readout,8192,272,uniform,0.002024319761596338,-0.001103523728954947,8192
readout,8192,272,regularized_adaptive,0.00011140128702891161,-0.0030164422035223737,8192
readout,8192,273,uniform,-9.75552940873925e-05,-0.003225398784638678,8192
readout,8192,273,regularized_adaptive,0.0011368059162899513,-0.001991037574261334,8192
readout,8192,274,uniform,0.0018456096671553013,-0.001282233823395984,8192
readout,8192,274,regularized_adaptive,-0.00030989495663735767,-0.003437738447188643,8192
readout,8192,275,uniform,0.003601234839914369,0.0004733913493630837,8192
readout,8192,275,regularized_adaptive,0.0019683250738475877,-0.0011595184167036976,8192
readout,8192,276,uniform,0.0008082160500437752,-0.00231962744050751,8192
readout,8192,276,regularized_adaptive,0.0011746537832166837,-0.0019531897073346016,8192
readout,8192,277,uniform,0.0017778637692069665,-0.0013499797213443188,8192
readout,8192,277,regularized_adaptive,0.00436322991424376,0.001235386423692475,8192
readout,8192,278,uniform,0.003803384095693474,0.0006755406051421886,8192
readout,8192,278,regularized_adaptive,0.003952843213282264,0.0008249997227309791,8192
readout,8192,279,uniform,0.00574194996978683,0.002614106479235545,8192
readout,8192,279,regularized_adaptive,0.0034603498565699553,0.00033250636601867,8192
readout,8192,280,uniform,0.0019583330775825303,-0.001169510412968755,8192
readout,8192,280,regularized_adaptive,0.002886627657494145,-0.00024121583305714012,8192
readout,8192,281,uniform,0.00030232272196428767,-0.0028255207685869976,8192
readout,8192,281,regularized_adaptive,0.00119670778758163,-0.0019311357029696552,8192
readout,8192,282,uniform,0.000473972477476714,-0.0026538710130745713,8192
readout,8192,282,regularized_adaptive,0.0008139594709106746,-0.0023138840196406107,8192
readout,8192,283,uniform,0.0036535528365764236,0.0005257093460251383,8192
readout,8192,283,regularized_adaptive,0.0018683082703994103,-0.001259535220151875,8192
readout,8192,284,uniform,0.005793916913795272,0.0026660734232439864,8192
readout,8192,284,regularized_adaptive,0.000141942124174399,-0.0029859013663768863,8192
readout,8192,285,uniform,0.005108875982447358,0.001981032491896073,8192
readout,8192,285,regularized_adaptive,0.0034582498399249317,0.00033040634937364644,8192
readout,8192,286,uniform,0.005600982873665394,0.002473139383114109,8192
readout,8192,286,regularized_adaptive,0.0023262328796240794,-0.0008016106109272059,8192
readout,8192,287,uniform,0.0016837659439490338,-0.0014440775466022515,8192
readout,8192,287,regularized_adaptive,0.0038934712867817467,0.0007656277962304614,8192
readout,8192,288,uniform,0.003963003101803864,0.0008351596112525783,8192
readout,8192,288,regularized_adaptive,0.006375713531589611,0.0032478700410383254,8192
readout,8192,289,uniform,0.0042359051100469,0.001108061619495615,8192
readout,8192,289,regularized_adaptive,0.0032971717542169543,0.000169328263665669,8192
readout,8192,290,uniform,0.006755332437719197,0.0036274889471679117,8192
readout,8192,290,regularized_adaptive,0.002360802023171793,-0.0007670414673794923,8192
readout,8192,291,uniform,0.004453527788783163,0.0013256842982318773,8192
readout,8192,291,regularized_adaptive,0.004078679495532533,0.0009508360049812481,8192
readout,8192,292,uniform,0.001832775023049571,-0.0012950684675017143,8192
readout,8192,292,regularized_adaptive,0.000805461507209948,-0.0023223819833413373,8192
readout,8192,293,uniform,0.0025983887916538606,-0.0005294546988974247,8192
readout,8192,293,regularized_adaptive,0.003777777348275002,0.0006499338577237168,8192
readout,8192,294,uniform,0.004467788523390581,0.0013399450328392959,8192
readout,8192,294,regularized_adaptive,0.0014148863132410483,-0.001712957177310237,8192
readout,8192,295,uniform,0.004667264096643642,0.0015394206060923565,8192
readout,8192,295,regularized_adaptive,0.002334955609976319,-0.0007928878805749662,8192
readout,8192,296,uniform,0.0007316341640093427,-0.0023962093265419426,8192
readout,8192,296,regularized_adaptive,0.003021288200146799,-0.00010655529040448641,8192
readout,8192,297,uniform,0.0019448559450134795,-0.0011829875455378058,8192
readout,8192,297,regularized_adaptive,0.0053585569365921515,0.002230713446040866,8192
readout,8192,298,uniform,0.005612550031220742,0.002484706540669457,8192
readout,8192,298,regularized_adaptive,0.00018456187346149733,-0.002943281617089788,8192
readout,8192,299,uniform,0.004002150943698268,0.000874307453146983,8192
readout,8192,299,regularized_adaptive,0.002831709427175255,-0.0002961340633760301,8192
readout,8192,300,uniform,0.0010604343655780113,-0.002067409124973274,8192
readout,8192,300,regularized_adaptive,0.0063760510306112295,0.003248207540059944,8192
readout,8192,301,uniform,0.0034769023542908783,0.00034905886373959305,8192
readout,8192,301,regularized_adaptive,0.003007195009278263,-0.00012064848127302241,8192
readout,8192,302,uniform,0.003049275100449833,-7.856839010145222e-05,8192
readout,8192,302,regularized_adaptive,0.0014149911271124083,-0.001712852363438877,8192
readout,8192,303,uniform,0.00027457870828673236,-0.002853264782264553,8192
readout,8192,303,regularized_adaptive,0.0020917687065145074,-0.0010360747840367779,8192
readout,8192,304,uniform,0.001911448363603796,-0.0012163951269474893,8192
readout,8192,304,regularized_adaptive,0.009165787690061933,0.0060379441995106475,8192
readout,8192,305,uniform,0.0015823818599516315,-0.0015454616305996538,8192
readout,8192,305,regularized_adaptive,0.00552002135558638,0.0023921778650350944,8192
readout,8192,306,uniform,0.0012705574424405341,-0.0018572860481107512,8192
readout,8192,306,regularized_adaptive,0.003775396162495781,0.0006475526719444957,8192
readout,8192,307,uniform,-0.00048015342962859364,-0.003607996920179879,8192
readout,8192,307,regularized_adaptive,0.0022583642205207255,-0.0008694792700305598,8192
readout,8192,308,uniform,0.0016963719765552554,-0.00143147151399603,8192
readout,8192,308,regularized_adaptive,-4.873529290438938e-05,-0.0031765787834556747,8192
readout,8192,309,uniform,0.004276033483487929,0.0011481899929366435,8192
readout,8192,309,regularized_adaptive,0.002192529077111871,-0.0009353144134394142,8192
readout,8192,310,uniform,0.002318785637593912,-0.0008090578529573733,8192
readout,8192,310,regularized_adaptive,0.0017015825906376847,-0.0014262608999136006,8192
readout,8192,311,uniform,0.001546991639683526,-0.0015808518508677594,8192
readout,8192,311,regularized_adaptive,0.0040182064034262055,0.0008903629128749202,8192
readout,8192,312,uniform,0.0047779951596558234,0.0016501516691045381,8192
readout,8192,312,regularized_adaptive,0.001476050369667803,-0.0016517931208834824,8192
readout,8192,313,uniform,0.004288875692849636,0.001161032202298351,8192
readout,8192,313,regularized_adaptive,0.005916937162653291,0.0027890936721020054,8192
readout,8192,314,uniform,0.0038038310346593107,0.0006759875441080254,8192
readout,8192,314,regularized_adaptive,0.0032707275350789544,0.00014288404452766912,8192
readout,8192,315,uniform,0.005658603815286156,0.002530760324734871,8192
readout,8192,315,regularized_adaptive,0.0034729419350920665,0.0003450984445407812,8192
readout,8192,316,uniform,0.0026682875977819265,-0.0004595558927693588,8192
readout,8192,316,regularized_adaptive,0.0025632095620347073,-0.000564633928516578,8192
readout,8192,317,uniform,0.0037499146762387525,0.0006220711856874672,8192
readout,8192,317,regularized_adaptive,0.003733886447786716,0.0006060429572354309,8192
readout,8192,318,uniform,0.003724977655696904,0.0005971341651456186,8192
readout,8192,318,regularized_adaptive,0.0010463902966550975,-0.0020814531938961878,8192
readout,8192,319,uniform,0.003597837883400068,0.00046999439284878264,8192
readout,8192,319,regularized_adaptive,0.002328632230775618,-0.0007992112597756673,8192
readout,8192,320,uniform,0.0039295227787601306,0.0008016792882088453,8192
readout,8192,320,regularized_adaptive,0.0017836437268465843,-0.001344199763704701,8192
readout,8192,321,uniform,0.001461270002971915,-0.0016665734875793703,8192
readout,8192,321,regularized_adaptive,0.0001827161458010096,-0.0029451273447502757,8192
readout,8192,322,uniform,0.0010614271800211128,-0.0020664163105301725,8192
readout,8192,322,regularized_adaptive,0.005704931274718383,0.002577087784167098,8192
readout,8192,323,uniform,0.0038653767362744063,0.000737533245723121,8192
readout,8192,323,regularized_adaptive,0.0030922503042427607,-3.5593186308524594e-05,8192
readout,8192,324,uniform,0.006279917234417454,0.0031520737438661683,8192
readout,8192,324,regularized_adaptive,0.002893705525680801,-0.00023413796487048444,8192
readout,8192,325,uniform,0.0021206951269538976,-0.0010071483635973877,8192
readout,8192,325,regularized_adaptive,0.0032187382200188352,9.089472946754995e-05,8192
readout,8192,326,uniform,0.00621434719506464,0.0030865037045133548,8192
readout,8192,326,regularized_adaptive,0.0019017168046326915,-0.0012261266859185938,8192
readout,8192,327,uniform,0.004127721565267528,0.0009998780747162428,8192
readout,8192,327,regularized_adaptive,0.0040196972892792004,0.0008918537987279151,8192
readout,8192,328,uniform,0.0010169231389935973,-0.002110920351557688,8192
readout,8192,328,regularized_adaptive,0.002637821861732448,-0.0004900216288188375,8192
readout,8192,329,uniform,0.0007968299921774502,-0.002331013498373835,8192
readout,8192,329,regularized_adaptive,0.0024704701251723193,-0.000657373365378966,8192
readout,8192,330,uniform,0.004023651285829821,0.0008958077952785359,8192
readout,8192,330,regularized_adaptive,0.002121943683523142,-0.0010058998070281433,8192
readout,8192,331,uniform,0.006831418298338221,0.0037035748077869357,8192
readout,8192,331,regularized_adaptive,0.00450134138973457,0.0013734978991832847,8192
readout,8192,332,uniform,0.0028151590778948687,-0.00031268441265641655,8192
readout,8192,332,regularized_adaptive,0.001837329294999357,-0.0012905141955519284,8192
readout,8192,333,uniform,0.0021674612398419058,-0.0009603822507093795,8192
readout,8192,333,regularized_adaptive,2.983675692291854e-05,-0.0030980067336283668,8192
readout,8192,334,uniform,0.0015308842403367606,-0.0015969592502145247,8192
readout,8192,334,regularized_adaptive,0.0031963608482117323,6.851735766044698e-05,8192
readout,8192,335,uniform,0.0018110459957227931,-0.0013167974948284922,8192
readout,8192,335,regularized_adaptive,0.00373233431238873,0.0006044908218374445,8192
readout,8192,336,uniform,0.004117599979148068,0.0009897564885967824,8192
readout,8192,336,regularized_adaptive,-0.0007230541554337222,-0.0038508976459850075,8192
readout,8192,337,uniform,0.004836206444892355,0.0017083629543410694,8192
readout,8192,337,regularized_adaptive,0.002703878787118974,-0.0004239647034323113,8192
readout,8192,338,uniform,0.0026450284540562308,-0.00048281503649505453,8192
readout,8192,338,regularized_adaptive,0.004667581161725387,0.0015397376711741018,8192
readout,8192,339,uniform,0.0035135292165069387,0.0003856857259556534,8192
readout,8192,339,regularized_adaptive,0.004276622918794715,0.0011487794282434294,8192
readout,8192,340,uniform,0.0015140704577607522,-0.001613773032790533,8192
readout,8192,340,regularized_adaptive,0.0032399445826092332,0.00011210109205794794,8192
readout,8192,341,uniform,0.0021502934947337238,-0.0009775499958175615,8192
readout,8192,341,regularized_adaptive,0.0040217229192158754,0.0008938794286645901,8192
readout,8192,342,uniform,0.0028096796809027325,-0.00031816380964855284,8192
readout,8192,342,regularized_adaptive,0.001207403175227384,-0.0019204403153239014,8192
readout,8192,343,uniform,0.0041397902959188215,0.0010119468053675362,8192
readout,8192,343,regularized_adaptive,0.001341616917498456,-0.0017862265730528293,8192
readout,8192,344,uniform,0.00469083820229077,0.001562994711739485,8192
readout,8192,344,regularized_adaptive,0.004742155082372079,0.001614311591820794,8192
readout,8192,345,uniform,0.0027427405145417083,-0.000385102976009577,8192
readout,8192,345,regularized_adaptive,0.0035767686479957206,0.0004489251574444353,8192
readout,8192,346,uniform,0.004251048520416134,0.0011232050298648488,8192
readout,8192,346,regularized_adaptive,0.00403789042353786,0.0009100469329865746,8192
readout,8192,347,uniform,0.0012532199926944543,-0.001874623497856831,8192
readout,8192,347,regularized_adaptive,0.002668544422397723,-0.0004592990681535625,8192
readout,8192,348,uniform,0.0019360067186635632,-0.001191836771887722,8192
readout,8192,348,regularized_adaptive,0.004723683394753486,0.001595839904202201,8192
readout,8192,349,uniform,0.00708464691823707,0.003956803427685784,8192
readout,8192,349,regularized_adaptive,0.003620708516296922,0.0004928650257456368,8192
readout,8192,350,uniform,0.002992908198638844,-0.00013493529191244136,8192
readout,8192,350,regularized_adaptive,0.0010776490519832649,-0.0020501944385680204,8192
readout,8192,351,uniform,0.0036960334148483653,0.00056818992429708,8192
readout,8192,351,regularized_adaptive,0.0009860418568621299,-0.0021418016336891554,8192
readout,8192,352,uniform,0.003199038108100183,7.119461754889755e-05,8192
readout,8192,352,regularized_adaptive,0.0011581016038535452,-0.00196974188669774,8192
readout,8192,353,uniform,0.003758752046302938,0.0006309085557516525,8192
readout,8192,353,regularized_adaptive,0.0007103576174323223,-0.002417485873118963,8192
readout,8192,354,uniform,0.003097914909940158,-2.992858061112713e-05,8192
readout,8192,354,regularized_adaptive,0.006404108063930103,0.0032762645733788176,8192
readout,8192,355,uniform,0.003031579520140326,-9.626397041095913e-05,8192
readout,8192,355,regularized_adaptive,0.0028779871451432015,-0.00024985634540808377,8192
readout,8192,356,uniform,0.0002940826635349225,-0.0028337608270163628,8192
readout,8192,356,regularized_adaptive,0.003568623460111553,0.00044077996956026766,8192
readout,8192,357,uniform,0.0028842855899391395,-0.00024355790061214577,8192
readout,8192,357,regularized_adaptive,0.0018749011595904364,-0.001252942330960849,8192
readout,8192,358,uniform,0.0018242868029441084,-0.001303556687607177,8192
readout,8192,358,regularized_adaptive,0.00608929380648604,0.002961450315934755,8192
readout,8192,359,uniform,0.00442149455762042,0.0012936510670691348,8192
readout,8192,359,regularized_adaptive,0.002653814821914402,-0.0004740286686368833,8192
readout,8192,360,uniform,0.0035452146366061754,0.0004173711460548901,8192
readout,8192,360,regularized_adaptive,0.004772356242510156,0.001644512751958871,8192
readout,8192,361,uniform,0.004644252720561681,0.001516409230010396,8192
readout,8192,361,regularized_adaptive,0.004652043235293668,0.0015241997447423827,8192
readout,8192,362,uniform,-0.0014781205103551187,-0.004605964000906404,8192
readout,8192,362,regularized_adaptive,0.0011006447654526852,-0.0020271987250986,8192
readout,8192,363,uniform,0.005026905430807638,0.0018990619402563524,8192
readout,8192,363,regularized_adaptive,0.001189272497198246,-0.0019385709933530393,8192
readout,8192,364,uniform,0.003172411557184951,4.456806663366564e-05,8192
readout,8192,364,regularized_adaptive,0.003209062198577861,8.121870802657583e-05,8192
readout,8192,365,uniform,0.002447952961386335,-0.0006798905291649504,8192
readout,8192,365,regularized_adaptive,0.0035408665773166703,0.000413023086765385,8192
readout,8192,366,uniform,0.006093370190334291,0.0029655266997830054,8192
readout,8192,366,regularized_adaptive,0.004196318755696815,0.0010684752651455298,8192
readout,8192,367,uniform,0.0011934783309506258,-0.0019343651596006595,8192
readout,8192,367,regularized_adaptive,0.005247975180493469,0.002120131689942184,8192
readout,8192,368,uniform,0.005224581837408593,0.0020967383468573075,8192
readout,8192,368,regularized_adaptive,0.003916199943811094,0.0007883564532598086,8192
readout,8192,369,uniform,0.006887093219423157,0.003759249728871872,8192
readout,8192,369,regularized_adaptive,0.0020046625640288696,-0.0011231809265224157,8192
readout,8192,370,uniform,0.003022979999127706,-0.00010486349142357909,8192
readout,8192,370,regularized_adaptive,0.0036400713011532915,0.0005122278106020062,8192
readout,8192,371,uniform,0.00419472823731315,0.0010668847467618647,8192
readout,8192,371,regularized_adaptive,0.002946718449625685,-0.00018112504092560044,8192
readout,8192,372,uniform,0.00048579203160414863,-0.0026420514589471367,8192
readout,8192,372,regularized_adaptive,0.0017858556038143902,-0.001341987886736895,8192
readout,8192,373,uniform,0.0021000660545791305,-0.0010277774359721548,8192
readout,8192,373,regularized_adaptive,0.004713485577658716,0.0015856420871074306,8192
readout,8192,374,uniform,0.004516250077458039,0.0013884065869067541,8192
readout,8192,374,regularized_adaptive,0.0061566094530576265,0.0030287659625063412,8192
readout,8192,375,uniform,0.0028275268975068713,-0.00030031659304441405,8192
readout,8192,375,regularized_adaptive,0.0044410924153499565,0.0013132489247986712,8192
readout,8192,376,uniform,0.0009879053782073655,-0.00213993811234392,8192
readout,8192,376,regularized_adaptive,0.004095706831871659,0.0009678633413203741,8192
readout,8192,377,uniform,0.002522162327511346,-0.0006056811630399395,8192
readout,8192,377,regularized_adaptive,0.003323832973268992,0.00019598948271770666,8192
readout,8192,378,uniform,0.002958932608630782,-0.00016891088192050319,8192
readout,8192,378,regularized_adaptive,0.004550990806686528,0.0014231473161352426,8192
readout,8192,379,uniform,0.003799043443343919,0.0006711999527926338,8192
readout,8192,379,regularized_adaptive,0.002435658625763004,-0.0006921848647882811,8192
readout,8192,380,uniform,0.0020222300461094633,-0.001105613444441822,8192
readout,8192,380,regularized_adaptive,0.004471523613555739,0.0013436801230044537,8192
readout,8192,381,uniform,0.004633380689281985,0.0015055371987306998,8192
readout,8192,381,regularized_adaptive,0.0033368764425398822,0.00020903295198859695,8192
readout,8192,382,uniform,0.004707536247224198,0.0015796927566729124,8192
readout,8192,382,regularized_adaptive,0.004089900901015575,0.0009620574104642898,8192
readout,8192,383,uniform,0.007361636230926116,0.004233792740374831,8192
readout,8192,383,regularized_adaptive,0.0061197972684254864,0.002991953777874201,8192
readout,8192,384,uniform,0.004750020289778334,0.0016221767992270486,8192
readout,8192,384,regularized_adaptive,0.004046329099185009,0.0009184856086337234,8192
readout,8192,385,uniform,0.0012892367604928623,-0.001838606730058423,8192
readout,8192,385,regularized_adaptive,0.002471872844965972,-0.0006559706455853132,8192
readout,8192,386,uniform,0.003860625249961558,0.0007327817594102726,8192
readout,8192,386,regularized_adaptive,0.002058420687832019,-0.0010694228027192665,8192
readout,8192,387,uniform,0.004574515724522499,0.0014466722339712135,8192
readout,8192,387,regularized_adaptive,0.0029240099476037784,-0.00020383354294750688,8192
readout,8192,388,uniform,0.0032999138183029686,0.0001720703277516833,8192
readout,8192,388,regularized_adaptive,0.002063318530028724,-0.0010645249605225615,8192
readout,8192,389,uniform,0.0007910315103289989,-0.0023368119802222864,8192
readout,8192,389,regularized_adaptive,0.003147555342022379,1.9711851471093667e-05,8192
readout,8192,390,uniform,0.0048179473293910036,0.0016901038388397183,8192
readout,8192,390,regularized_adaptive,0.0011400736057121108,-0.0019877698848391745,8192
readout,8192,391,uniform,0.003094285866208857,-3.355762434242848e-05,8192
readout,8192,391,regularized_adaptive,0.004235753960244892,0.001107910469693607,8192
readout,8192,392,uniform,0.0023916188167127927,-0.0007362246738384925,8192
readout,8192,392,regularized_adaptive,0.0038166711023439603,0.000688827611792675,8192
readout,8192,393,uniform,0.00039685857753557485,-0.0027309849130157104,8192
readout,8192,393,regularized_adaptive,0.00181650447777848,-0.0013113390127728053,8192
readout,8192,394,uniform,0.0030928966892087573,-3.494680134252803e-05,8192
readout,8192,394,regularized_adaptive,0.006843875795834897,0.003716032305283612,8192
readout,8192,395,uniform,0.003064271599167334,-6.357189138395114e-05,8192
readout,8192,395,regularized_adaptive,0.007607124069227922,0.0044792805786766365,8192
readout,8192,396,uniform,0.0028955634224052673,-0.00023228006814601798,8192
readout,8192,396,regularized_adaptive,0.0002716632813415387,-0.0028561802092097466,8192
readout,8192,397,uniform,0.0032640151301652764,0.00013617163961399115,8192
readout,8192,397,regularized_adaptive,0.0011468518526509541,-0.001980991637900331,8192
readout,8192,398,uniform,0.00597983743072561,0.0028519939401743244,8192
readout,8192,398,regularized_adaptive,0.003490281084782332,0.0003624375942310465,8192
readout,8192,399,uniform,0.0020034342454344767,-0.0011244092451168086,8192
readout,8192,399,regularized_adaptive,0.007260844524194177,0.004133001033642891,8192
combined,2048,0,uniform,0.002399474773067567,-0.0024380873586924423,2048
combined,2048,0,regularized_adaptive,0.004441885428120074,-0.00039567670363993557,2048
combined,2048,1,uniform,0.00901347798724661,0.0041759158554866005,2048
combined,2048,1,regularized_adaptive,0.001077888194245702,-0.0037596739375143073,2048
combined,2048,2,uniform,0.005273507052153903,0.00043594492039389365,2048
combined,2048,2,regularized_adaptive,0.005522244738558335,0.0006846826067983258,2048
combined,2048,3,uniform,0.004728393273723874,-0.00010916885803613496,2048
combined,2048,3,regularized_adaptive,0.0050751522084588885,0.00023759007669887922,2048
combined,2048,4,uniform,0.003572223258663243,-0.0012653388730967663,2048
combined,2048,4,regularized_adaptive,0.003508450588999956,-0.001329111542760053,2048
combined,2048,5,uniform,0.004525136280825848,-0.00031242585093416153,2048
combined,2048,5,regularized_adaptive,0.0035182898888868053,-0.001319272242873204,2048
combined,2048,6,uniform,0.004856723553623432,1.9161421863422845e-05,2048
combined,2048,6,regularized_adaptive,-0.0017184175877593688,-0.006555979719519378,2048
combined,2048,7,uniform,0.005574187968381494,0.0007366258366214851,2048
combined,2048,7,regularized_adaptive,0.0015841047773168526,-0.0032534573544431566,2048
combined,2048,8,uniform,0.0038069073891477956,-0.0010306547426122137,2048
combined,2048,8,regularized_adaptive,0.0005333624059709052,-0.004304199725789104,2048
combined,2048,9,uniform,0.00469227144681561,-0.00014529068494439912,2048
combined,2048,9,regularized_adaptive,0.006655015546769505,0.0018174534150094956,2048
combined,2048,10,uniform,0.014844242676756991,0.010006680544996982,2048
combined,2048,10,regularized_adaptive,0.009696588470997192,0.004859026339237182,2048
combined,2048,11,uniform,0.0055931436471627904,0.0007555815154027812,2048
combined,2048,11,regularized_adaptive,0.00867877310780063,0.003841210976040621,2048
combined,2048,12,uniform,0.006040239164855521,0.0012026770330955117,2048
combined,2048,12,regularized_adaptive,0.005345386044123046,0.0005078239123630368,2048
combined,2048,13,uniform,0.005541066189565846,0.0007035040578058371,2048
combined,2048,13,regularized_adaptive,0.008439503683356442,0.0036019415515964326,2048
combined,2048,14,uniform,0.009667911244606309,0.004830349112846299,2048
combined,2048,14,regularized_adaptive,0.00627011630183727,0.0014325541700772604,2048
combined,2048,15,uniform,0.007783240509768419,0.0029456783780084095,2048
combined,2048,15,regularized_adaptive,0.005771809470021871,0.0009342473382618621,2048
combined,2048,16,uniform,0.004625086007283841,-0.0002124761244761686,2048
combined,2048,16,regularized_adaptive,0.0007462983757848818,-0.0040912637559751275,2048
combined,2048,17,uniform,0.004733031523458386,-0.00010453060830162286,2048
combined,2048,17,regularized_adaptive,0.0027766645238243015,-0.0020608976079357078,2048
combined,2048,18,uniform,0.008153928515333142,0.0033163663835731327,2048
combined,2048,18,regularized_adaptive,0.0032822380704242704,-0.0015553240613357389,2048
combined,2048,19,uniform,0.006310485209245265,0.0014729230774852553,2048
combined,2048,19,regularized_adaptive,0.002933170486973502,-0.0019043916447865072,2048
combined,2048,20,uniform,0.00022363997939489622,-0.004613922152365113,2048
combined,2048,20,regularized_adaptive,0.00764239366142494,0.0028048315296649307,2048
combined,2048,21,uniform,0.003702260761991205,-0.0011353013697688041,2048
combined,2048,21,regularized_adaptive,0.008625443492432439,0.0037878813606724293,2048
combined,2048,22,uniform,0.008404569369144355,0.0035670072373843453,2048
combined,2048,22,regularized_adaptive,0.006014521533789008,0.0011769594020289986,2048
combined,2048,23,uniform,0.004399064062492464,-0.00043849806926754553,2048
combined,2048,23,regularized_adaptive,-0.0006968866605632229,-0.005534448792323232,2048
combined,2048,24,uniform,0.005283940791685815,0.0004463786599258057,2048
combined,2048,24,regularized_adaptive,0.01040282832642525,0.0055652661946652415,2048
combined,2048,25,uniform,0.00875070505133646,0.003913142919576451,2048
combined,2048,25,regularized_adaptive,0.01048703718009314,0.00564947504833313,2048
combined,2048,26,uniform,0.001025013815191933,-0.0038125483165680762,2048
combined,2048,26,regularized_adaptive,0.00585798373917612,0.001020421607416111,2048
combined,2048,27,uniform,0.00517639248243551,0.0003388303506755008,2048
combined,2048,27,regularized_adaptive,0.004881140854874566,4.3578723114556794e-05,2048
combined,2048,28,uniform,0.005578648143921505,0.0007410860121614959,2048
combined,2048,28,regularized_adaptive,0.0013254467572796358,-0.0035121153744803735,2048
combined,2048,29,uniform,0.004186741560943119,-0.0006508205708168902,2048
combined,2048,29,regularized_adaptive,0.004635257276476956,-0.0002023048552830531,2048
combined,2048,30,uniform,0.005685799656735213,0.0008482375249752039,2048
combined,2048,30,regularized_adaptive,0.0007925357275615497,-0.00404502640419846,2048
combined,2048,31,uniform,0.0036236689955533308,-0.0012138931362066785,2048
combined,2048,31,regularized_adaptive,0.002983205232522046,-0.0018543568992379633,2048
combined,2048,32,uniform,0.007997732368064447,0.003160170236304438,2048
combined,2048,32,regularized_adaptive,0.013201145268913805,0.008363583137153796,2048
combined,2048,33,uniform,0.007646812060495556,0.0028092499287355466,2048
combined,2048,33,regularized_adaptive,0.011314788460272673,0.006477226328512664,2048
combined,2048,34,uniform,-0.001912105266235642,-0.006749667397995651,2048
combined,2048,34,regularized_adaptive,0.006783645593270826,0.001946083461510817,2048
combined,2048,35,uniform,0.005909531451946393,0.0010719693201863834,2048
combined,2048,35,regularized_adaptive,0.0059534430048726605,0.0011158808731126513,2048
combined,2048,36,uniform,0.006863760209323999,0.00202619807756399,2048
combined,2048,36,regularized_adaptive,0.01030139631293725,0.005463834181177241,2048
combined,2048,37,uniform,0.001393912760654814,-0.003443649371105195,2048
combined,2048,37,regularized_adaptive,0.0015902622043597603,-0.003247299927400249,2048
combined,2048,38,uniform,0.008369910947595649,0.0035323488158356398,2048
combined,2048,38,regularized_adaptive,0.012769068300749531,0.007931506168989522,2048
combined,2048,39,uniform,0.006427837709659379,0.0015902755778993694,2048
combined,2048,39,regularized_adaptive,0.006768402163109144,0.0019308400313491347,2048
combined,2048,40,uniform,-0.0016414807863824876,-0.006479042918142497,2048
combined,2048,40,regularized_adaptive,-0.0012451693984640855,-0.006082731530224095,2048
combined,2048,41,uniform,0.005478876988312287,0.0006413148565522775,2048
combined,2048,41,regularized_adaptive,0.004205080615236945,-0.0006324815165230646,2048
combined,2048,42,uniform,-0.00038366250363530696,-0.005221224635395316,2048
combined,2048,42,regularized_adaptive,0.0007282474556147278,-0.0041093146761452815,2048
combined,2048,43,uniform,0.0042523249379629036,-0.0005852371937971057,2048
combined,2048,43,regularized_adaptive,-0.0002527131834533236,-0.005090275315213333,2048
combined,2048,44,uniform,0.0065325191114160575,0.0016949569796560482,2048
combined,2048,44,regularized_adaptive,0.007331656350068272,0.0024940942183082626,2048
combined,2048,45,uniform,0.005119798906363826,0.0002822367746038168,2048
combined,2048,45,regularized_adaptive,0.0050537518764803835,0.00021618974472037422,2048
combined,2048,46,uniform,0.004818163280247312,-1.939885151269749e-05,2048
combined,2048,46,regularized_adaptive,0.0037964671488772694,-0.0010410949828827398,2048
combined,2048,47,uniform,0.011743133893731716,0.006905571761971707,2048
combined,2048,47,regularized_adaptive,0.0004674309058554371,-0.004370131225904572,2048
combined,2048,48,uniform,0.005271649519121624,0.0004340873873616147,2048
combined,2048,48,regularized_adaptive,0.003200393194023654,-0.0016371689377363552,2048
combined,2048,49,uniform,0.0036485071234695354,-0.0011890550082904738,2048
combined,2048,49,regularized_adaptive,0.009428876719261403,0.004591314587501394,2048
combined,2048,50,uniform,0.008920709223930068,0.0040831470921700586,2048
combined,2048,50,regularized_adaptive,0.0082932119483079,0.00345564981654789,2048
combined,2048,51,uniform,0.006514972894611226,0.001677410762851217,2048
combined,2048,51,regularized_adaptive,0.001187514450789351,-0.0036500476809706583,2048
combined,2048,52,uniform,0.008798144557191634,0.003960582425431625,2048
combined,2048,52,regularized_adaptive,0.007884246801340034,0.0030466846695800243,2048
combined,2048,53,uniform,-0.0008447828816109393,-0.0056823450133709485,2048
combined,2048,53,regularized_adaptive,0.008819874977604947,0.0039823128458449375,2048
combined,2048,54,uniform,0.0033590697677761128,-0.0014784923639838965,2048
combined,2048,54,regularized_adaptive,0.00397917156684624,-0.0008583905649137691,2048
combined,2048,55,uniform,0.004499594174973254,-0.0003379679567867555,2048
combined,2048,55,regularized_adaptive,0.012538143703113569,0.00770058157135356,2048
combined,2048,56,uniform,0.003076821603302804,-0.0017607405284572053,2048
combined,2048,56,regularized_adaptive,0.003868252102941838,-0.0009693100288181711,2048
combined,2048,57,uniform,-1.8554927696534662e-05,-0.004856117059456544,2048
combined,2048,57,regularized_adaptive,0.006439458307927914,0.0016018961761679051,2048
combined,2048,58,uniform,0.005027285229180833,0.00018972309742082416,2048
combined,2048,58,regularized_adaptive,0.004864060651942559,2.6498520182549612e-05,2048
combined,2048,59,uniform,0.010061522995206573,0.005223960863446564,2048
combined,2048,59,regularized_adaptive,0.006917960778767274,0.0020803986470072644,2048
combined,2048,60,uniform,0.001228722666650306,-0.0036088394651097033,2048
combined,2048,60,regularized_adaptive,0.0003428422524649477,-0.0044947198792950616,2048
combined,2048,61,uniform,-0.003989619032145342,-0.008827181163905351,2048
combined,2048,61,regularized_adaptive,0.007213536197500758,0.002375974065740749,2048
combined,2048,62,uniform,0.0023589159255692493,-0.00247864620619076,2048
combined,2048,62,regularized_adaptive,0.005197972292375397,0.00036041016061538755,2048
combined,2048,63,uniform,0.007687481588958711,0.002849919457198702,2048
combined,2048,63,regularized_adaptive,0.0061920825300498805,0.0013545203982898713,2048
combined,2048,64,uniform,0.01253352644736605,0.007695964315606041,2048
combined,2048,64,regularized_adaptive,0.009836654478743156,0.004999092346983147,2048
combined,2048,65,uniform,0.0017851181574579655,-0.0030524439743020437,2048
combined,2048,65,regularized_adaptive,-0.0022303795713538577,-0.007067941703113867,2048
combined,2048,66,uniform,0.0007796220875802007,-0.004057940044179809,2048
combined,2048,66,regularized_adaptive,0.004641624811897671,-0.0001959373198623382,2048
combined,2048,67,uniform,0.009111787525448278,0.004274225393688269,2048
combined,2048,67,regularized_adaptive,-0.0025243785084079207,-0.00736194064016793,2048
combined,2048,68,uniform,0.014348736244867766,0.009511174113107757,2048
combined,2048,68,regularized_adaptive,0.007931683586422267,0.0030941214546622575,2048
combined,2048,69,uniform,0.008597449459421647,0.0037598873276616374,2048
combined,2048,69,regularized_adaptive,0.0008609392952827477,-0.0039766228364772616,2048
combined,2048,70,uniform,0.008090331143401741,0.003252769011641732,2048
combined,2048,70,regularized_adaptive,0.003259088186448267,-0.0015784739453117425,2048
combined,2048,71,uniform,0.003051909853628132,-0.0017856522781318773,2048
combined,2048,71,regularized_adaptive,0.0007119083102153922,-0.004125653821544617,2048
combined,2048,72,uniform,0.009337208196050995,0.004499646064290985,2048
combined,2048,72,regularized_adaptive,0.0026519409468761523,-0.002185621184883857,2048
combined,2048,73,uniform,0.006671098331698211,0.0018335361999382016,2048
combined,2048,73,regularized_adaptive,0.00030314825382227184,-0.004534413877937737,2048
combined,2048,74,uniform,0.0045364735127151334,-0.0003010886190448758,2048
combined,2048,74,regularized_adaptive,0.015685414654929453,0.010847852523169443,2048
combined,2048,75,uniform,0.008527717929238676,0.003690155797478667,2048
combined,2048,75,regularized_adaptive,0.004897921880389511,6.035974862950155e-05,2048
combined,2048,76,uniform,0.006340309390342469,0.0015027472585824597,2048
combined,2048,76,regularized_adaptive,0.0049846831769526645,0.00014712104519265523,2048
combined,2048,77,uniform,0.009069368748042983,0.004231806616282974,2048
combined,2048,77,regularized_adaptive,0.011484668650156848,0.006647106518396839,2048
combined,2048,78,uniform,0.007539187546888648,0.002701625415128639,2048
combined,2048,78,regularized_adaptive,0.008875002794638931,0.004037440662878922,2048
combined,2048,79,uniform,0.007990002359395731,0.003152440227635722,2048
combined,2048,79,regularized_adaptive,0.003506176450813747,-0.001331385680946262,2048
combined,2048,80,uniform,0.01621663941596818,0.011379077284208172,2048
combined,2048,80,regularized_adaptive,0.0027139395139048617,-0.0021236226178551476,2048
combined,2048,81,uniform,0.003924945169266003,-0.0009126169624940061,2048
combined,2048,81,regularized_adaptive,0.00031790320375613135,-0.004519658928003878,2048
combined,2048,82,uniform,0.009933755837651326,0.0050961937058913165,2048
combined,2048,82,regularized_adaptive,0.010082115123256408,0.005244552991496398,2048
combined,2048,83,uniform,0.010454174019216111,0.005616611887456102,2048
combined,2048,83,regularized_adaptive,0.002268169416760557,-0.002569392714999452,2048
combined,2048,84,uniform,0.007898753652626489,0.0030611915208664797,2048
combined,2048,84,regularized_adaptive,0.002643284782270605,-0.002194277349489404,2048
combined,2048,85,uniform,0.009289048805246836,0.004451486673486826,2048
combined,2048,85,regularized_adaptive,0.0007112302078926547,-0.004126331923867355,2048
combined,2048,86,uniform,0.010392584502858071,0.005555022371098062,2048
combined,2048,86,regularized_adaptive,0.003960031226899474,-0.0008775309048605351,2048
combined,2048,87,uniform,-0.0016000180231019456,-0.006437580154861955,2048
combined,2048,87,regularized_adaptive,0.0008853464512048603,-0.003952215680555149,2048
combined,2048,88,uniform,0.005086261732209607,0.0002486996004495978,2048
combined,2048,88,regularized_adaptive,-0.0015729605753236342,-0.0064105227070836435,2048
combined,2048,89,uniform,0.0006901059752228988,-0.00414745615653711,2048
combined,2048,89,regularized_adaptive,0.0033967758360908817,-0.0014407862956691275,2048
combined,2048,90,uniform,0.008271082343100034,0.0034335202113400243,2048
combined,2048,90,regularized_adaptive,4.474306205537459e-06,-0.004833087825554472,2048
combined,2048,91,uniform,-0.0007061486123705052,-0.0055437107441305145,2048
combined,2048,91,regularized_adaptive,0.003965420610533066,-0.0008721415212269434,2048
combined,2048,92,uniform,0.0011953456030386889,-0.0036422165287213204,2048
combined,2048,92,regularized_adaptive,-0.001676794548636451,-0.00651435668039646,2048
combined,2048,93,uniform,-0.00038416468575075413,-0.005221726817510763,2048
combined,2048,93,regularized_adaptive,0.005421262605068478,0.0005837004733084683,2048
combined,2048,94,uniform,0.0022577032021482424,-0.002579858929611767,2048
combined,2048,94,regularized_adaptive,0.0028231156455662543,-0.002014446486193755,2048
combined,2048,95,uniform,0.0008495890255231231,-0.003987973106236886,2048
combined,2048,95,regularized_adaptive,0.008913660270687629,0.00407609813892762,2048
combined,2048,96,uniform,0.004565570885018744,-0.0002719912467412655,2048
combined,2048,96,regularized_adaptive,0.007083104749439073,0.002245542617679064,2048
combined,2048,97,uniform,0.004497387063705283,-0.00034017506805472664,2048
combined,2048,97,regularized_adaptive,0.0060047628324095825,0.0011672007006495733,2048
combined,2048,98,uniform,-0.0010610402770430127,-0.005898602408803022,2048
combined,2048,98,regularized_adaptive,0.005433328388877889,0.0005957662571178801,2048
combined,2048,99,uniform,0.005646070679834914,0.0008085085480749044,2048
combined,2048,99,regularized_adaptive,0.007311130407763322,0.002473568276003313,2048
combined,2048,100,uniform,0.003024309369985545,-0.0018132527617744643,2048
combined,2048,100,regularized_adaptive,0.0075434733352643946,0.0027059112035043853,2048
combined,2048,101,uniform,0.004200208818931017,-0.0006373533128289921,2048
combined,2048,101,regularized_adaptive,0.007996586077275936,0.0031590239455159264,2048
combined,2048,102,uniform,0.00033902318633849404,-0.004498538945421515,2048
combined,2048,102,regularized_adaptive,0.005955900689456506,0.0011183385576964966,2048
combined,2048,103,uniform,0.005433138451545361,0.0005955763197853514,2048
combined,2048,103,regularized_adaptive,0.0022519925135853214,-0.002585569618174688,2048
combined,2048,104,uniform,-0.0006960617691440518,-0.005533623900904061,2048
combined,2048,104,regularized_adaptive,0.0048255171744857606,-1.2044957274248702e-05,2048
combined,2048,105,uniform,0.001946084205099119,-0.0028914779266608903,2048
combined,2048,105,regularized_adaptive,0.01032645536144905,0.00548889322968904,2048
combined,2048,106,uniform,0.0076404924517028405,0.0028029303199428313,2048
combined,2048,106,regularized_adaptive,0.008348246615389243,0.003510684483629234,2048
combined,2048,107,uniform,0.002613876026097195,-0.0022236861056628143,2048
combined,2048,107,regularized_adaptive,0.009651640455820676,0.004814078324060667,2048
combined,2048,108,uniform,-0.0035744026228670123,-0.008411964754627022,2048
combined,2048,108,regularized_adaptive,0.0022699950198799,-0.002567567111880109,2048
combined,2048,109,uniform,0.005611826461656477,0.000774264329896468,2048
combined,2048,109,regularized_adaptive,0.012443552082272546,0.007605989950512537,2048
combined,2048,110,uniform,0.004418447506985501,-0.0004191146247745081,2048
combined,2048,110,regularized_adaptive,0.008657701332349,0.00382013920058899,2048
combined,2048,111,uniform,0.008170660682385922,0.0033330985506259125,2048
combined,2048,111,regularized_adaptive,0.0014550494524270263,-0.003382512679332983,2048
combined,2048,112,uniform,0.0024532900032108174,-0.002384272128549192,2048
combined,2048,112,regularized_adaptive,0.003630686387431581,-0.0012068757443284284,2048
combined,2048,113,uniform,0.007248021017950634,0.002410458886190625,2048
combined,2048,113,regularized_adaptive,0.007267485368111615,0.0024299232363516055,2048
combined,2048,114,uniform,0.0075193656336178805,0.002681803501857871,2048
combined,2048,114,regularized_adaptive,0.0064755696606750845,0.0016380075289150753,2048
combined,2048,115,uniform,0.002751895160816531,-0.0020856669709434783,2048
combined,2048,115,regularized_adaptive,0.003925808718562962,-0.0009117534131970473,2048
combined,2048,116,uniform,0.007086173315501654,0.0022486111837416445,2048
combined,2048,116,regularized_adaptive,-0.00045975482114446464,-0.005297316952904474,2048
combined,2048,117,uniform,0.006067442031314485,0.0012298798995544757,2048
combined,2048,117,regularized_adaptive,0.0014635061156518248,-0.0033740560161081845,2048
combined,2048,118,uniform,0.002495692735006827,-0.0023418693967531823,2048
combined,2048,118,regularized_adaptive,0.0022857017733040053,-0.002551860358456004,2048
combined,2048,119,uniform,0.0036935267424915708,-0.0011440353892684385,2048
combined,2048,119,regularized_adaptive,0.004218220755052293,-0.000619341376707716,2048
combined,2048,120,uniform,0.009588196939475324,0.004750634807715315,2048
combined,2048,120,regularized_adaptive,-0.0018981311469499218,-0.006735693278709931,2048
combined,2048,121,uniform,0.005787610703729129,0.0009500485719691198,2048
combined,2048,121,regularized_adaptive,0.003261794073071478,-0.0015757680586885314,2048
combined,2048,122,uniform,0.004412891779128181,-0.0004246703526318285,2048
combined,2048,122,regularized_adaptive,0.0032845513428965134,-0.0015530107888634959,2048
combined,2048,123,uniform,0.007889728922340744,0.003052166790580735,2048
combined,2048,123,regularized_adaptive,0.00535185765591617,0.0005142955241561609,2048
combined,2048,124,uniform,0.002040709806133023,-0.002796852325626986,2048
combined,2048,124,regularized_adaptive,0.01720474766868918,0.01236718553692917,2048
combined,2048,125,uniform,0.0018514033564454024,-0.002986158775314607,2048
combined,2048,125,regularized_adaptive,0.0030236436415433943,-0.001813918490216615,2048
combined,2048,126,uniform,0.009267135587602837,0.004429573455842828,2048
combined,2048,126,regularized_adaptive,0.0052461703627066925,0.0004086082309466832,2048
combined,2048,127,uniform,0.000637358830799073,-0.004200203300960936,2048
combined,2048,127,regularized_adaptive,0.00261732108062418,-0.0022202410511358295,2048
combined,2048,128,uniform,0.005039360772361334,0.00020179864060132502,2048
combined,2048,128,regularized_adaptive,-6.910610231791736e-05,-0.004906668234077927,2048
combined,2048,129,uniform,0.00913330569534132,0.004295743563581311,2048
combined,2048,129,regularized_adaptive,0.006723257900873136,0.001885695769113127,2048
combined,2048,130,uniform,0.002159917157650071,-0.0026776449741099384,2048
combined,2048,130,regularized_adaptive,0.0075948636785065915,0.0027573015467465822,2048
combined,2048,131,uniform,0.008660790255258455,0.0038232281234984455,2048
combined,2048,131,regularized_adaptive,0.011072100365221438,0.0062345382334614285,2048
combined,2048,132,uniform,0.005613106826286796,0.0007755446945267863,2048
combined,2048,132,regularized_adaptive,0.005841393037261611,0.0010038309055016015,2048
combined,2048,133,uniform,0.006574901524929899,0.00173733939316989,2048
combined,2048,133,regularized_adaptive,0.004589330675702108,-0.0002482314560579013,2048
combined,2048,134,uniform,0.004948965035731945,0.00011140290397193553,2048
combined,2048,134,regularized_adaptive,-0.0035805267850621547,-0.008418088916822164,2048
combined,2048,135,uniform,0.003486316084249985,-0.001351246047510024,2048
combined,2048,135,regularized_adaptive,0.0065681032957183305,0.0017305411639583212,2048
combined,2048,136,uniform,0.003806239205219164,-0.0010313229265408452,2048
combined,2048,136,regularized_adaptive,0.0016248137686147857,-0.0032127483631452236,2048
combined,2048,137,uniform,0.0033302251108331404,-0.0015073370209268688,2048
combined,2048,137,regularized_adaptive,0.01031268989854528,0.0054751277667852705,2048
combined,2048,138,uniform,0.004153692410579168,-0.0006838697211808409,2048
combined,2048,138,regularized_adaptive,0.0036442141591717103,-0.001193347972588299,2048
combined,2048,139,uniform,-0.0014091047561910486,-0.006246666887951058,2048
combined,2048,139,regularized_adaptive,0.0013349855071993488,-0.0035025766245606604,2048
combined,2048,140,uniform,0.002937537524271505,-0.001900024607488504,2048
combined,2048,140,regularized_adaptive,-0.00027364757085823754,-0.005111209702618247,2048
combined,2048,141,uniform,0.00026979835207541214,-0.004567763779684597,2048
combined,2048,141,regularized_adaptive,0.0016290055174188467,-0.0032085566143411626,2048
combined,2048,142,uniform,0.009625313373597955,0.004787751241837945,2048
combined,2048,142,regularized_adaptive,0.004681486057430462,-0.0001560760743295475,2048
combined,2048,143,uniform,0.002111253925415113,-0.0027263082063448962,2048
combined,2048,143,regularized_adaptive,0.006539749386342386,0.0017021872545823769,2048
combined,2048,144,uniform,0.0018540225851380043,-0.002983539546622005,2048
combined,2048,144,regularized_adaptive,0.002883645860890738,-0.0019539162708692714,2048
combined,2048,145,uniform,0.006791898070221514,0.0019543359384615044,2048
combined,2048,145,regularized_adaptive,0.011361537751421125,0.006523975619661115,2048
combined,2048,146,uniform,0.0017691617321240471,-0.003068400399635962,2048
combined,2048,146,regularized_adaptive,-0.0036241586075167476,-0.008461720739276757,2048
combined,2048,147,uniform,0.009102852872789668,0.004265290741029659,2048
combined,2048,147,regularized_adaptive,-0.0010477135520758907,-0.0058852756838359,2048
combined,2048,148,uniform,0.0043664999853030295,-0.00047106214645697975,2048
combined,2048,148,regularized_adaptive,0.007500844987998967,0.0026632828562389577,2048
combined,2048,149,uniform,-0.0007227363871900039,-0.005560298518950013,2048
combined,2048,149,regularized_adaptive,0.0041439239700720165,-0.0006936381616879927,2048
combined,2048,150,uniform,0.010465040435586381,0.005627478303826372,2048
combined,2048,150,regularized_adaptive,0.006847326959353417,0.0020097648275934077,2048
combined,2048,151,uniform,0.00041085357468517714,-0.004426708557074832,2048
combined,2048,151,regularized_adaptive,0.005105887354962313,0.0002683252232023037,2048
combined,2048,152,uniform,0.0012201470690715865,-0.0036174150626884227,2048
combined,2048,152,regularized_adaptive,0.0019382763726536467,-0.0028992857591063625,2048
combined,2048,153,uniform,0.001829164878177636,-0.0030083972535823733,2048
combined,2048,153,regularized_adaptive,-0.0033823360348312903,-0.0082198981665913,2048
combined,2048,154,uniform,0.000502768547113952,-0.004334793584646057,2048
combined,2048,154,regularized_adaptive,0.0030882249892023594,-0.0017493371425576498,2048
combined,2048,155,uniform,0.0063913220530702475,0.0015537599213102382,2048
combined,2048,155,regularized_adaptive,0.0034922056982864547,-0.0013453564334735546,2048
combined,2048,156,uniform,0.014167232630960314,0.009329670499200304,2048
combined,2048,156,regularized_adaptive,0.007217028341627518,0.002379466209867509,2048
combined,2048,157,uniform,0.004374676799828947,-0.0004628853319310622,2048
combined,2048,157,regularized_adaptive,0.005355344657829164,0.0005177825260691549,2048
combined,2048,158,uniform,0.006700214687062278,0.0018626525553022688,2048
combined,2048,158,regularized_adaptive,0.007260167391097028,0.0024226052593370184,2048
combined,2048,159,uniform,0.00725570715606505,0.0024181450243050406,2048
combined,2048,159,regularized_adaptive,0.012762782178362464,0.007925220046602455,2048
combined,2048,160,uniform,0.007992889541248438,0.0031553274094884287,2048
combined,2048,160,regularized_adaptive,0.010238831400249282,0.005401269268489273,2048
combined,2048,161,uniform,0.001497614353429988,-0.0033399477783300213,2048
combined,2048,161,regularized_adaptive,0.0030389271770658866,-0.0017986349546941227,2048
combined,2048,162,uniform,0.0032545172353977136,-0.0015830448963622956,2048
combined,2048,162,regularized_adaptive,0.004190153223627924,-0.0006474089081320855,2048
combined,2048,163,uniform,0.0010013301070408431,-0.003836232024719166,2048
combined,2048,163,regularized_adaptive,-0.0008285350910792744,-0.005666097222839284,2048
combined,2048,164,uniform,0.0025647374955246605,-0.002272824636235349,2048
combined,2048,164,regularized_adaptive,0.0006031547856757413,-0.004234407346084268,2048
combined,2048,165,uniform,0.002636547379864851,-0.0022010147518951584,2048
combined,2048,165,regularized_adaptive,0.007336914560275076,0.002499352428515067,2048
combined,2048,166,uniform,0.010615248860537996,0.0057776867287779865,2048
combined,2048,166,regularized_adaptive,0.0034274634093502954,-0.001410098722409714,2048
combined,2048,167,uniform,0.0023536093664739965,-0.0024839527652860127,2048
combined,2048,167,regularized_adaptive,0.005308360140962698,0.00047079800920268866,2048
combined,2048,168,uniform,-0.004226327829152332,-0.009063889960912341,2048
combined,2048,168,regularized_adaptive,0.004364618037109302,-0.00047294409465070686,2048
combined,2048,169,uniform,0.00465909442038015,-0.0001784677113798594,2048
combined,2048,169,regularized_adaptive,0.0035190101261166618,-0.0013185520056433475,2048
combined,2048,170,uniform,0.0009039767816254596,-0.00393358535013455,2048
combined,2048,170,regularized_adaptive,-0.00427729534551613,-0.00911485747727614,2048
combined,2048,171,uniform,0.0013513444682908826,-0.0034862176634691266,2048
combined,2048,171,regularized_adaptive,0.004010707964882343,-0.0008268541668776663,2048
combined,2048,172,uniform,-0.0023722353650770245,-0.007209797496837034,2048
combined,2048,172,regularized_adaptive,0.009323045379331596,0.004485483247571587,2048
combined,2048,173,uniform,0.005021006665759664,0.00018344453399965488,2048
combined,2048,173,regularized_adaptive,0.0065519484566189945,0.0017143863248589852,2048
combined,2048,174,uniform,0.008909735375201677,0.004072173243441668,2048
combined,2048,174,regularized_adaptive,0.006835652433426098,0.001998090301666089,2048
combined,2048,175,uniform,0.0009655856522643447,-0.0038719764794956646,2048
combined,2048,175,regularized_adaptive,0.001509821020699853,-0.0033277411110601562,2048
combined,2048,176,uniform,0.009816997826178842,0.004979435694418832,2048
combined,2048,176,regularized_adaptive,0.005382352417235836,0.0005447902854758269,2048
combined,2048,177,uniform,0.0056294800375891185,0.0007919179058291093,2048
combined,2048,177,regularized_adaptive,0.007739916252760715,0.0029023541210007053,2048
combined,2048,178,uniform,0.012610249005713392,0.007772686873953383,2048
combined,2048,178,regularized_adaptive,0.0016819573631243756,-0.0031556047686356337,2048
combined,2048,179,uniform,0.0031513896585444456,-0.0016861724732155636,2048
combined,2048,179,regularized_adaptive,0.00965773851479046,0.00482017638303045,2048
combined,2048,180,uniform,0.002824663487142054,-0.0020128986446179553,2048
combined,2048,180,regularized_adaptive,0.004777409443248892,-6.015268851111699e-05,2048
combined,2048,181,uniform,0.004128637235877086,-0.0007089248958829231,2048
combined,2048,181,regularized_adaptive,0.006800848801753467,0.001963286669993458,2048
combined,2048,182,uniform,0.0012989748653549071,-0.003538587266405102,2048
combined,2048,182,regularized_adaptive,0.001792090280169134,-0.003045471851590875,2048
combined,2048,183,uniform,0.0038872544212305016,-0.0009503077105295077,2048
combined,2048,183,regularized_adaptive,0.012847925648587832,0.008010363516827823,2048
combined,2048,184,uniform,0.003924294068176515,-0.0009132680635834944,2048
combined,2048,184,regularized_adaptive,0.0015330313115926586,-0.0033045308201673507,2048
combined,2048,185,uniform,0.0050760824828275375,0.00023852035106752822,2048
combined,2048,185,regularized_adaptive,0.007879691258532162,0.003042129126772153,2048
combined,2048,186,uniform,0.0026605013274609846,-0.0021770608042990247,2048
combined,2048,186,regularized_adaptive,0.00576826751706605,0.000930705385306041,2048
combined,2048,187,uniform,0.005521696605407023,0.0006841344736470134,2048
combined,2048,187,regularized_adaptive,0.005184294604331008,0.0003467324725709986,2048
combined,2048,188,uniform,-0.0019231715211196487,-0.006760733652879658,2048
combined,2048,188,regularized_adaptive,0.009134535200105098,0.004296973068345089,2048
combined,2048,189,uniform,0.002610772393443206,-0.0022267897383168034,2048
combined,2048,189,regularized_adaptive,0.0086429742347498,0.0038054121029897914,2048
combined,2048,190,uniform,0.0066107361305638435,0.0017731739988038342,2048
combined,2048,190,regularized_adaptive,0.009256631679786409,0.0044190695480264,2048
combined,2048,191,uniform,0.0037099905719983894,-0.0011275715597616198,2048
combined,2048,191,regularized_adaptive,0.015530402058550052,0.010692839926790043,2048
combined,2048,192,uniform,0.004400525779230335,-0.0004370363525296739,2048
combined,2048,192,regularized_adaptive,0.004776779325635694,-6.0782806124315414e-05,2048
combined,2048,193,uniform,0.0072494819400432675,0.0024119198082832582,2048
combined,2048,193,regularized_adaptive,0.0017154002945982683,-0.003122161837161741,2048
combined,2048,194,uniform,0.004802873648212191,-3.468848354781784e-05,2048
combined,2048,194,regularized_adaptive,0.00762507031851456,0.0027875081867545504,2048
combined,2048,195,uniform,0.006000273588227856,0.0011627114564678465,2048
combined,2048,195,regularized_adaptive,-0.0035917823342641597,-0.008429344466024169,2048
combined,2048,196,uniform,0.008565063979180998,0.0037275018474209887,2048
combined,2048,196,regularized_adaptive,0.004800903322278671,-3.665880948133804e-05,2048
combined,2048,197,uniform,0.006097389349915439,0.0012598272181554293,2048
combined,2048,197,regularized_adaptive,0.004306413804756382,-0.0005311483270036277,2048
combined,2048,198,uniform,-0.00014802022915816337,-0.004985582360918173,2048
combined,2048,198,regularized_adaptive,0.011888280998183731,0.007050718866423722,2048
combined,2048,199,uniform,0.004784118503259549,-5.344362850046025e-05,2048
combined,2048,199,regularized_adaptive,0.006147198588561054,0.0013096364568010443,2048
combined,2048,200,uniform,0.002539231654231422,-0.0022983304775285873,2048
combined,2048,200,regularized_adaptive,0.005982304117204684,0.001144741985444675,2048
combined,2048,201,uniform,-0.0008121112727330626,-0.005649673404493072,2048
combined,2048,201,regularized_adaptive,0.007981056164237721,0.0031434940324777116,2048
combined,2048,202,uniform,0.00434438665725434,-0.0004931754745056693,2048
combined,2048,202,regularized_adaptive,0.0012984386310046503,-0.003539123500755359,2048
combined,2048,203,uniform,0.007188792520977039,0.0023512303892170294,2048
combined,2048,203,regularized_adaptive,0.004010712915309966,-0.0008268492164500429,2048
combined,2048,204,uniform,0.006104448479788971,0.0012668863480289616,2048
combined,2048,204,regularized_adaptive,0.004762251733937184,-7.531039782282534e-05,2048
combined,2048,205,uniform,0.004732020969965056,-0.0001055411617949531,2048
combined,2048,205,regularized_adaptive,0.006278347306686527,0.0014407851749265177,2048
combined,2048,206,uniform,0.00703413172514189,0.0021965695933818807,2048
combined,2048,206,regularized_adaptive,0.003994725786237829,-0.0008428363455221799,2048
combined,2048,207,uniform,0.005613994129781474,0.0007764319980214651,2048
combined,2048,207,regularized_adaptive,0.01119018644101999,0.00635262430925998,2048
combined,2048,208,uniform,0.005701182364139967,0.000863620232379958,2048
combined,2048,208,regularized_adaptive,0.004193559142268377,-0.0006440029894916321,2048
combined,2048,209,uniform,0.0034382635298175757,-0.0013992986019424336,2048
combined,2048,209,regularized_adaptive,0.006084063947458418,0.0012465018156984087,2048
combined,2048,210,uniform,0.004277342258811601,-0.0005602198729484087,2048
combined,2048,210,regularized_adaptive,-0.004298309573186998,-0.009135871704947007,2048
combined,2048,211,uniform,0.0009848119368287556,-0.0038527501949312537,2048
combined,2048,211,regularized_adaptive,-0.003084973504483557,-0.007922535636243566,2048
combined,2048,212,uniform,0.007879655045472056,0.0030420929137120467,2048
combined,2048,212,regularized_adaptive,0.0056117353231135425,0.0007741731913535332,2048
combined,2048,213,uniform,0.0019211723560941252,-0.002916389775665884,2048
combined,2048,213,regularized_adaptive,0.0011875048678735567,-0.0036500572638864526,2048
combined,2048,214,uniform,0.004459842367217526,-0.00037771976454248346,2048
combined,2048,214,regularized_adaptive,0.004587499701615094,-0.000250062430144915,2048
combined,2048,215,uniform,0.007582367013710289,0.00274480488195028,2048
combined,2048,215,regularized_adaptive,0.00711519452989684,0.0022776323981368307,2048
combined,2048,216,uniform,0.014113600255822867,0.009276038124062858,2048
combined,2048,216,regularized_adaptive,0.007456099797507498,0.002618537665747489,2048
combined,2048,217,uniform,0.00585174974484115,0.0010141876130811411,2048
combined,2048,217,regularized_adaptive,0.009336341362590872,0.004498779230830863,2048
combined,2048,218,uniform,0.0063336634705315475,0.0014961013387715383,2048
combined,2048,218,regularized_adaptive,-0.004853756604840775,-0.009691318736600785,2048
combined,2048,219,uniform,0.002460402195428202,-0.0023771599363318074,2048
combined,2048,219,regularized_adaptive,0.0004944879027295457,-0.004343074229030464,2048
combined,2048,220,uniform,0.009612674708074032,0.004775112576314022,2048
combined,2048,220,regularized_adaptive,0.007150298778151765,0.0023127366463917554,2048
combined,2048,221,uniform,0.004539916621405737,-0.0002976455103542719,2048
combined,2048,221,regularized_adaptive,0.009474012155224365,0.004636450023464356,2048
combined,2048,222,uniform,-0.0007496693561179768,-0.005587231487877986,2048
combined,2048,222,regularized_adaptive,0.00805935309892547,0.003221790967165461,2048
combined,2048,223,uniform,0.0021513964103689887,-0.0026861657213910206,2048
combined,2048,223,regularized_adaptive,0.009073226867756468,0.004235664735996458,2048
combined,2048,224,uniform,0.004730975542541316,-0.00010658658921869346,2048
combined,2048,224,regularized_adaptive,0.007512041289834848,0.0026744791580748384,2048
combined,2048,225,uniform,0.005192764005116146,0.00035520187335613684,2048
combined,2048,225,regularized_adaptive,0.011084442037183173,0.006246879905423164,2048
combined,2048,226,uniform,0.005987547738603993,0.001149985606843984,2048
combined,2048,226,regularized_adaptive,0.006203552586571348,0.0013659904548113389,2048
combined,2048,227,uniform,0.008066994460194543,0.003229432328434534,2048
combined,2048,227,regularized_adaptive,0.006205227877909003,0.0013676657461489938,2048
combined,2048,228,uniform,0.010215104824911059,0.0053775426931510495,2048
combined,2048,228,regularized_adaptive,0.002880231501158015,-0.0019573306306019944,2048
combined,2048,229,uniform,0.00727487829233997,0.002437316160579961,2048
combined,2048,229,regularized_adaptive,0.006605531118105468,0.0017679689863454584,2048
combined,2048,230,uniform,0.0034653928738492823,-0.001372169257910727,2048
combined,2048,230,regularized_adaptive,0.0030053127556302073,-0.001832249376129802,2048
combined,2048,231,uniform,0.005575291822007777,0.0007377296902477681,2048
combined,2048,231,regularized_adaptive,0.004355117291361843,-0.00048244484039816626,2048
combined,2048,232,uniform,0.0033597771097921836,-0.0014777850219678257,2048
combined,2048,232,regularized_adaptive,0.001224077745730412,-0.0036134843860295973,2048
combined,2048,233,uniform,0.0005046621460458312,-0.004332899985714178,2048
combined,2048,233,regularized_adaptive,0.005340561828575119,0.0005029996968151096,2048
combined,2048,234,uniform,0.0058480277551602455,0.0010104656234002363,2048
combined,2048,234,regularized_adaptive,-0.005405021256255971,-0.01024258338801598,2048
combined,2048,235,uniform,-0.0003796184187487839,-0.005217180550508793,2048
combined,2048,235,regularized_adaptive,0.010762114655932464,0.005924552524172455,2048
combined,2048,236,uniform,-0.0016872067541147118,-0.006524768885874721,2048
combined,2048,236,regularized_adaptive,0.006464373812225865,0.0016268116804658561,2048
combined,2048,237,uniform,0.004453036125265264,-0.00038452600649474533,2048
combined,2048,237,regularized_adaptive,0.010354667082833835,0.005517104951073826,2048
combined,2048,238,uniform,0.004512229450315708,-0.0003253326814443014,2048
combined,2048,238,regularized_adaptive,0.00551793710902615,0.0006803749772661405,2048
combined,2048,239,uniform,0.002818413880278925,-0.0020191482514810843,2048
combined,2048,239,regularized_adaptive,-0.0014976257185264075,-0.006335187850286417,2048
combined,2048,240,uniform,0.010922267236941785,0.006084705105181776,2048
combined,2048,240,regularized_adaptive,0.008788819948969184,0.003951257817209175,2048
combined,2048,241,uniform,-0.0007356805617337869,-0.005573242693493796,2048
combined,2048,241,regularized_adaptive,0.009082937116922096,0.004245374985162087,2048
combined,2048,242,uniform,0.002810795545882705,-0.0020267665858773043,2048
combined,2048,242,regularized_adaptive,0.0067883934927941425,0.0019508313610341332,2048
combined,2048,243,uniform,0.007879091128482507,0.003041528996722498,2048
combined,2048,243,regularized_adaptive,0.01296412837123384,0.008126566239473831,2048
combined,2048,244,uniform,-0.007482754201711295,-0.012320316333471304,2048
combined,2048,244,regularized_adaptive,0.007605110354429456,0.002767548222669447,2048
combined,2048,245,uniform,0.008273136860157848,0.003435574728397839,2048
combined,2048,245,regularized_adaptive,0.008367929685024755,0.003530367553264746,2048
combined,2048,246,uniform,0.0070409187853730515,0.0022033566536130422,2048
combined,2048,246,regularized_adaptive,0.008703028199734675,0.0038654660679746655,2048
combined,2048,247,uniform,0.004937408783607822,9.98466518478125e-05,2048
combined,2048,247,regularized_adaptive,0.0033589851409692173,-0.001478576990790792,2048
combined,2048,248,uniform,0.00233368205458806,-0.0025038800771719494,2048
combined,2048,248,regularized_adaptive,0.003218378438784697,-0.0016191836929753123,2048
combined,2048,249,uniform,0.0004107424963981643,-0.004426819635361845,2048
combined,2048,249,regularized_adaptive,0.0010751594041122914,-0.003762402727647718,2048
combined,2048,250,uniform,0.005968270560601674,0.0011307084288416647,2048
combined,2048,250,regularized_adaptive,-0.00016805399392705311,-0.005005616125687062,2048
combined,2048,251,uniform,0.004851342293297201,1.3780161537191304e-05,2048
combined,2048,251,regularized_adaptive,0.010114903800118924,0.005277341668358915,2048
combined,2048,252,uniform,0.006467857838591939,0.0016302957068319301,2048
combined,2048,252,regularized_adaptive,0.0003807408919591637,-0.0044568212398008455,2048
combined,2048,253,uniform,0.007665653992225074,0.002828091860465065,2048
combined,2048,253,regularized_adaptive,0.011038840140893846,0.006201278009133837,2048
combined,2048,254,uniform,0.00025539612286529234,-0.004582166008894717,2048
combined,2048,254,regularized_adaptive,0.001683333453676994,-0.0031542286780830153,2048
combined,2048,255,uniform,0.005855823382270309,0.0010182612505102995,2048
combined,2048,255,regularized_adaptive,0.004589149257273384,-0.0002484128744866254,2048
combined,2048,256,uniform,0.0032120425150576892,-0.00162551961670232,2048
combined,2048,256,regularized_adaptive,0.006050188348412533,0.0012126262166525237,2048
combined,2048,257,uniform,0.007084328848156574,0.0022467667163965643,2048
combined,2048,257,regularized_adaptive,0.006012055213465928,0.0011744930817059185,2048
combined,2048,258,uniform,0.004601260531742035,-0.00023630160001797407,2048
combined,2048,258,regularized_adaptive,0.00021087916994932954,-0.00462668296181068,2048
combined,2048,259,uniform,0.005435103628533611,0.0005975414967736015,2048
combined,2048,259,regularized_adaptive,-0.001905238519746888,-0.006742800651506897,2048
combined,2048,260,uniform,0.003644499899126963,-0.0011930622326330464,2048
combined,2048,260,regularized_adaptive,0.002083358175041461,-0.0027542039567185483,2048
combined,2048,261,uniform,0.004093962128813189,-0.0007436000029468204,2048
combined,2048,261,regularized_adaptive,0.004192092954541593,-0.0006454691772184162,2048
combined,2048,262,uniform,0.007119295418410054,0.002281733286650045,2048
combined,2048,262,regularized_adaptive,0.001931641794056027,-0.002905920337703982,2048
combined,2048,263,uniform,0.0073818156389586775,0.0025442535071986683,2048
combined,2048,263,regularized_adaptive,0.0013369371501390503,-0.003500624981620959,2048
combined,2048,264,uniform,-0.0024038275111699647,-0.007241389642929974,2048
combined,2048,264,regularized_adaptive,0.004542252642676381,-0.0002953094890836283,2048
combined,2048,265,uniform,0.0046283486578424515,-0.00020921347391755774,2048
combined,2048,265,regularized_adaptive,0.0002747064257766496,-0.00456285570598336,2048
combined,2048,266,uniform,0.000909935845377241,-0.003927626286382768,2048
combined,2048,266,regularized_adaptive,0.004503300247753472,-0.000334261884006537,2048
combined,2048,267,uniform,0.00018468637299218216,-0.004652875758767827,2048
combined,2048,267,regularized_adaptive,0.009021037137515897,0.004183475005755888,2048
combined,2048,268,uniform,0.00624048230473484,0.0014029201729748308,2048
combined,2048,268,regularized_adaptive,0.008059608854662947,0.003222046722902938,2048
combined,2048,269,uniform,0.001606302072614696,-0.0032312600591453133,2048
combined,2048,269,regularized_adaptive,0.009625203473881072,0.004787641342121063,2048
combined,2048,270,uniform,0.0012028221017006402,-0.003634740030059369,2048
combined,2048,270,regularized_adaptive,0.0023738836622779758,-0.0024636784694820335,2048
combined,2048,271,uniform,0.0067236457369386216,0.0018860836051786123,2048
combined,2048,271,regularized_adaptive,0.0022408673135769774,-0.002596694818183032,2048
combined,2048,272,uniform,0.0026757362214668845,-0.0021618259102931248,2048
combined,2048,272,regularized_adaptive,0.006049807901240989,0.0012122457694809796,2048
combined,2048,273,uniform,0.008621619999392927,0.0037840578676329173,2048
combined,2048,273,regularized_adaptive,0.00546317687613751,0.0006256147443775006,2048
combined,2048,274,uniform,0.006819263020673816,0.0019817008889138066,2048
combined,2048,274,regularized_adaptive,0.007559972912156709,0.0027224107803967,2048
combined,2048,275,uniform,0.004720740350224517,-0.00011682178153549216,2048
combined,2048,275,regularized_adaptive,0.0004916297239168088,-0.0043459324078432005,2048
combined,2048,276,uniform,0.0069496298278775015,0.0021120676961174922,2048
combined,2048,276,regularized_adaptive,0.004589643250178632,-0.0002479188815813771,2048
combined,2048,277,uniform,-0.0021787612825114877,-0.007016323414271497,2048
combined,2048,277,regularized_adaptive,0.004281498791148586,-0.0005560633406114235,2048
combined,2048,278,uniform,0.009724321965672189,0.00488675983391218,2048
combined,2048,278,regularized_adaptive,0.008315663587893596,0.0034781014561335866,2048
combined,2048,279,uniform,0.011321923447440874,0.006484361315680864,2048
combined,2048,279,regularized_adaptive,0.008068794716305838,0.003231232584545829,2048
combined,2048,280,uniform,0.002171474627844283,-0.002666087503915726,2048
combined,2048,280,regularized_adaptive,0.01219424592248508,0.0073566837907250715,2048
combined,2048,281,uniform,0.001912669486298313,-0.0029248926454616964,2048
combined,2048,281,regularized_adaptive,0.004697119823467766,-0.00014044230829224347,2048
combined,2048,282,uniform,0.005981734198761579,0.0011441720670015698,2048
combined,2048,282,regularized_adaptive,0.001416206200067549,-0.0034213559316924602,2048
combined,2048,283,uniform,0.006078384837539197,0.0012408227057791876,2048
combined,2048,283,regularized_adaptive,8.169437907490362e-05,-0.004755867752685106,2048
combined,2048,284,uniform,-0.0016134298348084997,-0.006450991966568509,2048
combined,2048,284,regularized_adaptive,-0.0004989704519111626,-0.005336532583671172,2048
combined,2048,285,uniform,0.006749406763695731,0.0019118446319357218,2048
combined,2048,285,regularized_adaptive,0.003959844735048179,-0.0008777173967118301,2048
combined,2048,286,uniform,0.006109846153741216,0.001272284021981207,2048
combined,2048,286,regularized_adaptive,0.0026094327281871443,-0.002228129403572865,2048
combined,2048,287,uniform,0.01087378220433255,0.00603622007257254,2048
combined,2048,287,regularized_adaptive,0.01071238394126528,0.005874821809505271,2048
combined,2048,288,uniform,0.0057165813858404135,0.0008790192540804043,2048
combined,2048,288,regularized_adaptive,0.002540600495055223,-0.0022969616367047863,2048
combined,2048,289,uniform,0.0005117034977653034,-0.004325858633994706,2048
combined,2048,289,regularized_adaptive,0.005039186236259319,0.00020162410449930945,2048
combined,2048,290,uniform,0.010133076104791527,0.005295513973031518,2048
combined,2048,290,regularized_adaptive,-0.0012732973743911913,-0.0061108595061512005,2048
combined,2048,291,uniform,0.0013440692849400193,-0.00349349284681999,2048
combined,2048,291,regularized_adaptive,0.006269875218487542,0.0014323130867275324,2048
combined,2048,292,uniform,0.004740109139738102,-9.745299202190694e-05,2048
combined,2048,292,regularized_adaptive,0.01227055096336116,0.0074329888316011505,2048
combined,2048,293,uniform,0.007206408938372988,0.0023688468066129786,2048
combined,2048,293,regularized_adaptive,0.006631167956387962,0.001793605824627953,2048
combined,2048,294,uniform,0.006450800513452037,0.0016132383816920282,2048
combined,2048,294,regularized_adaptive,0.0028778740982895457,-0.0019596880334704636,2048
combined,2048,295,uniform,0.002776262844435884,-0.0020612992873241254,2048
combined,2048,295,regularized_adaptive,0.004959376942487381,0.00012181481072737199,2048
combined,2048,296,uniform,0.0025354586717813987,-0.0023021034599786105,2048
combined,2048,296,regularized_adaptive,0.005730349556476888,0.0008927874247168788,2048
combined,2048,297,uniform,0.0019162624079394064,-0.002921299723820603,2048
combined,2048,297,regularized_adaptive,0.006505568608283774,0.0016680064765237645,2048
combined,2048,298,uniform,0.00925482572930214,0.0044172635975421315,2048
combined,2048,298,regularized_adaptive,0.009762569718688496,0.004925007586928487,2048
combined,2048,299,uniform,0.009916714230822521,0.005079152099062512,2048
combined,2048,299,regularized_adaptive,0.00576856231068934,0.000931000178929331,2048
combined,2048,300,uniform,0.0031822784487856026,-0.0016552836829744066,2048
combined,2048,300,regularized_adaptive,0.014768549168723055,0.009930987036963046,2048
combined,2048,301,uniform,-0.001389697914165211,-0.00622726004592522,2048
combined,2048,301,regularized_adaptive,-0.0009140064611594667,-0.005751568592919476,2048
combined,2048,302,uniform,0.003685493721008015,-0.001152068410751994,2048
combined,2048,302,regularized_adaptive,0.015285380987085873,0.010447818855325863,2048
combined,2048,303,uniform,0.0021116513439372042,-0.002725910787822805,2048
combined,2048,303,regularized_adaptive,0.00530351042961108,0.00046594829785107095,2048
combined,2048,304,uniform,0.0019068032260260992,-0.00293075890573391,2048
combined,2048,304,regularized_adaptive,0.003739983958941373,-0.0010975781728186362,2048
combined,2048,305,uniform,0.010191601047251808,0.005354038915491799,2048
combined,2048,305,regularized_adaptive,-0.005351960592591354,-0.010189522724351363,2048
combined,2048,306,uniform,0.008204109778463753,0.0033665476467037436,2048
combined,2048,306,regularized_adaptive,-0.0013464265104916606,-0.00618398864225167,2048
combined,2048,307,uniform,0.00781950669960274,0.0029819445678427314,2048
combined,2048,307,regularized_adaptive,0.005099743477011032,0.00026218134525102244,2048
combined,2048,308,uniform,0.0074110429471776484,0.002573480815417639,2048
combined,2048,308,regularized_adaptive,0.0018694034644797242,-0.002968158667280285,2048
combined,2048,309,uniform,0.008253680687882792,0.0034161185561227825,2048
combined,2048,309,regularized_adaptive,0.007135092355847306,0.0022975302240872963,2048
combined,2048,310,uniform,0.007578614974832476,0.0027410528430724668,2048
combined,2048,310,regularized_adaptive,-0.0012041913330431697,-0.006041753464803179,2048
combined,2048,311,uniform,0.008628242962915422,0.003790680831155413,2048
combined,2048,311,regularized_adaptive,0.010067260103882703,0.005229697972122693,2048
combined,2048,312,uniform,0.009112183739065749,0.00427462160730574,2048
combined,2048,312,regularized_adaptive,0.006802737248446711,0.0019651751166867015,2048
combined,2048,313,uniform,0.005927961676510662,0.0010903995447506531,2048
combined,2048,313,regularized_adaptive,0.005145269194194668,0.00030770706243465895,2048
combined,2048,314,uniform,0.007943430405431329,0.0031058682736713195,2048
combined,2048,314,regularized_adaptive,0.0017389099187203882,-0.003098652213039621,2048
combined,2048,315,uniform,0.007612331242589754,0.0027747691108297445,2048
combined,2048,315,regularized_adaptive,0.0047890110592963,-4.855107246370949e-05,2048
combined,2048,316,uniform,0.0027528187288714534,-0.002084743402888556,2048
combined,2048,316,regularized_adaptive,0.006574383355827607,0.0017368212240675973,2048
combined,2048,317,uniform,0.006813758808340786,0.001976196676580777,2048
combined,2048,317,regularized_adaptive,0.011598114991466346,0.006760552859706337,2048
combined,2048,318,uniform,0.004417820399413408,-0.0004197417323466013,2048
combined,2048,318,regularized_adaptive,0.008861340728346434,0.004023778596586425,2048
combined,2048,319,uniform,0.003225147495458991,-0.0016124146363010183,2048
combined,2048,319,regularized_adaptive,0.007054671837833482,0.0022171097060734724,2048
combined,2048,320,uniform,0.007372050493615667,0.002534488361855658,2048
combined,2048,320,regularized_adaptive,-0.0008085853183059655,-0.005646147450065975,2048
combined,2048,321,uniform,0.005293763369924598,0.0004562012381645886,2048
combined,2048,321,regularized_adaptive,-0.002849017877796456,-0.007686580009556465,2048
combined,2048,322,uniform,0.006260376475236029,0.0014228143434760199,2048
combined,2048,322,regularized_adaptive,0.011610633595317665,0.006773071463557656,2048
combined,2048,323,uniform,0.002303897515295361,-0.002533664616464648,2048
combined,2048,323,regularized_adaptive,0.00015114788364556375,-0.0046864142481144455,2048
combined,2048,324,uniform,0.0014864059648171946,-0.0033511561669428147,2048
combined,2048,324,regularized_adaptive,0.006590790600656149,0.0017532284688961397,2048
combined,2048,325,uniform,0.0043576391530635306,-0.0004799229786964787,2048
combined,2048,325,regularized_adaptive,0.0022588401812271286,-0.0025787219505328807,2048
combined,2048,326,uniform,0.0032641029891458118,-0.0015734591426141975,2048
combined,2048,326,regularized_adaptive,0.004918523721743284,8.096158998327496e-05,2048
combined,2048,327,uniform,0.007634970461215751,0.0027974083294557417,2048
combined,2048,327,regularized_adaptive,0.006335065592380396,0.0014975034606203863,2048
combined,2048,328,uniform,0.005311287480495253,0.0004737253487352433,2048
combined,2048,328,regularized_adaptive,0.00557152258626914,0.0007339604545091305,2048
combined,2048,329,uniform,0.005947403094475057,0.0011098409627150474,2048
combined,2048,329,regularized_adaptive,0.008479666923335571,0.0036421047915755622,2048
combined,2048,330,uniform,0.005458533810535293,0.0006209716787752839,2048
combined,2048,330,regularized_adaptive,0.008240915317417219,0.0034033531856572097,2048
combined,2048,331,uniform,0.0068316476927012815,0.001994085560941272,2048
combined,2048,331,regularized_adaptive,0.001374915730677273,-0.0034626464010827362,2048
combined,2048,332,uniform,0.0010890594568406797,-0.0037485026749193295,2048
combined,2048,332,regularized_adaptive,0.009975668918104752,0.005138106786344743,2048
combined,2048,333,uniform,0.006627937748605817,0.0017903756168458074,2048
combined,2048,333,regularized_adaptive,0.007866004260690396,0.0030284421289303864,2048
combined,2048,334,uniform,0.002731585098324274,-0.0021059770334357353,2048
combined,2048,334,regularized_adaptive,0.004019237383730001,-0.0008183247480300082,2048
combined,2048,335,uniform,0.005600654138943284,0.0007630920071832747,2048
combined,2048,335,regularized_adaptive,-0.006285534757800804,-0.011123096889560813,2048
combined,2048,336,uniform,0.007627279399036624,0.0027897172672766146,2048
combined,2048,336,regularized_adaptive,0.006815377940116107,0.001977815808356098,2048
combined,2048,337,uniform,0.00572805961489653,0.0008904974831365209,2048
combined,2048,337,regularized_adaptive,0.0016002793312761554,-0.003237282800483854,2048
combined,2048,338,uniform,-0.0016052871256677648,-0.006442849257427774,2048
combined,2048,338,regularized_adaptive,0.002429811857503239,-0.0024077502742567702,2048
combined,2048,339,uniform,0.004230822360947961,-0.0006067397708120481,2048
combined,2048,339,regularized_adaptive,0.0075890037947496936,0.0027514416629896843,2048
combined,2048,340,uniform,0.00562161088805091,0.0007840487562909004,2048
combined,2048,340,regularized_adaptive,0.005109450174163754,0.0002718880424037451,2048
combined,2048,341,uniform,0.006379604796427074,0.0015420426646670649,2048
combined,2048,341,regularized_adaptive,0.004630773310656977,-0.0002067888211030322,2048
combined,2048,342,uniform,0.0012524603181844896,-0.0035851018135755197,2048
combined,2048,342,regularized_adaptive,0.0043544696306518915,-0.00048309250110811774,2048
combined,2048,343,uniform,0.003683184415809393,-0.0011543777159506163,2048
combined,2048,343,regularized_adaptive,0.0013670071984623888,-0.0034705549332976204,2048
combined,2048,344,uniform,0.002501415583416211,-0.002336146548343798,2048
combined,2048,344,regularized_adaptive,0.002316538035939786,-0.0025210240958202235,2048
combined,2048,345,uniform,0.0029890503695639836,-0.0018485117621960256,2048
combined,2048,345,regularized_adaptive,0.007016428215812276,0.0021788660840522667,2048
combined,2048,346,uniform,0.005512941119580894,0.0006753789878208849,2048
combined,2048,346,regularized_adaptive,0.005861530005580207,0.0010239678738201974,2048
combined,2048,347,uniform,0.009068483703053687,0.004230921571293678,2048
combined,2048,347,regularized_adaptive,0.003867677473032849,-0.0009698846587271603,2048
combined,2048,348,uniform,0.008621728693743336,0.0037841665619833265,2048
combined,2048,348,regularized_adaptive,0.006842911900883486,0.0020053497691234767,2048
combined,2048,349,uniform,0.007943410826387165,0.0031058486946271557,2048
combined,2048,349,regularized_adaptive,0.004313915599446716,-0.0005236465323132933,2048
combined,2048,350,uniform,0.009777683251310343,0.004940121119550334,2048
combined,2048,350,regularized_adaptive,0.014909206785236329,0.01007164465347632,2048
combined,2048,351,uniform,0.0015499629134634318,-0.0032875992182965774,2048
combined,2048,351,regularized_adaptive,0.0002633511621894513,-0.004574210969570558,2048
combined,2048,352,uniform,0.00016233751175231959,-0.00467522462000769,2048
combined,2048,352,regularized_adaptive,-0.003120525900961013,-0.007958088032721022,2048
combined,2048,353,uniform,0.009169585745509856,0.004332023613749847,2048
combined,2048,353,regularized_adaptive,-0.0007780440286486723,-0.0056156061604086815,2048
combined,2048,354,uniform,0.004497351792451809,-0.0003402103393082001,2048
combined,2048,354,regularized_adaptive,0.012712882196310282,0.007875320064550273,2048
combined,2048,355,uniform,-0.0005960346334248356,-0.005433596765184845,2048
combined,2048,355,regularized_adaptive,0.0011095414213055932,-0.003728020710454416,2048
combined,2048,356,uniform,0.010941167780370797,0.006103605648610788,2048
combined,2048,356,regularized_adaptive,0.00650826933220916,0.0016707072004491508,2048
combined,2048,357,uniform,0.008049756080938941,0.003212193949178932,2048
combined,2048,357,regularized_adaptive,0.00934095955093639,0.00450339741917638,2048
combined,2048,358,uniform,-0.003464994284379408,-0.008302556416139417,2048
combined,2048,358,regularized_adaptive,0.004691015626331563,-0.0001465465054284465,2048
combined,2048,359,uniform,0.004749909953656761,-8.765217810324799e-05,2048
combined,2048,359,regularized_adaptive,-0.0001889079159482776,-0.005026470047708287,2048
combined,2048,360,uniform,0.0033354943127301695,-0.0015020678190298398,2048
combined,2048,360,regularized_adaptive,0.0017698200215834348,-0.0030677421101765745,2048
combined,2048,361,uniform,0.008788360329458733,0.003950798197698724,2048
combined,2048,361,regularized_adaptive,0.004002631319302452,-0.0008349308124575572,2048
combined,2048,362,uniform,0.006369747940242476,0.0015321858084824669,2048
combined,2048,362,regularized_adaptive,-0.01090900588828525,-0.01574656802004526,2048
combined,2048,363,uniform,0.0019002852115930224,-0.002937276920166987,2048
combined,2048,363,regularized_adaptive,0.001536161126355573,-0.0033014010054044363,2048
combined,2048,364,uniform,-0.0018171215040965194,-0.006654683635856529,2048
combined,2048,364,regularized_adaptive,0.009463325504430742,0.0046257633726707326,2048
combined,2048,365,uniform,0.0005617252724379185,-0.004275836859322091,2048
combined,2048,365,regularized_adaptive,0.005862935686611337,0.0010253735548513276,2048
combined,2048,366,uniform,-0.003997959221964109,-0.008835521353724118,2048
combined,2048,366,regularized_adaptive,0.0061130303977527944,0.0012754682659927852,2048
combined,2048,367,uniform,0.003580706350754248,-0.0012568557810057612,2048
combined,2048,367,regularized_adaptive,0.009433312262625115,0.004595750130865106,2048
combined,2048,368,uniform,0.013280095244438073,0.008442533112678063,2048
combined,2048,368,regularized_adaptive,-0.0003901123436387266,-0.005227674475398736,2048
combined,2048,369,uniform,0.003243235721680726,-0.001594326410079283,2048
combined,2048,369,regularized_adaptive,0.006865277424168426,0.0020277152924084163,2048
combined,2048,370,uniform,0.004268302432301141,-0.0005692596994588683,2048
combined,2048,370,regularized_adaptive,0.00405663582675686,-0.000780926305003149,2048
combined,2048,371,uniform,0.006755599036993409,0.0019180369052334,2048
combined,2048,371,regularized_adaptive,0.0025020599254075293,-0.00233550220635248,2048
combined,2048,372,uniform,0.0034341456245119417,-0.0014034165072480675,2048
combined,2048,372,regularized_adaptive,0.009798218126745084,0.004960655994985075,2048
combined,2048,373,uniform,0.006705718800064098,0.0018681566683040884,2048
combined,2048,373,regularized_adaptive,0.008423771545949421,0.003586209414189412,2048
combined,2048,374,uniform,-0.001258915214968681,-0.00609647734672869,2048
combined,2048,374,regularized_adaptive,0.001246420073817589,-0.0035911420579424203,2048
combined,2048,375,uniform,0.0052873358614276,0.00044977372966759077,2048
combined,2048,375,regularized_adaptive,0.007260198004059859,0.0024226358722998498,2048
combined,2048,376,uniform,0.008701642837388057,0.003864080705628048,2048
combined,2048,376,regularized_adaptive,-0.0008195392009486824,-0.005657101332708692,2048
combined,2048,377,uniform,0.004157536557620745,-0.0006800255741392647,2048
combined,2048,377,regularized_adaptive,0.014838284538543078,0.010000722406783069,2048
combined,2048,378,uniform,0.00493170750085703,9.414536909702065e-05,2048
combined,2048,378,regularized_adaptive,0.005772117775403096,0.0009345556436430869,2048
combined,2048,379,uniform,-0.004956272487513402,-0.009793834619273412,2048
combined,2048,379,regularized_adaptive,-0.0032798828513778133,-0.008117444983137823,2048
combined,2048,380,uniform,-0.00023482883608494376,-0.005072390967844953,2048
combined,2048,380,regularized_adaptive,0.00907170557587822,0.00423414344411821,2048
combined,2048,381,uniform,0.013218018498936779,0.00838045636717677,2048
combined,2048,381,regularized_adaptive,0.003501901386865569,-0.0013356607448944402,2048
combined,2048,382,uniform,0.009473967339830303,0.004636405208070293,2048
combined,2048,382,regularized_adaptive,0.0014694173962208623,-0.003368144735539147,2048
combined,2048,383,uniform,0.008635842837008134,0.003798280705248125,2048
combined,2048,383,regularized_adaptive,0.0021265058837380835,-0.002711056248021926,2048
combined,2048,384,uniform,0.006841179900389349,0.00200361776862934,2048
combined,2048,384,regularized_adaptive,0.006138588455026017,0.001301026323266008,2048
combined,2048,385,uniform,0.004937554579407255,9.99924476472458e-05,2048
combined,2048,385,regularized_adaptive,0.0048779749093430524,4.041277758304318e-05,2048
combined,2048,386,uniform,0.009333273699491329,0.00449571156773132,2048
combined,2048,386,regularized_adaptive,0.010133173077623958,0.005295610945863949,2048
combined,2048,387,uniform,0.006277363728422358,0.001439801596662349,2048
combined,2048,387,regularized_adaptive,0.003502022640432756,-0.0013355394913272534,2048
combined,2048,388,uniform,0.0027636117221447876,-0.0020739504096152217,2048
combined,2048,388,regularized_adaptive,0.014947195888830755,0.010109633757070746,2048
combined,2048,389,uniform,0.018085313375415524,0.013247751243655514,2048
combined,2048,389,regularized_adaptive,0.010161664493653078,0.005324102361893068,2048
combined,2048,390,uniform,-0.001053529884593729,-0.005891092016353738,2048
combined,2048,390,regularized_adaptive,0.0023647458829652024,-0.002472816248794807,2048
combined,2048,391,uniform,0.006479555615522159,0.0016419934837621497,2048
combined,2048,391,regularized_adaptive,0.005290619270407859,0.0004530571386478499,2048
combined,2048,392,uniform,-0.00030692598562342965,-0.005144488117383439,2048
combined,2048,392,regularized_adaptive,0.005699733958271835,0.0008621718265118261,2048
combined,2048,393,uniform,0.005143192923135587,0.00030563079137557736,2048
combined,2048,393,regularized_adaptive,0.006266808949435543,0.0014292468176755335,2048
combined,2048,394,uniform,0.00432716516217635,-0.0005103969695836597,2048
combined,2048,394,regularized_adaptive,0.004047734267373038,-0.0007898278643869716,2048
combined,2048,395,uniform,0.0036310870811764318,-0.0012064750505835775,2048
combined,2048,395,regularized_adaptive,0.01017406907982732,0.00533650694806731,2048
combined,2048,396,uniform,0.0018108600024939747,-0.0030267021292660345,2048
combined,2048,396,regularized_adaptive,0.008075685737421345,0.003238123605661336,2048
combined,2048,397,uniform,0.0015055025853580872,-0.003332059546401922,2048
combined,2048,397,regularized_adaptive,0.006710569422122781,0.0018730072903627715,2048
combined,2048,398,uniform,-0.0026205121756595062,-0.0074580743074195155,2048
combined,2048,398,regularized_adaptive,0.004621743847789794,-0.00021581828397021496,2048
combined,2048,399,uniform,0.005381309566725889,0.00054374743496588,2048
combined,2048,399,regularized_adaptive,0.0038164612709099544,-0.001021100860850055,2048
combined,8192,0,uniform,0.007809573390444413,0.002972011258684404,8192
combined,8192,0,regularized_adaptive,0.0019090433367772164,-0.002928518794982793,8192
combined,8192,1,uniform,0.0040044109467576305,-0.0008331511850023787,8192
combined,8192,1,regularized_adaptive,0.00430778118206554,-0.0005297809496944694,8192
combined,8192,2,uniform,0.0034851872109538107,-0.0013523749208061986,8192
combined,8192,2,regularized_adaptive,0.0032205735892611997,-0.0016169885424988095,8192
combined,8192,3,uniform,0.0057394039866514035,0.0009018418548913942,8192
combined,8192,3,regularized_adaptive,0.0037089005973971467,-0.0011286615343628625,8192
combined,8192,4,uniform,0.005065452202504872,0.00022789007074486278,8192
combined,8192,4,regularized_adaptive,0.0014591653668114546,-0.0033783967649485547,8192
combined,8192,5,uniform,0.0031415300846893146,-0.0016960320470706947,8192
combined,8192,5,regularized_adaptive,0.0037499787422161646,-0.0010875833895438447,8192
combined,8192,6,uniform,0.0001456804523112254,-0.004691881679448784,8192
combined,8192,6,regularized_adaptive,0.005269860233904744,0.00043229810214473474,8192
combined,8192,7,uniform,0.006786319971518573,0.0019487578397585636,8192
combined,8192,7,regularized_adaptive,0.007944511695659351,0.0031069495638993416,8192
combined,8192,8,uniform,0.002535062260361265,-0.0023024998713987443,8192
combined,8192,8,regularized_adaptive,0.004214096273041257,-0.0006234658587187525,8192
combined,8192,9,uniform,0.006215744603710327,0.0013781824719503177,8192
combined,8192,9,regularized_adaptive,0.004159503716372193,-0.0006780584153878166,8192
combined,8192,10,uniform,0.004474973758089362,-0.000362588373670647,8192
combined,8192,10,regularized_adaptive,0.0026637051696871694,-0.00217385696207284,8192
combined,8192,11,uniform,0.0018683545356044107,-0.0029692075961555986,8192
combined,8192,11,regularized_adaptive,0.007184012908455273,0.0023464507766952636,8192
combined,8192,12,uniform,0.006680550411232389,0.0018429882794723795,8192
combined,8192,12,regularized_adaptive,0.0059828627295841486,0.0011453005978241393,8192
combined,8192,13,uniform,0.002526497850625198,-0.0023110642811348114,8192
combined,8192,13,regularized_adaptive,0.0048819952290548585,4.443309729484923e-05,8192
combined,8192,14,uniform,0.0033853582788996306,-0.0014522038528603787,8192
combined,8192,14,regularized_adaptive,0.005592604496535536,0.0007550423647755267,8192
combined,8192,15,uniform,0.004738844628142225,-9.871750361778453e-05,8192
combined,8192,15,regularized_adaptive,0.004898126940755532,6.056480899552241e-05,8192
combined,8192,16,uniform,0.006193021666067722,0.0013554595343077125,8192
combined,8192,16,regularized_adaptive,0.002018657610819652,-0.0028189045209403574,8192
combined,8192,17,uniform,0.005573357052377048,0.0007357949206170389,8192
combined,8192,17,regularized_adaptive,0.005986021920859841,0.0011484597890998316,8192
combined,8192,18,uniform,0.006194131076736831,0.0013565689449768215,8192
combined,8192,18,regularized_adaptive,0.0026437461693742392,-0.00219381596238577,8192
combined,8192,19,uniform,0.00764756345494888,0.002810001323188871,8192
combined,8192,19,regularized_adaptive,0.0027656488790741562,-0.002071913252685853,8192
combined,8192,20,uniform,0.0068895922866598625,0.002052030154899853,8192
combined,8192,20,regularized_adaptive,0.004479916472939216,-0.00035764565882079324,8192
combined,8192,21,uniform,0.0058006397522136766,0.0009630776204536673,8192
combined,8192,21,regularized_adaptive,0.0018190303575700284,-0.003018531774189981,8192
combined,8192,22,uniform,0.008458019481492052,0.0036204573497320425,8192
combined,8192,22,regularized_adaptive,0.0045305697703934555,-0.0003069923613665537,8192
combined,8192,23,uniform,0.0035222602109659107,-0.0013153019207940986,8192
combined,8192,23,regularized_adaptive,0.005245555930562418,0.0004079937988024085,8192
combined,8192,24,uniform,0.004387321289468282,-0.000450240842291727,8192
combined,8192,24,regularized_adaptive,0.0036762493433988297,-0.0011613127883611796,8192
combined,8192,25,uniform,0.00688536231068948,0.002047800178929471,8192
combined,8192,25,regularized_adaptive,0.005434449974420552,0.0005968878426605428,8192
combined,8192,26,uniform,0.002209272016082231,-0.0026282901156777783,8192
combined,8192,26,regularized_adaptive,0.005160737848813213,0.00032317571705320347,8192
combined,8192,27,uniform,0.00664747887295114,0.001809916741191131,8192
combined,8192,27,regularized_adaptive,0.005317708498097318,0.00048014636633730845,8192
combined,8192,28,uniform,0.004941328142386681,0.00010376601062667135,8192
combined,8192,28,regularized_adaptive,0.0015610963025105562,-0.003276465829249453,8192
combined,8192,29,uniform,0.007214251132109162,0.0023766890003491525,8192
combined,8192,29,regularized_adaptive,0.001770043974725688,-0.0030675181570343213,8192
combined,8192,30,uniform,0.004334386626859477,-0.0005031755049005326,8192
combined,8192,30,regularized_adaptive,0.006505263344120493,0.001667701212360484,8192
combined,8192,31,uniform,0.005060556115920711,0.00022299398416070204,8192
combined,8192,31,regularized_adaptive,0.0062481350869285635,0.0014105729551685542,8192
combined,8192,32,uniform,0.006297801237869827,0.0014602391061098174,8192
combined,8192,32,regularized_adaptive,0.00769023606174013,0.0028526739299801207,8192
combined,8192,33,uniform,0.003698897466350992,-0.0011386646654090171,8192
combined,8192,33,regularized_adaptive,0.007376646364589234,0.002539084232829225,8192
combined,8192,34,uniform,0.0009489661519168635,-0.0038885959798431458,8192
combined,8192,34,regularized_adaptive,0.004321857888382574,-0.000515704243377435,8192
combined,8192,35,uniform,0.005903830869416815,0.0010662687376568059,8192
combined,8192,35,regularized_adaptive,0.0038036402353691656,-0.0010339218963908436,8192
combined,8192,36,uniform,0.005208379506427718,0.00037081737466770903,8192
combined,8192,36,regularized_adaptive,0.00411751317870479,-0.000720048953055219,8192
combined,8192,37,uniform,0.005067551235693024,0.00022998910393301486,8192
combined,8192,37,regularized_adaptive,0.006555312303860639,0.0017177501721006294,8192
combined,8192,38,uniform,0.005182551043171557,0.00034498891141154786,8192
combined,8192,38,regularized_adaptive,0.002007937941524318,-0.002829624190235691,8192
combined,8192,39,uniform,0.005197548201334001,0.00035998606957399204,8192
combined,8192,39,regularized_adaptive,0.005738418409211299,0.0009008562774512896,8192
combined,8192,40,uniform,0.0034368359567400475,-0.0014007261750199618,8192
combined,8192,40,regularized_adaptive,0.005379291321637503,0.0005417291898774934,8192
combined,8192,41,uniform,0.006782659348766096,0.0019450972170060865,8192
combined,8192,41,regularized_adaptive,0.004059015627085216,-0.000778546504674793,8192
combined,8192,42,uniform,0.004989623193557335,0.00015206106179732615,8192
combined,8192,42,regularized_adaptive,0.0074343302251911325,0.0025967680934311232,8192
combined,8192,43,uniform,0.0027530461969034192,-0.00208451593485659,8192
combined,8192,43,regularized_adaptive,0.00476991861686038,-6.764351489962905e-05,8192
combined,8192,44,uniform,0.005984262781546512,0.0011467006497865029,8192
combined,8192,44,regularized_adaptive,0.0044600166772381655,-0.00037754545452184374,8192
combined,8192,45,uniform,0.003284682279011797,-0.0015528798527482124,8192
combined,8192,45,regularized_adaptive,0.005992325144058341,0.0011547630122983321,8192
combined,8192,46,uniform,0.002139332394999194,-0.0026982297367608155,8192
combined,8192,46,regularized_adaptive,0.004526417860889254,-0.0003111442708707557,8192
combined,8192,47,uniform,0.005843818537572432,0.0010062564058124224,8192
combined,8192,47,regularized_adaptive,0.006548321665324153,0.0017107595335641435,8192
combined,8192,48,uniform,0.0018494630008465407,-0.0029880991309134686,8192
combined,8192,48,regularized_adaptive,0.004736564727426895,-0.0001009974043331141,8192
combined,8192,49,uniform,0.0032947494047741444,-0.001542812726985865,8192
combined,8192,49,regularized_adaptive,0.008657912880136287,0.0038203507483762777,8192
combined,8192,50,uniform,0.002670718913019954,-0.0021668432187400555,8192
combined,8192,50,regularized_adaptive,0.0032851943299423425,-0.0015523678018176668,8192
combined,8192,51,uniform,0.007564654662825632,0.0027270925310656224,8192
combined,8192,51,regularized_adaptive,0.007066227907461808,0.002228665775701799,8192
combined,8192,52,uniform,0.005777902579289673,0.000940340447529664,8192
combined,8192,52,regularized_adaptive,0.005125695285178367,0.0002881331534183573,8192
combined,8192,53,uniform,0.0034475491398344715,-0.0013900129919255377,8192
combined,8192,53,regularized_adaptive,0.004302598946100744,-0.0005349631856592652,8192
combined,8192,54,uniform,0.0036521432854677016,-0.0011854188462923076,8192
combined,8192,54,regularized_adaptive,0.0026408325828812806,-0.0021967295488787286,8192
combined,8192,55,uniform,0.00507952366971498,0.0002419615379549711,8192
combined,8192,55,regularized_adaptive,0.0018605699462446168,-0.0029769921855153925,8192
combined,8192,56,uniform,0.004576708647229921,-0.00026085348453008805,8192
combined,8192,56,regularized_adaptive,0.0027135362967705134,-0.002124025834989496,8192
combined,8192,57,uniform,0.005827354179253064,0.0009897920474930544,8192
combined,8192,57,regularized_adaptive,0.004562169523699922,-0.0002753926080600877,8192
combined,8192,58,uniform,0.0021338077906687403,-0.002703754341091269,8192
combined,8192,58,regularized_adaptive,0.002366929396551143,-0.0024706327352088664,8192
combined,8192,59,uniform,0.00319763325309097,-0.0016399288786690391,8192
combined,8192,59,regularized_adaptive,0.00690769681870762,0.002070134686947611,8192
combined,8192,60,uniform,0.005477900175447914,0.0006403380436879047,8192
combined,8192,60,regularized_adaptive,0.0037708072842486118,-0.0010667548475113975,8192
combined,8192,61,uniform,0.004375444898502501,-0.00046211723325750853,8192
combined,8192,61,regularized_adaptive,0.004936145138898063,9.858300713805335e-05,8192
combined,8192,62,uniform,0.005211276733932735,0.00037371460217272556,8192
combined,8192,62,regularized_adaptive,0.0033734293731253473,-0.001464132758634662,8192
combined,8192,63,uniform,0.00322618605623326,-0.0016113760755267492,8192
combined,8192,63,regularized_adaptive,0.007259010455723747,0.0024214483239637374,8192
combined,8192,64,uniform,0.0033257795275725144,-0.0015117826041874949,8192
combined,8192,64,regularized_adaptive,0.004207614459145859,-0.0006299476726141506,8192
combined,8192,65,uniform,0.00028304376010179766,-0.004554518371658212,8192
combined,8192,65,regularized_adaptive,0.007604708894701773,0.0027671467629417634,8192
combined,8192,66,uniform,0.004485479636803014,-0.0003520824949569956,8192
combined,8192,66,regularized_adaptive,0.006368695730462726,0.0015311335987027164,8192
combined,8192,67,uniform,0.007214146261900645,0.0023765841301406354,8192
combined,8192,67,regularized_adaptive,0.007764543696170634,0.0029269815644106245,8192
combined,8192,68,uniform,0.0031169621570761308,-0.0017205999746838785,8192
combined,8192,68,regularized_adaptive,0.0032926024443442614,-0.0015449596874157479,8192
combined,8192,69,uniform,0.003506203072530134,-0.0013313590592298752,8192
combined,8192,69,regularized_adaptive,0.005986794138091334,0.0011492320063313244,8192
combined,8192,70,uniform,0.004033145604328325,-0.0008044165274316839,8192
combined,8192,70,regularized_adaptive,0.003513915712204607,-0.001323646419555402,8192
combined,8192,71,uniform,0.004482101770425295,-0.00035546036133471404,8192
combined,8192,71,regularized_adaptive,0.0049813833286300735,0.00014382119687006423,8192
combined,8192,72,uniform,0.003045834185103402,-0.0017917279466566072,8192
combined,8192,72,regularized_adaptive,0.0031477939191271176,-0.0016897682126328917,8192
combined,8192,73,uniform,0.009010941676414141,0.004173379544654132,8192
combined,8192,73,regularized_adaptive,0.004238486968895394,-0.0005990751628646152,8192
combined,8192,74,uniform,0.005703974380304899,0.00086641224854489,8192
combined,8192,74,regularized_adaptive,0.004190326808027223,-0.0006472353237327866,8192
combined,8192,75,uniform,0.005408130028238922,0.0005705678964789129,8192
combined,8192,75,regularized_adaptive,0.004136075633182301,-0.0007014864985777081,8192
combined,8192,76,uniform,0.0051836571666212805,0.00034609503486127124,8192
combined,8192,76,regularized_adaptive,0.0047267496481318005,-0.00011081248362820872,8192
combined,8192,77,uniform,0.005362903336456171,0.0005253412046961614,8192
combined,8192,77,regularized_adaptive,0.008293284490572539,0.0034557223588125296,8192
combined,8192,78,uniform,0.005226384312877919,0.00038882218111790934,8192
combined,8192,78,regularized_adaptive,0.004825099214653683,-1.2462917106326188e-05,8192
combined,8192,79,uniform,0.003341702415847969,-0.0014958597159120401,8192
combined,8192,79,regularized_adaptive,0.003494016369181452,-0.0013435457625785574,8192
combined,8192,80,uniform,0.004232562392813222,-0.0006049997389467876,8192
combined,8192,80,regularized_adaptive,0.003857361164039119,-0.00098020096772089,8192
combined,8192,81,uniform,0.002861197996159248,-0.001976364135600761,8192
combined,8192,81,regularized_adaptive,0.006306462688121073,0.0014689005563610635,8192
combined,8192,82,uniform,0.007654716147481366,0.002817154015721357,8192
combined,8192,82,regularized_adaptive,0.005553468261322081,0.0007159061295620717,8192
combined,8192,83,uniform,0.005241755175010354,0.0004041930432503449,8192
combined,8192,83,regularized_adaptive,0.005973974077452482,0.0011364119456924726,8192
combined,8192,84,uniform,0.008654053097300718,0.0038164909655407087,8192
combined,8192,84,regularized_adaptive,0.00834036392140547,0.00350280178964546,8192
combined,8192,85,uniform,0.006030527582659317,0.0011929654508993082,8192
combined,8192,85,regularized_adaptive,0.004103580114914962,-0.0007339820168450473,8192
combined,8192,86,uniform,0.004415433296984794,-0.000422128834775215,8192
combined,8192,86,regularized_adaptive,0.006974664381169227,0.0021371022494092173,8192
combined,8192,87,uniform,0.003321271230022127,-0.0015162909017378823,8192
combined,8192,87,regularized_adaptive,0.0029811090730582634,-0.0018564530587017458,8192
combined,8192,88,uniform,0.0034046639673617207,-0.0014328981643982885,8192
combined,8192,88,regularized_adaptive,0.005549535564039587,0.0007119734322795779,8192
combined,8192,89,uniform,0.006621492398494411,0.0017839302667344015,8192
combined,8192,89,regularized_adaptive,0.002242129205409782,-0.0025954329263502274,8192
combined,8192,90,uniform,0.006240302426302691,0.0014027402945426815,8192
combined,8192,90,regularized_adaptive,0.003963404355146416,-0.0008741577766135933,8192
combined,8192,91,uniform,0.001432089551972382,-0.0034054725797876273,8192
combined,8192,91,regularized_adaptive,0.005622845307609481,0.0007852831758494716,8192
combined,8192,92,uniform,0.006091244270932883,0.0012536821391728736,8192
combined,8192,92,regularized_adaptive,0.0019166356872011292,-0.00292092644455888,8192
combined,8192,93,uniform,0.0042711831595037,-0.0005663789722563095,8192
combined,8192,93,regularized_adaptive,0.004080441326614448,-0.0007571208051455613,8192
combined,8192,94,uniform,0.005149084848332208,0.000311522716572199,8192
combined,8192,94,regularized_adaptive,0.005567237786945789,0.0007296756551857797,8192
combined,8192,95,uniform,0.008222792664220435,0.003385230532460426,8192
combined,8192,95,regularized_adaptive,0.004328050461582578,-0.0005095116701774316,8192
combined,8192,96,uniform,0.004809592780547156,-2.7969351212853155e-05,8192
combined,8192,96,regularized_adaptive,0.0051073631210609705,0.0002698009893009612,8192
combined,8192,97,uniform,0.00502072957719335,0.00018316744543334096,8192
combined,8192,97,regularized_adaptive,0.005168117359554358,0.0003305552277943491,8192
combined,8192,98,uniform,0.006013812115776673,0.001176249984016664,8192
combined,8192,98,regularized_adaptive,0.005174165011506027,0.00033660287974601744,8192
combined,8192,99,uniform,0.003199199851018797,-0.0016383622807412124,8192
combined,8192,99,regularized_adaptive,0.0018173460211405867,-0.0030202161106194225,8192
combined,8192,100,uniform,0.003628253592625974,-0.0012093085391340352,8192
combined,8192,100,regularized_adaptive,0.00688926057542627,0.002051698443666261,8192
combined,8192,101,uniform,0.003841238232071831,-0.0009963238996881785,8192
combined,8192,101,regularized_adaptive,0.004003554918432961,-0.0008340072133270482,8192
combined,8192,102,uniform,0.003525243105359621,-0.0013123190264003881,8192
combined,8192,102,regularized_adaptive,0.00424805408664497,-0.0005895080451150392,8192
combined,8192,103,uniform,0.003009019393164003,-0.0018285427385960062,8192
combined,8192,103,regularized_adaptive,0.006474078926239635,0.0016365167944796255,8192
combined,8192,104,uniform,0.00637071380824672,0.0015331516764867104,8192
combined,8192,104,regularized_adaptive,0.005005515527939153,0.0001679533961791435,8192
combined,8192,105,uniform,0.0038902717426232414,-0.0009472903891367679,8192
combined,8192,105,regularized_adaptive,0.002338647233572466,-0.002498914898187543,8192
combined,8192,106,uniform,0.004533476106646006,-0.0003040860251140032,8192
combined,8192,106,regularized_adaptive,0.005771614933478553,0.0009340528017185434,8192
combined,8192,107,uniform,0.006538787576357841,0.0017012254445978314,8192
combined,8192,107,regularized_adaptive,0.0030216963140849984,-0.0018158658176750109,8192
combined,8192,108,uniform,0.0035262635338542125,-0.0013112985979057967,8192
combined,8192,108,regularized_adaptive,0.0023644399823350426,-0.0024731221494249667,8192
combined,8192,109,uniform,0.005309651728182985,0.00047208959642297543,8192
combined,8192,109,regularized_adaptive,0.0030219761274059564,-0.0018155860043540528,8192
combined,8192,110,uniform,0.0044556413780405535,-0.0003819207537194558,8192
combined,8192,110,regularized_adaptive,0.003194378510036344,-0.001643183621723665,8192
combined,8192,111,uniform,0.0029604886114098505,-0.0018770735203501587,8192
combined,8192,111,regularized_adaptive,0.008356924680541944,0.0035193625487819347,8192
combined,8192,112,uniform,0.001430852157773721,-0.0034067099739862883,8192
combined,8192,112,regularized_adaptive,0.0022555575086080637,-0.0025820046231519456,8192
combined,8192,113,uniform,0.007811957595650121,0.0029743954638901116,8192
combined,8192,113,regularized_adaptive,0.005475609498252432,0.0006380473664924224,8192
combined,8192,114,uniform,0.004395486049429742,-0.0004420760823302672,8192
combined,8192,114,regularized_adaptive,0.005665725151913215,0.0008281630201532053,8192
combined,8192,115,uniform,0.003240237499424481,-0.0015973246323355283,8192
combined,8192,115,regularized_adaptive,0.005022774557766674,0.00018521242600666454,8192
combined,8192,116,uniform,0.004090006143964153,-0.000747555987795856,8192
combined,8192,116,regularized_adaptive,0.0036195624667456627,-0.0012179996650143465,8192
combined,8192,117,uniform,0.00613707989292589,0.0012995177611658804,8192
combined,8192,117,regularized_adaptive,0.0059940720314690665,0.0011565098997090573,8192
combined,8192,118,uniform,0.001822584138837513,-0.0030149779929224962,8192
combined,8192,118,regularized_adaptive,0.003612771193218123,-0.0012247909385418865,8192
combined,8192,119,uniform,0.005665181897166249,0.00082761976540624,8192
combined,8192,119,regularized_adaptive,0.00309607862413408,-0.0017414835076259294,8192
combined,8192,120,uniform,0.006084709681828393,0.0012471475500683837,8192
combined,8192,120,regularized_adaptive,0.006925663472415522,0.0020881013406555127,8192
combined,8192,121,uniform,0.006780913744784733,0.0019433516130247241,8192
combined,8192,121,regularized_adaptive,0.00761214371402108,0.002774581582261071,8192
combined,8192,122,uniform,0.007765444334068228,0.0029278822023082185,8192
combined,8192,122,regularized_adaptive,0.002792918162617397,-0.002044643969142612,8192
combined,8192,123,uniform,0.0006809362885160652,-0.004156625843243944,8192
combined,8192,123,regularized_adaptive,0.0046532249937421,-0.0001843371380179093,8192
combined,8192,124,uniform,0.007051305261404295,0.0022137431296442855,8192
combined,8192,124,regularized_adaptive,0.005082784063549894,0.00024522193178988516,8192
combined,8192,125,uniform,0.0033515179009997453,-0.001486044230760264,8192
combined,8192,125,regularized_adaptive,0.0022815267763496294,-0.00255603535541038,8192
combined,8192,126,uniform,0.006187541434524491,0.0013499793027644813,8192
combined,8192,126,regularized_adaptive,0.005127840528185601,0.0002902783964255917,8192
combined,8192,127,uniform,0.005915586003069961,0.0010780238713099521,8192
combined,8192,127,regularized_adaptive,0.0048663704611984215,2.8808329438412272e-05,8192
combined,8192,128,uniform,0.006945997041448493,0.0021084349096884836,8192
combined,8192,128,regularized_adaptive,0.0036543270702846797,-0.0011832350614753295,8192
combined,8192,129,uniform,0.004297828196881959,-0.0005397339348780505,8192
combined,8192,129,regularized_adaptive,0.006078591203449335,0.0012410290716893257,8192
combined,8192,130,uniform,0.0038863819314958192,-0.00095118020026419,8192
combined,8192,130,regularized_adaptive,0.004292048464010989,-0.0005455136677490202,8192
combined,8192,131,uniform,0.005368904407478503,0.0005313422757184938,8192
combined,8192,131,regularized_adaptive,0.003325167889327574,-0.0015123942424324355,8192
combined,8192,132,uniform,0.0017823930649019104,-0.003055169066858099,8192
combined,8192,132,regularized_adaptive,0.0061865911315290845,0.0013490289997690752,8192
combined,8192,133,uniform,0.007053588394069443,0.002216026262309434,8192
combined,8192,133,regularized_adaptive,0.005000001227580597,0.0001624390958205879,8192
combined,8192,134,uniform,0.005208391182359939,0.0003708290505999301,8192
combined,8192,134,regularized_adaptive,0.0038981986535562285,-0.0009393634782037807,8192
combined,8192,135,uniform,0.006092637355968655,0.001255075224208646,8192
combined,8192,135,regularized_adaptive,0.0023117520226918487,-0.0025258101090681606,8192
combined,8192,136,uniform,0.005328595651205248,0.0004910335194452387,8192
combined,8192,136,regularized_adaptive,0.005174234536660549,0.00033667240490053985,8192
combined,8192,137,uniform,0.003996324366219106,-0.0008412377655409031,8192
combined,8192,137,regularized_adaptive,0.00650811113351768,0.0016705490017576707,8192
combined,8192,138,uniform,0.0033534758987494584,-0.0014840862330105509,8192
combined,8192,138,regularized_adaptive,0.004951141855258356,0.00011357972349834711,8192
combined,8192,139,uniform,0.007813582871688318,0.002976020739928309,8192
combined,8192,139,regularized_adaptive,0.005360896293127304,0.0005233341613672948,8192
combined,8192,140,uniform,0.0010433887827394628,-0.0037941733490205465,8192
combined,8192,140,regularized_adaptive,0.001403046457478574,-0.0034345156742814353,8192
combined,8192,141,uniform,0.005449288268804864,0.0006117261370448546,8192
combined,8192,141,regularized_adaptive,0.0035253559574703885,-0.0013122061742896207,8192
combined,8192,142,uniform,0.004935956335707203,9.839420394719411e-05,8192
combined,8192,142,regularized_adaptive,0.006254796117986849,0.0014172339862268402,8192
combined,8192,143,uniform,0.005045157143084289,0.0002075950113242797,8192
combined,8192,143,regularized_adaptive,0.004476546753386046,-0.00036101537837396336,8192
combined,8192,144,uniform,0.009275110952769339,0.0044375488210093295,8192
combined,8192,144,regularized_adaptive,0.005578589479954488,0.0007410273481944785,8192
combined,8192,145,uniform,0.0044391649786259535,-0.00039839715313405577,8192
combined,8192,145,regularized_adaptive,0.004689382111832785,-0.0001481800199272243,8192
combined,8192,146,uniform,0.0018317323165311095,-0.0030058298152289,8192
combined,8192,146,regularized_adaptive,0.0050381051608576755,0.0002005430290976662,8192
combined,8192,147,uniform,0.004333343537289203,-0.0005042185944708066,8192
combined,8192,147,regularized_adaptive,0.005911453182790183,0.0010738910510301736,8192
combined,8192,148,uniform,0.006174226351008727,0.0013366642192487177,8192
combined,8192,148,regularized_adaptive,0.002504655871226724,-0.002332906260533285,8192
combined,8192,149,uniform,0.005076666486932169,0.00023910435517215944,8192
combined,8192,149,regularized_adaptive,0.00530569001626624,0.0004681278845062309,8192
combined,8192,150,uniform,0.0030398206821891094,-0.0017977414495708999,8192
combined,8192,150,regularized_adaptive,0.003742191834525066,-0.0010953702972349433,8192
combined,8192,151,uniform,0.005002430926674073,0.0001648687949140637,8192
combined,8192,151,regularized_adaptive,0.0028068678517287893,-0.00203069428003122,8192
combined,8192,152,uniform,0.003801298182385615,-0.0010362639493743941,8192
combined,8192,152,regularized_adaptive,0.0035069639730220814,-0.0013305981587379279,8192
combined,8192,153,uniform,0.003567297816506887,-0.0012702643152531223,8192
combined,8192,153,regularized_adaptive,0.008168440725810022,0.003330878594050013,8192
combined,8192,154,uniform,0.00281408458313237,-0.002023477548627639,8192
combined,8192,154,regularized_adaptive,0.0018394973234361345,-0.002998064808323875,8192
combined,8192,155,uniform,0.007642193415042797,0.002804631283282788,8192
combined,8192,155,regularized_adaptive,0.004186816347594657,-0.0006507457841653519,8192
combined,8192,156,uniform,0.003118031934198129,-0.0017195301975618804,8192
combined,8192,156,regularized_adaptive,0.006695983803373551,0.0018584216716135415,8192
combined,8192,157,uniform,0.0048328756787876515,-4.686452972357813e-06,8192
combined,8192,157,regularized_adaptive,0.005852461230181127,0.0010148990984211181,8192
combined,8192,158,uniform,0.005416154827035058,0.0005785926952750486,8192
combined,8192,158,regularized_adaptive,0.005909248617903984,0.0010716864861439745,8192
combined,8192,159,uniform,0.004669639641974754,-0.00016792248978525492,8192
combined,8192,159,regularized_adaptive,0.0025890662090786165,-0.0022484959226813928,8192
combined,8192,160,uniform,0.0028556820541210115,-0.0019818800776389978,8192
combined,8192,160,regularized_adaptive,0.004105056492093695,-0.0007325056396663143,8192
combined,8192,161,uniform,0.006561841582541028,0.0017242794507810189,8192
combined,8192,161,regularized_adaptive,0.005738544014239899,0.0009009818824798899,8192
combined,8192,162,uniform,0.003605255723931222,-0.001232306407828787,8192
combined,8192,162,regularized_adaptive,0.0011410073030448942,-0.003696554828715115,8192
combined,8192,163,uniform,0.00294171552551159,-0.0018958466062484192,8192
combined,8192,163,regularized_adaptive,0.004536961665544403,-0.0003006004662156059,8192
combined,8192,164,uniform,0.004323609725932265,-0.0005139524058277445,8192
combined,8192,164,regularized_adaptive,0.004297756138583075,-0.0005398059931769339,8192
combined,8192,165,uniform,0.007521918428887275,0.002684356297127266,8192
combined,8192,165,regularized_adaptive,0.00509159029168238,0.0002540281599223704,8192
combined,8192,166,uniform,0.005685596283476535,0.0008480341517165257,8192
combined,8192,166,regularized_adaptive,0.009520931326775006,0.004683369195014997,8192
combined,8192,167,uniform,0.007438863844522636,0.002601301712762627,8192
combined,8192,167,regularized_adaptive,0.006705193503237616,0.0018676313714776072,8192
combined,8192,168,uniform,0.005343845455486829,0.0005062833237268194,8192
combined,8192,168,regularized_adaptive,0.004057480527065671,-0.0007800816046943382,8192
combined,8192,169,uniform,0.006679876621816128,0.0018423144900561184,8192
combined,8192,169,regularized_adaptive,0.007389481144778998,0.0025519190130189884,8192
combined,8192,170,uniform,0.0020632365311232803,-0.002774325600636729,8192
combined,8192,170,regularized_adaptive,0.0056212991389053,0.0007837370071452909,8192
combined,8192,171,uniform,0.006375408581883235,0.0015378464501232258,8192
combined,8192,171,regularized_adaptive,0.0034410905673993852,-0.001396471564360624,8192
combined,8192,172,uniform,0.005886391116113998,0.0010488289843539889,8192
combined,8192,172,regularized_adaptive,0.0027060661739941594,-0.00213149595776585,8192
combined,8192,173,uniform,0.005601632637081799,0.00076407050532179,8192
combined,8192,173,regularized_adaptive,0.0012651810542436692,-0.00357238107751634,8192
combined,8192,174,uniform,0.0024603619659542275,-0.0023772001658057818,8192
combined,8192,174,regularized_adaptive,0.0027452080461696227,-0.0020923540855903866,8192
combined,8192,175,uniform,0.003492385052611624,-0.0013451770791483852,8192
combined,8192,175,regularized_adaptive,0.006454980773061614,0.0016174186413016045,8192
combined,8192,176,uniform,0.004133383777019439,-0.00070417835474057,8192
combined,8192,176,regularized_adaptive,0.006815574621209741,0.001978012489449732,8192
combined,8192,177,uniform,0.005055456112248891,0.0002178939804888813,8192
combined,8192,177,regularized_adaptive,0.00497127819225085,0.0001337160604908405,8192
combined,8192,178,uniform,0.0031175701468795225,-0.0017199919848804868,8192
combined,8192,178,regularized_adaptive,0.011109025676041995,0.0062714635442819855,8192
combined,8192,179,uniform,0.0050496659979906156,0.00021210386623060629,8192
combined,8192,179,regularized_adaptive,0.0012447328008455827,-0.0035928293309144266,8192
combined,8192,180,uniform,0.0049498124113736,0.00011225027961359046,8192
combined,8192,180,regularized_adaptive,0.004003107460370359,-0.0008344546713896506,8192
combined,8192,181,uniform,0.003317841294096624,-0.0015197208376633853,8192
combined,8192,181,regularized_adaptive,0.006140851128595415,0.0013032889968354056,8192
combined,8192,182,uniform,0.005497487394976908,0.0006599252632168984,8192
combined,8192,182,regularized_adaptive,0.0041177113712196345,-0.0007198507605403748,8192
combined,8192,183,uniform,0.004571200997063762,-0.0002663611346962469,8192
combined,8192,183,regularized_adaptive,0.004953687520745653,0.00011612538898564395,8192
combined,8192,184,uniform,0.0036910410825115036,-0.0011465210492485056,8192
combined,8192,184,regularized_adaptive,0.0031711936916476446,-0.0016663684401123646,8192
combined,8192,185,uniform,0.0022458065107695546,-0.0025917556209904546,8192
combined,8192,185,regularized_adaptive,0.004916289410759056,7.872727899904675e-05,8192
combined,8192,186,uniform,0.005302850156276406,0.00046528802451639706,8192
combined,8192,186,regularized_adaptive,0.004350780133397514,-0.00048678199836249547,8192
combined,8192,187,uniform,0.005003225634308883,0.00016566350254887396,8192
combined,8192,187,regularized_adaptive,0.006635535499659895,0.0017979733678998855,8192
combined,8192,188,uniform,0.00528406032914841,0.0004464981973884008,8192
combined,8192,188,regularized_adaptive,0.004332061902332818,-0.0005055002294271915,8192
combined,8192,189,uniform,0.005674667142198331,0.0008371050104383215,8192
combined,8192,189,regularized_adaptive,0.0018188683937729877,-0.0030186937379870216,8192
combined,8192,190,uniform,0.004628691235852855,-0.0002088708959071539,8192
combined,8192,190,regularized_adaptive,0.00523481260658798,0.0003972504748279704,8192
combined,8192,191,uniform,0.0018264878933607065,-0.0030110742383993028,8192
combined,8192,191,regularized_adaptive,0.001617825463949174,-0.0032197366678108352,8192
combined,8192,192,uniform,0.0061952910116600535,0.0013577288799000442,8192
combined,8192,192,regularized_adaptive,0.006115639099992798,0.0012780769682327886,8192
combined,8192,193,uniform,0.005672299084333865,0.0008347369525738557,8192
combined,8192,193,regularized_adaptive,0.006545445613487466,0.0017078834817274569,8192
combined,8192,194,uniform,0.0023941980340396185,-0.0024433640977203908,8192
combined,8192,194,regularized_adaptive,0.004725382106662401,-0.00011218002509760794,8192
combined,8192,195,uniform,0.004535355867560931,-0.0003022062641990786,8192
combined,8192,195,regularized_adaptive,0.003960392833135984,-0.0008771692986240254,8192
combined,8192,196,uniform,0.006915735091021169,0.0020781729592611597,8192
combined,8192,196,regularized_adaptive,0.0042392711542120765,-0.0005982909775479328,8192
combined,8192,197,uniform,0.005678701887785742,0.0008411397560257328,8192
combined,8192,197,regularized_adaptive,0.0038912873364651546,-0.0009462747952948547,8192
combined,8192,198,uniform,0.006288211686453771,0.0014506495546937614,8192
combined,8192,198,regularized_adaptive,0.00458243360345012,-0.0002551285283098892,8192
combined,8192,199,uniform,0.006688405111358264,0.001850842979598255,8192
combined,8192,199,regularized_adaptive,0.006185802688036368,0.0013482405562763589,8192
combined,8192,200,uniform,0.004806328640058588,-3.12334917014212e-05,8192
combined,8192,200,regularized_adaptive,0.007985410986091956,0.003147848854331947,8192
combined,8192,201,uniform,0.002874593561137395,-0.001962968570622614,8192
combined,8192,201,regularized_adaptive,0.0013243049803168816,-0.0035132571514431277,8192
combined,8192,202,uniform,0.004121090022045415,-0.0007164721097145943,8192
combined,8192,202,regularized_adaptive,0.0059990738606465754,0.0011615117288865662,8192
combined,8192,203,uniform,0.005829904709072409,0.0009923425773123995,8192
combined,8192,203,regularized_adaptive,0.0066303414786546,0.0017927793468945907,8192
combined,8192,204,uniform,0.006945162408743322,0.0021076002769833124,8192
combined,8192,204,regularized_adaptive,0.00834806254603393,0.0035105004142739205,8192
combined,8192,205,uniform,0.003425336742097329,-0.0014122253896626802,8192
combined,8192,205,regularized_adaptive,0.005128596764819804,0.0002910346330597946,8192
combined,8192,206,uniform,0.002940500885195263,-0.0018970612465647463,8192
combined,8192,206,regularized_adaptive,0.0048619304842389965,2.4368352478987276e-05,8192
combined,8192,207,uniform,0.003667871096010522,-0.0011696910357494872,8192
combined,8192,207,regularized_adaptive,0.0065077787410983134,0.0016702166093383042,8192
combined,8192,208,uniform,0.0035383929132830616,-0.0012991692184769477,8192
combined,8192,208,regularized_adaptive,0.006888314956889019,0.0020507528251290097,8192
combined,8192,209,uniform,0.004442152661924936,-0.00039540946983507297,8192
combined,8192,209,regularized_adaptive,0.005236081189481823,0.0003985190577218134,8192
combined,8192,210,uniform,0.0015353227183654283,-0.003302239413394581,8192
combined,8192,210,regularized_adaptive,0.005739934352671838,0.000902372220911829,8192
combined,8192,211,uniform,0.005715486464011654,0.000877924332251645,8192
combined,8192,211,regularized_adaptive,0.0037460164672760143,-0.001091545664483995,8192
combined,8192,212,uniform,0.0027281358174819914,-0.002109426314278018,8192
combined,8192,212,regularized_adaptive,0.003740013587551161,-0.0010975485442088484,8192
combined,8192,213,uniform,0.005355244562771588,0.0005176824310115791,8192
combined,8192,213,regularized_adaptive,0.004675375757154043,-0.00016218637460596597,8192
combined,8192,214,uniform,0.007373471827733624,0.002535909695973615,8192
combined,8192,214,regularized_adaptive,0.00498573227737964,0.0001481701456196305,8192
combined,8192,215,uniform,0.0047457994438859785,-9.176268787403075e-05,8192
combined,8192,215,regularized_adaptive,0.005358885647936518,0.0005213235161765084,8192
combined,8192,216,uniform,0.004262279301037175,-0.0005752828307228341,8192
combined,8192,216,regularized_adaptive,0.004255741191137474,-0.000581820940622535,8192
combined,8192,217,uniform,0.007428772605607037,0.0025912104738470276,8192
combined,8192,217,regularized_adaptive,0.005637774519829719,0.0008002123880697098,8192
combined,8192,218,uniform,0.0060938778212191735,0.0012563156894591643,8192
combined,8192,218,regularized_adaptive,0.004933015644251526,9.545351249151679e-05,8192
combined,8192,219,uniform,0.0037083466918588215,-0.0011292154399011878,8192
combined,8192,219,regularized_adaptive,0.0050930942611486785,0.0002555321293886692,8192
combined,8192,220,uniform,0.004237788598643988,-0.0005997735331160214,8192
combined,8192,220,regularized_adaptive,0.0034774871390022,-0.0013600749927578093,8192
combined,8192,221,uniform,0.004296907113259252,-0.0005406550185007575,8192
combined,8192,221,regularized_adaptive,0.003792298480747469,-0.0010452636510125402,8192
combined,8192,222,uniform,0.005836145635683465,0.0009985835039234559,8192
combined,8192,222,regularized_adaptive,0.006348380930744746,0.0015108187989847366,8192
combined,8192,223,uniform,0.0031712689143228445,-0.0016662932174371647,8192
combined,8192,223,regularized_adaptive,0.0055299672405206834,0.0006924051087606742,8192
combined,8192,224,uniform,0.004624962964888901,-0.00021259916687110803,8192
combined,8192,224,regularized_adaptive,0.0061959037459100585,0.0013583416141500493,8192
combined,8192,225,uniform,0.003490043043173685,-0.0013475190885863242,8192
combined,8192,225,regularized_adaptive,0.005558667396009298,0.0007211052642492888,8192
combined,8192,226,uniform,0.0019029454449439598,-0.0029346166868160495,8192
combined,8192,226,regularized_adaptive,0.00664384023587683,0.0018062781041168208,8192
combined,8192,227,uniform,0.006082162803914493,0.0012446006721544833,8192
combined,8192,227,regularized_adaptive,0.004110062268615877,-0.0007274998631441321,8192
combined,8192,228,uniform,0.005408848181556181,0.0005712860497961714,8192
combined,8192,228,regularized_adaptive,0.0007439863737310759,-0.004093575758028933,8192
combined,8192,229,uniform,0.005894496268173732,0.001056934136413723,8192
combined,8192,229,regularized_adaptive,0.005044707573924612,0.0002071454421646024,8192
combined,8192,230,uniform,0.007577105894462477,0.0027395437627024677,8192
combined,8192,230,regularized_adaptive,0.006124512165430751,0.0012869500336707418,8192
combined,8192,231,uniform,0.0053585829405058405,0.0005210208087458312,8192
combined,8192,231,regularized_adaptive,0.005146928759265812,0.0003093666275058027,8192
combined,8192,232,uniform,0.005004340007711328,0.00016677787595131832,8192
combined,8192,232,regularized_adaptive,0.004812288532888509,-2.527359887150027e-05,8192
combined,8192,233,uniform,0.005252297322319244,0.00041473519055923447,8192
combined,8192,233,regularized_adaptive,0.006775581455455537,0.0019380193236955279,8192
combined,8192,234,uniform,0.005997200135055003,0.0011596380032949938,8192
combined,8192,234,regularized_adaptive,0.0046114223547855104,-0.00022613977697449883,8192
combined,8192,235,uniform,0.005167564484192866,0.0003300023524328566,8192
combined,8192,235,regularized_adaptive,0.0066094164165582114,0.0017718542847982022,8192
combined,8192,236,uniform,0.002134480116631643,-0.0027030820151283663,8192
combined,8192,236,regularized_adaptive,0.005624195741528837,0.0007866336097688276,8192
combined,8192,237,uniform,0.0035774029169930444,-0.001260159214766965,8192
combined,8192,237,regularized_adaptive,0.0051749398913356615,0.0003373777595756522,8192
combined,8192,238,uniform,0.0055975877294827114,0.0007600255977227022,8192
combined,8192,238,regularized_adaptive,0.007394464798572642,0.0025569026668126327,8192
combined,8192,239,uniform,0.004527458040680443,-0.00031010409107956605,8192
combined,8192,239,regularized_adaptive,0.0024141350906567993,-0.00242342704110321,8192
combined,8192,240,uniform,0.003819163162872563,-0.0010183989688874462,8192
combined,8192,240,regularized_adaptive,0.002666592919821298,-0.0021709692119387114,8192
combined,8192,241,uniform,0.0068589793141198285,0.0020214171823598193,8192
combined,8192,241,regularized_adaptive,0.004775795750691536,-6.176638106847321e-05,8192
combined,8192,242,uniform,0.009449076615171137,0.004611514483411128,8192
combined,8192,242,regularized_adaptive,0.006634308141543421,0.001796746009783412,8192
combined,8192,243,uniform,0.00393199332375449,-0.0009055688080055191,8192
combined,8192,243,regularized_adaptive,0.005238797201104539,0.0004012350693445299,8192
combined,8192,244,uniform,0.005199610928042553,0.0003620487962825436,8192
combined,8192,244,regularized_adaptive,0.006851842443950318,0.0020142803121903086,8192
combined,8192,245,uniform,0.004327923293463876,-0.0005096388382961337,8192
combined,8192,245,regularized_adaptive,0.004931704347992394,9.414221623238461e-05,8192
combined,8192,246,uniform,0.008555366897679662,0.0037178047659196523,8192
combined,8192,246,regularized_adaptive,0.0026757833265280695,-0.0021617788052319398,8192
combined,8192,247,uniform,0.0013341780608566722,-0.003503384070903337,8192
combined,8192,247,regularized_adaptive,0.006418677589464572,0.0015811154577045627,8192
combined,8192,248,uniform,0.008620004095233114,0.0037824419634731044,8192
combined,8192,248,regularized_adaptive,0.005380355533493031,0.0005427934017330216,8192
combined,8192,249,uniform,0.008657548781160429,0.0038199866494004198,8192
combined,8192,249,regularized_adaptive,0.008479959593082675,0.003642397461322666,8192
combined,8192,250,uniform,0.00461067991282782,-0.00022688221893218952,8192
combined,8192,250,regularized_adaptive,0.001478881454355374,-0.003358680677404635,8192
combined,8192,251,uniform,0.006728122671214365,0.0018905605394543556,8192
combined,8192,251,regularized_adaptive,0.006869732760560687,0.002032170628800678,8192
combined,8192,252,uniform,0.0021173628774713293,-0.00272019925428868,8192
combined,8192,252,regularized_adaptive,0.007380595781233623,0.002543033649473614,8192
combined,8192,253,uniform,0.0048637242203168896,2.6162088556880292e-05,8192
combined,8192,253,regularized_adaptive,0.005341380489984893,0.0005038183582248834,8192
combined,8192,254,uniform,0.0035958704934513364,-0.001241691638308673,8192
combined,8192,254,regularized_adaptive,0.0022489025239220695,-0.00258865960783794,8192
combined,8192,255,uniform,0.0026044299721359465,-0.0022331321596240628,8192
combined,8192,255,regularized_adaptive,0.005828379106107562,0.0009908169743475526,8192
combined,8192,256,uniform,0.006019253783136946,0.001181691651376937,8192
combined,8192,256,regularized_adaptive,0.007008575009599838,0.0021710128778398285,8192
combined,8192,257,uniform,0.002592475018277085,-0.0022450871134829242,8192
combined,8192,257,regularized_adaptive,0.005153373260972316,0.0003158111292123067,8192
combined,8192,258,uniform,0.007034323858403191,0.0021967617266431816,8192
combined,8192,258,regularized_adaptive,0.005693289134174329,0.0008557270024143193,8192
combined,8192,259,uniform,0.005103076291124609,0.0002655141593645993,8192
combined,8192,259,regularized_adaptive,0.003743353111696379,-0.00109420902006363,8192
combined,8192,260,uniform,0.004109673803854186,-0.0007278883279058235,8192
combined,8192,260,regularized_adaptive,0.003701418100258813,-0.0011361440315011961,8192
combined,8192,261,uniform,0.005898807218167157,0.0010612450864071477,8192
combined,8192,261,regularized_adaptive,0.009875135826051817,0.005037573694291808,8192
combined,8192,262,uniform,0.004989306851623354,0.0001517447198633448,8192
combined,8192,262,regularized_adaptive,-3.193731060147087e-05,-0.00486949944236148,8192
combined,8192,263,uniform,0.007899023448279863,0.0030614613165198534,8192
combined,8192,263,regularized_adaptive,0.005460736591325954,0.000623174459565945,8192
combined,8192,264,uniform,0.004498982370753524,-0.00033857976100648557,8192
combined,8192,264,regularized_adaptive,0.002331590992554311,-0.0025059711392056983,8192
combined,8192,265,uniform,0.004598828470706806,-0.00023873366105320315,8192
combined,8192,265,regularized_adaptive,0.004487216922277604,-0.00035034520948240555,8192
combined,8192,266,uniform,0.0060441243478566165,0.0012065622160966072,8192
combined,8192,266,regularized_adaptive,0.005077142155812453,0.00023958002405244372,8192
combined,8192,267,uniform,0.00557147223995802,0.0007339101081980104,8192
combined,8192,267,regularized_adaptive,0.006452355893224571,0.0016147937614645613,8192
combined,8192,268,uniform,0.0031479912650258512,-0.001689570866734158,8192
combined,8192,268,regularized_adaptive,0.0069153177008001165,0.0020777555690401073,8192
combined,8192,269,uniform,0.008583634429474074,0.003746072297714065,8192
combined,8192,269,regularized_adaptive,0.00791960741021569,0.0030820452784556807,8192
combined,8192,270,uniform,0.006959203978970763,0.0021216418472107534,8192
combined,8192,270,regularized_adaptive,0.0043961510836494355,-0.00044141104811057374,8192
combined,8192,271,uniform,0.005381950576266448,0.0005443884445064384,8192
combined,8192,271,regularized_adaptive,0.004283002862662144,-0.0005545592690978651,8192
combined,8192,272,uniform,0.006673586910402207,0.001836024778642198,8192
combined,8192,272,regularized_adaptive,0.004752723750359067,-8.483838140094235e-05,8192
combined,8192,273,uniform,0.004916888344460801,7.93262127007921e-05,8192
combined,8192,273,regularized_adaptive,0.004055736614960281,-0.0007818255167997279,8192
combined,8192,274,uniform,0.001187555285445896,-0.0036500068463141133,8192
combined,8192,274,regularized_adaptive,0.0011332144034357228,-0.0037043477283242865,8192
combined,8192,275,uniform,0.0048891256102656655,5.1563478505656235e-05,8192
combined,8192,275,regularized_adaptive,0.0047903016413375354,-4.726049042247382e-05,8192
combined,8192,276,uniform,0.003470645657284166,-0.0013669164744758433,8192
combined,8192,276,regularized_adaptive,0.004654313177084646,-0.0001832489546753635,8192
combined,8192,277,uniform,0.006023298031291091,0.0011857358995310818,8192
combined,8192,277,regularized_adaptive,0.007624937224180783,0.002787375092420774,8192
combined,8192,278,uniform,0.003352419329859302,-0.0014851428019007074,8192
combined,8192,278,regularized_adaptive,0.004253978821122217,-0.0005835833106377919,8192
combined,8192,279,uniform,0.004172429537654843,-0.0006651325941051667,8192
combined,8192,279,regularized_adaptive,0.003953929620967855,-0.0008836325107921539,8192
combined,8192,280,uniform,0.0025175314170491347,-0.0023200307147108745,8192
combined,8192,280,regularized_adaptive,0.0057631450538124795,0.0009255829220524703,8192
combined,8192,281,uniform,0.002620246389930969,-0.00221731574182904,8192
combined,8192,281,regularized_adaptive,0.005252529783180471,0.00041496765142046144,8192
combined,8192,282,uniform,0.003718341661410385,-0.0011192204703496245,8192
combined,8192,282,regularized_adaptive,0.0047936567673456665,-4.3905364414342785e-05,8192
combined,8192,283,uniform,0.005402353495866485,0.0005647913641064761,8192
combined,8192,283,regularized_adaptive,0.005903907278018927,0.001066345146258918,8192
combined,8192,284,uniform,0.00712773494328367,0.002290172811523661,8192
combined,8192,284,regularized_adaptive,0.005003921981458603,0.00016635984969859408,8192
combined,8192,285,uniform,0.0041370226965522505,-0.0007005394352077587,8192
combined,8192,285,regularized_adaptive,0.005042940261136941,0.0002053781293769319,8192
combined,8192,286,uniform,0.009537847092816243,0.004700284961056234,8192
combined,8192,286,regularized_adaptive,0.0042444410223501094,-0.0005931211094098998,8192
combined,8192,287,uniform,0.0037826455172362827,-0.0010549166145237265,8192
combined,8192,287,regularized_adaptive,0.006474560472420343,0.001636998340660334,8192
combined,8192,288,uniform,0.006088088956285098,0.001250526824525089,8192
combined,8192,288,regularized_adaptive,0.005393219484776779,0.0005556573530167697,8192
combined,8192,289,uniform,0.003987255252108746,-0.0008503068796512636,8192
combined,8192,289,regularized_adaptive,0.005788911085485182,0.0009513489537251729,8192
combined,8192,290,uniform,0.003696983497020412,-0.0011405786347395974,8192
combined,8192,290,regularized_adaptive,0.00465027266291429,-0.0001872894688457194,8192
combined,8192,291,uniform,0.005010122290136643,0.0001725601583766334,8192
combined,8192,291,regularized_adaptive,0.0062001984364181695,0.0013626363046581602,8192
combined,8192,292,uniform,0.005677058834870685,0.0008394967031106759,8192
combined,8192,292,regularized_adaptive,0.0027596615935872038,-0.0020779005381728055,8192
combined,8192,293,uniform,0.004088057702482217,-0.0007495044292777919,8192
combined,8192,293,regularized_adaptive,0.0057310470460860685,0.0008934849143260593,8192
combined,8192,294,uniform,0.006734108158325647,0.0018965460265656375,8192
combined,8192,294,regularized_adaptive,0.0028423746144659034,-0.001995187517294106,8192
combined,8192,295,uniform,0.006028213488498579,0.0011906513567385701,8192
combined,8192,295,regularized_adaptive,0.007519700485769221,0.0026821383540092114,8192
combined,8192,296,uniform,0.0031520491626180203,-0.001685512969141989,8192
combined,8192,296,regularized_adaptive,0.001764957024196434,-0.003072605107563575,8192
combined,8192,297,uniform,0.0033723287773206323,-0.001465233354439377,8192
combined,8192,297,regularized_adaptive,0.007401747913510448,0.0025641857817504388,8192
combined,8192,298,uniform,0.009586943081241195,0.004749380949481186,8192
combined,8192,298,regularized_adaptive,0.0019487803276598825,-0.0028887818041001267,8192
combined,8192,299,uniform,0.004799551195578289,-3.801093618172047e-05,8192
combined,8192,299,regularized_adaptive,0.008213924997258815,0.0033763628654988054,8192
combined,8192,300,uniform,0.003125355175622957,-0.0017122069561370523,8192
combined,8192,300,regularized_adaptive,0.006271835809442905,0.0014342736776828957,8192
combined,8192,301,uniform,0.0038414933455124256,-0.0009960687862475837,8192
combined,8192,301,regularized_adaptive,0.0053940911787497825,0.0005565290469897732,8192
combined,8192,302,uniform,0.0030604799148878925,-0.0017770822168721168,8192
combined,8192,302,regularized_adaptive,0.004320010252970796,-0.000517551878789213,8192
combined,8192,303,uniform,0.005825102784365654,0.0009875406526056452,8192
combined,8192,303,regularized_adaptive,0.003737196405255716,-0.0011003657265042932,8192
combined,8192,304,uniform,0.008642865759733276,0.0038053036279732666,8192
combined,8192,304,regularized_adaptive,0.005207461656992152,0.0003698995252321424,8192
combined,8192,305,uniform,0.006012269524345193,0.0011747073925851836,8192
combined,8192,305,regularized_adaptive,0.006132630233746106,0.0012950681019860966,8192
combined,8192,306,uniform,0.004015111704484653,-0.0008224504272753563,8192
combined,8192,306,regularized_adaptive,0.0052794152291015806,0.0004418530973415713,8192
combined,8192,307,uniform,0.0019203329926966717,-0.0029172291390633376,8192
combined,8192,307,regularized_adaptive,0.003422820551542749,-0.0014147415802172603,8192
combined,8192,308,uniform,0.005080598738863351,0.00024303660710334185,8192
combined,8192,308,regularized_adaptive,0.002330567019405372,-0.0025069951123546375,8192
combined,8192,309,uniform,0.003491154823871412,-0.0013464073078885974,8192
combined,8192,309,regularized_adaptive,0.0004462219397387557,-0.004391340192021254,8192
combined,8192,310,uniform,0.0036022132529938133,-0.001235348878766196,8192
combined,8192,310,regularized_adaptive,0.006553084540325216,0.0017155224085652065,8192
combined,8192,311,uniform,0.004824426499536294,-1.3135632223715277e-05,8192
combined,8192,311,regularized_adaptive,0.004172391616607207,-0.000665170515152802,8192
combined,8192,312,uniform,0.0038023170204235512,-0.001035245111336458,8192
combined,8192,312,regularized_adaptive,0.005790266982338643,0.000952704850578634,8192
combined,8192,313,uniform,0.006941151354154407,0.0021035892223943975,8192
combined,8192,313,regularized_adaptive,0.004641929385573285,-0.00019563274618672466,8192
combined,8192,314,uniform,0.005156625520814195,0.0003190633890541861,8192
combined,8192,314,regularized_adaptive,0.005507466926729876,0.0006699047949698667,8192
combined,8192,315,uniform,0.0067362732500146905,0.0018987111182546812,8192
combined,8192,315,regularized_adaptive,0.0066205702246566744,0.0017830080928966652,8192
combined,8192,316,uniform,0.003944436841197607,-0.0008931252905624021,8192
combined,8192,316,regularized_adaptive,0.005974081285418542,0.0011365191536585328,8192
combined,8192,317,uniform,0.007505308646782005,0.002667746515021996,8192
combined,8192,317,regularized_adaptive,0.006072681752568698,0.001235119620808689,8192
combined,8192,318,uniform,0.00717924789195834,0.002341685760198331,8192
combined,8192,318,regularized_adaptive,0.0034255702753327455,-0.0014119918564272638,8192
combined,8192,319,uniform,0.006247632085028876,0.0014100699532688665,8192
combined,8192,319,regularized_adaptive,0.00399135474005341,-0.0008462073917065993,8192
combined,8192,320,uniform,0.0053820421743067115,0.0005444800425467022,8192
combined,8192,320,regularized_adaptive,0.0068479096162610276,0.0020103474845010183,8192
combined,8192,321,uniform,0.003847243123581201,-0.0009903190081788082,8192
combined,8192,321,regularized_adaptive,0.002093302768288119,-0.0027442593634718904,8192
combined,8192,322,uniform,0.003059413240176667,-0.001778148891583342,8192
combined,8192,322,regularized_adaptive,0.008114099921297857,0.003276537789537848,8192
combined,8192,323,uniform,0.00718006491057821,0.0023425027788182007,8192
combined,8192,323,regularized_adaptive,0.0020600550123894834,-0.002777507119370526,8192
combined,8192,324,uniform,0.007974071923007031,0.003136509791247022,8192
combined,8192,324,regularized_adaptive,0.009250207939249577,0.004412645807489568,8192
combined,8192,325,uniform,0.003431497627288671,-0.0014060645044713382,8192
combined,8192,325,regularized_adaptive,0.004924353424674344,8.67912929143344e-05,8192
combined,8192,326,uniform,0.006833710578967533,0.001996148447207524,8192
combined,8192,326,regularized_adaptive,0.0034881575313772117,-0.0013494046003827975,8192
combined,8192,327,uniform,0.003191824751700878,-0.0016457373800591313,8192
combined,8192,327,regularized_adaptive,0.0050195396726095964,0.00018197754084958717,8192
combined,8192,328,uniform,0.005037943047033977,0.00020038091527396773,8192
combined,8192,328,regularized_adaptive,0.005373869166490408,0.0005363070347303989,8192
combined,8192,329,uniform,0.0008112382702334386,-0.004026323861526571,8192
combined,8192,329,regularized_adaptive,0.003876739821836672,-0.0009608223099233371,8192
combined,8192,330,uniform,0.007427910423589701,0.0025903482918296916,8192
combined,8192,330,regularized_adaptive,0.0046574277182562795,-0.00018013441350372972,8192
combined,8192,331,uniform,0.006372055104236551,0.0015344929724765421,8192
combined,8192,331,regularized_adaptive,0.00912900380413273,0.00429144167237272,8192
combined,8192,332,uniform,0.004755963247315087,-8.159888444492225e-05,8192
combined,8192,332,regularized_adaptive,0.0019522301942336284,-0.002885331937526381,8192
combined,8192,333,uniform,0.004712841199522089,-0.00012472093223792058,8192
combined,8192,333,regularized_adaptive,0.003114370657646859,-0.0017231914741131504,8192
combined,8192,334,uniform,0.0011488032305013718,-0.0036887589012586375,8192
combined,8192,334,regularized_adaptive,0.002836956791812284,-0.0020006053399477253,8192
combined,8192,335,uniform,0.0028900916325307335,-0.0019474704992292757,8192
combined,8192,335,regularized_adaptive,0.0038311662279673087,-0.0010063959037927006,8192
combined,8192,336,uniform,0.0045744695711098515,-0.00026309256065015774,8192
combined,8192,336,regularized_adaptive,0.0017264656192965688,-0.0031110965124634404,8192
combined,8192,337,uniform,0.007366120983239632,0.002528558851479623,8192
combined,8192,337,regularized_adaptive,0.005288564534096096,0.000451002402336087,8192
combined,8192,338,uniform,0.005573760601991218,0.0007361984702312085,8192
combined,8192,338,regularized_adaptive,0.005781559658728064,0.0009439975269680545,8192
combined,8192,339,uniform,0.0037068039050565105,-0.0011307582267034988,8192
combined,8192,339,regularized_adaptive,0.006299061284391172,0.0014614991526311627,8192
combined,8192,340,uniform,0.005316091286323044,0.00047852915456303435,8192
combined,8192,340,regularized_adaptive,0.005166060658182481,0.00032849852642247157,8192
combined,8192,341,uniform,0.003911955737242678,-0.000925606394517331,8192
combined,8192,341,regularized_adaptive,0.00637796464030238,0.0015404025085423712,8192
combined,8192,342,uniform,0.005066224685490894,0.00022866255373088507,8192
combined,8192,342,regularized_adaptive,0.0009306180831076816,-0.003906944048652328,8192
combined,8192,343,uniform,0.007073261115222884,0.002235698983462875,8192
combined,8192,343,regularized_adaptive,0.003130249593194634,-0.0017073125385653753,8192
combined,8192,344,uniform,0.0007842578936054778,-0.0040533042381545314,8192
combined,8192,344,regularized_adaptive,0.004884602530747628,4.7040398987618914e-05,8192
combined,8192,345,uniform,0.002552663014836476,-0.0022848991169235333,8192
combined,8192,345,regularized_adaptive,0.00588690106053491,0.001049338928774901,8192
combined,8192,346,uniform,0.006961160904460861,0.002123598772700852,8192
combined,8192,346,regularized_adaptive,0.005108076140960982,0.0002705140092009728,8192
combined,8192,347,uniform,0.0016921416639661402,-0.003145420467793869,8192
combined,8192,347,regularized_adaptive,0.006015408198471128,0.001177846066711119,8192
combined,8192,348,uniform,0.0026091677528192747,-0.0022283943789407346,8192
combined,8192,348,regularized_adaptive,0.006224398232365758,0.0013868361006057484,8192
combined,8192,349,uniform,0.006476522831542653,0.0016389606997826434,8192
combined,8192,349,regularized_adaptive,0.006538006422202258,0.001700444290442249,8192
combined,8192,350,uniform,0.0053149297230596915,0.0004773675912996822,8192
combined,8192,350,regularized_adaptive,0.0050414407924614935,0.0002038786607014842,8192
combined,8192,351,uniform,0.002781726639209836,-0.002055835492550173,8192
combined,8192,351,regularized_adaptive,0.004242535100207334,-0.0005950270315526751,8192
combined,8192,352,uniform,0.002473372373303029,-0.0023641897584569804,8192
combined,8192,352,regularized_adaptive,-5.973940461068139e-05,-0.004897301536370691,8192
combined,8192,353,uniform,0.006904403046523733,0.0020668409147637234,8192
combined,8192,353,regularized_adaptive,0.0031836453307283463,-0.001653916801031663,8192
combined,8192,354,uniform,0.004190097646384672,-0.0006474644853753375,8192
combined,8192,354,regularized_adaptive,0.007257170989561246,0.0024196088578012365,8192
combined,8192,355,uniform,0.006108673053363489,0.00127111092160348,8192
combined,8192,355,regularized_adaptive,0.005411875176609904,0.0005743130448498945,8192
combined,8192,356,uniform,0.0005221785456708261,-0.004315383586089183,8192
combined,8192,356,regularized_adaptive,0.005981998090812901,0.0011444359590528919,8192
combined,8192,357,uniform,0.005474744488309646,0.0006371823565496371,8192
combined,8192,357,regularized_adaptive,0.0038410740198955295,-0.0009964881118644797,8192
combined,8192,358,uniform,0.0034730786936671976,-0.0013644834380928117,8192
combined,8192,358,regularized_adaptive,0.0029796662271763807,-0.0018578959045836285,8192
combined,8192,359,uniform,0.0038931438083507075,-0.0009444183234093018,8192
combined,8192,359,regularized_adaptive,0.005482002399760155,0.000644440268000146,8192
combined,8192,360,uniform,0.0038478850657259756,-0.0009896770660340337,8192
combined,8192,360,regularized_adaptive,0.004915873725209963,7.831159344995342e-05,8192
combined,8192,361,uniform,0.002256706180932433,-0.0025808559508275764,8192
combined,8192,361,regularized_adaptive,0.007802080367719455,0.0029645182359594457,8192
combined,8192,362,uniform,0.0003055013425212749,-0.004532060789238734,8192
combined,8192,362,regularized_adaptive,0.002168147943340415,-0.0026694141884195943,8192
combined,8192,363,uniform,0.003965674083729276,-0.0008718880480307334,8192
combined,8192,363,regularized_adaptive,0.0027286483844459752,-0.002108913747314034,8192
combined,8192,364,uniform,0.005265383855362238,0.0004278217236022286,8192
combined,8192,364,regularized_adaptive,0.0036934263137951007,-0.0011441358179649086,8192
combined,8192,365,uniform,0.003345289938748053,-0.0014922721930119565,8192
combined,8192,365,regularized_adaptive,0.004121583238297255,-0.0007159788934627542,8192
combined,8192,366,uniform,0.00955062358029668,0.004713061448536671,8192
combined,8192,366,regularized_adaptive,0.00668819632270079,0.0018506341909407809,8192
combined,8192,367,uniform,0.001005156348912628,-0.003832405782847381,8192
combined,8192,367,regularized_adaptive,0.004138642652272928,-0.0006989194794870812,8192
combined,8192,368,uniform,0.005569244252348504,0.0007316821205884949,8192
combined,8192,368,regularized_adaptive,0.005871220799658516,0.0010336586678985071,8192
combined,8192,369,uniform,0.010597891366032286,0.005760329234272277,8192
combined,8192,369,regularized_adaptive,0.0051897567715206705,0.00035219463976066123,8192
combined,8192,370,uniform,0.0008844161319530031,-0.003953145999807006,8192
combined,8192,370,regularized_adaptive,0.010147144970467536,0.005309582838707527,8192
combined,8192,371,uniform,0.005707412677295132,0.0008698505455351224,8192
combined,8192,371,regularized_adaptive,0.0030821112484389346,-0.0017554508833210747,8192
combined,8192,372,uniform,0.005621898744777809,0.0007843366130177998,8192
combined,8192,372,regularized_adaptive,0.004252849018827831,-0.0005847131129321781,8192
combined,8192,373,uniform,0.002902275889169026,-0.0019352862425909834,8192
combined,8192,373,regularized_adaptive,0.004623537553878343,-0.0002140245778816663,8192
combined,8192,374,uniform,0.006447004100112785,0.001609441968352776,8192
combined,8192,374,regularized_adaptive,0.006519899667413398,0.0016823375356533887,8192
combined,8192,375,uniform,0.007167947397614505,0.0023303852658544955,8192
combined,8192,375,regularized_adaptive,0.007441100171512893,0.002603538039752884,8192
combined,8192,376,uniform,0.000737766633235104,-0.004099795498524905,8192
combined,8192,376,regularized_adaptive,0.004479917973458036,-0.00035764415830197294,8192
combined,8192,377,uniform,0.004032035331040795,-0.000805526800719214,8192
combined,8192,377,regularized_adaptive,0.00721833676825856,0.0023807746364985505,8192
combined,8192,378,uniform,0.005536529923783284,0.0006989677920232751,8192
combined,8192,378,regularized_adaptive,0.007437833367798241,0.002600271236038232,8192
combined,8192,379,uniform,0.005985946060758529,0.0011483839289985198,8192
combined,8192,379,regularized_adaptive,0.005115896985210533,0.00027833485345052367,8192
combined,8192,380,uniform,0.0037727862230667597,-0.0010647759086932496,8192
combined,8192,380,regularized_adaptive,0.004336824557318764,-0.0005007375744412457,8192
combined,8192,381,uniform,0.0045656643125342455,-0.0002718978192257637,8192
combined,8192,381,regularized_adaptive,0.008959294853695177,0.004121732721935167,8192
combined,8192,382,uniform,0.007051241865595692,0.002213679733835683,8192
combined,8192,382,regularized_adaptive,0.0037122633965225305,-0.0011252987352374788,8192
combined,8192,383,uniform,0.0075849934416938325,0.0027474313099338232,8192
combined,8192,383,regularized_adaptive,0.011484483886062158,0.006646921754302149,8192
combined,8192,384,uniform,0.006101059258265984,0.0012634971265059747,8192
combined,8192,384,regularized_adaptive,0.004388045105489624,-0.00044951702627038514,8192
combined,8192,385,uniform,0.004827662685642942,-9.899446117067612e-06,8192
combined,8192,385,regularized_adaptive,0.0057782543204547565,0.0009406921886947472,8192
combined,8192,386,uniform,0.0037425184591253213,-0.001095043672634688,8192
combined,8192,386,regularized_adaptive,0.007243304048837551,0.002405741917077542,8192
combined,8192,387,uniform,0.006672122894899601,0.0018345607631395922,8192
combined,8192,387,regularized_adaptive,0.0031159742622470787,-0.0017215878695129305,8192
combined,8192,388,uniform,0.002131109613557669,-0.0027064525182023402,8192
combined,8192,388,regularized_adaptive,0.005235455786248622,0.00039789365448861247,8192
combined,8192,389,uniform,0.004506464529137055,-0.00033109760262295396,8192
combined,8192,389,regularized_adaptive,0.0035914423402720885,-0.0012461197914879207,8192
combined,8192,390,uniform,0.006634359341768814,0.0017967972100088048,8192
combined,8192,390,regularized_adaptive,0.001981908725105619,-0.0028556534066543904,8192
combined,8192,391,uniform,0.0029735752372586077,-0.0018639868945014015,8192
combined,8192,391,regularized_adaptive,0.006251484444345756,0.001413922312585747,8192
combined,8192,392,uniform,0.001912327046328599,-0.00292523508543141,8192
combined,8192,392,regularized_adaptive,0.009588436098831643,0.004750873967071634,8192
combined,8192,393,uniform,0.0026530242665359083,-0.002184537865224101,8192
combined,8192,393,regularized_adaptive,0.004745446149756916,-9.211598200309368e-05,8192
combined,8192,394,uniform,0.00722910692797285,0.002391544796212841,8192
combined,8192,394,regularized_adaptive,0.008442210536390604,0.003604648404630595,8192
combined,8192,395,uniform,0.003450822200758097,-0.0013867399310019124,8192
combined,8192,395,regularized_adaptive,0.006106657813959693,0.0012690956821996835,8192
combined,8192,396,uniform,0.006399168153969015,0.0015616060222090056,8192
combined,8192,396,regularized_adaptive,0.003920041006556296,-0.000917521125203713,8192
combined,8192,397,uniform,0.0072531970231528575,0.0024156348913928483,8192
combined,8192,397,regularized_adaptive,0.0021191919113325852,-0.002718370220427424,8192
combined,8192,398,uniform,0.0064048689828020144,0.0015673068510420052,8192
combined,8192,398,regularized_adaptive,0.005834171806474053,0.000996609674714044,8192
combined,8192,399,uniform,0.004331949958890746,-0.0005056121728692631,8192
combined,8192,399,regularized_adaptive,0.007351316318964685,0.0025137541872046754,8192
