case,repeat,tv_from_ideal
zero_time_control,0,0.00390625
zero_time_control,1,0.0048828125
zero_time_control,2,0.00390625
zero_time_control,3,0.009765625
zero_time_control,4,0.0087890625
zero_time_control,5,0.0048828125
zero_time_control,6,0.001953125
zero_time_control,7,0.0068359375
zero_time_control,8,0.0087890625
zero_time_control,9,0.0107421875
zero_time_control,10,0.0048828125
zero_time_control,11,0.0078125
zero_time_control,12,0.00390625
zero_time_control,13,0.005859375
zero_time_control,14,0.0078125
zero_time_control,15,0.0087890625
zero_time_control,16,0.0029296875
zero_time_control,17,0.0029296875
zero_time_control,18,0.0068359375
zero_time_control,19,0.009765625
zero_time_control,20,0.001953125
zero_time_control,21,0.005859375
zero_time_control,22,0.005859375
zero_time_control,23,0.009765625
zero_time_control,24,0.0068359375
zero_time_control,25,0.0048828125
zero_time_control,26,0.0068359375
zero_time_control,27,0.0068359375
zero_time_control,28,0.0068359375
zero_time_control,29,0.0048828125
zero_time_control,30,0.0048828125
zero_time_control,31,0.0048828125
zero_time_control,32,0.0068359375
zero_time_control,33,0.0107421875
zero_time_control,34,0.00390625
zero_time_control,35,0.0048828125
zero_time_control,36,0.0029296875
zero_time_control,37,0.00390625
zero_time_control,38,0.0048828125
zero_time_control,39,0.0048828125
zero_time_control,40,0.005859375
zero_time_control,41,0.005859375
zero_time_control,42,0.0029296875
zero_time_control,43,0.001953125
zero_time_control,44,0.0048828125
zero_time_control,45,0.0107421875
zero_time_control,46,0.0087890625
zero_time_control,47,0.0087890625
zero_time_control,48,0.0078125
zero_time_control,49,0.00390625
zero_time_control,50,0.0068359375
zero_time_control,51,0.0048828125
zero_time_control,52,0.00390625
zero_time_control,53,0.0029296875
zero_time_control,54,0.00390625
zero_time_control,55,0.001953125
zero_time_control,56,0.0068359375
zero_time_control,57,0.0068359375
zero_time_control,58,0.0068359375
zero_time_control,59,0.001953125
zero_time_control,60,0.0068359375
zero_time_control,61,0.0078125
zero_time_control,62,0.0107421875
zero_time_control,63,0.001953125
zero_time_control,64,0.0048828125
zero_time_control,65,0.009765625
zero_time_control,66,0.0107421875
zero_time_control,67,0.005859375
zero_time_control,68,0.00390625
zero_time_control,69,0.0068359375
zero_time_control,70,0.0078125
zero_time_control,71,0.0029296875
zero_time_control,72,0.00390625
zero_time_control,73,0.009765625
zero_time_control,74,0.0078125
zero_time_control,75,0.005859375
zero_time_control,76,0.00390625
zero_time_control,77,0.0048828125
zero_time_control,78,0.0048828125
zero_time_control,79,0.0029296875
zero_time_control,80,0.009765625
zero_time_control,81,0.005859375
zero_time_control,82,0.0087890625
zero_time_control,83,0.0078125
zero_time_control,84,0.0087890625
zero_time_control,85,0.0078125
zero_time_control,86,0.005859375
zero_time_control,87,0.009765625
zero_time_control,88,0.0078125
zero_time_control,89,0.00390625
zero_time_control,90,0.0029296875
zero_time_control,91,0.0048828125
zero_time_control,92,0.0068359375
zero_time_control,93,0.0107421875
zero_time_control,94,0.013671875
zero_time_control,95,0.0087890625
zero_time_control,96,0.009765625
zero_time_control,97,0.001953125
zero_time_control,98,0.005859375
zero_time_control,99,0.0068359375
zero_time_control,100,0.0068359375
zero_time_control,101,0.0048828125
zero_time_control,102,0.00390625
zero_time_control,103,0.0029296875
zero_time_control,104,0.0029296875
zero_time_control,105,0.009765625
zero_time_control,106,0.0078125
zero_time_control,107,0.0009765625
zero_time_control,108,0.0087890625
zero_time_control,109,0.0029296875
zero_time_control,110,0.0068359375
zero_time_control,111,0.00390625
zero_time_control,112,0.005859375
zero_time_control,113,0.0087890625
zero_time_control,114,0.0078125
zero_time_control,115,0.0107421875
zero_time_control,116,0.0048828125
zero_time_control,117,0.00390625
zero_time_control,118,0.009765625
zero_time_control,119,0.005859375
zero_time_control,120,0.005859375
zero_time_control,121,0.0048828125
zero_time_control,122,0.009765625
zero_time_control,123,0.005859375
zero_time_control,124,0.0107421875
zero_time_control,125,0.00390625
zero_time_control,126,0.0078125
zero_time_control,127,0.0048828125
zero_time_control,128,0.0048828125
zero_time_control,129,0.0048828125
zero_time_control,130,0.0087890625
zero_time_control,131,0.00390625
zero_time_control,132,0.005859375
zero_time_control,133,0.0078125
zero_time_control,134,0.0068359375
zero_time_control,135,0.01171875
zero_time_control,136,0.0087890625
zero_time_control,137,0.00390625
zero_time_control,138,0.0068359375
zero_time_control,139,0.0029296875
zero_time_control,140,0.0048828125
zero_time_control,141,0.0029296875
zero_time_control,142,0.0068359375
zero_time_control,143,0.005859375
zero_time_control,144,0.0048828125
zero_time_control,145,0.01171875
zero_time_control,146,0.0078125
zero_time_control,147,0.0048828125
zero_time_control,148,0.00390625
zero_time_control,149,0.00390625
zero_time_control,150,0.00390625
zero_time_control,151,0.005859375
zero_time_control,152,0.00390625
zero_time_control,153,0.005859375
zero_time_control,154,0.0078125
zero_time_control,155,0.005859375
zero_time_control,156,0.0068359375
zero_time_control,157,0.0078125
zero_time_control,158,0.0087890625
zero_time_control,159,0.0087890625
zero_time_control,160,0.0078125
zero_time_control,161,0.0048828125
zero_time_control,162,0.0068359375
zero_time_control,163,0.0078125
zero_time_control,164,0.0087890625
zero_time_control,165,0.0048828125
zero_time_control,166,0.005859375
zero_time_control,167,0.009765625
zero_time_control,168,0.0048828125
zero_time_control,169,0.0107421875
zero_time_control,170,0.0068359375
zero_time_control,171,0.001953125
zero_time_control,172,0.0107421875
zero_time_control,173,0.0087890625
zero_time_control,174,0.0009765625
zero_time_control,175,0.0029296875
zero_time_control,176,0.0068359375
zero_time_control,177,0.005859375
zero_time_control,178,0.0068359375
zero_time_control,179,0.0087890625
zero_time_control,180,0.0078125
zero_time_control,181,0.005859375
zero_time_control,182,0.0068359375
zero_time_control,183,0.01171875
zero_time_control,184,0.005859375
zero_time_control,185,0.0029296875
zero_time_control,186,0.0107421875
zero_time_control,187,0.0107421875
zero_time_control,188,0.005859375
zero_time_control,189,0.00390625
zero_time_control,190,0.0126953125
zero_time_control,191,0.0078125
zero_time_control,192,0.0087890625
zero_time_control,193,0.0078125
zero_time_control,194,0.0029296875
zero_time_control,195,0.009765625
zero_time_control,196,0.0068359375
zero_time_control,197,0.0048828125
zero_time_control,198,0.009765625
zero_time_control,199,0.0048828125
zero_time_control,200,0.0078125
zero_time_control,201,0.0087890625
zero_time_control,202,0.0087890625
zero_time_control,203,0.0029296875
zero_time_control,204,0.015625
zero_time_control,205,0.0048828125
zero_time_control,206,0.0078125
zero_time_control,207,0.0078125
zero_time_control,208,0.0048828125
zero_time_control,209,0.0048828125
zero_time_control,210,0.0087890625
zero_time_control,211,0.0078125
zero_time_control,212,0.0068359375
zero_time_control,213,0.0048828125
zero_time_control,214,0.00390625
zero_time_control,215,0.0009765625
zero_time_control,216,0.0068359375
zero_time_control,217,0.0078125
zero_time_control,218,0.0087890625
zero_time_control,219,0.005859375
zero_time_control,220,0.009765625
zero_time_control,221,0.0068359375
zero_time_control,222,0.0078125
zero_time_control,223,0.0029296875
zero_time_control,224,0.0068359375
zero_time_control,225,0.001953125
zero_time_control,226,0.005859375
zero_time_control,227,0.00390625
zero_time_control,228,0.0078125
zero_time_control,229,0.005859375
zero_time_control,230,0.0126953125
zero_time_control,231,0.0068359375
zero_time_control,232,0.0029296875
zero_time_control,233,0.0048828125
zero_time_control,234,0.0078125
zero_time_control,235,0.00390625
zero_time_control,236,0.0048828125
zero_time_control,237,0.009765625
zero_time_control,238,0.0048828125
zero_time_control,239,0.0078125
zero_time_control,240,0.0078125
zero_time_control,241,0.0048828125
zero_time_control,242,0.0078125
zero_time_control,243,0.0048828125
zero_time_control,244,0.005859375
zero_time_control,245,0.005859375
zero_time_control,246,0.0048828125
zero_time_control,247,0.001953125
zero_time_control,248,0.0078125
zero_time_control,249,0.005859375
zero_time_control,250,0.001953125
zero_time_control,251,0.0048828125
zero_time_control,252,0.0068359375
zero_time_control,253,0.0087890625
zero_time_control,254,0.0068359375
zero_time_control,255,0.0078125
zero_time_control,256,0.0048828125
zero_time_control,257,0.0029296875
zero_time_control,258,0.00390625
zero_time_control,259,0.0009765625
zero_time_control,260,0.0048828125
zero_time_control,261,0.0068359375
zero_time_control,262,0.0107421875
zero_time_control,263,0.0068359375
zero_time_control,264,0.001953125
zero_time_control,265,0.0078125
zero_time_control,266,0.0068359375
zero_time_control,267,0.00390625
zero_time_control,268,0.0068359375
zero_time_control,269,0.005859375
zero_time_control,270,0.009765625
zero_time_control,271,0.0068359375
zero_time_control,272,0.0078125
zero_time_control,273,0.0087890625
zero_time_control,274,0.0087890625
zero_time_control,275,0.0068359375
zero_time_control,276,0.0087890625
zero_time_control,277,0.0009765625
zero_time_control,278,0.005859375
zero_time_control,279,0.0068359375
zero_time_control,280,0.0078125
zero_time_control,281,0.0048828125
zero_time_control,282,0.0029296875
zero_time_control,283,0.0078125
zero_time_control,284,0.0068359375
zero_time_control,285,0.00390625
zero_time_control,286,0.005859375
zero_time_control,287,0.00390625
zero_time_control,288,0.0078125
zero_time_control,289,0.0048828125
zero_time_control,290,0.0068359375
zero_time_control,291,0.0068359375
zero_time_control,292,0.001953125
zero_time_control,293,0.0068359375
zero_time_control,294,0.009765625
zero_time_control,295,0.005859375
zero_time_control,296,0.005859375
zero_time_control,297,0.0078125
zero_time_control,298,0.001953125
zero_time_control,299,0.0029296875
zero_time_control,300,0.0048828125
zero_time_control,301,0.0068359375
zero_time_control,302,0.0068359375
zero_time_control,303,0.0029296875
zero_time_control,304,0.005859375
zero_time_control,305,0.0126953125
zero_time_control,306,0.005859375
zero_time_control,307,0.00390625
zero_time_control,308,0.0029296875
zero_time_control,309,0.01171875
zero_time_control,310,0.001953125
zero_time_control,311,0.0107421875
zero_time_control,312,0.0029296875
zero_time_control,313,0.009765625
zero_time_control,314,0.0078125
zero_time_control,315,0.0078125
zero_time_control,316,0.0068359375
zero_time_control,317,0.005859375
zero_time_control,318,0.005859375
zero_time_control,319,0.009765625
zero_time_control,320,0.005859375
zero_time_control,321,0.0068359375
zero_time_control,322,0.00390625
zero_time_control,323,0.005859375
zero_time_control,324,0.0078125
zero_time_control,325,0.0048828125
zero_time_control,326,0.0048828125
zero_time_control,327,0.005859375
zero_time_control,328,0.0048828125
zero_time_control,329,0.0068359375
zero_time_control,330,0.005859375
zero_time_control,331,0.0048828125
zero_time_control,332,0.00390625
zero_time_control,333,0.0078125
zero_time_control,334,0.0107421875
zero_time_control,335,0.0107421875
zero_time_control,336,0.0048828125
zero_time_control,337,0.0068359375
zero_time_control,338,0.00390625
zero_time_control,339,0.0048828125
zero_time_control,340,0.009765625
zero_time_control,341,0.0068359375
zero_time_control,342,0.0107421875
zero_time_control,343,0.005859375
zero_time_control,344,0.0048828125
zero_time_control,345,0.0078125
zero_time_control,346,0.0048828125
zero_time_control,347,0.005859375
zero_time_control,348,0.0048828125
zero_time_control,349,0.0078125
zero_time_control,350,0.0068359375
zero_time_control,351,0.009765625
zero_time_control,352,0.0048828125
zero_time_control,353,0.0068359375
zero_time_control,354,0.005859375
zero_time_control,355,0.005859375
zero_time_control,356,0.009765625
zero_time_control,357,0.001953125
zero_time_control,358,0.0078125
zero_time_control,359,0.0087890625
zero_time_control,360,0.0029296875
zero_time_control,361,0.0048828125
zero_time_control,362,0.0087890625
zero_time_control,363,0.00390625
zero_time_control,364,0.0029296875
zero_time_control,365,0.0087890625
zero_time_control,366,0.0107421875
zero_time_control,367,0.009765625
zero_time_control,368,0.00390625
zero_time_control,369,0.00390625
zero_time_control,370,0.009765625
zero_time_control,371,0.0068359375
zero_time_control,372,0.0078125
zero_time_control,373,0.009765625
zero_time_control,374,0.0029296875
zero_time_control,375,0.005859375
zero_time_control,376,0.00390625
zero_time_control,377,0.005859375
zero_time_control,378,0.005859375
zero_time_control,379,0.0087890625
zero_time_control,380,0.0087890625
zero_time_control,381,0.0029296875
zero_time_control,382,0.0068359375
zero_time_control,383,0.0087890625
zero_time_control,384,0.001953125
zero_time_control,385,0.0048828125
zero_time_control,386,0.0087890625
zero_time_control,387,0.0068359375
zero_time_control,388,0.0087890625
zero_time_control,389,0.0048828125
zero_time_control,390,0.0029296875
zero_time_control,391,0.0078125
zero_time_control,392,0.009765625
zero_time_control,393,0.0078125
zero_time_control,394,0.00390625
zero_time_control,395,0.0048828125
zero_time_control,396,0.0048828125
zero_time_control,397,0.00390625
zero_time_control,398,0.0048828125
zero_time_control,399,0.00390625
zero_time_control,400,0.0029296875
zero_time_control,401,0.00390625
zero_time_control,402,0.0078125
zero_time_control,403,0.00390625
zero_time_control,404,0.0068359375
zero_time_control,405,0.0068359375
zero_time_control,406,0.0107421875
zero_time_control,407,0.0048828125
zero_time_control,408,0.00390625
zero_time_control,409,0.0068359375
zero_time_control,410,0.005859375
zero_time_control,411,0.0107421875
zero_time_control,412,0.0087890625
zero_time_control,413,0.0078125
zero_time_control,414,0.0078125
zero_time_control,415,0.0068359375
zero_time_control,416,0.0048828125
zero_time_control,417,0.0029296875
zero_time_control,418,0.009765625
zero_time_control,419,0.00390625
zero_time_control,420,0.0068359375
zero_time_control,421,0.00390625
zero_time_control,422,0.0078125
zero_time_control,423,0.013671875
zero_time_control,424,0.013671875
zero_time_control,425,0.0126953125
zero_time_control,426,0.009765625
zero_time_control,427,0.0068359375
zero_time_control,428,0.005859375
zero_time_control,429,0.00390625
zero_time_control,430,0.0068359375
zero_time_control,431,0.005859375
zero_time_control,432,0.0068359375
zero_time_control,433,0.00390625
zero_time_control,434,0.00390625
zero_time_control,435,0.0068359375
zero_time_control,436,0.005859375
zero_time_control,437,0.0048828125
zero_time_control,438,0.0087890625
zero_time_control,439,0.0029296875
zero_time_control,440,0.0087890625
zero_time_control,441,0.0087890625
zero_time_control,442,0.0029296875
zero_time_control,443,0.005859375
zero_time_control,444,0.0048828125
zero_time_control,445,0.005859375
zero_time_control,446,0.0146484375
zero_time_control,447,0.0029296875
zero_time_control,448,0.0068359375
zero_time_control,449,0.009765625
zero_time_control,450,0.005859375
zero_time_control,451,0.005859375
zero_time_control,452,0.00390625
zero_time_control,453,0.0009765625
zero_time_control,454,0.005859375
zero_time_control,455,0.0068359375
zero_time_control,456,0.0068359375
zero_time_control,457,0.005859375
zero_time_control,458,0.0068359375
zero_time_control,459,0.0068359375
zero_time_control,460,0.01171875
zero_time_control,461,0.0048828125
zero_time_control,462,0.01171875
zero_time_control,463,0.005859375
zero_time_control,464,0.0107421875
zero_time_control,465,0.0048828125
zero_time_control,466,0.005859375
zero_time_control,467,0.005859375
zero_time_control,468,0.0068359375
zero_time_control,469,0.0048828125
zero_time_control,470,0.00390625
zero_time_control,471,0.0068359375
zero_time_control,472,0.0068359375
zero_time_control,473,0.0048828125
zero_time_control,474,0.0078125
zero_time_control,475,0.0029296875
zero_time_control,476,0.0048828125
zero_time_control,477,0.005859375
zero_time_control,478,0.0087890625
zero_time_control,479,0.0126953125
zero_time_control,480,0.005859375
zero_time_control,481,0.005859375
zero_time_control,482,0.0068359375
zero_time_control,483,0.0068359375
zero_time_control,484,0.0078125
zero_time_control,485,0.0078125
zero_time_control,486,0.0078125
zero_time_control,487,0.0107421875
zero_time_control,488,0.005859375
zero_time_control,489,0.005859375
zero_time_control,490,0.00390625
zero_time_control,491,0.0048828125
zero_time_control,492,0.0029296875
zero_time_control,493,0.0068359375
zero_time_control,494,0.0029296875
zero_time_control,495,0.0048828125
zero_time_control,496,0.0078125
zero_time_control,497,0.0048828125
zero_time_control,498,0.00390625
zero_time_control,499,0.00390625
zero_time_control,500,0.0068359375
zero_time_control,501,0.0078125
zero_time_control,502,0.0078125
zero_time_control,503,0.0068359375
zero_time_control,504,0.0068359375
zero_time_control,505,0.0078125
zero_time_control,506,0.0087890625
zero_time_control,507,0.00390625
zero_time_control,508,0.013671875
zero_time_control,509,0.0048828125
zero_time_control,510,0.0068359375
zero_time_control,511,0.0068359375
zero_time_control,512,0.0068359375
zero_time_control,513,0.0107421875
zero_time_control,514,0.005859375
zero_time_control,515,0.00390625
zero_time_control,516,0.0048828125
zero_time_control,517,0.009765625
zero_time_control,518,0.0078125
zero_time_control,519,0.0078125
zero_time_control,520,0.0068359375
zero_time_control,521,0.0048828125
zero_time_control,522,0.0078125
zero_time_control,523,0.0068359375
zero_time_control,524,0.0087890625
zero_time_control,525,0.0078125
zero_time_control,526,0.0078125
zero_time_control,527,0.0078125
zero_time_control,528,0.0078125
zero_time_control,529,0.0048828125
zero_time_control,530,0.0029296875
zero_time_control,531,0.005859375
zero_time_control,532,0.005859375
zero_time_control,533,0.0068359375
zero_time_control,534,0.00390625
zero_time_control,535,0.0068359375
zero_time_control,536,0.0126953125
zero_time_control,537,0.00390625
zero_time_control,538,0.009765625
zero_time_control,539,0.005859375
zero_time_control,540,0.0068359375
zero_time_control,541,0.0048828125
zero_time_control,542,0.0185546875
zero_time_control,543,0.0087890625
zero_time_control,544,0.0078125
zero_time_control,545,0.0126953125
zero_time_control,546,0.005859375
zero_time_control,547,0.00390625
zero_time_control,548,0.0068359375
zero_time_control,549,0.0126953125
zero_time_control,550,0.0029296875
zero_time_control,551,0.0029296875
zero_time_control,552,0.009765625
zero_time_control,553,0.0048828125
zero_time_control,554,0.0087890625
zero_time_control,555,0.00390625
zero_time_control,556,0.0078125
zero_time_control,557,0.009765625
zero_time_control,558,0.0048828125
zero_time_control,559,0.0068359375
zero_time_control,560,0.0078125
zero_time_control,561,0.005859375
zero_time_control,562,0.0078125
zero_time_control,563,0.0068359375
zero_time_control,564,0.005859375
zero_time_control,565,0.0087890625
zero_time_control,566,0.00390625
zero_time_control,567,0.0078125
zero_time_control,568,0.0029296875
zero_time_control,569,0.009765625
zero_time_control,570,0.0048828125
zero_time_control,571,0.009765625
zero_time_control,572,0.001953125
zero_time_control,573,0.0107421875
zero_time_control,574,0.009765625
zero_time_control,575,0.00390625
zero_time_control,576,0.0078125
zero_time_control,577,0.00390625
zero_time_control,578,0.00390625
zero_time_control,579,0.0048828125
zero_time_control,580,0.0068359375
zero_time_control,581,0.0029296875
zero_time_control,582,0.0068359375
zero_time_control,583,0.009765625
zero_time_control,584,0.005859375
zero_time_control,585,0.0048828125
zero_time_control,586,0.005859375
zero_time_control,587,0.0048828125
zero_time_control,588,0.0087890625
zero_time_control,589,0.0068359375
zero_time_control,590,0.0068359375
zero_time_control,591,0.0078125
zero_time_control,592,0.0107421875
zero_time_control,593,0.0009765625
zero_time_control,594,0.0078125
zero_time_control,595,0.005859375
zero_time_control,596,0.0029296875
zero_time_control,597,0.0087890625
zero_time_control,598,0.0068359375
zero_time_control,599,0.0048828125
zero_time_control,600,0.0068359375
zero_time_control,601,0.0009765625
zero_time_control,602,0.001953125
zero_time_control,603,0.0078125
zero_time_control,604,0.0078125
zero_time_control,605,0.0078125
zero_time_control,606,0.009765625
zero_time_control,607,0.0048828125
zero_time_control,608,0.0087890625
zero_time_control,609,0.0078125
zero_time_control,610,0.0087890625
zero_time_control,611,0.0087890625
zero_time_control,612,0.0048828125
zero_time_control,613,0.0048828125
zero_time_control,614,0.005859375
zero_time_control,615,0.0107421875
zero_time_control,616,0.0068359375
zero_time_control,617,0.005859375
zero_time_control,618,0.00390625
zero_time_control,619,0.005859375
zero_time_control,620,0.0068359375
zero_time_control,621,0.00390625
zero_time_control,622,0.001953125
zero_time_control,623,0.0029296875
zero_time_control,624,0.009765625
zero_time_control,625,0.00390625
zero_time_control,626,0.0048828125
zero_time_control,627,0.005859375
zero_time_control,628,0.005859375
zero_time_control,629,0.001953125
zero_time_control,630,0.0078125
zero_time_control,631,0.0048828125
zero_time_control,632,0.0048828125
zero_time_control,633,0.0048828125
zero_time_control,634,0.0078125
zero_time_control,635,0.0048828125
zero_time_control,636,0.005859375
zero_time_control,637,0.0029296875
zero_time_control,638,0.00390625
zero_time_control,639,0.005859375
zero_time_control,640,0.005859375
zero_time_control,641,0.00390625
zero_time_control,642,0.0078125
zero_time_control,643,0.00390625
zero_time_control,644,0.0068359375
zero_time_control,645,0.01171875
zero_time_control,646,0.005859375
zero_time_control,647,0.005859375
zero_time_control,648,0.00390625
zero_time_control,649,0.005859375
zero_time_control,650,0.0087890625
zero_time_control,651,0.0078125
zero_time_control,652,0.0078125
zero_time_control,653,0.0029296875
zero_time_control,654,0.0048828125
zero_time_control,655,0.009765625
zero_time_control,656,0.0048828125
zero_time_control,657,0.0048828125
zero_time_control,658,0.009765625
zero_time_control,659,0.0009765625
zero_time_control,660,0.0068359375
zero_time_control,661,0.001953125
zero_time_control,662,0.005859375
zero_time_control,663,0.005859375
zero_time_control,664,0.0087890625
zero_time_control,665,0.005859375
zero_time_control,666,0.005859375
zero_time_control,667,0.0078125
zero_time_control,668,0.005859375
zero_time_control,669,0.0107421875
zero_time_control,670,0.005859375
zero_time_control,671,0.0048828125
zero_time_control,672,0.005859375
zero_time_control,673,0.00390625
zero_time_control,674,0.005859375
zero_time_control,675,0.009765625
zero_time_control,676,0.0078125
zero_time_control,677,0.0068359375
zero_time_control,678,0.005859375
zero_time_control,679,0.0068359375
zero_time_control,680,0.005859375
zero_time_control,681,0.0068359375
zero_time_control,682,0.00390625
zero_time_control,683,0.0107421875
zero_time_control,684,0.0068359375
zero_time_control,685,0.0107421875
zero_time_control,686,0.009765625
zero_time_control,687,0.009765625
zero_time_control,688,0.0078125
zero_time_control,689,0.0048828125
zero_time_control,690,0.0078125
zero_time_control,691,0.0029296875
zero_time_control,692,0.00390625
zero_time_control,693,0.005859375
zero_time_control,694,0.005859375
zero_time_control,695,0.0048828125
zero_time_control,696,0.013671875
zero_time_control,697,0.0068359375
zero_time_control,698,0.005859375
zero_time_control,699,0.00390625
zero_time_control,700,0.0087890625
zero_time_control,701,0.00390625
zero_time_control,702,0.005859375
zero_time_control,703,0.005859375
zero_time_control,704,0.0068359375
zero_time_control,705,0.0078125
zero_time_control,706,0.005859375
zero_time_control,707,0.0087890625
zero_time_control,708,0.005859375
zero_time_control,709,0.0048828125
zero_time_control,710,0.0126953125
zero_time_control,711,0.0078125
zero_time_control,712,0.001953125
zero_time_control,713,0.0107421875
zero_time_control,714,0.0048828125
zero_time_control,715,0.0048828125
zero_time_control,716,0.0078125
zero_time_control,717,0.0087890625
zero_time_control,718,0.0048828125
zero_time_control,719,0.00390625
zero_time_control,720,0.009765625
zero_time_control,721,0.0029296875
zero_time_control,722,0.005859375
zero_time_control,723,0.0048828125
zero_time_control,724,0.0078125
zero_time_control,725,0.005859375
zero_time_control,726,0.0068359375
zero_time_control,727,0.0048828125
zero_time_control,728,0.0078125
zero_time_control,729,0.0078125
zero_time_control,730,0.0068359375
zero_time_control,731,0.0048828125
zero_time_control,732,0.00390625
zero_time_control,733,0.0029296875
zero_time_control,734,0.009765625
zero_time_control,735,0.001953125
zero_time_control,736,0.005859375
zero_time_control,737,0.0048828125
zero_time_control,738,0.00390625
zero_time_control,739,0.0078125
zero_time_control,740,0.0048828125
zero_time_control,741,0.0087890625
zero_time_control,742,0.0029296875
zero_time_control,743,0.0146484375
zero_time_control,744,0.0087890625
zero_time_control,745,0.0078125
zero_time_control,746,0.0068359375
zero_time_control,747,0.009765625
zero_time_control,748,0.005859375
zero_time_control,749,0.0029296875
zero_time_control,750,0.005859375
zero_time_control,751,0.00390625
zero_time_control,752,0.013671875
zero_time_control,753,0.0078125
zero_time_control,754,0.005859375
zero_time_control,755,0.0048828125
zero_time_control,756,0.0087890625
zero_time_control,757,0.009765625
zero_time_control,758,0.005859375
zero_time_control,759,0.005859375
zero_time_control,760,0.009765625
zero_time_control,761,0.005859375
zero_time_control,762,0.0068359375
zero_time_control,763,0.00390625
zero_time_control,764,0.0068359375
zero_time_control,765,0.00390625
zero_time_control,766,0.0029296875
zero_time_control,767,0.009765625
zero_time_control,768,0.0087890625
zero_time_control,769,0.005859375
zero_time_control,770,0.00390625
zero_time_control,771,0.0048828125
zero_time_control,772,0.00390625
zero_time_control,773,0.0078125
zero_time_control,774,0.005859375
zero_time_control,775,0.00390625
zero_time_control,776,0.0107421875
zero_time_control,777,0.0048828125
zero_time_control,778,0.0087890625
zero_time_control,779,0.0078125
zero_time_control,780,0.009765625
zero_time_control,781,0.001953125
zero_time_control,782,0.0107421875
zero_time_control,783,0.005859375
zero_time_control,784,0.0107421875
zero_time_control,785,0.0048828125
zero_time_control,786,0.005859375
zero_time_control,787,0.0048828125
zero_time_control,788,0.005859375
zero_time_control,789,0.0029296875
zero_time_control,790,0.0048828125
zero_time_control,791,0.009765625
zero_time_control,792,0.0068359375
zero_time_control,793,0.005859375
zero_time_control,794,0.0048828125
zero_time_control,795,0.0087890625
zero_time_control,796,0.0048828125
zero_time_control,797,0.0087890625
zero_time_control,798,0.01171875
zero_time_control,799,0.0087890625
zero_time_control,800,0.0068359375
zero_time_control,801,0.00390625
zero_time_control,802,0.0048828125
zero_time_control,803,0.005859375
zero_time_control,804,0.0029296875
zero_time_control,805,0.005859375
zero_time_control,806,0.0068359375
zero_time_control,807,0.009765625
zero_time_control,808,0.00390625
zero_time_control,809,0.0068359375
zero_time_control,810,0.005859375
zero_time_control,811,0.0029296875
zero_time_control,812,0.0068359375
zero_time_control,813,0.0068359375
zero_time_control,814,0.0068359375
zero_time_control,815,0.0068359375
zero_time_control,816,0.009765625
zero_time_control,817,0.0087890625
zero_time_control,818,0.0029296875
zero_time_control,819,0.0048828125
zero_time_control,820,0.0029296875
zero_time_control,821,0.0078125
zero_time_control,822,0.00390625
zero_time_control,823,0.013671875
zero_time_control,824,0.0078125
zero_time_control,825,0.0078125
zero_time_control,826,0.0068359375
zero_time_control,827,0.0078125
zero_time_control,828,0.0078125
zero_time_control,829,0.009765625
zero_time_control,830,0.0068359375
zero_time_control,831,0.0029296875
zero_time_control,832,0.0068359375
zero_time_control,833,0.00390625
zero_time_control,834,0.0068359375
zero_time_control,835,0.0126953125
zero_time_control,836,0.005859375
zero_time_control,837,0.005859375
zero_time_control,838,0.0087890625
zero_time_control,839,0.0068359375
zero_time_control,840,0.0068359375
zero_time_control,841,0.0087890625
zero_time_control,842,0.005859375
zero_time_control,843,0.0068359375
zero_time_control,844,0.0068359375
zero_time_control,845,0.005859375
zero_time_control,846,0.0029296875
zero_time_control,847,0.0048828125
zero_time_control,848,0.0029296875
zero_time_control,849,0.0048828125
zero_time_control,850,0.00390625
zero_time_control,851,0.0087890625
zero_time_control,852,0.005859375
zero_time_control,853,0.00390625
zero_time_control,854,0.0029296875
zero_time_control,855,0.0048828125
zero_time_control,856,0.005859375
zero_time_control,857,0.0068359375
zero_time_control,858,0.0048828125
zero_time_control,859,0.0078125
zero_time_control,860,0.0048828125
zero_time_control,861,0.0029296875
zero_time_control,862,0.005859375
zero_time_control,863,0.0107421875
zero_time_control,864,0.005859375
zero_time_control,865,0.001953125
zero_time_control,866,0.0048828125
zero_time_control,867,0.0029296875
zero_time_control,868,0.0048828125
zero_time_control,869,0.0029296875
zero_time_control,870,0.0078125
zero_time_control,871,0.005859375
zero_time_control,872,0.005859375
zero_time_control,873,0.0068359375
zero_time_control,874,0.0068359375
zero_time_control,875,0.0107421875
zero_time_control,876,0.005859375
zero_time_control,877,0.0068359375
zero_time_control,878,0.0068359375
zero_time_control,879,0.005859375
zero_time_control,880,0.0029296875
zero_time_control,881,0.005859375
zero_time_control,882,0.005859375
zero_time_control,883,0.001953125
zero_time_control,884,0.0048828125
zero_time_control,885,0.00390625
zero_time_control,886,0.0087890625
zero_time_control,887,0.00390625
zero_time_control,888,0.0068359375
zero_time_control,889,0.0087890625
zero_time_control,890,0.0078125
zero_time_control,891,0.00390625
zero_time_control,892,0.0048828125
zero_time_control,893,0.0107421875
zero_time_control,894,0.0068359375
zero_time_control,895,0.009765625
zero_time_control,896,0.005859375
zero_time_control,897,0.005859375
zero_time_control,898,0.0078125
zero_time_control,899,0.00390625
zero_time_control,900,0.0068359375
zero_time_control,901,0.0048828125
zero_time_control,902,0.005859375
zero_time_control,903,0.00390625
zero_time_control,904,0.0068359375
zero_time_control,905,0.001953125
zero_time_control,906,0.0068359375
zero_time_control,907,0.001953125
zero_time_control,908,0.01171875
zero_time_control,909,0.0068359375
zero_time_control,910,0.00390625
zero_time_control,911,0.0126953125
zero_time_control,912,0.00390625
zero_time_control,913,0.005859375
zero_time_control,914,0.0078125
zero_time_control,915,0.0078125
zero_time_control,916,0.00390625
zero_time_control,917,0.0068359375
zero_time_control,918,0.005859375
zero_time_control,919,0.0087890625
zero_time_control,920,0.005859375
zero_time_control,921,0.0048828125
zero_time_control,922,0.0087890625
zero_time_control,923,0.005859375
zero_time_control,924,0.005859375
zero_time_control,925,0.0068359375
zero_time_control,926,0.00390625
zero_time_control,927,0.00390625
zero_time_control,928,0.0087890625
zero_time_control,929,0.001953125
zero_time_control,930,0.005859375
zero_time_control,931,0.005859375
zero_time_control,932,0.0068359375
zero_time_control,933,0.005859375
zero_time_control,934,0.005859375
zero_time_control,935,0.0048828125
zero_time_control,936,0.0029296875
zero_time_control,937,0.0068359375
zero_time_control,938,0.00390625
zero_time_control,939,0.0068359375
zero_time_control,940,0.0009765625
zero_time_control,941,0.0087890625
zero_time_control,942,0.0068359375
zero_time_control,943,0.0078125
zero_time_control,944,0.0068359375
zero_time_control,945,0.0078125
zero_time_control,946,0.005859375
zero_time_control,947,0.005859375
zero_time_control,948,0.0068359375
zero_time_control,949,0.0068359375
zero_time_control,950,0.005859375
zero_time_control,951,0.00390625
zero_time_control,952,0.0068359375
zero_time_control,953,0.0078125
zero_time_control,954,0.0087890625
zero_time_control,955,0.0048828125
zero_time_control,956,0.005859375
zero_time_control,957,0.0048828125
zero_time_control,958,0.005859375
zero_time_control,959,0.0087890625
zero_time_control,960,0.01171875
zero_time_control,961,0.0068359375
zero_time_control,962,0.0087890625
zero_time_control,963,0.0029296875
zero_time_control,964,0.0087890625
zero_time_control,965,0.0048828125
zero_time_control,966,0.0068359375
zero_time_control,967,0.0126953125
zero_time_control,968,0.00390625
zero_time_control,969,0.005859375
zero_time_control,970,0.0048828125
zero_time_control,971,0.0068359375
zero_time_control,972,0.00390625
zero_time_control,973,0.0068359375
zero_time_control,974,0.00390625
zero_time_control,975,0.00390625
zero_time_control,976,0.0087890625
zero_time_control,977,0.009765625
zero_time_control,978,0.005859375
zero_time_control,979,0.005859375
zero_time_control,980,0.0068359375
zero_time_control,981,0.0068359375
zero_time_control,982,0.0029296875
zero_time_control,983,0.005859375
zero_time_control,984,0.0048828125
zero_time_control,985,0.009765625
zero_time_control,986,0.001953125
zero_time_control,987,0.0107421875
zero_time_control,988,0.0068359375
zero_time_control,989,0.0087890625
zero_time_control,990,0.0087890625
zero_time_control,991,0.0087890625
zero_time_control,992,0.001953125
zero_time_control,993,0.0078125
zero_time_control,994,0.005859375
zero_time_control,995,0.0078125
zero_time_control,996,0.0107421875
zero_time_control,997,0.0068359375
zero_time_control,998,0.009765625
zero_time_control,999,0.0029296875
zero_time_control,1000,0.0048828125
zero_time_control,1001,0.0048828125
zero_time_control,1002,0.0068359375
zero_time_control,1003,0.0087890625
zero_time_control,1004,0.0068359375
zero_time_control,1005,0.0068359375
zero_time_control,1006,0.001953125
zero_time_control,1007,0.01171875
zero_time_control,1008,0.0048828125
zero_time_control,1009,0.0048828125
zero_time_control,1010,0.005859375
zero_time_control,1011,0.005859375
zero_time_control,1012,0.001953125
zero_time_control,1013,0.0078125
zero_time_control,1014,0.005859375
zero_time_control,1015,0.00390625
zero_time_control,1016,0.0126953125
zero_time_control,1017,0.005859375
zero_time_control,1018,0.005859375
zero_time_control,1019,0.0078125
zero_time_control,1020,0.0048828125
zero_time_control,1021,0.0048828125
zero_time_control,1022,0.0029296875
zero_time_control,1023,0.00390625
zero_time_control,1024,0.0048828125
zero_time_control,1025,0.0107421875
zero_time_control,1026,0.005859375
zero_time_control,1027,0.0078125
zero_time_control,1028,0.00390625
zero_time_control,1029,0.0048828125
zero_time_control,1030,0.0068359375
zero_time_control,1031,0.0029296875
zero_time_control,1032,0.0048828125
zero_time_control,1033,0.0068359375
zero_time_control,1034,0.001953125
zero_time_control,1035,0.005859375
zero_time_control,1036,0.0068359375
zero_time_control,1037,0.005859375
zero_time_control,1038,0.00390625
zero_time_control,1039,0.0048828125
zero_time_control,1040,0.0087890625
zero_time_control,1041,0.0068359375
zero_time_control,1042,0.0087890625
zero_time_control,1043,0.009765625
zero_time_control,1044,0.0029296875
zero_time_control,1045,0.005859375
zero_time_control,1046,0.0078125
zero_time_control,1047,0.0087890625
zero_time_control,1048,0.00390625
zero_time_control,1049,0.00390625
zero_time_control,1050,0.0078125
zero_time_control,1051,0.0068359375
zero_time_control,1052,0.005859375
zero_time_control,1053,0.0048828125
zero_time_control,1054,0.005859375
zero_time_control,1055,0.0029296875
zero_time_control,1056,0.0048828125
zero_time_control,1057,0.0078125
zero_time_control,1058,0.0078125
zero_time_control,1059,0.0068359375
zero_time_control,1060,0.0087890625
zero_time_control,1061,0.00390625
zero_time_control,1062,0.005859375
zero_time_control,1063,0.005859375
zero_time_control,1064,0.005859375
zero_time_control,1065,0.0068359375
zero_time_control,1066,0.0087890625
zero_time_control,1067,0.0068359375
zero_time_control,1068,0.0078125
zero_time_control,1069,0.009765625
zero_time_control,1070,0.00390625
zero_time_control,1071,0.0068359375
zero_time_control,1072,0.00390625
zero_time_control,1073,0.0078125
zero_time_control,1074,0.0078125
zero_time_control,1075,0.00390625
zero_time_control,1076,0.0087890625
zero_time_control,1077,0.0068359375
zero_time_control,1078,0.0078125
zero_time_control,1079,0.00390625
zero_time_control,1080,0.0029296875
zero_time_control,1081,0.00390625
zero_time_control,1082,0.005859375
zero_time_control,1083,0.0009765625
zero_time_control,1084,0.00390625
zero_time_control,1085,0.0048828125
zero_time_control,1086,0.0078125
zero_time_control,1087,0.0126953125
zero_time_control,1088,0.0068359375
zero_time_control,1089,0.01171875
zero_time_control,1090,0.0087890625
zero_time_control,1091,0.009765625
zero_time_control,1092,0.009765625
zero_time_control,1093,0.0107421875
zero_time_control,1094,0.005859375
zero_time_control,1095,0.0068359375
zero_time_control,1096,0.0078125
zero_time_control,1097,0.005859375
zero_time_control,1098,0.001953125
zero_time_control,1099,0.0078125
zero_time_control,1100,0.0087890625
zero_time_control,1101,0.0078125
zero_time_control,1102,0.01171875
zero_time_control,1103,0.0048828125
zero_time_control,1104,0.00390625
zero_time_control,1105,0.0048828125
zero_time_control,1106,0.005859375
zero_time_control,1107,0.005859375
zero_time_control,1108,0.00390625
zero_time_control,1109,0.005859375
zero_time_control,1110,0.00390625
zero_time_control,1111,0.0029296875
zero_time_control,1112,0.0048828125
zero_time_control,1113,0.0048828125
zero_time_control,1114,0.005859375
zero_time_control,1115,0.009765625
zero_time_control,1116,0.005859375
zero_time_control,1117,0.0068359375
zero_time_control,1118,0.0087890625
zero_time_control,1119,0.0009765625
zero_time_control,1120,0.0048828125
zero_time_control,1121,0.0078125
zero_time_control,1122,0.009765625
zero_time_control,1123,0.0048828125
zero_time_control,1124,0.005859375
zero_time_control,1125,0.0068359375
zero_time_control,1126,0.01171875
zero_time_control,1127,0.001953125
zero_time_control,1128,0.0029296875
zero_time_control,1129,0.0068359375
zero_time_control,1130,0.0078125
zero_time_control,1131,0.0068359375
zero_time_control,1132,0.0068359375
zero_time_control,1133,0.009765625
zero_time_control,1134,0.0078125
zero_time_control,1135,0.0107421875
zero_time_control,1136,0.005859375
zero_time_control,1137,0.005859375
zero_time_control,1138,0.001953125
zero_time_control,1139,0.0078125
zero_time_control,1140,0.005859375
zero_time_control,1141,0.0078125
zero_time_control,1142,0.0087890625
zero_time_control,1143,0.0068359375
zero_time_control,1144,0.005859375
zero_time_control,1145,0.0087890625
zero_time_control,1146,0.0068359375
zero_time_control,1147,0.0078125
zero_time_control,1148,0.005859375
zero_time_control,1149,0.0068359375
zero_time_control,1150,0.0048828125
zero_time_control,1151,0.005859375
zero_time_control,1152,0.009765625
zero_time_control,1153,0.0078125
zero_time_control,1154,0.009765625
zero_time_control,1155,0.0048828125
zero_time_control,1156,0.0078125
zero_time_control,1157,0.005859375
zero_time_control,1158,0.0078125
zero_time_control,1159,0.0068359375
zero_time_control,1160,0.00390625
zero_time_control,1161,0.0087890625
zero_time_control,1162,0.009765625
zero_time_control,1163,0.0029296875
zero_time_control,1164,0.0068359375
zero_time_control,1165,0.009765625
zero_time_control,1166,0.00390625
zero_time_control,1167,0.005859375
zero_time_control,1168,0.0087890625
zero_time_control,1169,0.005859375
zero_time_control,1170,0.0078125
zero_time_control,1171,0.005859375
zero_time_control,1172,0.0048828125
zero_time_control,1173,0.0068359375
zero_time_control,1174,0.00390625
zero_time_control,1175,0.0087890625
zero_time_control,1176,0.00390625
zero_time_control,1177,0.0068359375
zero_time_control,1178,0.0029296875
zero_time_control,1179,0.0068359375
zero_time_control,1180,0.0078125
zero_time_control,1181,0.0029296875
zero_time_control,1182,0.00390625
zero_time_control,1183,0.0087890625
zero_time_control,1184,0.00390625
zero_time_control,1185,0.0029296875
zero_time_control,1186,0.00390625
zero_time_control,1187,0.0029296875
zero_time_control,1188,0.0029296875
zero_time_control,1189,0.0068359375
zero_time_control,1190,0.0087890625
zero_time_control,1191,0.0087890625
zero_time_control,1192,0.0068359375
zero_time_control,1193,0.0087890625
zero_time_control,1194,0.0068359375
zero_time_control,1195,0.0048828125
zero_time_control,1196,0.005859375
zero_time_control,1197,0.015625
zero_time_control,1198,0.0048828125
zero_time_control,1199,0.0048828125
zero_time_control,1200,0.0068359375
zero_time_control,1201,0.005859375
zero_time_control,1202,0.0048828125
zero_time_control,1203,0.0078125
zero_time_control,1204,0.00390625
zero_time_control,1205,0.01171875
zero_time_control,1206,0.0126953125
zero_time_control,1207,0.0078125
zero_time_control,1208,0.0068359375
zero_time_control,1209,0.0078125
zero_time_control,1210,0.005859375
zero_time_control,1211,0.001953125
zero_time_control,1212,0.0029296875
zero_time_control,1213,0.005859375
zero_time_control,1214,0.005859375
zero_time_control,1215,0.0087890625
zero_time_control,1216,0.0068359375
zero_time_control,1217,0.00390625
zero_time_control,1218,0.0068359375
zero_time_control,1219,0.005859375
zero_time_control,1220,0.0068359375
zero_time_control,1221,0.0029296875
zero_time_control,1222,0.009765625
zero_time_control,1223,0.005859375
zero_time_control,1224,0.00390625
zero_time_control,1225,0.0087890625
zero_time_control,1226,0.00390625
zero_time_control,1227,0.005859375
zero_time_control,1228,0.0048828125
zero_time_control,1229,0.0078125
zero_time_control,1230,0.0048828125
zero_time_control,1231,0.0078125
zero_time_control,1232,0.0068359375
zero_time_control,1233,0.0048828125
zero_time_control,1234,0.0078125
zero_time_control,1235,0.001953125
zero_time_control,1236,0.009765625
zero_time_control,1237,0.0078125
zero_time_control,1238,0.009765625
zero_time_control,1239,0.01171875
zero_time_control,1240,0.009765625
zero_time_control,1241,0.0126953125
zero_time_control,1242,0.0087890625
zero_time_control,1243,0.0068359375
zero_time_control,1244,0.0078125
zero_time_control,1245,0.0078125
zero_time_control,1246,0.0068359375
zero_time_control,1247,0.00390625
zero_time_control,1248,0.009765625
zero_time_control,1249,0.0087890625
zero_time_control,1250,0.0048828125
zero_time_control,1251,0.0048828125
zero_time_control,1252,0.005859375
zero_time_control,1253,0.005859375
zero_time_control,1254,0.0029296875
zero_time_control,1255,0.0078125
zero_time_control,1256,0.0078125
zero_time_control,1257,0.0068359375
zero_time_control,1258,0.0078125
zero_time_control,1259,0.0107421875
zero_time_control,1260,0.0048828125
zero_time_control,1261,0.0078125
zero_time_control,1262,0.00390625
zero_time_control,1263,0.005859375
zero_time_control,1264,0.0048828125
zero_time_control,1265,0.0107421875
zero_time_control,1266,0.0068359375
zero_time_control,1267,0.0068359375
zero_time_control,1268,0.013671875
zero_time_control,1269,0.005859375
zero_time_control,1270,0.0068359375
zero_time_control,1271,0.0068359375
zero_time_control,1272,0.00390625
zero_time_control,1273,0.009765625
zero_time_control,1274,0.0068359375
zero_time_control,1275,0.0068359375
zero_time_control,1276,0.0068359375
zero_time_control,1277,0.00390625
zero_time_control,1278,0.0048828125
zero_time_control,1279,0.0068359375
zero_time_control,1280,0.00390625
zero_time_control,1281,0.0068359375
zero_time_control,1282,0.0078125
zero_time_control,1283,0.005859375
zero_time_control,1284,0.001953125
zero_time_control,1285,0.001953125
zero_time_control,1286,0.0048828125
zero_time_control,1287,0.0078125
zero_time_control,1288,0.0029296875
zero_time_control,1289,0.0048828125
zero_time_control,1290,0.0087890625
zero_time_control,1291,0.0048828125
zero_time_control,1292,0.0078125
zero_time_control,1293,0.0048828125
zero_time_control,1294,0.0048828125
zero_time_control,1295,0.0048828125
zero_time_control,1296,0.009765625
zero_time_control,1297,0.0048828125
zero_time_control,1298,0.0029296875
zero_time_control,1299,0.0029296875
zero_time_control,1300,0.0068359375
zero_time_control,1301,0.0048828125
zero_time_control,1302,0.0048828125
zero_time_control,1303,0.005859375
zero_time_control,1304,0.0107421875
zero_time_control,1305,0.0009765625
zero_time_control,1306,0.0029296875
zero_time_control,1307,0.0078125
zero_time_control,1308,0.0048828125
zero_time_control,1309,0.0087890625
zero_time_control,1310,0.009765625
zero_time_control,1311,0.00390625
zero_time_control,1312,0.0087890625
zero_time_control,1313,0.0048828125
zero_time_control,1314,0.0068359375
zero_time_control,1315,0.0029296875
zero_time_control,1316,0.005859375
zero_time_control,1317,0.0087890625
zero_time_control,1318,0.0029296875
zero_time_control,1319,0.0048828125
zero_time_control,1320,0.009765625
zero_time_control,1321,0.0107421875
zero_time_control,1322,0.005859375
zero_time_control,1323,0.0068359375
zero_time_control,1324,0.009765625
zero_time_control,1325,0.0078125
zero_time_control,1326,0.0068359375
zero_time_control,1327,0.005859375
zero_time_control,1328,0.005859375
zero_time_control,1329,0.0048828125
zero_time_control,1330,0.0087890625
zero_time_control,1331,0.0078125
zero_time_control,1332,0.0048828125
zero_time_control,1333,0.0048828125
zero_time_control,1334,0.0068359375
zero_time_control,1335,0.009765625
zero_time_control,1336,0.0048828125
zero_time_control,1337,0.0068359375
zero_time_control,1338,0.0107421875
zero_time_control,1339,0.005859375
zero_time_control,1340,0.0107421875
zero_time_control,1341,0.005859375
zero_time_control,1342,0.0087890625
zero_time_control,1343,0.005859375
zero_time_control,1344,0.0078125
zero_time_control,1345,0.0048828125
zero_time_control,1346,0.0078125
zero_time_control,1347,0.0078125
zero_time_control,1348,0.0048828125
zero_time_control,1349,0.009765625
zero_time_control,1350,0.0078125
zero_time_control,1351,0.00390625
zero_time_control,1352,0.0048828125
zero_time_control,1353,0.0087890625
zero_time_control,1354,0.01171875
zero_time_control,1355,0.0068359375
zero_time_control,1356,0.0107421875
zero_time_control,1357,0.0068359375
zero_time_control,1358,0.009765625
zero_time_control,1359,0.0048828125
zero_time_control,1360,0.005859375
zero_time_control,1361,0.0068359375
zero_time_control,1362,0.0087890625
zero_time_control,1363,0.0078125
zero_time_control,1364,0.0078125
zero_time_control,1365,0.0048828125
zero_time_control,1366,0.0068359375
zero_time_control,1367,0.00390625
zero_time_control,1368,0.0087890625
zero_time_control,1369,0.005859375
zero_time_control,1370,0.00390625
zero_time_control,1371,0.00390625
zero_time_control,1372,0.0078125
zero_time_control,1373,0.009765625
zero_time_control,1374,0.005859375
zero_time_control,1375,0.0087890625
zero_time_control,1376,0.0087890625
zero_time_control,1377,0.005859375
zero_time_control,1378,0.0068359375
zero_time_control,1379,0.0048828125
zero_time_control,1380,0.0107421875
zero_time_control,1381,0.0087890625
zero_time_control,1382,0.0048828125
zero_time_control,1383,0.0107421875
zero_time_control,1384,0.009765625
zero_time_control,1385,0.00390625
zero_time_control,1386,0.005859375
zero_time_control,1387,0.0048828125
zero_time_control,1388,0.0078125
zero_time_control,1389,0.0078125
zero_time_control,1390,0.0087890625
zero_time_control,1391,0.0009765625
zero_time_control,1392,0.0078125
zero_time_control,1393,0.0107421875
zero_time_control,1394,0.01171875
zero_time_control,1395,0.009765625
zero_time_control,1396,0.0078125
zero_time_control,1397,0.0048828125
zero_time_control,1398,0.0068359375
zero_time_control,1399,0.00390625
zero_time_control,1400,0.0029296875
zero_time_control,1401,0.0078125
zero_time_control,1402,0.0068359375
zero_time_control,1403,0.0087890625
zero_time_control,1404,0.005859375
zero_time_control,1405,0.0029296875
zero_time_control,1406,0.0087890625
zero_time_control,1407,0.0078125
zero_time_control,1408,0.0068359375
zero_time_control,1409,0.0107421875
zero_time_control,1410,0.0048828125
zero_time_control,1411,0.0068359375
zero_time_control,1412,0.0107421875
zero_time_control,1413,0.00390625
zero_time_control,1414,0.0078125
zero_time_control,1415,0.00390625
zero_time_control,1416,0.0068359375
zero_time_control,1417,0.00390625
zero_time_control,1418,0.0048828125
zero_time_control,1419,0.0078125
zero_time_control,1420,0.005859375
zero_time_control,1421,0.0048828125
zero_time_control,1422,0.009765625
zero_time_control,1423,0.0078125
zero_time_control,1424,0.0087890625
zero_time_control,1425,0.00390625
zero_time_control,1426,0.005859375
zero_time_control,1427,0.00390625
zero_time_control,1428,0.005859375
zero_time_control,1429,0.005859375
zero_time_control,1430,0.0029296875
zero_time_control,1431,0.005859375
zero_time_control,1432,0.0068359375
zero_time_control,1433,0.0048828125
zero_time_control,1434,0.0068359375
zero_time_control,1435,0.005859375
zero_time_control,1436,0.009765625
zero_time_control,1437,0.0078125
zero_time_control,1438,0.0078125
zero_time_control,1439,0.005859375
zero_time_control,1440,0.009765625
zero_time_control,1441,0.0029296875
zero_time_control,1442,0.00390625
zero_time_control,1443,0.00390625
zero_time_control,1444,0.0009765625
zero_time_control,1445,0.009765625
zero_time_control,1446,0.005859375
zero_time_control,1447,0.0107421875
zero_time_control,1448,0.0087890625
zero_time_control,1449,0.00390625
zero_time_control,1450,0.0048828125
zero_time_control,1451,0.0048828125
zero_time_control,1452,0.01171875
zero_time_control,1453,0.0107421875
zero_time_control,1454,0.005859375
zero_time_control,1455,0.01171875
zero_time_control,1456,0.009765625
zero_time_control,1457,0.0087890625
zero_time_control,1458,0.009765625
zero_time_control,1459,0.005859375
zero_time_control,1460,0.0068359375
zero_time_control,1461,0.00390625
zero_time_control,1462,0.0029296875
zero_time_control,1463,0.0078125
zero_time_control,1464,0.005859375
zero_time_control,1465,0.00390625
zero_time_control,1466,0.00390625
zero_time_control,1467,0.0068359375
zero_time_control,1468,0.0087890625
zero_time_control,1469,0.0029296875
zero_time_control,1470,0.0087890625
zero_time_control,1471,0.0068359375
zero_time_control,1472,0.009765625
zero_time_control,1473,0.005859375
zero_time_control,1474,0.0048828125
zero_time_control,1475,0.00390625
zero_time_control,1476,0.01171875
zero_time_control,1477,0.0048828125
zero_time_control,1478,0.0048828125
zero_time_control,1479,0.0087890625
zero_time_control,1480,0.005859375
zero_time_control,1481,0.0048828125
zero_time_control,1482,0.0126953125
zero_time_control,1483,0.00390625
zero_time_control,1484,0.0029296875
zero_time_control,1485,0.0078125
zero_time_control,1486,0.0048828125
zero_time_control,1487,0.005859375
zero_time_control,1488,0.0029296875
zero_time_control,1489,0.00390625
zero_time_control,1490,0.009765625
zero_time_control,1491,0.00390625
zero_time_control,1492,0.00390625
zero_time_control,1493,0.005859375
zero_time_control,1494,0.0068359375
zero_time_control,1495,0.0068359375
zero_time_control,1496,0.0087890625
zero_time_control,1497,0.00390625
zero_time_control,1498,0.009765625
zero_time_control,1499,0.0068359375
zero_time_control,1500,0.00390625
zero_time_control,1501,0.0068359375
zero_time_control,1502,0.0068359375
zero_time_control,1503,0.005859375
zero_time_control,1504,0.0048828125
zero_time_control,1505,0.009765625
zero_time_control,1506,0.0068359375
zero_time_control,1507,0.0078125
zero_time_control,1508,0.0107421875
zero_time_control,1509,0.005859375
zero_time_control,1510,0.00390625
zero_time_control,1511,0.0107421875
zero_time_control,1512,0.0107421875
zero_time_control,1513,0.00390625
zero_time_control,1514,0.0048828125
zero_time_control,1515,0.0078125
zero_time_control,1516,0.0029296875
zero_time_control,1517,0.0068359375
zero_time_control,1518,0.0068359375
zero_time_control,1519,0.0078125
zero_time_control,1520,0.005859375
zero_time_control,1521,0.0048828125
zero_time_control,1522,0.0078125
zero_time_control,1523,0.0068359375
zero_time_control,1524,0.0048828125
zero_time_control,1525,0.005859375
zero_time_control,1526,0.01171875
zero_time_control,1527,0.0048828125
zero_time_control,1528,0.0029296875
zero_time_control,1529,0.0068359375
zero_time_control,1530,0.0078125
zero_time_control,1531,0.013671875
zero_time_control,1532,0.0029296875
zero_time_control,1533,0.0078125
zero_time_control,1534,0.0068359375
zero_time_control,1535,0.0087890625
zero_time_control,1536,0.001953125
zero_time_control,1537,0.005859375
zero_time_control,1538,0.0068359375
zero_time_control,1539,0.0068359375
zero_time_control,1540,0.0068359375
zero_time_control,1541,0.0078125
zero_time_control,1542,0.0068359375
zero_time_control,1543,0.00390625
zero_time_control,1544,0.0048828125
zero_time_control,1545,0.0087890625
zero_time_control,1546,0.0087890625
zero_time_control,1547,0.0068359375
zero_time_control,1548,0.0009765625
zero_time_control,1549,0.0068359375
zero_time_control,1550,0.009765625
zero_time_control,1551,0.0087890625
zero_time_control,1552,0.0087890625
zero_time_control,1553,0.0048828125
zero_time_control,1554,0.0078125
zero_time_control,1555,0.009765625
zero_time_control,1556,0.00390625
zero_time_control,1557,0.0107421875
zero_time_control,1558,0.005859375
zero_time_control,1559,0.00390625
zero_time_control,1560,0.0068359375
zero_time_control,1561,0.0078125
zero_time_control,1562,0.0078125
zero_time_control,1563,0.0068359375
zero_time_control,1564,0.005859375
zero_time_control,1565,0.0068359375
zero_time_control,1566,0.00390625
zero_time_control,1567,0.005859375
zero_time_control,1568,0.0087890625
zero_time_control,1569,0.001953125
zero_time_control,1570,0.0048828125
zero_time_control,1571,0.0048828125
zero_time_control,1572,0.01171875
zero_time_control,1573,0.0068359375
zero_time_control,1574,0.0078125
zero_time_control,1575,0.0087890625
zero_time_control,1576,0.00390625
zero_time_control,1577,0.0107421875
zero_time_control,1578,0.0048828125
zero_time_control,1579,0.0078125
zero_time_control,1580,0.0078125
zero_time_control,1581,0.0029296875
zero_time_control,1582,0.0029296875
zero_time_control,1583,0.00390625
zero_time_control,1584,0.01171875
zero_time_control,1585,0.0068359375
zero_time_control,1586,0.0029296875
zero_time_control,1587,0.0
zero_time_control,1588,0.0107421875
zero_time_control,1589,0.0078125
zero_time_control,1590,0.0048828125
zero_time_control,1591,0.01171875
zero_time_control,1592,0.005859375
zero_time_control,1593,0.00390625
zero_time_control,1594,0.01171875
zero_time_control,1595,0.0087890625
zero_time_control,1596,0.0068359375
zero_time_control,1597,0.0068359375
zero_time_control,1598,0.005859375
zero_time_control,1599,0.005859375
zero_time_control,1600,0.0068359375
zero_time_control,1601,0.0068359375
zero_time_control,1602,0.0068359375
zero_time_control,1603,0.00390625
zero_time_control,1604,0.005859375
zero_time_control,1605,0.001953125
zero_time_control,1606,0.0078125
zero_time_control,1607,0.0068359375
zero_time_control,1608,0.0087890625
zero_time_control,1609,0.00390625
zero_time_control,1610,0.0029296875
zero_time_control,1611,0.005859375
zero_time_control,1612,0.005859375
zero_time_control,1613,0.0078125
zero_time_control,1614,0.005859375
zero_time_control,1615,0.0078125
zero_time_control,1616,0.005859375
zero_time_control,1617,0.0078125
zero_time_control,1618,0.0078125
zero_time_control,1619,0.0068359375
zero_time_control,1620,0.0068359375
zero_time_control,1621,0.0068359375
zero_time_control,1622,0.0048828125
zero_time_control,1623,0.0087890625
zero_time_control,1624,0.0048828125
zero_time_control,1625,0.0068359375
zero_time_control,1626,0.00390625
zero_time_control,1627,0.0068359375
zero_time_control,1628,0.009765625
zero_time_control,1629,0.005859375
zero_time_control,1630,0.00390625
zero_time_control,1631,0.00390625
zero_time_control,1632,0.005859375
zero_time_control,1633,0.0068359375
zero_time_control,1634,0.0068359375
zero_time_control,1635,0.005859375
zero_time_control,1636,0.0068359375
zero_time_control,1637,0.0078125
zero_time_control,1638,0.00390625
zero_time_control,1639,0.00390625
zero_time_control,1640,0.0029296875
zero_time_control,1641,0.00390625
zero_time_control,1642,0.00390625
zero_time_control,1643,0.0048828125
zero_time_control,1644,0.0068359375
zero_time_control,1645,0.0029296875
zero_time_control,1646,0.00390625
zero_time_control,1647,0.0068359375
zero_time_control,1648,0.005859375
zero_time_control,1649,0.0087890625
zero_time_control,1650,0.009765625
zero_time_control,1651,0.009765625
zero_time_control,1652,0.0048828125
zero_time_control,1653,0.0048828125
zero_time_control,1654,0.0107421875
zero_time_control,1655,0.0048828125
zero_time_control,1656,0.0048828125
zero_time_control,1657,0.0078125
zero_time_control,1658,0.009765625
zero_time_control,1659,0.005859375
zero_time_control,1660,0.005859375
zero_time_control,1661,0.00390625
zero_time_control,1662,0.0078125
zero_time_control,1663,0.01171875
zero_time_control,1664,0.0048828125
zero_time_control,1665,0.005859375
zero_time_control,1666,0.0068359375
zero_time_control,1667,0.0029296875
zero_time_control,1668,0.0107421875
zero_time_control,1669,0.0068359375
zero_time_control,1670,0.0087890625
zero_time_control,1671,0.0078125
zero_time_control,1672,0.0029296875
zero_time_control,1673,0.0087890625
zero_time_control,1674,0.0087890625
zero_time_control,1675,0.0107421875
zero_time_control,1676,0.005859375
zero_time_control,1677,0.0087890625
zero_time_control,1678,0.0078125
zero_time_control,1679,0.0087890625
zero_time_control,1680,0.0048828125
zero_time_control,1681,0.005859375
zero_time_control,1682,0.0029296875
zero_time_control,1683,0.005859375
zero_time_control,1684,0.0087890625
zero_time_control,1685,0.00390625
zero_time_control,1686,0.005859375
zero_time_control,1687,0.005859375
zero_time_control,1688,0.0029296875
zero_time_control,1689,0.0068359375
zero_time_control,1690,0.009765625
zero_time_control,1691,0.0087890625
zero_time_control,1692,0.0048828125
zero_time_control,1693,0.005859375
zero_time_control,1694,0.0068359375
zero_time_control,1695,0.0029296875
zero_time_control,1696,0.00390625
zero_time_control,1697,0.0048828125
zero_time_control,1698,0.009765625
zero_time_control,1699,0.0078125
zero_time_control,1700,0.0078125
zero_time_control,1701,0.0068359375
zero_time_control,1702,0.009765625
zero_time_control,1703,0.005859375
zero_time_control,1704,0.0068359375
zero_time_control,1705,0.0029296875
zero_time_control,1706,0.0087890625
zero_time_control,1707,0.0068359375
zero_time_control,1708,0.005859375
zero_time_control,1709,0.0087890625
zero_time_control,1710,0.0087890625
zero_time_control,1711,0.0048828125
zero_time_control,1712,0.005859375
zero_time_control,1713,0.0068359375
zero_time_control,1714,0.0078125
zero_time_control,1715,0.0078125
zero_time_control,1716,0.00390625
zero_time_control,1717,0.0048828125
zero_time_control,1718,0.00390625
zero_time_control,1719,0.0087890625
zero_time_control,1720,0.0078125
zero_time_control,1721,0.0078125
zero_time_control,1722,0.01171875
zero_time_control,1723,0.0048828125
zero_time_control,1724,0.0068359375
zero_time_control,1725,0.005859375
zero_time_control,1726,0.0078125
zero_time_control,1727,0.005859375
zero_time_control,1728,0.0048828125
zero_time_control,1729,0.0078125
zero_time_control,1730,0.0068359375
zero_time_control,1731,0.005859375
zero_time_control,1732,0.001953125
zero_time_control,1733,0.0048828125
zero_time_control,1734,0.0087890625
zero_time_control,1735,0.0078125
zero_time_control,1736,0.005859375
zero_time_control,1737,0.0068359375
zero_time_control,1738,0.0048828125
zero_time_control,1739,0.0068359375
zero_time_control,1740,0.00390625
zero_time_control,1741,0.0087890625
zero_time_control,1742,0.00390625
zero_time_control,1743,0.005859375
zero_time_control,1744,0.0078125
zero_time_control,1745,0.0048828125
zero_time_control,1746,0.0048828125
zero_time_control,1747,0.0078125
zero_time_control,1748,0.00390625
zero_time_control,1749,0.0048828125
zero_time_control,1750,0.005859375
zero_time_control,1751,0.0078125
zero_time_control,1752,0.0078125
zero_time_control,1753,0.005859375
zero_time_control,1754,0.0078125
zero_time_control,1755,0.005859375
zero_time_control,1756,0.0029296875
zero_time_control,1757,0.01171875
zero_time_control,1758,0.0078125
zero_time_control,1759,0.001953125
zero_time_control,1760,0.009765625
zero_time_control,1761,0.0078125
zero_time_control,1762,0.0048828125
zero_time_control,1763,0.0068359375
zero_time_control,1764,0.005859375
zero_time_control,1765,0.0068359375
zero_time_control,1766,0.0087890625
zero_time_control,1767,0.005859375
zero_time_control,1768,0.00390625
zero_time_control,1769,0.009765625
zero_time_control,1770,0.00390625
zero_time_control,1771,0.0087890625
zero_time_control,1772,0.0009765625
zero_time_control,1773,0.0048828125
zero_time_control,1774,0.009765625
zero_time_control,1775,0.005859375
zero_time_control,1776,0.00390625
zero_time_control,1777,0.0048828125
zero_time_control,1778,0.0087890625
zero_time_control,1779,0.0087890625
zero_time_control,1780,0.005859375
zero_time_control,1781,0.0068359375
zero_time_control,1782,0.0068359375
zero_time_control,1783,0.0029296875
zero_time_control,1784,0.00390625
zero_time_control,1785,0.0078125
zero_time_control,1786,0.0048828125
zero_time_control,1787,0.005859375
zero_time_control,1788,0.0048828125
zero_time_control,1789,0.005859375
zero_time_control,1790,0.0078125
zero_time_control,1791,0.009765625
zero_time_control,1792,0.0087890625
zero_time_control,1793,0.001953125
zero_time_control,1794,0.0068359375
zero_time_control,1795,0.009765625
zero_time_control,1796,0.0068359375
zero_time_control,1797,0.00390625
zero_time_control,1798,0.0029296875
zero_time_control,1799,0.00390625
zero_time_control,1800,0.00390625
zero_time_control,1801,0.00390625
zero_time_control,1802,0.0048828125
zero_time_control,1803,0.0078125
zero_time_control,1804,0.00390625
zero_time_control,1805,0.005859375
zero_time_control,1806,0.00390625
zero_time_control,1807,0.005859375
zero_time_control,1808,0.00390625
zero_time_control,1809,0.00390625
zero_time_control,1810,0.0048828125
zero_time_control,1811,0.013671875
zero_time_control,1812,0.0029296875
zero_time_control,1813,0.0048828125
zero_time_control,1814,0.009765625
zero_time_control,1815,0.0068359375
zero_time_control,1816,0.005859375
zero_time_control,1817,0.0029296875
zero_time_control,1818,0.005859375
zero_time_control,1819,0.005859375
zero_time_control,1820,0.0107421875
zero_time_control,1821,0.0068359375
zero_time_control,1822,0.0107421875
zero_time_control,1823,0.0078125
zero_time_control,1824,0.005859375
zero_time_control,1825,0.00390625
zero_time_control,1826,0.005859375
zero_time_control,1827,0.005859375
zero_time_control,1828,0.0048828125
zero_time_control,1829,0.009765625
zero_time_control,1830,0.0068359375
zero_time_control,1831,0.005859375
zero_time_control,1832,0.0068359375
zero_time_control,1833,0.009765625
zero_time_control,1834,0.0068359375
zero_time_control,1835,0.0087890625
zero_time_control,1836,0.0048828125
zero_time_control,1837,0.0068359375
zero_time_control,1838,0.009765625
zero_time_control,1839,0.0087890625
zero_time_control,1840,0.009765625
zero_time_control,1841,0.009765625
zero_time_control,1842,0.00390625
zero_time_control,1843,0.00390625
zero_time_control,1844,0.0048828125
zero_time_control,1845,0.005859375
zero_time_control,1846,0.0068359375
zero_time_control,1847,0.0048828125
zero_time_control,1848,0.00390625
zero_time_control,1849,0.00390625
zero_time_control,1850,0.0078125
zero_time_control,1851,0.009765625
zero_time_control,1852,0.0087890625
zero_time_control,1853,0.0
zero_time_control,1854,0.0068359375
zero_time_control,1855,0.0048828125
zero_time_control,1856,0.005859375
zero_time_control,1857,0.0087890625
zero_time_control,1858,0.0087890625
zero_time_control,1859,0.00390625
zero_time_control,1860,0.0078125
zero_time_control,1861,0.0068359375
zero_time_control,1862,0.005859375
zero_time_control,1863,0.00390625
zero_time_control,1864,0.0068359375
zero_time_control,1865,0.0068359375
zero_time_control,1866,0.00390625
zero_time_control,1867,0.0029296875
zero_time_control,1868,0.0068359375
zero_time_control,1869,0.0068359375
zero_time_control,1870,0.00390625
zero_time_control,1871,0.005859375
zero_time_control,1872,0.0048828125
zero_time_control,1873,0.0087890625
zero_time_control,1874,0.0048828125
zero_time_control,1875,0.0068359375
zero_time_control,1876,0.001953125
zero_time_control,1877,0.0078125
zero_time_control,1878,0.009765625
zero_time_control,1879,0.005859375
zero_time_control,1880,0.0068359375
zero_time_control,1881,0.005859375
zero_time_control,1882,0.0087890625
zero_time_control,1883,0.005859375
zero_time_control,1884,0.005859375
zero_time_control,1885,0.013671875
zero_time_control,1886,0.00390625
zero_time_control,1887,0.0078125
zero_time_control,1888,0.00390625
zero_time_control,1889,0.00390625
zero_time_control,1890,0.0068359375
zero_time_control,1891,0.005859375
zero_time_control,1892,0.0087890625
zero_time_control,1893,0.0048828125
zero_time_control,1894,0.0087890625
zero_time_control,1895,0.0029296875
zero_time_control,1896,0.0048828125
zero_time_control,1897,0.01171875
zero_time_control,1898,0.005859375
zero_time_control,1899,0.0048828125
zero_time_control,1900,0.0048828125
zero_time_control,1901,0.0029296875
zero_time_control,1902,0.005859375
zero_time_control,1903,0.009765625
zero_time_control,1904,0.0078125
zero_time_control,1905,0.0078125
zero_time_control,1906,0.0078125
zero_time_control,1907,0.0029296875
zero_time_control,1908,0.00390625
zero_time_control,1909,0.0048828125
zero_time_control,1910,0.009765625
zero_time_control,1911,0.0068359375
zero_time_control,1912,0.00390625
zero_time_control,1913,0.0107421875
zero_time_control,1914,0.01171875
zero_time_control,1915,0.0048828125
zero_time_control,1916,0.0048828125
zero_time_control,1917,0.00390625
zero_time_control,1918,0.005859375
zero_time_control,1919,0.0029296875
zero_time_control,1920,0.0048828125
zero_time_control,1921,0.0078125
zero_time_control,1922,0.009765625
zero_time_control,1923,0.0068359375
zero_time_control,1924,0.0068359375
zero_time_control,1925,0.0068359375
zero_time_control,1926,0.0029296875
zero_time_control,1927,0.009765625
zero_time_control,1928,0.0078125
zero_time_control,1929,0.0087890625
zero_time_control,1930,0.005859375
zero_time_control,1931,0.0107421875
zero_time_control,1932,0.0068359375
zero_time_control,1933,0.0078125
zero_time_control,1934,0.00390625
zero_time_control,1935,0.0068359375
zero_time_control,1936,0.0107421875
zero_time_control,1937,0.00390625
zero_time_control,1938,0.005859375
zero_time_control,1939,0.0087890625
zero_time_control,1940,0.0068359375
zero_time_control,1941,0.0068359375
zero_time_control,1942,0.0048828125
zero_time_control,1943,0.0068359375
zero_time_control,1944,0.0087890625
zero_time_control,1945,0.009765625
zero_time_control,1946,0.0078125
zero_time_control,1947,0.009765625
zero_time_control,1948,0.005859375
zero_time_control,1949,0.0029296875
zero_time_control,1950,0.005859375
zero_time_control,1951,0.0068359375
zero_time_control,1952,0.0068359375
zero_time_control,1953,0.00390625
zero_time_control,1954,0.0048828125
zero_time_control,1955,0.01171875
zero_time_control,1956,0.0048828125
zero_time_control,1957,0.0087890625
zero_time_control,1958,0.0029296875
zero_time_control,1959,0.0068359375
zero_time_control,1960,0.00390625
zero_time_control,1961,0.0068359375
zero_time_control,1962,0.00390625
zero_time_control,1963,0.0048828125
zero_time_control,1964,0.013671875
zero_time_control,1965,0.005859375
zero_time_control,1966,0.0029296875
zero_time_control,1967,0.013671875
zero_time_control,1968,0.0087890625
zero_time_control,1969,0.01171875
zero_time_control,1970,0.0087890625
zero_time_control,1971,0.0029296875
zero_time_control,1972,0.0009765625
zero_time_control,1973,0.00390625
zero_time_control,1974,0.0078125
zero_time_control,1975,0.00390625
zero_time_control,1976,0.0029296875
zero_time_control,1977,0.005859375
zero_time_control,1978,0.009765625
zero_time_control,1979,0.00390625
zero_time_control,1980,0.0048828125
zero_time_control,1981,0.0048828125
zero_time_control,1982,0.00390625
zero_time_control,1983,0.00390625
zero_time_control,1984,0.0068359375
zero_time_control,1985,0.005859375
zero_time_control,1986,0.0029296875
zero_time_control,1987,0.0068359375
zero_time_control,1988,0.0087890625
zero_time_control,1989,0.005859375
zero_time_control,1990,0.0029296875
zero_time_control,1991,0.0048828125
zero_time_control,1992,0.0078125
zero_time_control,1993,0.005859375
zero_time_control,1994,0.0107421875
zero_time_control,1995,0.0078125
zero_time_control,1996,0.0048828125
zero_time_control,1997,0.0048828125
zero_time_control,1998,0.0107421875
zero_time_control,1999,0.0029296875
zero_time_control,2000,0.0029296875
zero_time_control,2001,0.005859375
zero_time_control,2002,0.001953125
zero_time_control,2003,0.0087890625
zero_time_control,2004,0.0078125
zero_time_control,2005,0.0048828125
zero_time_control,2006,0.005859375
zero_time_control,2007,0.005859375
zero_time_control,2008,0.005859375
zero_time_control,2009,0.005859375
zero_time_control,2010,0.00390625
zero_time_control,2011,0.0068359375
zero_time_control,2012,0.0078125
zero_time_control,2013,0.00390625
zero_time_control,2014,0.0087890625
zero_time_control,2015,0.0068359375
zero_time_control,2016,0.0048828125
zero_time_control,2017,0.0048828125
zero_time_control,2018,0.0107421875
zero_time_control,2019,0.0078125
zero_time_control,2020,0.0068359375
zero_time_control,2021,0.00390625
zero_time_control,2022,0.0048828125
zero_time_control,2023,0.005859375
zero_time_control,2024,0.0029296875
zero_time_control,2025,0.0078125
zero_time_control,2026,0.005859375
zero_time_control,2027,0.0078125
zero_time_control,2028,0.0068359375
zero_time_control,2029,0.0048828125
zero_time_control,2030,0.0048828125
zero_time_control,2031,0.0126953125
zero_time_control,2032,0.0068359375
zero_time_control,2033,0.0078125
zero_time_control,2034,0.005859375
zero_time_control,2035,0.0048828125
zero_time_control,2036,0.0078125
zero_time_control,2037,0.00390625
zero_time_control,2038,0.005859375
zero_time_control,2039,0.0048828125
zero_time_control,2040,0.00390625
zero_time_control,2041,0.005859375
zero_time_control,2042,0.0078125
zero_time_control,2043,0.005859375
zero_time_control,2044,0.00390625
zero_time_control,2045,0.00390625
zero_time_control,2046,0.0068359375
zero_time_control,2047,0.0048828125
zero_time_control,2048,0.005859375
zero_time_control,2049,0.0048828125
zero_time_control,2050,0.0068359375
zero_time_control,2051,0.0029296875
zero_time_control,2052,0.0029296875
zero_time_control,2053,0.0087890625
zero_time_control,2054,0.0078125
zero_time_control,2055,0.0048828125
zero_time_control,2056,0.0078125
zero_time_control,2057,0.0048828125
zero_time_control,2058,0.0048828125
zero_time_control,2059,0.00390625
zero_time_control,2060,0.00390625
zero_time_control,2061,0.00390625
zero_time_control,2062,0.0078125
zero_time_control,2063,0.00390625
zero_time_control,2064,0.0048828125
zero_time_control,2065,0.001953125
zero_time_control,2066,0.005859375
zero_time_control,2067,0.0078125
zero_time_control,2068,0.0107421875
zero_time_control,2069,0.0107421875
zero_time_control,2070,0.0087890625
zero_time_control,2071,0.0078125
zero_time_control,2072,0.0068359375
zero_time_control,2073,0.001953125
zero_time_control,2074,0.005859375
zero_time_control,2075,0.0078125
zero_time_control,2076,0.005859375
zero_time_control,2077,0.005859375
zero_time_control,2078,0.0087890625
zero_time_control,2079,0.0048828125
zero_time_control,2080,0.00390625
zero_time_control,2081,0.0068359375
zero_time_control,2082,0.0048828125
zero_time_control,2083,0.0029296875
zero_time_control,2084,0.0009765625
zero_time_control,2085,0.00390625
zero_time_control,2086,0.005859375
zero_time_control,2087,0.0087890625
zero_time_control,2088,0.0048828125
zero_time_control,2089,0.0048828125
zero_time_control,2090,0.0029296875
zero_time_control,2091,0.0048828125
zero_time_control,2092,0.0068359375
zero_time_control,2093,0.013671875
zero_time_control,2094,0.01171875
zero_time_control,2095,0.0078125
zero_time_control,2096,0.0068359375
zero_time_control,2097,0.0078125
zero_time_control,2098,0.0078125
zero_time_control,2099,0.0068359375
zero_time_control,2100,0.0009765625
zero_time_control,2101,0.0029296875
zero_time_control,2102,0.0107421875
zero_time_control,2103,0.0087890625
zero_time_control,2104,0.005859375
zero_time_control,2105,0.0048828125
zero_time_control,2106,0.0087890625
zero_time_control,2107,0.0048828125
zero_time_control,2108,0.0087890625
zero_time_control,2109,0.0048828125
zero_time_control,2110,0.0107421875
zero_time_control,2111,0.0087890625
zero_time_control,2112,0.0068359375
zero_time_control,2113,0.0048828125
zero_time_control,2114,0.0107421875
zero_time_control,2115,0.0048828125
zero_time_control,2116,0.0078125
zero_time_control,2117,0.0107421875
zero_time_control,2118,0.0087890625
zero_time_control,2119,0.0048828125
zero_time_control,2120,0.0078125
zero_time_control,2121,0.0048828125
zero_time_control,2122,0.0087890625
zero_time_control,2123,0.009765625
zero_time_control,2124,0.0068359375
zero_time_control,2125,0.0068359375
zero_time_control,2126,0.0107421875
zero_time_control,2127,0.0068359375
zero_time_control,2128,0.0048828125
zero_time_control,2129,0.0029296875
zero_time_control,2130,0.0068359375
zero_time_control,2131,0.0068359375
zero_time_control,2132,0.0087890625
zero_time_control,2133,0.0078125
zero_time_control,2134,0.0087890625
zero_time_control,2135,0.0068359375
zero_time_control,2136,0.00390625
zero_time_control,2137,0.0068359375
zero_time_control,2138,0.00390625
zero_time_control,2139,0.0029296875
zero_time_control,2140,0.0078125
zero_time_control,2141,0.0068359375
zero_time_control,2142,0.01171875
zero_time_control,2143,0.00390625
zero_time_control,2144,0.0029296875
zero_time_control,2145,0.0009765625
zero_time_control,2146,0.0078125
zero_time_control,2147,0.0078125
zero_time_control,2148,0.0068359375
zero_time_control,2149,0.001953125
zero_time_control,2150,0.00390625
zero_time_control,2151,0.0166015625
zero_time_control,2152,0.0087890625
zero_time_control,2153,0.0078125
zero_time_control,2154,0.0048828125
zero_time_control,2155,0.00390625
zero_time_control,2156,0.0078125
zero_time_control,2157,0.0068359375
zero_time_control,2158,0.0048828125
zero_time_control,2159,0.0068359375
zero_time_control,2160,0.005859375
zero_time_control,2161,0.0078125
zero_time_control,2162,0.0048828125
zero_time_control,2163,0.0068359375
zero_time_control,2164,0.0087890625
zero_time_control,2165,0.001953125
zero_time_control,2166,0.0068359375
zero_time_control,2167,0.0029296875
zero_time_control,2168,0.0048828125
zero_time_control,2169,0.005859375
zero_time_control,2170,0.0068359375
zero_time_control,2171,0.0068359375
zero_time_control,2172,0.0048828125
zero_time_control,2173,0.0087890625
zero_time_control,2174,0.0068359375
zero_time_control,2175,0.0029296875
zero_time_control,2176,0.0029296875
zero_time_control,2177,0.009765625
zero_time_control,2178,0.0068359375
zero_time_control,2179,0.0009765625
zero_time_control,2180,0.0126953125
zero_time_control,2181,0.001953125
zero_time_control,2182,0.0068359375
zero_time_control,2183,0.0068359375
zero_time_control,2184,0.0078125
zero_time_control,2185,0.00390625
zero_time_control,2186,0.0068359375
zero_time_control,2187,0.0048828125
zero_time_control,2188,0.0068359375
zero_time_control,2189,0.0146484375
zero_time_control,2190,0.0068359375
zero_time_control,2191,0.009765625
zero_time_control,2192,0.0078125
zero_time_control,2193,0.0068359375
zero_time_control,2194,0.009765625
zero_time_control,2195,0.0048828125
zero_time_control,2196,0.0068359375
zero_time_control,2197,0.00390625
zero_time_control,2198,0.00390625
zero_time_control,2199,0.0048828125
zero_time_control,2200,0.0078125
zero_time_control,2201,0.0078125
zero_time_control,2202,0.005859375
zero_time_control,2203,0.0068359375
zero_time_control,2204,0.0068359375
zero_time_control,2205,0.0029296875
zero_time_control,2206,0.005859375
zero_time_control,2207,0.0029296875
zero_time_control,2208,0.0048828125
zero_time_control,2209,0.005859375
zero_time_control,2210,0.0068359375
zero_time_control,2211,0.0068359375
zero_time_control,2212,0.0068359375
zero_time_control,2213,0.0068359375
zero_time_control,2214,0.0029296875
zero_time_control,2215,0.005859375
zero_time_control,2216,0.00390625
zero_time_control,2217,0.0078125
zero_time_control,2218,0.0029296875
zero_time_control,2219,0.0078125
zero_time_control,2220,0.001953125
zero_time_control,2221,0.001953125
zero_time_control,2222,0.001953125
zero_time_control,2223,0.0048828125
zero_time_control,2224,0.0048828125
zero_time_control,2225,0.0029296875
zero_time_control,2226,0.0068359375
zero_time_control,2227,0.00390625
zero_time_control,2228,0.0078125
zero_time_control,2229,0.009765625
zero_time_control,2230,0.005859375
zero_time_control,2231,0.0029296875
zero_time_control,2232,0.00390625
zero_time_control,2233,0.0068359375
zero_time_control,2234,0.0048828125
zero_time_control,2235,0.005859375
zero_time_control,2236,0.0048828125
zero_time_control,2237,0.0068359375
zero_time_control,2238,0.005859375
zero_time_control,2239,0.0048828125
zero_time_control,2240,0.0029296875
zero_time_control,2241,0.0146484375
zero_time_control,2242,0.009765625
zero_time_control,2243,0.0107421875
zero_time_control,2244,0.0087890625
zero_time_control,2245,0.005859375
zero_time_control,2246,0.001953125
zero_time_control,2247,0.0048828125
zero_time_control,2248,0.01171875
zero_time_control,2249,0.0107421875
zero_time_control,2250,0.00390625
zero_time_control,2251,0.0048828125
zero_time_control,2252,0.0087890625
zero_time_control,2253,0.00390625
zero_time_control,2254,0.005859375
zero_time_control,2255,0.0078125
zero_time_control,2256,0.0048828125
zero_time_control,2257,0.0078125
zero_time_control,2258,0.0048828125
zero_time_control,2259,0.0048828125
zero_time_control,2260,0.0068359375
zero_time_control,2261,0.00390625
zero_time_control,2262,0.005859375
zero_time_control,2263,0.0068359375
zero_time_control,2264,0.00390625
zero_time_control,2265,0.005859375
zero_time_control,2266,0.0078125
zero_time_control,2267,0.0048828125
zero_time_control,2268,0.00390625
zero_time_control,2269,0.0087890625
zero_time_control,2270,0.0068359375
zero_time_control,2271,0.0078125
zero_time_control,2272,0.0068359375
zero_time_control,2273,0.005859375
zero_time_control,2274,0.0078125
zero_time_control,2275,0.0078125
zero_time_control,2276,0.0078125
zero_time_control,2277,0.0029296875
zero_time_control,2278,0.0087890625
zero_time_control,2279,0.0078125
zero_time_control,2280,0.0029296875
zero_time_control,2281,0.00390625
zero_time_control,2282,0.0078125
zero_time_control,2283,0.00390625
zero_time_control,2284,0.0126953125
zero_time_control,2285,0.0048828125
zero_time_control,2286,0.0068359375
zero_time_control,2287,0.0068359375
zero_time_control,2288,0.005859375
zero_time_control,2289,0.0078125
zero_time_control,2290,0.00390625
zero_time_control,2291,0.0029296875
zero_time_control,2292,0.005859375
zero_time_control,2293,0.0078125
zero_time_control,2294,0.005859375
zero_time_control,2295,0.0068359375
zero_time_control,2296,0.00390625
zero_time_control,2297,0.0087890625
zero_time_control,2298,0.0068359375
zero_time_control,2299,0.005859375
zero_time_control,2300,0.0078125
zero_time_control,2301,0.0068359375
zero_time_control,2302,0.009765625
zero_time_control,2303,0.00390625
zero_time_control,2304,0.0087890625
zero_time_control,2305,0.0078125
zero_time_control,2306,0.0048828125
zero_time_control,2307,0.005859375
zero_time_control,2308,0.0048828125
zero_time_control,2309,0.00390625
zero_time_control,2310,0.0107421875
zero_time_control,2311,0.005859375
zero_time_control,2312,0.0068359375
zero_time_control,2313,0.009765625
zero_time_control,2314,0.009765625
zero_time_control,2315,0.0048828125
zero_time_control,2316,0.0048828125
zero_time_control,2317,0.001953125
zero_time_control,2318,0.0048828125
zero_time_control,2319,0.005859375
zero_time_control,2320,0.009765625
zero_time_control,2321,0.009765625
zero_time_control,2322,0.005859375
zero_time_control,2323,0.0078125
zero_time_control,2324,0.00390625
zero_time_control,2325,0.0068359375
zero_time_control,2326,0.0068359375
zero_time_control,2327,0.005859375
zero_time_control,2328,0.0087890625
zero_time_control,2329,0.00390625
zero_time_control,2330,0.0107421875
zero_time_control,2331,0.0087890625
zero_time_control,2332,0.0068359375
zero_time_control,2333,0.0068359375
zero_time_control,2334,0.0107421875
zero_time_control,2335,0.0078125
zero_time_control,2336,0.0078125
zero_time_control,2337,0.005859375
zero_time_control,2338,0.005859375
zero_time_control,2339,0.005859375
zero_time_control,2340,0.0078125
zero_time_control,2341,0.0029296875
zero_time_control,2342,0.009765625
zero_time_control,2343,0.005859375
zero_time_control,2344,0.0078125
zero_time_control,2345,0.005859375
zero_time_control,2346,0.0087890625
zero_time_control,2347,0.0029296875
zero_time_control,2348,0.0068359375
zero_time_control,2349,0.005859375
zero_time_control,2350,0.0068359375
zero_time_control,2351,0.00390625
zero_time_control,2352,0.0029296875
zero_time_control,2353,0.00390625
zero_time_control,2354,0.0048828125
zero_time_control,2355,0.0078125
zero_time_control,2356,0.0048828125
zero_time_control,2357,0.00390625
zero_time_control,2358,0.005859375
zero_time_control,2359,0.0087890625
zero_time_control,2360,0.00390625
zero_time_control,2361,0.005859375
zero_time_control,2362,0.0048828125
zero_time_control,2363,0.0078125
zero_time_control,2364,0.0068359375
zero_time_control,2365,0.009765625
zero_time_control,2366,0.00390625
zero_time_control,2367,0.0087890625
zero_time_control,2368,0.009765625
zero_time_control,2369,0.0087890625
zero_time_control,2370,0.005859375
zero_time_control,2371,0.0126953125
zero_time_control,2372,0.0087890625
zero_time_control,2373,0.0048828125
zero_time_control,2374,0.005859375
zero_time_control,2375,0.0146484375
zero_time_control,2376,0.0126953125
zero_time_control,2377,0.0078125
zero_time_control,2378,0.0107421875
zero_time_control,2379,0.00390625
zero_time_control,2380,0.00390625
zero_time_control,2381,0.0029296875
zero_time_control,2382,0.00390625
zero_time_control,2383,0.005859375
zero_time_control,2384,0.0068359375
zero_time_control,2385,0.00390625
zero_time_control,2386,0.0078125
zero_time_control,2387,0.0126953125
zero_time_control,2388,0.0029296875
zero_time_control,2389,0.005859375
zero_time_control,2390,0.0078125
zero_time_control,2391,0.0048828125
zero_time_control,2392,0.0068359375
zero_time_control,2393,0.0029296875
zero_time_control,2394,0.005859375
zero_time_control,2395,0.0068359375
zero_time_control,2396,0.0048828125
zero_time_control,2397,0.009765625
zero_time_control,2398,0.0048828125
zero_time_control,2399,0.00390625
zero_time_control,2400,0.009765625
zero_time_control,2401,0.0048828125
zero_time_control,2402,0.009765625
zero_time_control,2403,0.005859375
zero_time_control,2404,0.0068359375
zero_time_control,2405,0.0048828125
zero_time_control,2406,0.005859375
zero_time_control,2407,0.005859375
zero_time_control,2408,0.0048828125
zero_time_control,2409,0.0048828125
zero_time_control,2410,0.001953125
zero_time_control,2411,0.0048828125
zero_time_control,2412,0.0068359375
zero_time_control,2413,0.0146484375
zero_time_control,2414,0.00390625
zero_time_control,2415,0.0087890625
zero_time_control,2416,0.0078125
zero_time_control,2417,0.0068359375
zero_time_control,2418,0.0029296875
zero_time_control,2419,0.0068359375
zero_time_control,2420,0.0068359375
zero_time_control,2421,0.00390625
zero_time_control,2422,0.0107421875
zero_time_control,2423,0.0087890625
zero_time_control,2424,0.0068359375
zero_time_control,2425,0.0078125
zero_time_control,2426,0.0048828125
zero_time_control,2427,0.0078125
zero_time_control,2428,0.0048828125
zero_time_control,2429,0.0078125
zero_time_control,2430,0.005859375
zero_time_control,2431,0.005859375
zero_time_control,2432,0.0087890625
zero_time_control,2433,0.0068359375
zero_time_control,2434,0.0048828125
zero_time_control,2435,0.0068359375
zero_time_control,2436,0.00390625
zero_time_control,2437,0.00390625
zero_time_control,2438,0.0068359375
zero_time_control,2439,0.0068359375
zero_time_control,2440,0.0048828125
zero_time_control,2441,0.0107421875
zero_time_control,2442,0.005859375
zero_time_control,2443,0.005859375
zero_time_control,2444,0.009765625
zero_time_control,2445,0.00390625
zero_time_control,2446,0.0078125
zero_time_control,2447,0.0087890625
zero_time_control,2448,0.0068359375
zero_time_control,2449,0.0009765625
zero_time_control,2450,0.0029296875
zero_time_control,2451,0.0087890625
zero_time_control,2452,0.0068359375
zero_time_control,2453,0.0048828125
zero_time_control,2454,0.0087890625
zero_time_control,2455,0.00390625
zero_time_control,2456,0.0048828125
zero_time_control,2457,0.005859375
zero_time_control,2458,0.009765625
zero_time_control,2459,0.0068359375
zero_time_control,2460,0.005859375
zero_time_control,2461,0.0078125
zero_time_control,2462,0.0087890625
zero_time_control,2463,0.0048828125
zero_time_control,2464,0.005859375
zero_time_control,2465,0.0068359375
zero_time_control,2466,0.005859375
zero_time_control,2467,0.0029296875
zero_time_control,2468,0.0029296875
zero_time_control,2469,0.00390625
zero_time_control,2470,0.0048828125
zero_time_control,2471,0.0087890625
zero_time_control,2472,0.005859375
zero_time_control,2473,0.005859375
zero_time_control,2474,0.0087890625
zero_time_control,2475,0.0029296875
zero_time_control,2476,0.0048828125
zero_time_control,2477,0.01171875
zero_time_control,2478,0.0068359375
zero_time_control,2479,0.009765625
zero_time_control,2480,0.0029296875
zero_time_control,2481,0.0078125
zero_time_control,2482,0.0068359375
zero_time_control,2483,0.0087890625
zero_time_control,2484,0.0078125
zero_time_control,2485,0.0126953125
zero_time_control,2486,0.005859375
zero_time_control,2487,0.00390625
zero_time_control,2488,0.00390625
zero_time_control,2489,0.0068359375
zero_time_control,2490,0.0068359375
zero_time_control,2491,0.0048828125
zero_time_control,2492,0.001953125
zero_time_control,2493,0.0048828125
zero_time_control,2494,0.005859375
zero_time_control,2495,0.0029296875
zero_time_control,2496,0.0126953125
zero_time_control,2497,0.00390625
zero_time_control,2498,0.005859375
zero_time_control,2499,0.00390625
zero_time_control,2500,0.0078125
zero_time_control,2501,0.0029296875
zero_time_control,2502,0.0078125
zero_time_control,2503,0.0078125
zero_time_control,2504,0.0078125
zero_time_control,2505,0.0087890625
zero_time_control,2506,0.0048828125
zero_time_control,2507,0.005859375
zero_time_control,2508,0.0068359375
zero_time_control,2509,0.005859375
zero_time_control,2510,0.001953125
zero_time_control,2511,0.0078125
zero_time_control,2512,0.00390625
zero_time_control,2513,0.0048828125
zero_time_control,2514,0.0068359375
zero_time_control,2515,0.0146484375
zero_time_control,2516,0.005859375
zero_time_control,2517,0.0029296875
zero_time_control,2518,0.0078125
zero_time_control,2519,0.001953125
zero_time_control,2520,0.013671875
zero_time_control,2521,0.0078125
zero_time_control,2522,0.0048828125
zero_time_control,2523,0.00390625
zero_time_control,2524,0.0087890625
zero_time_control,2525,0.0087890625
zero_time_control,2526,0.0078125
zero_time_control,2527,0.0068359375
zero_time_control,2528,0.009765625
zero_time_control,2529,0.009765625
zero_time_control,2530,0.005859375
zero_time_control,2531,0.0048828125
zero_time_control,2532,0.0107421875
zero_time_control,2533,0.0078125
zero_time_control,2534,0.0087890625
zero_time_control,2535,0.0068359375
zero_time_control,2536,0.00390625
zero_time_control,2537,0.01171875
zero_time_control,2538,0.005859375
zero_time_control,2539,0.005859375
zero_time_control,2540,0.0029296875
zero_time_control,2541,0.00390625
zero_time_control,2542,0.0068359375
zero_time_control,2543,0.00390625
zero_time_control,2544,0.0068359375
zero_time_control,2545,0.0068359375
zero_time_control,2546,0.0087890625
zero_time_control,2547,0.001953125
zero_time_control,2548,0.005859375
zero_time_control,2549,0.005859375
zero_time_control,2550,0.0087890625
zero_time_control,2551,0.00390625
zero_time_control,2552,0.0048828125
zero_time_control,2553,0.0068359375
zero_time_control,2554,0.0087890625
zero_time_control,2555,0.009765625
zero_time_control,2556,0.009765625
zero_time_control,2557,0.0078125
zero_time_control,2558,0.0048828125
zero_time_control,2559,0.00390625
zero_time_control,2560,0.005859375
zero_time_control,2561,0.0126953125
zero_time_control,2562,0.0087890625
zero_time_control,2563,0.005859375
zero_time_control,2564,0.005859375
zero_time_control,2565,0.0048828125
zero_time_control,2566,0.00390625
zero_time_control,2567,0.005859375
zero_time_control,2568,0.0078125
zero_time_control,2569,0.005859375
zero_time_control,2570,0.01171875
zero_time_control,2571,0.009765625
zero_time_control,2572,0.0087890625
zero_time_control,2573,0.0068359375
zero_time_control,2574,0.0078125
zero_time_control,2575,0.005859375
zero_time_control,2576,0.009765625
zero_time_control,2577,0.005859375
zero_time_control,2578,0.009765625
zero_time_control,2579,0.0078125
zero_time_control,2580,0.0078125
zero_time_control,2581,0.0048828125
zero_time_control,2582,0.0068359375
zero_time_control,2583,0.0029296875
zero_time_control,2584,0.0029296875
zero_time_control,2585,0.0087890625
zero_time_control,2586,0.009765625
zero_time_control,2587,0.005859375
zero_time_control,2588,0.005859375
zero_time_control,2589,0.0078125
zero_time_control,2590,0.005859375
zero_time_control,2591,0.00390625
zero_time_control,2592,0.0048828125
zero_time_control,2593,0.005859375
zero_time_control,2594,0.0078125
zero_time_control,2595,0.005859375
zero_time_control,2596,0.0068359375
zero_time_control,2597,0.00390625
zero_time_control,2598,0.0068359375
zero_time_control,2599,0.0048828125
zero_time_control,2600,0.005859375
zero_time_control,2601,0.00390625
zero_time_control,2602,0.0078125
zero_time_control,2603,0.00390625
zero_time_control,2604,0.0029296875
zero_time_control,2605,0.0048828125
zero_time_control,2606,0.00390625
zero_time_control,2607,0.0078125
zero_time_control,2608,0.0068359375
zero_time_control,2609,0.0078125
zero_time_control,2610,0.0078125
zero_time_control,2611,0.005859375
zero_time_control,2612,0.001953125
zero_time_control,2613,0.0048828125
zero_time_control,2614,0.005859375
zero_time_control,2615,0.005859375
zero_time_control,2616,0.0087890625
zero_time_control,2617,0.0029296875
zero_time_control,2618,0.005859375
zero_time_control,2619,0.0087890625
zero_time_control,2620,0.0078125
zero_time_control,2621,0.005859375
zero_time_control,2622,0.0029296875
zero_time_control,2623,0.0009765625
zero_time_control,2624,0.0048828125
zero_time_control,2625,0.0068359375
zero_time_control,2626,0.005859375
zero_time_control,2627,0.0107421875
zero_time_control,2628,0.00390625
zero_time_control,2629,0.0048828125
zero_time_control,2630,0.0068359375
zero_time_control,2631,0.0009765625
zero_time_control,2632,0.0068359375
zero_time_control,2633,0.0068359375
zero_time_control,2634,0.0048828125
zero_time_control,2635,0.0087890625
zero_time_control,2636,0.0048828125
zero_time_control,2637,0.0068359375
zero_time_control,2638,0.009765625
zero_time_control,2639,0.005859375
zero_time_control,2640,0.005859375
zero_time_control,2641,0.0068359375
zero_time_control,2642,0.0048828125
zero_time_control,2643,0.0029296875
zero_time_control,2644,0.001953125
zero_time_control,2645,0.0107421875
zero_time_control,2646,0.0087890625
zero_time_control,2647,0.00390625
zero_time_control,2648,0.00390625
zero_time_control,2649,0.00390625
zero_time_control,2650,0.005859375
zero_time_control,2651,0.0087890625
zero_time_control,2652,0.0087890625
zero_time_control,2653,0.0078125
zero_time_control,2654,0.0107421875
zero_time_control,2655,0.0068359375
zero_time_control,2656,0.0107421875
zero_time_control,2657,0.0048828125
zero_time_control,2658,0.0087890625
zero_time_control,2659,0.01171875
zero_time_control,2660,0.005859375
zero_time_control,2661,0.005859375
zero_time_control,2662,0.0087890625
zero_time_control,2663,0.0107421875
zero_time_control,2664,0.0029296875
zero_time_control,2665,0.005859375
zero_time_control,2666,0.00390625
zero_time_control,2667,0.0068359375
zero_time_control,2668,0.00390625
zero_time_control,2669,0.005859375
zero_time_control,2670,0.0078125
zero_time_control,2671,0.00390625
zero_time_control,2672,0.00390625
zero_time_control,2673,0.0048828125
zero_time_control,2674,0.0048828125
zero_time_control,2675,0.00390625
zero_time_control,2676,0.0107421875
zero_time_control,2677,0.005859375
zero_time_control,2678,0.00390625
zero_time_control,2679,0.0087890625
zero_time_control,2680,0.0126953125
zero_time_control,2681,0.00390625
zero_time_control,2682,0.009765625
zero_time_control,2683,0.009765625
zero_time_control,2684,0.0068359375
zero_time_control,2685,0.005859375
zero_time_control,2686,0.009765625
zero_time_control,2687,0.0068359375
zero_time_control,2688,0.0068359375
zero_time_control,2689,0.001953125
zero_time_control,2690,0.009765625
zero_time_control,2691,0.0078125
zero_time_control,2692,0.009765625
zero_time_control,2693,0.017578125
zero_time_control,2694,0.013671875
zero_time_control,2695,0.005859375
zero_time_control,2696,0.0087890625
zero_time_control,2697,0.0029296875
zero_time_control,2698,0.0078125
zero_time_control,2699,0.0068359375
zero_time_control,2700,0.005859375
zero_time_control,2701,0.0087890625
zero_time_control,2702,0.0078125
zero_time_control,2703,0.0048828125
zero_time_control,2704,0.0048828125
zero_time_control,2705,0.00390625
zero_time_control,2706,0.0087890625
zero_time_control,2707,0.0068359375
zero_time_control,2708,0.00390625
zero_time_control,2709,0.0048828125
zero_time_control,2710,0.01171875
zero_time_control,2711,0.0048828125
zero_time_control,2712,0.005859375
zero_time_control,2713,0.0078125
zero_time_control,2714,0.001953125
zero_time_control,2715,0.00390625
zero_time_control,2716,0.0048828125
zero_time_control,2717,0.0029296875
zero_time_control,2718,0.0068359375
zero_time_control,2719,0.00390625
zero_time_control,2720,0.0087890625
zero_time_control,2721,0.0048828125
zero_time_control,2722,0.0068359375
zero_time_control,2723,0.0107421875
zero_time_control,2724,0.00390625
zero_time_control,2725,0.0068359375
zero_time_control,2726,0.0068359375
zero_time_control,2727,0.00390625
zero_time_control,2728,0.0087890625
zero_time_control,2729,0.005859375
zero_time_control,2730,0.009765625
zero_time_control,2731,0.0078125
zero_time_control,2732,0.005859375
zero_time_control,2733,0.0029296875
zero_time_control,2734,0.0048828125
zero_time_control,2735,0.0078125
zero_time_control,2736,0.0068359375
zero_time_control,2737,0.005859375
zero_time_control,2738,0.0048828125
zero_time_control,2739,0.0048828125
zero_time_control,2740,0.001953125
zero_time_control,2741,0.0068359375
zero_time_control,2742,0.0009765625
zero_time_control,2743,0.0087890625
zero_time_control,2744,0.005859375
zero_time_control,2745,0.0029296875
zero_time_control,2746,0.0048828125
zero_time_control,2747,0.0048828125
zero_time_control,2748,0.013671875
zero_time_control,2749,0.009765625
zero_time_control,2750,0.0068359375
zero_time_control,2751,0.0068359375
zero_time_control,2752,0.009765625
zero_time_control,2753,0.005859375
zero_time_control,2754,0.0087890625
zero_time_control,2755,0.0068359375
zero_time_control,2756,0.0107421875
zero_time_control,2757,0.0068359375
zero_time_control,2758,0.0087890625
zero_time_control,2759,0.0078125
zero_time_control,2760,0.0068359375
zero_time_control,2761,0.0078125
zero_time_control,2762,0.005859375
zero_time_control,2763,0.001953125
zero_time_control,2764,0.0048828125
zero_time_control,2765,0.0029296875
zero_time_control,2766,0.0
zero_time_control,2767,0.001953125
zero_time_control,2768,0.005859375
zero_time_control,2769,0.0029296875
zero_time_control,2770,0.0078125
zero_time_control,2771,0.0078125
zero_time_control,2772,0.0107421875
zero_time_control,2773,0.0048828125
zero_time_control,2774,0.005859375
zero_time_control,2775,0.005859375
zero_time_control,2776,0.0048828125
zero_time_control,2777,0.0078125
zero_time_control,2778,0.005859375
zero_time_control,2779,0.005859375
zero_time_control,2780,0.00390625
zero_time_control,2781,0.0078125
zero_time_control,2782,0.0078125
zero_time_control,2783,0.009765625
zero_time_control,2784,0.00390625
zero_time_control,2785,0.005859375
zero_time_control,2786,0.0087890625
zero_time_control,2787,0.009765625
zero_time_control,2788,0.009765625
zero_time_control,2789,0.005859375
zero_time_control,2790,0.0087890625
zero_time_control,2791,0.009765625
zero_time_control,2792,0.00390625
zero_time_control,2793,0.0126953125
zero_time_control,2794,0.005859375
zero_time_control,2795,0.005859375
zero_time_control,2796,0.0048828125
zero_time_control,2797,0.0048828125
zero_time_control,2798,0.0078125
zero_time_control,2799,0.0078125
zero_time_control,2800,0.0068359375
zero_time_control,2801,0.001953125
zero_time_control,2802,0.00390625
zero_time_control,2803,0.005859375
zero_time_control,2804,0.0068359375
zero_time_control,2805,0.0048828125
zero_time_control,2806,0.00390625
zero_time_control,2807,0.0029296875
zero_time_control,2808,0.01171875
zero_time_control,2809,0.0048828125
zero_time_control,2810,0.005859375
zero_time_control,2811,0.00390625
zero_time_control,2812,0.00390625
zero_time_control,2813,0.0009765625
zero_time_control,2814,0.0078125
zero_time_control,2815,0.00390625
zero_time_control,2816,0.005859375
zero_time_control,2817,0.0087890625
zero_time_control,2818,0.0087890625
zero_time_control,2819,0.0087890625
zero_time_control,2820,0.0078125
zero_time_control,2821,0.00390625
zero_time_control,2822,0.0087890625
zero_time_control,2823,0.0068359375
zero_time_control,2824,0.0087890625
zero_time_control,2825,0.0048828125
zero_time_control,2826,0.00390625
zero_time_control,2827,0.0048828125
zero_time_control,2828,0.009765625
zero_time_control,2829,0.00390625
zero_time_control,2830,0.00390625
zero_time_control,2831,0.0029296875
zero_time_control,2832,0.00390625
zero_time_control,2833,0.0
zero_time_control,2834,0.00390625
zero_time_control,2835,0.005859375
zero_time_control,2836,0.005859375
zero_time_control,2837,0.0068359375
zero_time_control,2838,0.0029296875
zero_time_control,2839,0.00390625
zero_time_control,2840,0.0078125
zero_time_control,2841,0.0048828125
zero_time_control,2842,0.0068359375
zero_time_control,2843,0.0078125
zero_time_control,2844,0.0068359375
zero_time_control,2845,0.00390625
zero_time_control,2846,0.0029296875
zero_time_control,2847,0.001953125
zero_time_control,2848,0.009765625
zero_time_control,2849,0.0048828125
zero_time_control,2850,0.0078125
zero_time_control,2851,0.0029296875
zero_time_control,2852,0.0048828125
zero_time_control,2853,0.0009765625
zero_time_control,2854,0.0048828125
zero_time_control,2855,0.009765625
zero_time_control,2856,0.0087890625
zero_time_control,2857,0.0068359375
zero_time_control,2858,0.0078125
zero_time_control,2859,0.0087890625
zero_time_control,2860,0.0078125
zero_time_control,2861,0.0078125
zero_time_control,2862,0.0048828125
zero_time_control,2863,0.005859375
zero_time_control,2864,0.0068359375
zero_time_control,2865,0.0068359375
zero_time_control,2866,0.00390625
zero_time_control,2867,0.0087890625
zero_time_control,2868,0.0068359375
zero_time_control,2869,0.0048828125
zero_time_control,2870,0.0048828125
zero_time_control,2871,0.0087890625
zero_time_control,2872,0.0068359375
zero_time_control,2873,0.0048828125
zero_time_control,2874,0.005859375
zero_time_control,2875,0.0068359375
zero_time_control,2876,0.0029296875
zero_time_control,2877,0.0048828125
zero_time_control,2878,0.0068359375
zero_time_control,2879,0.0078125
zero_time_control,2880,0.005859375
zero_time_control,2881,0.005859375
zero_time_control,2882,0.0048828125
zero_time_control,2883,0.0087890625
zero_time_control,2884,0.0126953125
zero_time_control,2885,0.00390625
zero_time_control,2886,0.00390625
zero_time_control,2887,0.001953125
zero_time_control,2888,0.0048828125
zero_time_control,2889,0.01171875
zero_time_control,2890,0.0107421875
zero_time_control,2891,0.005859375
zero_time_control,2892,0.0048828125
zero_time_control,2893,0.0107421875
zero_time_control,2894,0.009765625
zero_time_control,2895,0.0078125
zero_time_control,2896,0.0078125
zero_time_control,2897,0.0107421875
zero_time_control,2898,0.0048828125
zero_time_control,2899,0.0068359375
zero_time_control,2900,0.0107421875
zero_time_control,2901,0.0048828125
zero_time_control,2902,0.0048828125
zero_time_control,2903,0.0068359375
zero_time_control,2904,0.0078125
zero_time_control,2905,0.0048828125
zero_time_control,2906,0.0078125
zero_time_control,2907,0.0068359375
zero_time_control,2908,0.0087890625
zero_time_control,2909,0.0048828125
zero_time_control,2910,0.0078125
zero_time_control,2911,0.005859375
zero_time_control,2912,0.005859375
zero_time_control,2913,0.0107421875
zero_time_control,2914,0.0087890625
zero_time_control,2915,0.00390625
zero_time_control,2916,0.00390625
zero_time_control,2917,0.0078125
zero_time_control,2918,0.0078125
zero_time_control,2919,0.0078125
zero_time_control,2920,0.0087890625
zero_time_control,2921,0.00390625
zero_time_control,2922,0.0048828125
zero_time_control,2923,0.0068359375
zero_time_control,2924,0.0048828125
zero_time_control,2925,0.0068359375
zero_time_control,2926,0.0048828125
zero_time_control,2927,0.0078125
zero_time_control,2928,0.001953125
zero_time_control,2929,0.0078125
zero_time_control,2930,0.005859375
zero_time_control,2931,0.0087890625
zero_time_control,2932,0.009765625
zero_time_control,2933,0.0048828125
zero_time_control,2934,0.001953125
zero_time_control,2935,0.0087890625
zero_time_control,2936,0.0048828125
zero_time_control,2937,0.0029296875
zero_time_control,2938,0.009765625
zero_time_control,2939,0.0087890625
zero_time_control,2940,0.0078125
zero_time_control,2941,0.0068359375
zero_time_control,2942,0.00390625
zero_time_control,2943,0.005859375
zero_time_control,2944,0.0078125
zero_time_control,2945,0.0068359375
zero_time_control,2946,0.0078125
zero_time_control,2947,0.0068359375
zero_time_control,2948,0.00390625
zero_time_control,2949,0.005859375
zero_time_control,2950,0.0107421875
zero_time_control,2951,0.0048828125
zero_time_control,2952,0.005859375
zero_time_control,2953,0.0048828125
zero_time_control,2954,0.00390625
zero_time_control,2955,0.00390625
zero_time_control,2956,0.0087890625
zero_time_control,2957,0.0009765625
zero_time_control,2958,0.005859375
zero_time_control,2959,0.005859375
zero_time_control,2960,0.0048828125
zero_time_control,2961,0.0048828125
zero_time_control,2962,0.0029296875
zero_time_control,2963,0.005859375
zero_time_control,2964,0.0068359375
zero_time_control,2965,0.0087890625
zero_time_control,2966,0.0107421875
zero_time_control,2967,0.0029296875
zero_time_control,2968,0.0107421875
zero_time_control,2969,0.0078125
zero_time_control,2970,0.013671875
zero_time_control,2971,0.0087890625
zero_time_control,2972,0.0068359375
zero_time_control,2973,0.005859375
zero_time_control,2974,0.0029296875
zero_time_control,2975,0.0126953125
zero_time_control,2976,0.005859375
zero_time_control,2977,0.013671875
zero_time_control,2978,0.0068359375
zero_time_control,2979,0.0078125
zero_time_control,2980,0.005859375
zero_time_control,2981,0.0048828125
zero_time_control,2982,0.0068359375
zero_time_control,2983,0.005859375
zero_time_control,2984,0.005859375
zero_time_control,2985,0.0068359375
zero_time_control,2986,0.0068359375
zero_time_control,2987,0.0078125
zero_time_control,2988,0.00390625
zero_time_control,2989,0.0087890625
zero_time_control,2990,0.0078125
zero_time_control,2991,0.005859375
zero_time_control,2992,0.005859375
zero_time_control,2993,0.005859375
zero_time_control,2994,0.005859375
zero_time_control,2995,0.0087890625
zero_time_control,2996,0.005859375
zero_time_control,2997,0.0068359375
zero_time_control,2998,0.005859375
zero_time_control,2999,0.0078125
zero_time_control,3000,0.0078125
zero_time_control,3001,0.0078125
zero_time_control,3002,0.0048828125
zero_time_control,3003,0.0029296875
zero_time_control,3004,0.0048828125
zero_time_control,3005,0.009765625
zero_time_control,3006,0.009765625
zero_time_control,3007,0.0107421875
zero_time_control,3008,0.005859375
zero_time_control,3009,0.0126953125
zero_time_control,3010,0.0078125
zero_time_control,3011,0.0048828125
zero_time_control,3012,0.00390625
zero_time_control,3013,0.00390625
zero_time_control,3014,0.0048828125
zero_time_control,3015,0.009765625
zero_time_control,3016,0.009765625
zero_time_control,3017,0.0078125
zero_time_control,3018,0.005859375
zero_time_control,3019,0.00390625
zero_time_control,3020,0.01171875
zero_time_control,3021,0.005859375
zero_time_control,3022,0.005859375
zero_time_control,3023,0.0087890625
zero_time_control,3024,0.0048828125
zero_time_control,3025,0.0087890625
zero_time_control,3026,0.0068359375
zero_time_control,3027,0.0087890625
zero_time_control,3028,0.0029296875
zero_time_control,3029,0.005859375
zero_time_control,3030,0.005859375
zero_time_control,3031,0.0029296875
zero_time_control,3032,0.005859375
zero_time_control,3033,0.0068359375
zero_time_control,3034,0.01171875
zero_time_control,3035,0.0048828125
zero_time_control,3036,0.0048828125
zero_time_control,3037,0.005859375
zero_time_control,3038,0.0107421875
zero_time_control,3039,0.0078125
zero_time_control,3040,0.00390625
zero_time_control,3041,0.0048828125
zero_time_control,3042,0.0048828125
zero_time_control,3043,0.00390625
zero_time_control,3044,0.005859375
zero_time_control,3045,0.0048828125
zero_time_control,3046,0.0048828125
zero_time_control,3047,0.0048828125
zero_time_control,3048,0.005859375
zero_time_control,3049,0.0126953125
zero_time_control,3050,0.0078125
zero_time_control,3051,0.0029296875
zero_time_control,3052,0.0048828125
zero_time_control,3053,0.00390625
zero_time_control,3054,0.0048828125
zero_time_control,3055,0.005859375
zero_time_control,3056,0.0078125
zero_time_control,3057,0.0029296875
zero_time_control,3058,0.005859375
zero_time_control,3059,0.0029296875
zero_time_control,3060,0.005859375
zero_time_control,3061,0.0048828125
zero_time_control,3062,0.009765625
zero_time_control,3063,0.005859375
zero_time_control,3064,0.0068359375
zero_time_control,3065,0.00390625
zero_time_control,3066,0.0078125
zero_time_control,3067,0.01171875
zero_time_control,3068,0.005859375
zero_time_control,3069,0.0048828125
zero_time_control,3070,0.0068359375
zero_time_control,3071,0.0068359375
zero_time_control,3072,0.005859375
zero_time_control,3073,0.0107421875
zero_time_control,3074,0.005859375
zero_time_control,3075,0.0048828125
zero_time_control,3076,0.009765625
zero_time_control,3077,0.0048828125
zero_time_control,3078,0.0068359375
zero_time_control,3079,0.0029296875
zero_time_control,3080,0.0107421875
zero_time_control,3081,0.013671875
zero_time_control,3082,0.0078125
zero_time_control,3083,0.00390625
zero_time_control,3084,0.0048828125
zero_time_control,3085,0.0107421875
zero_time_control,3086,0.0126953125
zero_time_control,3087,0.009765625
zero_time_control,3088,0.0068359375
zero_time_control,3089,0.0107421875
zero_time_control,3090,0.0087890625
zero_time_control,3091,0.00390625
zero_time_control,3092,0.00390625
zero_time_control,3093,0.0029296875
zero_time_control,3094,0.0068359375
zero_time_control,3095,0.005859375
zero_time_control,3096,0.0068359375
zero_time_control,3097,0.0048828125
zero_time_control,3098,0.0068359375
zero_time_control,3099,0.0126953125
zero_time_control,3100,0.0078125
zero_time_control,3101,0.0048828125
zero_time_control,3102,0.0087890625
zero_time_control,3103,0.009765625
zero_time_control,3104,0.005859375
zero_time_control,3105,0.005859375
zero_time_control,3106,0.0029296875
zero_time_control,3107,0.005859375
zero_time_control,3108,0.0078125
zero_time_control,3109,0.0048828125
zero_time_control,3110,0.005859375
zero_time_control,3111,0.005859375
zero_time_control,3112,0.005859375
zero_time_control,3113,0.0078125
zero_time_control,3114,0.0048828125
zero_time_control,3115,0.00390625
zero_time_control,3116,0.0078125
zero_time_control,3117,0.00390625
zero_time_control,3118,0.0078125
zero_time_control,3119,0.0048828125
zero_time_control,3120,0.005859375
zero_time_control,3121,0.0078125
zero_time_control,3122,0.0029296875
zero_time_control,3123,0.0048828125
zero_time_control,3124,0.0068359375
zero_time_control,3125,0.0107421875
zero_time_control,3126,0.0048828125
zero_time_control,3127,0.0087890625
zero_time_control,3128,0.0029296875
zero_time_control,3129,0.001953125
zero_time_control,3130,0.0048828125
zero_time_control,3131,0.0068359375
zero_time_control,3132,0.0087890625
zero_time_control,3133,0.0078125
zero_time_control,3134,0.009765625
zero_time_control,3135,0.0029296875
zero_time_control,3136,0.0078125
zero_time_control,3137,0.00390625
zero_time_control,3138,0.0107421875
zero_time_control,3139,0.00390625
zero_time_control,3140,0.0068359375
zero_time_control,3141,0.00390625
zero_time_control,3142,0.0009765625
zero_time_control,3143,0.0087890625
zero_time_control,3144,0.0078125
zero_time_control,3145,0.005859375
zero_time_control,3146,0.0078125
zero_time_control,3147,0.00390625
zero_time_control,3148,0.0068359375
zero_time_control,3149,0.001953125
zero_time_control,3150,0.0078125
zero_time_control,3151,0.0078125
zero_time_control,3152,0.0048828125
zero_time_control,3153,0.0048828125
zero_time_control,3154,0.0068359375
zero_time_control,3155,0.00390625
zero_time_control,3156,0.0068359375
zero_time_control,3157,0.0048828125
zero_time_control,3158,0.001953125
zero_time_control,3159,0.00390625
zero_time_control,3160,0.01171875
zero_time_control,3161,0.0068359375
zero_time_control,3162,0.0087890625
zero_time_control,3163,0.005859375
zero_time_control,3164,0.005859375
zero_time_control,3165,0.0078125
zero_time_control,3166,0.0048828125
zero_time_control,3167,0.0078125
zero_time_control,3168,0.0068359375
zero_time_control,3169,0.005859375
zero_time_control,3170,0.00390625
zero_time_control,3171,0.0078125
zero_time_control,3172,0.0068359375
zero_time_control,3173,0.0068359375
zero_time_control,3174,0.005859375
zero_time_control,3175,0.0068359375
zero_time_control,3176,0.0009765625
zero_time_control,3177,0.01171875
zero_time_control,3178,0.005859375
zero_time_control,3179,0.00390625
zero_time_control,3180,0.009765625
zero_time_control,3181,0.0048828125
zero_time_control,3182,0.009765625
zero_time_control,3183,0.005859375
zero_time_control,3184,0.0087890625
zero_time_control,3185,0.005859375
zero_time_control,3186,0.00390625
zero_time_control,3187,0.0048828125
zero_time_control,3188,0.0087890625
zero_time_control,3189,0.0087890625
zero_time_control,3190,0.0068359375
zero_time_control,3191,0.0048828125
zero_time_control,3192,0.0068359375
zero_time_control,3193,0.0068359375
zero_time_control,3194,0.0068359375
zero_time_control,3195,0.013671875
zero_time_control,3196,0.0048828125
zero_time_control,3197,0.005859375
zero_time_control,3198,0.0048828125
zero_time_control,3199,0.00390625
zero_time_control,3200,0.0068359375
zero_time_control,3201,0.0068359375
zero_time_control,3202,0.009765625
zero_time_control,3203,0.0068359375
zero_time_control,3204,0.0029296875
zero_time_control,3205,0.0087890625
zero_time_control,3206,0.0078125
zero_time_control,3207,0.0087890625
zero_time_control,3208,0.0078125
zero_time_control,3209,0.0068359375
zero_time_control,3210,0.0068359375
zero_time_control,3211,0.0078125
zero_time_control,3212,0.005859375
zero_time_control,3213,0.0048828125
zero_time_control,3214,0.0087890625
zero_time_control,3215,0.005859375
zero_time_control,3216,0.0048828125
zero_time_control,3217,0.0068359375
zero_time_control,3218,0.0068359375
zero_time_control,3219,0.01171875
zero_time_control,3220,0.0107421875
zero_time_control,3221,0.0048828125
zero_time_control,3222,0.009765625
zero_time_control,3223,0.0048828125
zero_time_control,3224,0.0068359375
zero_time_control,3225,0.00390625
zero_time_control,3226,0.00390625
zero_time_control,3227,0.005859375
zero_time_control,3228,0.005859375
zero_time_control,3229,0.0068359375
zero_time_control,3230,0.005859375
zero_time_control,3231,0.005859375
zero_time_control,3232,0.0087890625
zero_time_control,3233,0.00390625
zero_time_control,3234,0.00390625
zero_time_control,3235,0.005859375
zero_time_control,3236,0.0078125
zero_time_control,3237,0.0068359375
zero_time_control,3238,0.0048828125
zero_time_control,3239,0.0107421875
zero_time_control,3240,0.0087890625
zero_time_control,3241,0.0048828125
zero_time_control,3242,0.001953125
zero_time_control,3243,0.0087890625
zero_time_control,3244,0.0068359375
zero_time_control,3245,0.0126953125
zero_time_control,3246,0.005859375
zero_time_control,3247,0.0078125
zero_time_control,3248,0.0078125
zero_time_control,3249,0.0029296875
zero_time_control,3250,0.0029296875
zero_time_control,3251,0.0029296875
zero_time_control,3252,0.0048828125
zero_time_control,3253,0.001953125
zero_time_control,3254,0.0048828125
zero_time_control,3255,0.0107421875
zero_time_control,3256,0.005859375
zero_time_control,3257,0.0107421875
zero_time_control,3258,0.005859375
zero_time_control,3259,0.0009765625
zero_time_control,3260,0.005859375
zero_time_control,3261,0.005859375
zero_time_control,3262,0.0087890625
zero_time_control,3263,0.0107421875
zero_time_control,3264,0.0087890625
zero_time_control,3265,0.0029296875
zero_time_control,3266,0.0068359375
zero_time_control,3267,0.005859375
zero_time_control,3268,0.0048828125
zero_time_control,3269,0.0068359375
zero_time_control,3270,0.009765625
zero_time_control,3271,0.00390625
zero_time_control,3272,0.0029296875
zero_time_control,3273,0.0029296875
zero_time_control,3274,0.0078125
zero_time_control,3275,0.009765625
zero_time_control,3276,0.0068359375
zero_time_control,3277,0.005859375
zero_time_control,3278,0.0048828125
zero_time_control,3279,0.0126953125
zero_time_control,3280,0.0078125
zero_time_control,3281,0.005859375
zero_time_control,3282,0.0078125
zero_time_control,3283,0.005859375
zero_time_control,3284,0.0048828125
zero_time_control,3285,0.0048828125
zero_time_control,3286,0.0068359375
zero_time_control,3287,0.0048828125
zero_time_control,3288,0.0048828125
zero_time_control,3289,0.0107421875
zero_time_control,3290,0.0029296875
zero_time_control,3291,0.00390625
zero_time_control,3292,0.0048828125
zero_time_control,3293,0.0078125
zero_time_control,3294,0.013671875
zero_time_control,3295,0.0078125
zero_time_control,3296,0.005859375
zero_time_control,3297,0.0048828125
zero_time_control,3298,0.005859375
zero_time_control,3299,0.0048828125
zero_time_control,3300,0.0048828125
zero_time_control,3301,0.0068359375
zero_time_control,3302,0.005859375
zero_time_control,3303,0.0078125
zero_time_control,3304,0.00390625
zero_time_control,3305,0.0078125
zero_time_control,3306,0.0029296875
zero_time_control,3307,0.005859375
zero_time_control,3308,0.0048828125
zero_time_control,3309,0.0078125
zero_time_control,3310,0.005859375
zero_time_control,3311,0.005859375
zero_time_control,3312,0.00390625
zero_time_control,3313,0.005859375
zero_time_control,3314,0.0068359375
zero_time_control,3315,0.00390625
zero_time_control,3316,0.01171875
zero_time_control,3317,0.0048828125
zero_time_control,3318,0.0078125
zero_time_control,3319,0.0068359375
zero_time_control,3320,0.0068359375
zero_time_control,3321,0.005859375
zero_time_control,3322,0.0068359375
zero_time_control,3323,0.0087890625
zero_time_control,3324,0.00390625
zero_time_control,3325,0.0107421875
zero_time_control,3326,0.0068359375
zero_time_control,3327,0.01171875
zero_time_control,3328,0.0048828125
zero_time_control,3329,0.0009765625
zero_time_control,3330,0.0078125
zero_time_control,3331,0.001953125
zero_time_control,3332,0.0068359375
zero_time_control,3333,0.0029296875
zero_time_control,3334,0.00390625
zero_time_control,3335,0.00390625
zero_time_control,3336,0.0048828125
zero_time_control,3337,0.0078125
zero_time_control,3338,0.0087890625
zero_time_control,3339,0.00390625
zero_time_control,3340,0.005859375
zero_time_control,3341,0.0087890625
zero_time_control,3342,0.0087890625
zero_time_control,3343,0.0126953125
zero_time_control,3344,0.0068359375
zero_time_control,3345,0.005859375
zero_time_control,3346,0.00390625
zero_time_control,3347,0.005859375
zero_time_control,3348,0.0068359375
zero_time_control,3349,0.0068359375
zero_time_control,3350,0.0068359375
zero_time_control,3351,0.0078125
zero_time_control,3352,0.00390625
zero_time_control,3353,0.0107421875
zero_time_control,3354,0.0048828125
zero_time_control,3355,0.00390625
zero_time_control,3356,0.00390625
zero_time_control,3357,0.0029296875
zero_time_control,3358,0.001953125
zero_time_control,3359,0.005859375
zero_time_control,3360,0.01171875
zero_time_control,3361,0.0068359375
zero_time_control,3362,0.0078125
zero_time_control,3363,0.005859375
zero_time_control,3364,0.0048828125
zero_time_control,3365,0.0048828125
zero_time_control,3366,0.0009765625
zero_time_control,3367,0.0048828125
zero_time_control,3368,0.009765625
zero_time_control,3369,0.0048828125
zero_time_control,3370,0.0087890625
zero_time_control,3371,0.00390625
zero_time_control,3372,0.005859375
zero_time_control,3373,0.00390625
zero_time_control,3374,0.0078125
zero_time_control,3375,0.0009765625
zero_time_control,3376,0.0126953125
zero_time_control,3377,0.005859375
zero_time_control,3378,0.0078125
zero_time_control,3379,0.001953125
zero_time_control,3380,0.0078125
zero_time_control,3381,0.0068359375
zero_time_control,3382,0.005859375
zero_time_control,3383,0.0078125
zero_time_control,3384,0.005859375
zero_time_control,3385,0.0078125
zero_time_control,3386,0.00390625
zero_time_control,3387,0.005859375
zero_time_control,3388,0.001953125
zero_time_control,3389,0.0068359375
zero_time_control,3390,0.0029296875
zero_time_control,3391,0.0068359375
zero_time_control,3392,0.0078125
zero_time_control,3393,0.00390625
zero_time_control,3394,0.0087890625
zero_time_control,3395,0.01171875
zero_time_control,3396,0.0078125
zero_time_control,3397,0.005859375
zero_time_control,3398,0.005859375
zero_time_control,3399,0.00390625
zero_time_control,3400,0.0078125
zero_time_control,3401,0.001953125
zero_time_control,3402,0.0048828125
zero_time_control,3403,0.0029296875
zero_time_control,3404,0.0078125
zero_time_control,3405,0.0087890625
zero_time_control,3406,0.0087890625
zero_time_control,3407,0.0029296875
zero_time_control,3408,0.0078125
zero_time_control,3409,0.0068359375
zero_time_control,3410,0.00390625
zero_time_control,3411,0.0068359375
zero_time_control,3412,0.0087890625
zero_time_control,3413,0.0068359375
zero_time_control,3414,0.0078125
zero_time_control,3415,0.0107421875
zero_time_control,3416,0.0048828125
zero_time_control,3417,0.0087890625
zero_time_control,3418,0.0048828125
zero_time_control,3419,0.0087890625
zero_time_control,3420,0.009765625
zero_time_control,3421,0.00390625
zero_time_control,3422,0.0048828125
zero_time_control,3423,0.0078125
zero_time_control,3424,0.0048828125
zero_time_control,3425,0.00390625
zero_time_control,3426,0.0009765625
zero_time_control,3427,0.0078125
zero_time_control,3428,0.0087890625
zero_time_control,3429,0.00390625
zero_time_control,3430,0.0107421875
zero_time_control,3431,0.005859375
zero_time_control,3432,0.005859375
zero_time_control,3433,0.0009765625
zero_time_control,3434,0.0078125
zero_time_control,3435,0.0107421875
zero_time_control,3436,0.005859375
zero_time_control,3437,0.0087890625
zero_time_control,3438,0.0078125
zero_time_control,3439,0.0029296875
zero_time_control,3440,0.0048828125
zero_time_control,3441,0.0029296875
zero_time_control,3442,0.0087890625
zero_time_control,3443,0.0068359375
zero_time_control,3444,0.005859375
zero_time_control,3445,0.00390625
zero_time_control,3446,0.0068359375
zero_time_control,3447,0.0068359375
zero_time_control,3448,0.005859375
zero_time_control,3449,0.0068359375
zero_time_control,3450,0.0078125
zero_time_control,3451,0.0048828125
zero_time_control,3452,0.0048828125
zero_time_control,3453,0.0087890625
zero_time_control,3454,0.0048828125
zero_time_control,3455,0.00390625
zero_time_control,3456,0.005859375
zero_time_control,3457,0.0087890625
zero_time_control,3458,0.00390625
zero_time_control,3459,0.005859375
zero_time_control,3460,0.0068359375
zero_time_control,3461,0.0048828125
zero_time_control,3462,0.0068359375
zero_time_control,3463,0.005859375
zero_time_control,3464,0.009765625
zero_time_control,3465,0.0078125
zero_time_control,3466,0.0087890625
zero_time_control,3467,0.00390625
zero_time_control,3468,0.0029296875
zero_time_control,3469,0.005859375
zero_time_control,3470,0.00390625
zero_time_control,3471,0.0068359375
zero_time_control,3472,0.00390625
zero_time_control,3473,0.0048828125
zero_time_control,3474,0.005859375
zero_time_control,3475,0.0048828125
zero_time_control,3476,0.009765625
zero_time_control,3477,0.0048828125
zero_time_control,3478,0.0068359375
zero_time_control,3479,0.0048828125
zero_time_control,3480,0.0029296875
zero_time_control,3481,0.0078125
zero_time_control,3482,0.0048828125
zero_time_control,3483,0.0078125
zero_time_control,3484,0.0048828125
zero_time_control,3485,0.005859375
zero_time_control,3486,0.0107421875
zero_time_control,3487,0.0068359375
zero_time_control,3488,0.0078125
zero_time_control,3489,0.0068359375
zero_time_control,3490,0.005859375
zero_time_control,3491,0.0048828125
zero_time_control,3492,0.0068359375
zero_time_control,3493,0.0048828125
zero_time_control,3494,0.009765625
zero_time_control,3495,0.009765625
zero_time_control,3496,0.00390625
zero_time_control,3497,0.009765625
zero_time_control,3498,0.0068359375
zero_time_control,3499,0.0048828125
zero_time_control,3500,0.005859375
zero_time_control,3501,0.0068359375
zero_time_control,3502,0.0029296875
zero_time_control,3503,0.0068359375
zero_time_control,3504,0.0078125
zero_time_control,3505,0.0068359375
zero_time_control,3506,0.0087890625
zero_time_control,3507,0.0107421875
zero_time_control,3508,0.005859375
zero_time_control,3509,0.0078125
zero_time_control,3510,0.005859375
zero_time_control,3511,0.0087890625
zero_time_control,3512,0.00390625
zero_time_control,3513,0.0078125
zero_time_control,3514,0.0068359375
zero_time_control,3515,0.0107421875
zero_time_control,3516,0.0068359375
zero_time_control,3517,0.005859375
zero_time_control,3518,0.0078125
zero_time_control,3519,0.005859375
zero_time_control,3520,0.009765625
zero_time_control,3521,0.009765625
zero_time_control,3522,0.0048828125
zero_time_control,3523,0.009765625
zero_time_control,3524,0.0048828125
zero_time_control,3525,0.005859375
zero_time_control,3526,0.0048828125
zero_time_control,3527,0.0078125
zero_time_control,3528,0.0078125
zero_time_control,3529,0.01171875
zero_time_control,3530,0.01171875
zero_time_control,3531,0.0068359375
zero_time_control,3532,0.0048828125
zero_time_control,3533,0.00390625
zero_time_control,3534,0.009765625
zero_time_control,3535,0.0078125
zero_time_control,3536,0.0009765625
zero_time_control,3537,0.0087890625
zero_time_control,3538,0.0078125
zero_time_control,3539,0.0048828125
zero_time_control,3540,0.0068359375
zero_time_control,3541,0.005859375
zero_time_control,3542,0.0078125
zero_time_control,3543,0.0087890625
zero_time_control,3544,0.0078125
zero_time_control,3545,0.0048828125
zero_time_control,3546,0.0068359375
zero_time_control,3547,0.0048828125
zero_time_control,3548,0.009765625
zero_time_control,3549,0.0078125
zero_time_control,3550,0.0048828125
zero_time_control,3551,0.009765625
zero_time_control,3552,0.0048828125
zero_time_control,3553,0.0068359375
zero_time_control,3554,0.0068359375
zero_time_control,3555,0.0078125
zero_time_control,3556,0.0087890625
zero_time_control,3557,0.0078125
zero_time_control,3558,0.0048828125
zero_time_control,3559,0.0068359375
zero_time_control,3560,0.0068359375
zero_time_control,3561,0.0048828125
zero_time_control,3562,0.0048828125
zero_time_control,3563,0.0107421875
zero_time_control,3564,0.00390625
zero_time_control,3565,0.0078125
zero_time_control,3566,0.0048828125
zero_time_control,3567,0.0087890625
zero_time_control,3568,0.0078125
zero_time_control,3569,0.0087890625
zero_time_control,3570,0.0068359375
zero_time_control,3571,0.009765625
zero_time_control,3572,0.0126953125
zero_time_control,3573,0.005859375
zero_time_control,3574,0.0029296875
zero_time_control,3575,0.0029296875
zero_time_control,3576,0.0078125
zero_time_control,3577,0.001953125
zero_time_control,3578,0.0087890625
zero_time_control,3579,0.009765625
zero_time_control,3580,0.0107421875
zero_time_control,3581,0.005859375
zero_time_control,3582,0.00390625
zero_time_control,3583,0.005859375
zero_time_control,3584,0.00390625
zero_time_control,3585,0.0048828125
zero_time_control,3586,0.0107421875
zero_time_control,3587,0.0068359375
zero_time_control,3588,0.0048828125
zero_time_control,3589,0.001953125
zero_time_control,3590,0.0078125
zero_time_control,3591,0.0068359375
zero_time_control,3592,0.0048828125
zero_time_control,3593,0.0029296875
zero_time_control,3594,0.0048828125
zero_time_control,3595,0.005859375
zero_time_control,3596,0.005859375
zero_time_control,3597,0.005859375
zero_time_control,3598,0.005859375
zero_time_control,3599,0.005859375
zero_time_control,3600,0.0068359375
zero_time_control,3601,0.0048828125
zero_time_control,3602,0.005859375
zero_time_control,3603,0.0029296875
zero_time_control,3604,0.0068359375
zero_time_control,3605,0.0068359375
zero_time_control,3606,0.0048828125
zero_time_control,3607,0.0048828125
zero_time_control,3608,0.0087890625
zero_time_control,3609,0.0068359375
zero_time_control,3610,0.009765625
zero_time_control,3611,0.0107421875
zero_time_control,3612,0.0029296875
zero_time_control,3613,0.00390625
zero_time_control,3614,0.0
zero_time_control,3615,0.0087890625
zero_time_control,3616,0.005859375
zero_time_control,3617,0.0048828125
zero_time_control,3618,0.009765625
zero_time_control,3619,0.0048828125
zero_time_control,3620,0.0068359375
zero_time_control,3621,0.009765625
zero_time_control,3622,0.00390625
zero_time_control,3623,0.005859375
zero_time_control,3624,0.0048828125
zero_time_control,3625,0.0087890625
zero_time_control,3626,0.0078125
zero_time_control,3627,0.0078125
zero_time_control,3628,0.0048828125
zero_time_control,3629,0.009765625
zero_time_control,3630,0.0078125
zero_time_control,3631,0.0029296875
zero_time_control,3632,0.0068359375
zero_time_control,3633,0.0087890625
zero_time_control,3634,0.0048828125
zero_time_control,3635,0.0087890625
zero_time_control,3636,0.005859375
zero_time_control,3637,0.0048828125
zero_time_control,3638,0.005859375
zero_time_control,3639,0.00390625
zero_time_control,3640,0.0068359375
zero_time_control,3641,0.0087890625
zero_time_control,3642,0.0048828125
zero_time_control,3643,0.0087890625
zero_time_control,3644,0.0029296875
zero_time_control,3645,0.0009765625
zero_time_control,3646,0.0029296875
zero_time_control,3647,0.0029296875
zero_time_control,3648,0.0048828125
zero_time_control,3649,0.0048828125
zero_time_control,3650,0.00390625
zero_time_control,3651,0.0078125
zero_time_control,3652,0.00390625
zero_time_control,3653,0.0078125
zero_time_control,3654,0.00390625
zero_time_control,3655,0.0068359375
zero_time_control,3656,0.005859375
zero_time_control,3657,0.0048828125
zero_time_control,3658,0.009765625
zero_time_control,3659,0.0048828125
zero_time_control,3660,0.0068359375
zero_time_control,3661,0.00390625
zero_time_control,3662,0.00390625
zero_time_control,3663,0.0048828125
zero_time_control,3664,0.0068359375
zero_time_control,3665,0.001953125
zero_time_control,3666,0.005859375
zero_time_control,3667,0.0107421875
zero_time_control,3668,0.0048828125
zero_time_control,3669,0.00390625
zero_time_control,3670,0.005859375
zero_time_control,3671,0.00390625
zero_time_control,3672,0.0048828125
zero_time_control,3673,0.0048828125
zero_time_control,3674,0.0048828125
zero_time_control,3675,0.0048828125
zero_time_control,3676,0.0068359375
zero_time_control,3677,0.0048828125
zero_time_control,3678,0.0087890625
zero_time_control,3679,0.0029296875
zero_time_control,3680,0.0029296875
zero_time_control,3681,0.00390625
zero_time_control,3682,0.005859375
zero_time_control,3683,0.0029296875
zero_time_control,3684,0.0048828125
zero_time_control,3685,0.0029296875
zero_time_control,3686,0.0087890625
zero_time_control,3687,0.0068359375
zero_time_control,3688,0.0048828125
zero_time_control,3689,0.0048828125
zero_time_control,3690,0.0029296875
zero_time_control,3691,0.0068359375
zero_time_control,3692,0.005859375
zero_time_control,3693,0.0048828125
zero_time_control,3694,0.0068359375
zero_time_control,3695,0.00390625
zero_time_control,3696,0.0029296875
zero_time_control,3697,0.0068359375
zero_time_control,3698,0.0029296875
zero_time_control,3699,0.00390625
zero_time_control,3700,0.0078125
zero_time_control,3701,0.0087890625
zero_time_control,3702,0.0078125
zero_time_control,3703,0.0048828125
zero_time_control,3704,0.005859375
zero_time_control,3705,0.0068359375
zero_time_control,3706,0.00390625
zero_time_control,3707,0.0068359375
zero_time_control,3708,0.0078125
zero_time_control,3709,0.005859375
zero_time_control,3710,0.0068359375
zero_time_control,3711,0.0078125
zero_time_control,3712,0.0048828125
zero_time_control,3713,0.0029296875
zero_time_control,3714,0.01171875
zero_time_control,3715,0.0048828125
zero_time_control,3716,0.0009765625
zero_time_control,3717,0.0068359375
zero_time_control,3718,0.0068359375
zero_time_control,3719,0.0068359375
zero_time_control,3720,0.0146484375
zero_time_control,3721,0.0087890625
zero_time_control,3722,0.001953125
zero_time_control,3723,0.0048828125
zero_time_control,3724,0.0048828125
zero_time_control,3725,0.01171875
zero_time_control,3726,0.009765625
zero_time_control,3727,0.0048828125
zero_time_control,3728,0.0048828125
zero_time_control,3729,0.0087890625
zero_time_control,3730,0.009765625
zero_time_control,3731,0.005859375
zero_time_control,3732,0.0048828125
zero_time_control,3733,0.0029296875
zero_time_control,3734,0.0048828125
zero_time_control,3735,0.0107421875
zero_time_control,3736,0.00390625
zero_time_control,3737,0.005859375
zero_time_control,3738,0.00390625
zero_time_control,3739,0.0078125
zero_time_control,3740,0.0048828125
zero_time_control,3741,0.0078125
zero_time_control,3742,0.00390625
zero_time_control,3743,0.0068359375
zero_time_control,3744,0.0048828125
zero_time_control,3745,0.00390625
zero_time_control,3746,0.0087890625
zero_time_control,3747,0.00390625
zero_time_control,3748,0.00390625
zero_time_control,3749,0.0068359375
zero_time_control,3750,0.0029296875
zero_time_control,3751,0.005859375
zero_time_control,3752,0.0068359375
zero_time_control,3753,0.0009765625
zero_time_control,3754,0.0087890625
zero_time_control,3755,0.0087890625
zero_time_control,3756,0.0029296875
zero_time_control,3757,0.009765625
zero_time_control,3758,0.01171875
zero_time_control,3759,0.0078125
zero_time_control,3760,0.0048828125
zero_time_control,3761,0.00390625
zero_time_control,3762,0.0068359375
zero_time_control,3763,0.01171875
zero_time_control,3764,0.0078125
zero_time_control,3765,0.00390625
zero_time_control,3766,0.0068359375
zero_time_control,3767,0.0078125
zero_time_control,3768,0.0068359375
zero_time_control,3769,0.0087890625
zero_time_control,3770,0.0087890625
zero_time_control,3771,0.00390625
zero_time_control,3772,0.0048828125
zero_time_control,3773,0.00390625
zero_time_control,3774,0.00390625
zero_time_control,3775,0.0068359375
zero_time_control,3776,0.0048828125
zero_time_control,3777,0.0107421875
zero_time_control,3778,0.009765625
zero_time_control,3779,0.0048828125
zero_time_control,3780,0.0146484375
zero_time_control,3781,0.005859375
zero_time_control,3782,0.00390625
zero_time_control,3783,0.0087890625
zero_time_control,3784,0.0029296875
zero_time_control,3785,0.0029296875
zero_time_control,3786,0.0048828125
zero_time_control,3787,0.001953125
zero_time_control,3788,0.005859375
zero_time_control,3789,0.0048828125
zero_time_control,3790,0.00390625
zero_time_control,3791,0.0029296875
zero_time_control,3792,0.0107421875
zero_time_control,3793,0.0068359375
zero_time_control,3794,0.00390625
zero_time_control,3795,0.0087890625
zero_time_control,3796,0.005859375
zero_time_control,3797,0.009765625
zero_time_control,3798,0.005859375
zero_time_control,3799,0.0087890625
zero_time_control,3800,0.01171875
zero_time_control,3801,0.0048828125
zero_time_control,3802,0.009765625
zero_time_control,3803,0.0029296875
zero_time_control,3804,0.0068359375
zero_time_control,3805,0.00390625
zero_time_control,3806,0.0009765625
zero_time_control,3807,0.0078125
zero_time_control,3808,0.0068359375
zero_time_control,3809,0.0048828125
zero_time_control,3810,0.00390625
zero_time_control,3811,0.005859375
zero_time_control,3812,0.0068359375
zero_time_control,3813,0.0087890625
zero_time_control,3814,0.01171875
zero_time_control,3815,0.001953125
zero_time_control,3816,0.0048828125
zero_time_control,3817,0.0078125
zero_time_control,3818,0.0146484375
zero_time_control,3819,0.0029296875
zero_time_control,3820,0.001953125
zero_time_control,3821,0.0029296875
zero_time_control,3822,0.005859375
zero_time_control,3823,0.0068359375
zero_time_control,3824,0.0078125
zero_time_control,3825,0.0048828125
zero_time_control,3826,0.001953125
zero_time_control,3827,0.00390625
zero_time_control,3828,0.00390625
zero_time_control,3829,0.0107421875
zero_time_control,3830,0.005859375
zero_time_control,3831,0.00390625
zero_time_control,3832,0.009765625
zero_time_control,3833,0.00390625
zero_time_control,3834,0.01171875
zero_time_control,3835,0.009765625
zero_time_control,3836,0.00390625
zero_time_control,3837,0.005859375
zero_time_control,3838,0.0048828125
zero_time_control,3839,0.0048828125
zero_time_control,3840,0.0048828125
zero_time_control,3841,0.0048828125
zero_time_control,3842,0.005859375
zero_time_control,3843,0.0048828125
zero_time_control,3844,0.0048828125
zero_time_control,3845,0.009765625
zero_time_control,3846,0.0068359375
zero_time_control,3847,0.00390625
zero_time_control,3848,0.0048828125
zero_time_control,3849,0.009765625
zero_time_control,3850,0.005859375
zero_time_control,3851,0.0029296875
zero_time_control,3852,0.0107421875
zero_time_control,3853,0.0068359375
zero_time_control,3854,0.0078125
zero_time_control,3855,0.0048828125
zero_time_control,3856,0.0087890625
zero_time_control,3857,0.0009765625
zero_time_control,3858,0.0078125
zero_time_control,3859,0.00390625
zero_time_control,3860,0.0048828125
zero_time_control,3861,0.00390625
zero_time_control,3862,0.001953125
zero_time_control,3863,0.0078125
zero_time_control,3864,0.0048828125
zero_time_control,3865,0.0048828125
zero_time_control,3866,0.0087890625
zero_time_control,3867,0.0068359375
zero_time_control,3868,0.0078125
zero_time_control,3869,0.005859375
zero_time_control,3870,0.0068359375
zero_time_control,3871,0.009765625
zero_time_control,3872,0.0068359375
zero_time_control,3873,0.0146484375
zero_time_control,3874,0.0078125
zero_time_control,3875,0.0029296875
zero_time_control,3876,0.0087890625
zero_time_control,3877,0.0029296875
zero_time_control,3878,0.00390625
zero_time_control,3879,0.0087890625
zero_time_control,3880,0.005859375
zero_time_control,3881,0.005859375
zero_time_control,3882,0.0078125
zero_time_control,3883,0.0009765625
zero_time_control,3884,0.0068359375
zero_time_control,3885,0.0078125
zero_time_control,3886,0.00390625
zero_time_control,3887,0.009765625
zero_time_control,3888,0.0048828125
zero_time_control,3889,0.0048828125
zero_time_control,3890,0.00390625
zero_time_control,3891,0.0048828125
zero_time_control,3892,0.0048828125
zero_time_control,3893,0.005859375
zero_time_control,3894,0.00390625
zero_time_control,3895,0.0078125
zero_time_control,3896,0.005859375
zero_time_control,3897,0.00390625
zero_time_control,3898,0.0068359375
zero_time_control,3899,0.00390625
zero_time_control,3900,0.0068359375
zero_time_control,3901,0.0048828125
zero_time_control,3902,0.0048828125
zero_time_control,3903,0.0078125
zero_time_control,3904,0.005859375
zero_time_control,3905,0.005859375
zero_time_control,3906,0.0078125
zero_time_control,3907,0.0068359375
zero_time_control,3908,0.0078125
zero_time_control,3909,0.0087890625
zero_time_control,3910,0.0029296875
zero_time_control,3911,0.0078125
zero_time_control,3912,0.0078125
zero_time_control,3913,0.0068359375
zero_time_control,3914,0.0068359375
zero_time_control,3915,0.0048828125
zero_time_control,3916,0.0068359375
zero_time_control,3917,0.0078125
zero_time_control,3918,0.0048828125
zero_time_control,3919,0.00390625
zero_time_control,3920,0.0068359375
zero_time_control,3921,0.0087890625
zero_time_control,3922,0.00390625
zero_time_control,3923,0.0029296875
zero_time_control,3924,0.0087890625
zero_time_control,3925,0.00390625
zero_time_control,3926,0.001953125
zero_time_control,3927,0.00390625
zero_time_control,3928,0.001953125
zero_time_control,3929,0.00390625
zero_time_control,3930,0.0048828125
zero_time_control,3931,0.0078125
zero_time_control,3932,0.005859375
zero_time_control,3933,0.0048828125
zero_time_control,3934,0.0048828125
zero_time_control,3935,0.00390625
zero_time_control,3936,0.005859375
zero_time_control,3937,0.0068359375
zero_time_control,3938,0.005859375
zero_time_control,3939,0.005859375
zero_time_control,3940,0.00390625
zero_time_control,3941,0.0078125
zero_time_control,3942,0.0068359375
zero_time_control,3943,0.005859375
zero_time_control,3944,0.0068359375
zero_time_control,3945,0.0048828125
zero_time_control,3946,0.0048828125
zero_time_control,3947,0.001953125
zero_time_control,3948,0.005859375
zero_time_control,3949,0.0068359375
zero_time_control,3950,0.0048828125
zero_time_control,3951,0.0009765625
zero_time_control,3952,0.00390625
zero_time_control,3953,0.009765625
zero_time_control,3954,0.0078125
zero_time_control,3955,0.0048828125
zero_time_control,3956,0.0068359375
zero_time_control,3957,0.0048828125
zero_time_control,3958,0.005859375
zero_time_control,3959,0.0029296875
zero_time_control,3960,0.00390625
zero_time_control,3961,0.005859375
zero_time_control,3962,0.0068359375
zero_time_control,3963,0.0078125
zero_time_control,3964,0.005859375
zero_time_control,3965,0.0048828125
zero_time_control,3966,0.0068359375
zero_time_control,3967,0.00390625
zero_time_control,3968,0.0029296875
zero_time_control,3969,0.0029296875
zero_time_control,3970,0.005859375
zero_time_control,3971,0.0087890625
zero_time_control,3972,0.0078125
zero_time_control,3973,0.005859375
zero_time_control,3974,0.0068359375
zero_time_control,3975,0.00390625
zero_time_control,3976,0.0087890625
zero_time_control,3977,0.00390625
zero_time_control,3978,0.0087890625
zero_time_control,3979,0.0048828125
zero_time_control,3980,0.0068359375
zero_time_control,3981,0.00390625
zero_time_control,3982,0.0048828125
zero_time_control,3983,0.0078125
zero_time_control,3984,0.00390625
zero_time_control,3985,0.001953125
zero_time_control,3986,0.0078125
zero_time_control,3987,0.00390625
zero_time_control,3988,0.0078125
zero_time_control,3989,0.00390625
zero_time_control,3990,0.0107421875
zero_time_control,3991,0.0087890625
zero_time_control,3992,0.005859375
zero_time_control,3993,0.0048828125
zero_time_control,3994,0.009765625
zero_time_control,3995,0.0048828125
zero_time_control,3996,0.005859375
zero_time_control,3997,0.0029296875
zero_time_control,3998,0.0029296875
zero_time_control,3999,0.00390625
intact_t4,0,0.03158878086784518
intact_t4,1,0.03413926285645319
intact_t4,2,0.025134876248944657
intact_t4,3,0.037538943288377424
intact_t4,4,0.027902569794852606
intact_t4,5,0.020923187501267648
intact_t4,6,0.03880675124894466
intact_t4,7,0.03436567899064477
intact_t4,8,0.055057360927776786
intact_t4,9,0.0503635072948526
intact_t4,10,0.045416272614753075
intact_t4,11,0.04872758584957643
intact_t4,12,0.03294737624894466
intact_t4,13,0.04942440206196837
intact_t4,14,0.053104235927776786
intact_t4,15,0.018136944794852606
intact_t4,16,0.017325343625375956
intact_t4,17,0.05171738785645319
intact_t4,18,0.02736774753655272
intact_t4,19,0.025137843625375956
intact_t4,20,0.05096724149064477
intact_t4,21,0.038580335114753075
intact_t4,22,0.02116717144527643
intact_t4,23,0.0320616011694769
intact_t4,24,0.04205364230366848
intact_t4,25,0.03127399753655272
intact_t4,26,0.04579789834957643
intact_t4,27,0.03804551285645319
intact_t4,28,0.04494587253655272
intact_t4,29,0.019965533107876316
intact_t4,30,0.04010051730366848
intact_t4,31,0.042362048427776786
intact_t4,32,0.0256410386707443
intact_t4,33,0.04010051730366848
intact_t4,34,0.052252210114753075
intact_t4,35,0.029731158107876316
intact_t4,36,0.03672908956196837
intact_t4,37,0.06286986092777679
intact_t4,38,0.040408923427776786
intact_t4,39,0.022145074242067894
intact_t4,40,0.04025330668086889
intact_t4,41,0.042486585114753075
intact_t4,42,0.0313623647336536
intact_t4,43,0.034674085114753075
intact_t4,44,0.03534224149064477
intact_t4,45,0.04798866558911769
intact_t4,46,0.03436567899064477
intact_t4,47,0.0515928511694769
intact_t4,48,0.033572985927776786
intact_t4,49,0.042486585114753075
intact_t4,50,0.029044093625375956
intact_t4,51,0.03326457980366848
intact_t4,52,0.03511582535645319
intact_t4,53,0.039556897614753075
intact_t4,54,0.05562363785645319
intact_t4,55,0.03706895035645319
intact_t4,56,0.05946977334957643
intact_t4,57,0.06057087253655272
intact_t4,58,0.03827192899064477
intact_t4,59,0.041510022614753075
intact_t4,60,0.028279887856453193
intact_t4,61,0.04488145035645319
intact_t4,62,0.029041126248944657
intact_t4,63,0.02736774753655272
intact_t4,64,0.03143599149064477
intact_t4,65,0.02771361092777679
intact_t4,66,0.02881471011475308
intact_t4,67,0.030832257294852606
intact_t4,68,0.0337619447948526
intact_t4,69,0.05849321084957643
intact_t4,70,0.026926007294852606
intact_t4,71,0.03717082980366848
intact_t4,72,0.022205188748944657
intact_t4,73,0.04585801285645319
intact_t4,74,0.029206087579468007
intact_t4,75,0.0691709761694769
intact_t4,76,0.042362048427776786
intact_t4,77,0.036627210114753075
intact_t4,78,0.038851630147167325
intact_t4,79,0.02948286649064477
intact_t4,80,0.0422426011707443
intact_t4,81,0.018363360929044184
intact_t4,82,0.02452228365168255
intact_t4,83,0.05367051285645319
intact_t4,84,0.0264795522336536
intact_t4,85,0.030017688748944657
intact_t4,86,0.01965712698376801
intact_t4,87,0.027152423429044184
intact_t4,88,0.01857868503655272
intact_t4,89,0.053228772614753075
intact_t4,90,0.03266084560787631
intact_t4,91,0.04315474149064477
intact_t4,92,0.048405667475353714
intact_t4,93,0.040408923427776786
intact_t4,94,0.04488145035645319
intact_t4,95,0.03631880399064477
intact_t4,96,0.031679568288377424
intact_t4,97,0.042362048427776786
intact_t4,98,0.06050645035645319
intact_t4,99,0.0188051011707443
intact_t4,100,0.026708935744276477
intact_t4,101,0.03603227334957643
intact_t4,102,0.021231593625375956
intact_t4,103,0.03729536649064477
intact_t4,104,0.033757229975353714
intact_t4,105,0.0315004136707443
intact_t4,106,0.028293947259567534
intact_t4,107,0.035941485929044184
intact_t4,108,0.03477596456196837
intact_t4,109,0.028749880788377424
intact_t4,110,0.03212602334957643
intact_t4,111,0.04413130399064477
intact_t4,112,0.048345960114753075
intact_t4,113,0.041510022614753075
intact_t4,114,0.042486585114753075
intact_t4,115,0.0408506636694769
intact_t4,116,0.02356337698376801
intact_t4,117,0.02655614636707607
intact_t4,118,0.04683457535645319
intact_t4,119,0.03420368503655272
intact_t4,120,0.037479235927776786
intact_t4,121,0.05464707535645319
intact_t4,122,0.04781113785645319
intact_t4,123,0.0496397261694769
intact_t4,124,0.03127399753655272
intact_t4,125,0.05247821910266853
intact_t4,126,0.03430556448376801
intact_t4,127,0.033697522614753075
intact_t4,128,0.03061221836784518
intact_t4,129,0.027940027061968367
intact_t4,130,0.03827192899064477
intact_t4,131,0.05855332535645319
intact_t4,132,0.05585005399064477
intact_t4,133,0.0408506636694769
intact_t4,134,0.0366916322948526
intact_t4,135,0.039556897614753075
intact_t4,136,0.039432360927776786
intact_t4,137,0.030126989827266852
intact_t4,138,0.0369444136694769
intact_t4,139,0.02541462253655272
intact_t4,140,0.053163943288377424
intact_t4,141,0.04551815206196837
intact_t4,142,0.05165727334957643
intact_t4,143,0.0344301011707443
intact_t4,144,0.04834555296847695
intact_t4,145,0.04999067899064477
intact_t4,146,0.04781113785645319
intact_t4,147,0.03999863785645319
intact_t4,148,0.03615681003655272
intact_t4,149,0.03064329842777679
intact_t4,150,0.04976426285645319
intact_t4,151,0.04482133584957643
intact_t4,152,0.03912395480366848
intact_t4,153,0.0454806947948526
intact_t4,154,0.024755810744276477
intact_t4,155,0.04706099149064477
intact_t4,156,0.044439710114753075
intact_t4,157,0.0373597886707443
intact_t4,158,0.02056926730366848
intact_t4,159,0.031619860927776786
intact_t4,160,0.03477596456196837
intact_t4,161,0.030233012856453193
intact_t4,162,0.044374880788377424
intact_t4,163,0.0318088197948526
intact_t4,164,0.011969163670744298
intact_t4,165,0.03615681003655272
intact_t4,166,0.057987048427776786
intact_t4,167,0.048507546922569006
intact_t4,168,0.0457334761694769
intact_t4,169,0.05662845304667731
intact_t4,170,0.05751664834957643
intact_t4,171,0.03322712253655272
intact_t4,172,0.06561567899064477
intact_t4,173,0.02859897886096842
intact_t4,174,0.031910699242067894
intact_t4,175,0.04063533956196837
intact_t4,176,0.03341736918086889
intact_t4,177,0.02460005399064477
intact_t4,178,0.03713337253655272
intact_t4,179,0.03918837698376801
intact_t4,180,0.037603772614753075
intact_t4,181,0.02503258965545324
intact_t4,182,0.039432360927776786
intact_t4,183,0.03619426730366848
intact_t4,184,0.04100345304667731
intact_t4,185,0.03772790215545324
intact_t4,186,0.02138383584957643
intact_t4,187,0.03490009410266853
intact_t4,188,0.04120161649064477
intact_t4,189,0.019965533107876316
intact_t4,190,0.0701475386694769
intact_t4,191,0.04133917025919109
intact_t4,192,0.034674085114753075
intact_t4,193,0.04286821084957643
intact_t4,194,0.044601296922569006
intact_t4,195,0.03511582535645319
intact_t4,196,0.0236879136707443
intact_t4,197,0.03723525198376801
intact_t4,198,0.035650647614753075
intact_t4,199,0.04047334560787631
intact_t4,200,0.06073286649064477
intact_t4,201,0.03076783511475308
intact_t4,202,0.04564268874894466
intact_t4,203,0.02100221011475308
intact_t4,204,0.041569729975353714
intact_t4,205,0.03999863785645319
intact_t4,206,0.02197877261475308
intact_t4,207,0.03218613785645319
intact_t4,208,0.024222735929044184
intact_t4,209,0.04901411649064477
intact_t4,210,0.03404806828964482
intact_t4,211,0.03615681003655272
intact_t4,212,0.04976426285645319
intact_t4,213,0.038455798427776786
intact_t4,214,0.027773318288377424
intact_t4,215,0.03827192899064477
intact_t4,216,0.021458009759567534
intact_t4,217,0.05660020035645319
intact_t4,218,0.06353801730366848
intact_t4,219,0.036502673427776786
intact_t4,220,0.03518024753655272
intact_t4,221,0.014825224413753129
intact_t4,222,0.03717082980366848
intact_t4,223,0.03924849149064477
intact_t4,224,0.03076783511475308
intact_t4,225,0.033988360929044184
intact_t4,226,0.04286821084957643
intact_t4,227,0.05150206374894466
intact_t4,228,0.05127524046847695
intact_t4,229,0.044439710114753075
intact_t4,230,0.03810993503655272
intact_t4,231,0.047244860927776786
intact_t4,232,0.041569729975353714
intact_t4,233,0.03490050124894466
intact_t4,234,0.035650647614753075
intact_t4,235,0.042486585114753075
intact_t4,236,0.04201618503655272
intact_t4,237,0.045291735927776786
intact_t4,238,0.0315004136707443
intact_t4,239,0.0305238511707443
intact_t4,240,0.05272220304667731
intact_t4,241,0.04114150198376801
intact_t4,242,0.038640042475353714
intact_t4,243,0.045291735927776786
intact_t4,244,0.035936771109545296
intact_t4,245,0.0379209761694769
intact_t4,246,0.05023897060787631
intact_t4,247,0.06781238078837742
intact_t4,248,0.03266084560787631
intact_t4,249,0.04872758584957643
intact_t4,250,0.041445193288377424
intact_t4,251,0.03631880399064477
intact_t4,252,0.030914593460191035
intact_t4,253,0.032720960114753075
intact_t4,254,0.04488145035645319
intact_t4,255,0.06050645035645319
intact_t4,256,0.02167333386707607
intact_t4,257,0.03511582535645319
intact_t4,258,0.0342920522336536
intact_t4,259,0.03212602334957643
intact_t4,260,0.025181864697893627
intact_t4,261,0.02771361092777679
intact_t4,262,0.0362451772336536
intact_t4,263,0.045291735927776786
intact_t4,264,0.021066632294852606
intact_t4,265,0.03505571084957643
intact_t4,266,0.0564756636694769
intact_t4,267,0.03729536649064477
intact_t4,268,0.05263383584957643
intact_t4,269,0.0481019761707443
intact_t4,270,0.02009941437846806
intact_t4,271,0.029855694794852606
intact_t4,272,0.04986614230366848
intact_t4,273,0.04390488785645319
intact_t4,274,0.0400575761577902
intact_t4,275,0.03017289834957643
intact_t4,276,0.04901411649064477
intact_t4,277,0.05670207980366848
intact_t4,278,0.03999863785645319
intact_t4,279,0.031053958609545296
intact_t4,280,0.03127399753655272
intact_t4,281,0.03675133965545324
intact_t4,282,0.02588502261475308
intact_t4,283,0.04878770035645319
intact_t4,284,0.0388975386694769
intact_t4,285,0.04781113785645319
intact_t4,286,0.0342920522336536
intact_t4,287,0.02490805296847695
intact_t4,288,0.034674085114753075
intact_t4,289,0.02529008584957643
intact_t4,290,0.03294737624894466
intact_t4,291,0.04932211546847695
intact_t4,292,0.05096724149064477
intact_t4,293,0.03880675124894466
intact_t4,294,0.04437959560787631
intact_t4,295,0.0441957261707443
intact_t4,296,0.02979086546847695
intact_t4,297,0.03717082980366848
intact_t4,298,0.013254132294852606
intact_t4,299,0.051151110927776786
intact_t4,300,0.03392353160266853
intact_t4,301,0.04315474149064477
intact_t4,302,0.03760336546847695
intact_t4,303,0.06050645035645319
intact_t4,304,0.0457334761694769
intact_t4,305,0.019965533107876316
intact_t4,306,0.03814739230366848
intact_t4,307,0.04791301730366848
intact_t4,308,0.04161190206196837
intact_t4,309,0.051437234422569006
intact_t4,310,0.027147708609545296
intact_t4,311,0.03631880399064477
intact_t4,312,0.05682661649064477
intact_t4,313,0.05518149046847695
intact_t4,314,0.03717082980366848
intact_t4,315,0.0379209761694769
intact_t4,316,0.041569729975353714
intact_t4,317,0.0352686147336536
intact_t4,318,0.04201618503655272
intact_t4,319,0.0369444136694769
intact_t4,320,0.03783018874894466
intact_t4,321,0.039556897614753075
intact_t4,322,0.03168428310787631
intact_t4,323,0.0428037886694769
intact_t4,324,0.03294737624894466
intact_t4,325,0.02844618948376801
intact_t4,326,0.04220643168086889
intact_t4,327,0.0603819136694769
intact_t4,328,0.02267518168086889
intact_t4,329,0.041510022614753075
intact_t4,330,0.04047334560787631
intact_t4,331,0.023614286913753127
intact_t4,332,0.06929551285645319
intact_t4,333,0.030017688748944657
intact_t4,334,0.06245957535645319
intact_t4,335,0.03505571084957643
intact_t4,336,0.04195176285645319
intact_t4,337,0.036502673427776786
intact_t4,338,0.05556352334957643
intact_t4,339,0.03168428310787631
intact_t4,340,0.039432360927776786
intact_t4,341,0.07613145035645319
intact_t4,342,0.0369444136694769
intact_t4,343,0.0594053511694769
intact_t4,344,0.05471149753655272
intact_t4,345,0.0486631636694769
intact_t4,346,0.02881430296847695
intact_t4,347,0.0441957261707443
intact_t4,348,0.04649471456196837
intact_t4,349,0.04103962253655272
intact_t4,350,0.03127399753655272
intact_t4,351,0.0398741011694769
intact_t4,352,0.0437803511694769
intact_t4,353,0.03045942899064477
intact_t4,354,0.024158313748944657
intact_t4,355,0.03827192899064477
intact_t4,356,0.03999863785645319
intact_t4,357,0.032656130788377424
intact_t4,358,0.04510786649064477
intact_t4,359,0.03461397060787631
intact_t4,360,0.039432360927776786
intact_t4,361,0.0405978822948526
intact_t4,362,0.04475057196500939
intact_t4,363,0.021288333609545296
intact_t4,364,0.027303325356453193
intact_t4,365,0.05377239230366848
intact_t4,366,0.03534224149064477
intact_t4,367,0.0428037886694769
intact_t4,368,0.035812234422569006
intact_t4,369,0.02100221011475308
intact_t4,370,0.033697522614753075
intact_t4,371,0.048281130788377424
intact_t4,372,0.03821181448376801
intact_t4,373,0.056093630788377424
intact_t4,374,0.05487349149064477
intact_t4,375,0.04315474149064477
intact_t4,376,0.034609255788377424
intact_t4,377,0.04454158956196837
intact_t4,378,0.03174399046847695
intact_t4,379,0.05194380399064477
intact_t4,380,0.046678958609545296
intact_t4,381,0.0354066636707443
intact_t4,382,0.03197081374894466
intact_t4,383,0.035650647614753075
intact_t4,384,0.039556897614753075
intact_t4,385,0.02069380399064477
intact_t4,386,0.04195176285645319
intact_t4,387,0.03656709560787631
intact_t4,388,0.029473661913753127
intact_t4,389,0.033632693288377424
intact_t4,390,0.0408506636694769
intact_t4,391,0.049197985927776786
intact_t4,392,0.03559053310787631
intact_t4,393,0.034840386742067894
intact_t4,394,0.05464707535645319
intact_t4,395,0.03382165215545324
intact_t4,396,0.020191949242067894
intact_t4,397,0.0359678511694769
intact_t4,398,0.02783814761475308
intact_t4,399,0.035650647614753075
intact_t4,400,0.016059283107876316
intact_t4,401,0.031619860927776786
intact_t4,402,0.0386447572948526
intact_t4,403,0.05670207980366848
intact_t4,404,0.04781113785645319
intact_t4,405,0.04016493948376801
intact_t4,406,0.0315004136707443
intact_t4,407,0.03924849149064477
intact_t4,408,0.04982868503655272
intact_t4,409,0.0207582261707443
intact_t4,410,0.05565189054667731
intact_t4,411,0.03814739230366848
intact_t4,412,0.04390488785645319
intact_t4,413,0.024972882294852606
intact_t4,414,0.05165727334957643
intact_t4,415,0.04633272060787631
intact_t4,416,0.0405978822948526
intact_t4,417,0.0432191636707443
intact_t4,418,0.03706895035645319
intact_t4,419,0.0393129136707443
intact_t4,420,0.056033923427776786
intact_t4,421,0.04356502706196837
intact_t4,422,0.02557661649064477
intact_t4,423,0.059088147614753075
intact_t4,424,0.05458696084957643
intact_t4,425,0.02966673592777679
intact_t4,426,0.028064563748944657
intact_t4,427,0.04437959560787631
intact_t4,428,0.05373493503655272
intact_t4,429,0.027027886742067894
intact_t4,430,0.02150837253655272
intact_t4,431,0.0437803511694769
intact_t4,432,0.05855332535645319
intact_t4,433,0.06158489230366848
intact_t4,434,0.03893088078964482
intact_t4,435,0.04706099149064477
intact_t4,436,0.029041126248944657
intact_t4,437,0.039616604975353714
intact_t4,438,0.0188051011707443
intact_t4,439,0.050465386742067894
intact_t4,440,0.023019757294852606
intact_t4,441,0.05865520480366848
intact_t4,442,0.016183819794852606
intact_t4,443,0.01722008965545324
intact_t4,444,0.04488145035645319
intact_t4,445,0.04010051730366848
intact_t4,446,0.04595989230366848
intact_t4,447,0.039432360927776786
intact_t4,448,0.04759581374894466
intact_t4,449,0.04706099149064477
intact_t4,450,0.047535699242067894
intact_t4,451,0.045563030960191035
intact_t4,452,0.03127399753655272
intact_t4,453,0.05178181003655272
intact_t4,454,0.03814739230366848
intact_t4,455,0.0354066636707443
intact_t4,456,0.0372217397336536
intact_t4,457,0.04993056448376801
intact_t4,458,0.05377239230366848
intact_t4,459,0.03338911649064477
intact_t4,460,0.02167036649064477
intact_t4,461,0.04791301730366848
intact_t4,462,0.0467100386694769
intact_t4,463,0.03798539834957643
intact_t4,464,0.03143599149064477
intact_t4,465,0.04602431448376801
intact_t4,466,0.02639118503655272
intact_t4,467,0.0564756636694769
intact_t4,468,0.022895220607876316
intact_t4,469,0.054080798427776786
intact_t4,470,0.03770565206196837
intact_t4,471,0.028981011742067894
intact_t4,472,0.02686158511475308
intact_t4,473,0.033572985927776786
intact_t4,474,0.06366255399064477
intact_t4,475,0.03609238785645319
intact_t4,476,0.04120161649064477
intact_t4,477,0.017197839561968367
intact_t4,478,0.03064329842777679
intact_t4,479,0.030929421922569006
intact_t4,480,0.03795431828964482
intact_t4,481,0.04315474149064477
intact_t4,482,0.02405602715545324
intact_t4,483,0.028004449242067894
intact_t4,484,0.042486585114753075
intact_t4,485,0.04271300124894466
intact_t4,486,0.0432191636707443
intact_t4,487,0.0347385072948526
intact_t4,488,0.03197081374894466
intact_t4,489,0.04828584560787631
intact_t4,490,0.033697522614753075
intact_t4,491,0.03076783511475308
intact_t4,492,0.03142678691375313
intact_t4,493,0.011236585114753079
intact_t4,494,0.03379940206196837
intact_t4,495,0.04901411649064477
intact_t4,496,0.037538943288377424
intact_t4,497,0.05194380399064477
intact_t4,498,0.033176759759567534
intact_t4,499,0.047369397614753075
intact_t4,500,0.04999067899064477
intact_t4,501,0.05068071084957643
intact_t4,502,0.03379940206196837
intact_t4,503,0.03965877706196837
intact_t4,504,0.056444583609545296
intact_t4,505,0.040533460114753075
intact_t4,506,0.029731158107876316
intact_t4,507,0.01971724149064477
intact_t4,508,0.031744397614753075
intact_t4,509,0.03603227334957643
intact_t4,510,0.0347385072948526
intact_t4,511,0.0236879136707443
intact_t4,512,0.04161190206196837
intact_t4,513,0.052252210114753075
intact_t4,514,0.03924849149064477
intact_t4,515,0.04602431448376801
intact_t4,516,0.0373597886707443
intact_t4,517,0.032030521109545296
intact_t4,518,0.030017688748944657
intact_t4,519,0.03603227334957643
intact_t4,520,0.04006306003655272
intact_t4,521,0.050174548427776786
intact_t4,522,0.04579789834957643
intact_t4,523,0.02991540215545324
intact_t4,524,0.03143599149064477
intact_t4,525,0.048221423427776786
intact_t4,526,0.03089196465545324
intact_t4,527,0.04286821084957643
intact_t4,528,0.02746962698376801
intact_t4,529,0.03064329842777679
intact_t4,530,0.04103962253655272
intact_t4,531,0.035526110927776786
intact_t4,532,0.050174548427776786
intact_t4,533,0.03123782804667731
intact_t4,534,0.02490805296847695
intact_t4,535,0.0349912886694769
intact_t4,536,0.04173643874894466
intact_t4,537,0.02752974149064477
intact_t4,538,0.0623350386694769
intact_t4,539,0.029256450356453193
intact_t4,540,0.023763561956193512
intact_t4,541,0.03534224149064477
intact_t4,542,0.03615681003655272
intact_t4,543,0.02881471011475308
intact_t4,544,0.05367051285645319
intact_t4,545,0.050299085114753075
intact_t4,546,0.033011798429044184
intact_t4,547,0.03706895035645319
intact_t4,548,0.027685498244276477
intact_t4,549,0.04689899753655272
intact_t4,550,0.027902569794852606
intact_t4,551,0.03625868948376801
intact_t4,552,0.0457334761694769
intact_t4,553,0.036502673427776786
intact_t4,554,0.041445193288377424
intact_t4,555,0.04488145035645319
intact_t4,556,0.04749352715545324
intact_t4,557,0.036793511742067894
intact_t4,558,0.0333154897336536
intact_t4,559,0.04211806448376801
intact_t4,560,0.0366916322948526
intact_t4,561,0.04189164834957643
intact_t4,562,0.07574941747535371
intact_t4,563,0.03631880399064477
intact_t4,564,0.027088001248944657
intact_t4,565,0.04970414834957643
intact_t4,566,0.031744397614753075
intact_t4,567,0.05029867796847695
intact_t4,568,0.028981011742067894
intact_t4,569,0.05562363785645319
intact_t4,570,0.0388975386694769
intact_t4,571,0.025986902061968367
intact_t4,572,0.05023897060787631
intact_t4,573,0.034840386742067894
intact_t4,574,0.05865520480366848
intact_t4,575,0.017322376248944657
intact_t4,576,0.025134876248944657
intact_t4,577,0.05316865810787631
intact_t4,578,0.038059572259567534
intact_t4,579,0.031078696965009388
intact_t4,580,0.03439393168086889
intact_t4,581,0.0447569136694769
intact_t4,582,0.0295472886707443
intact_t4,583,0.026963464561968367
intact_t4,584,0.044586468460191035
intact_t4,585,0.03713337253655272
intact_t4,586,0.03619426730366848
intact_t4,587,0.043463147614753075
intact_t4,588,0.024263160572591244
intact_t4,589,0.059940173427776786
intact_t4,590,0.023184718625375956
intact_t4,591,0.03225056003655272
intact_t4,592,0.028754595607876316
intact_t4,593,0.05068071084957643
intact_t4,594,0.04006306003655272
intact_t4,595,0.03039931448376801
intact_t4,596,0.028919556938399666
intact_t4,597,0.03918837698376801
intact_t4,598,0.04195176285645319
intact_t4,599,0.03143599149064477
intact_t4,600,0.0352686147336536
intact_t4,601,0.024387697259567534
intact_t4,602,0.03685362624894466
intact_t4,603,0.020684599413753127
intact_t4,604,0.05263383584957643
intact_t4,605,0.016183819794852606
intact_t4,606,0.051441949242067894
intact_t4,607,0.037603772614753075
intact_t4,608,0.026216285572591244
intact_t4,609,0.031619860927776786
intact_t4,610,0.030994251248944657
intact_t4,611,0.04551815206196837
intact_t4,612,0.03713337253655272
intact_t4,613,0.03322712253655272
intact_t4,614,0.04006306003655272
intact_t4,615,0.041676324242067894
intact_t4,616,0.02834431003655272
intact_t4,617,0.036502673427776786
intact_t4,618,0.03294737624894466
intact_t4,619,0.026111438748944657
intact_t4,620,0.0366916322948526
intact_t4,621,0.03218613785645319
intact_t4,622,0.05562363785645319
intact_t4,623,0.039556897614753075
intact_t4,624,0.06728227334957643
intact_t4,625,0.02069380399064477
intact_t4,626,0.05096724149064477
intact_t4,627,0.03310258584957643
intact_t4,628,0.028874417475353714
intact_t4,629,0.04872758584957643
intact_t4,630,0.040989259759567534
intact_t4,631,0.04488145035645319
intact_t4,632,0.027027886742067894
intact_t4,633,0.0379209761694769
intact_t4,634,0.05767864230366848
intact_t4,635,0.04295657804667731
intact_t4,636,0.03852022060787631
intact_t4,637,0.03908649753655272
intact_t4,638,0.03783018874894466
intact_t4,639,0.02588502261475308
intact_t4,640,0.044315173427776786
intact_t4,641,0.03436567899064477
intact_t4,642,0.03656709560787631
intact_t4,643,0.04494587253655272
intact_t4,644,0.0285707261707443
intact_t4,645,0.04520054136096842
intact_t4,646,0.03965877706196837
intact_t4,647,0.04791301730366848
intact_t4,648,0.03511582535645319
intact_t4,649,0.031744397614753075
intact_t4,650,0.03218613785645319
intact_t4,651,0.02948286649064477
intact_t4,652,0.0354066636707443
intact_t4,653,0.04498332980366848
intact_t4,654,0.0386447572948526
intact_t4,655,0.04689899753655272
intact_t4,656,0.023181751248944657
intact_t4,657,0.03713337253655272
intact_t4,658,0.044439710114753075
intact_t4,659,0.039616604975353714
intact_t4,660,0.04195176285645319
intact_t4,661,0.03076783511475308
intact_t4,662,0.04390488785645319
intact_t4,663,0.023996319794852606
intact_t4,664,0.0373597886707443
intact_t4,665,0.03039931448376801
intact_t4,666,0.02295533511475308
intact_t4,667,0.04114150198376801
intact_t4,668,0.050299085114753075
intact_t4,669,0.025239723072591244
intact_t4,670,0.034549548427776786
intact_t4,671,0.043463147614753075
intact_t4,672,0.03656709560787631
intact_t4,673,0.031744397614753075
intact_t4,674,0.03609238785645319
intact_t4,675,0.0588441636707443
intact_t4,676,0.0344301011707443
intact_t4,677,0.03322712253655272
intact_t4,678,0.03918837698376801
intact_t4,679,0.049197985927776786
intact_t4,680,0.02100221011475308
intact_t4,681,0.028128985929044184
intact_t4,682,0.02821977334957643
intact_t4,683,0.04775102334957643
intact_t4,684,0.05074082535645319
intact_t4,685,0.03436567899064477
intact_t4,686,0.03316270035645319
intact_t4,687,0.021228219102668533
intact_t4,688,0.053390359422569006
intact_t4,689,0.04400676730366848
intact_t4,690,0.03413926285645319
intact_t4,691,0.025824908107876316
intact_t4,692,0.02830814054667731
intact_t4,693,0.03902207535645319
intact_t4,694,0.029893152061968367
intact_t4,695,0.05137752706196837
intact_t4,696,0.030017688748944657
intact_t4,697,0.05171738785645319
intact_t4,698,0.02283079842777679
intact_t4,699,0.049484109422569006
intact_t4,700,0.0294092397336536
intact_t4,701,0.04195176285645319
intact_t4,702,0.050299085114753075
intact_t4,703,0.041510022614753075
intact_t4,704,0.0344301011707443
intact_t4,705,0.02768253086784518
intact_t4,706,0.0315004136707443
intact_t4,707,0.03949678310787631
intact_t4,708,0.03868221456196837
intact_t4,709,0.045475979975353714
intact_t4,710,0.045291735927776786
intact_t4,711,0.07330364230366848
intact_t4,712,0.03949678310787631
intact_t4,713,0.03656709560787631
intact_t4,714,0.03827192899064477
intact_t4,715,0.02529008584957643
intact_t4,716,0.0398741011694769
intact_t4,717,0.03896196084957643
intact_t4,718,0.043463147614753075
intact_t4,719,0.03534224149064477
intact_t4,720,0.05757676285645319
intact_t4,721,0.038580335114753075
intact_t4,722,0.04579789834957643
intact_t4,723,0.02948286649064477
intact_t4,724,0.04010051730366848
intact_t4,725,0.03029743503655272
intact_t4,726,0.04010051730366848
intact_t4,727,0.03284508965545324
intact_t4,728,0.031118380789644823
intact_t4,729,0.044315173427776786
intact_t4,730,0.0613584761694769
intact_t4,731,0.03521770480366848
intact_t4,732,0.03993852334957643
intact_t4,733,0.03039931448376801
intact_t4,734,0.02698571465545324
intact_t4,735,0.022876312501267648
intact_t4,736,0.04211806448376801
intact_t4,737,0.04189164834957643
intact_t4,738,0.042486585114753075
intact_t4,739,0.0320616011694769
intact_t4,740,0.047369397614753075
intact_t4,741,0.05660020035645319
intact_t4,742,0.03310258584957643
intact_t4,743,0.03609238785645319
intact_t4,744,0.03587706374894466
intact_t4,745,0.06044633584957643
intact_t4,746,0.0393129136707443
intact_t4,747,0.03924849149064477
intact_t4,748,0.04781113785645319
intact_t4,749,0.04888957980366848
intact_t4,750,0.05389692899064477
intact_t4,751,0.04120161649064477
intact_t4,752,0.03326457980366848
intact_t4,753,0.04585801285645319
intact_t4,754,0.02393189761475308
intact_t4,755,0.035650647614753075
intact_t4,756,0.012872099413753129
intact_t4,757,0.04368956374894466
intact_t4,758,0.030934136742067894
intact_t4,759,0.03048768168086889
intact_t4,760,0.03322712253655272
intact_t4,761,0.038455798427776786
intact_t4,762,0.052418511742067894
intact_t4,763,0.047369397614753075
intact_t4,764,0.0246644761707443
intact_t4,765,0.03517179628135891
intact_t4,766,0.04211806448376801
intact_t4,767,0.023181751248944657
intact_t4,768,0.03413926285645319
intact_t4,769,0.038866458609545296
intact_t4,770,0.07049849149064477
intact_t4,771,0.038746636742067894
intact_t4,772,0.026801470607876316
intact_t4,773,0.0275941636707443
intact_t4,774,0.0369444136694769
intact_t4,775,0.03114946084957643
intact_t4,776,0.03158878086784518
intact_t4,777,0.01756595304667731
intact_t4,778,0.0168519761707443
intact_t4,779,0.03821181448376801
intact_t4,780,0.03810993503655272
intact_t4,781,0.04120161649064477
intact_t4,782,0.028662060744276477
intact_t4,783,0.02942275198376801
intact_t4,784,0.02673704842777679
intact_t4,785,0.04292832535645319
intact_t4,786,0.04749352715545324
intact_t4,787,0.036793511742067894
intact_t4,788,0.03732361918086889
intact_t4,789,0.04783939054667731
intact_t4,790,0.036913333609545296
intact_t4,791,0.024158313748944657
intact_t4,792,0.03137587698376801
intact_t4,793,0.0366916322948526
intact_t4,794,0.03902207535645319
intact_t4,795,0.01883335386096842
intact_t4,796,0.030869714561968367
intact_t4,797,0.02551650198376801
intact_t4,798,0.03363740810787631
intact_t4,799,0.0421045522336536
intact_t4,800,0.04885212253655272
intact_t4,801,0.0225733022336536
intact_t4,802,0.0363832261707443
intact_t4,803,0.018363360929044184
intact_t4,804,0.04097520035645319
intact_t4,805,0.06517353160266853
intact_t4,806,0.0305238511707443
intact_t4,807,0.043338610927776786
intact_t4,808,0.02746962698376801
intact_t4,809,0.036627210114753075
intact_t4,810,0.0379209761694769
intact_t4,811,0.05377239230366848
intact_t4,812,0.0256410386707443
intact_t4,813,0.03902207535645319
intact_t4,814,0.035526110927776786
intact_t4,815,0.05068071084957643
intact_t4,816,0.01857868503655272
intact_t4,817,0.033632693288377424
intact_t4,818,0.04775102334957643
intact_t4,819,0.03902207535645319
intact_t4,820,0.03137587698376801
intact_t4,821,0.040593167475353714
intact_t4,822,0.05587830668086889
intact_t4,823,0.0340147261694769
intact_t4,824,0.05171738785645319
intact_t4,825,0.03436567899064477
intact_t4,826,0.055181897614753075
intact_t4,827,0.04016493948376801
intact_t4,828,0.0359678511694769
intact_t4,829,0.03326457980366848
intact_t4,830,0.029722706852682503
intact_t4,831,0.028064563748944657
intact_t4,832,0.03814739230366848
intact_t4,833,0.03999863785645319
intact_t4,834,0.055181897614753075
intact_t4,835,0.04195176285645319
intact_t4,836,0.027317384759567534
intact_t4,837,0.03609238785645319
intact_t4,838,0.04063533956196837
intact_t4,839,0.025134876248944657
intact_t4,840,0.046268298427776786
intact_t4,841,0.044315173427776786
intact_t4,842,0.04942440206196837
intact_t4,843,0.03064329842777679
intact_t4,844,0.03490050124894466
intact_t4,845,0.04700087698376801
intact_t4,846,0.02893883965545324
intact_t4,847,0.033572985927776786
intact_t4,848,0.05474895480366848
intact_t4,849,0.03880675124894466
intact_t4,850,0.051335354975353714
intact_t4,851,0.030325687726776837
intact_t4,852,0.0496397261694769
intact_t4,853,0.043629449242067894
intact_t4,854,0.04114150198376801
intact_t4,855,0.02279971836784518
intact_t4,856,0.03880675124894466
intact_t4,857,0.02869017342777679
intact_t4,858,0.03241255399064477
intact_t4,859,0.04878770035645319
intact_t4,860,0.03902207535645319
intact_t4,861,0.043398318288377424
intact_t4,862,0.040533460114753075
intact_t4,863,0.057010485927776786
intact_t4,864,0.046268298427776786
intact_t4,865,0.03436567899064477
intact_t4,866,0.036627210114753075
intact_t4,867,0.023871783107876316
intact_t4,868,0.04976426285645319
intact_t4,869,0.04292832535645319
intact_t4,870,0.03868221456196837
intact_t4,871,0.029893152061968367
intact_t4,872,0.05377239230366848
intact_t4,873,0.03184627706196837
intact_t4,874,0.029850979975353714
intact_t4,875,0.026926007294852606
intact_t4,876,0.04107707980366848
intact_t4,877,0.03511582535645319
intact_t4,878,0.05074082535645319
intact_t4,879,0.02069380399064477
intact_t4,880,0.02490846011475308
intact_t4,881,0.02333696084957643
intact_t4,882,0.05074082535645319
intact_t4,883,0.04075987624894466
intact_t4,884,0.02834431003655272
intact_t4,885,0.049322522614753075
intact_t4,886,0.0412660386707443
intact_t4,887,0.05171738785645319
intact_t4,888,0.05294861918086889
intact_t4,889,0.03993852334957643
intact_t4,890,0.024158313748944657
intact_t4,891,0.029957574242067894
intact_t4,892,0.03656709560787631
intact_t4,893,0.05367051285645319
intact_t4,894,0.03528212698376801
intact_t4,895,0.03332900198376801
intact_t4,896,0.0256410386707443
intact_t4,897,0.04677446084957643
intact_t4,898,0.0188051011707443
intact_t4,899,0.046268298427776786
intact_t4,900,0.03924849149064477
intact_t4,901,0.02053181003655272
intact_t4,902,0.027902569794852606
intact_t4,903,0.02768253086784518
intact_t4,904,0.03685362624894466
intact_t4,905,0.04585801285645319
intact_t4,906,0.0320616011694769
intact_t4,907,0.028879132294852606
intact_t4,908,0.049257693288377424
intact_t4,909,0.019108792475353714
intact_t4,910,0.03127399753655272
intact_t4,911,0.03029743503655272
intact_t4,912,0.015207257294852606
intact_t4,913,0.044439710114753075
intact_t4,914,0.03131145480366848
intact_t4,915,0.03413926285645319
intact_t4,916,0.03284508965545324
intact_t4,917,0.05171738785645319
intact_t4,918,0.058111585114753075
intact_t4,919,0.04195176285645319
intact_t4,920,0.028976296922569006
intact_t4,921,0.04510786649064477
intact_t4,922,0.0393129136707443
intact_t4,923,0.0337619447948526
intact_t4,924,0.03912395480366848
intact_t4,925,0.049382229975353714
intact_t4,926,0.031103552327266852
intact_t4,927,0.04173643874894466
intact_t4,928,0.03209494328964482
intact_t4,929,0.04022505399064477
intact_t4,930,0.04271300124894466
intact_t4,931,0.02649306448376801
intact_t4,932,0.03284508965545324
intact_t4,933,0.05757676285645319
intact_t4,934,0.0447569136694769
intact_t4,935,0.03279472687846806
intact_t4,936,0.01680097821849092
intact_t4,937,0.03076783511475308
intact_t4,938,0.031910699242067894
intact_t4,939,0.04683457535645319
intact_t4,940,0.0327853822948526
intact_t4,941,0.036627210114753075
intact_t4,942,0.05660020035645319
intact_t4,943,0.03978331374894466
intact_t4,944,0.024972882294852606
intact_t4,945,0.0408506636694769
intact_t4,946,0.02673704842777679
intact_t4,947,0.04103962253655272
intact_t4,948,0.0379209761694769
intact_t4,949,0.02948286649064477
intact_t4,950,0.03017289834957643
intact_t4,951,0.0357150697948526
intact_t4,952,0.03294737624894466
intact_t4,953,0.050358792475353714
intact_t4,954,0.03675133965545324
intact_t4,955,0.03197081374894466
intact_t4,956,0.03436567899064477
intact_t4,957,0.06369080668086889
intact_t4,958,0.03490346862537595
intact_t4,959,0.0398741011694769
intact_t4,960,0.03316270035645319
intact_t4,961,0.02295533511475308
intact_t4,962,0.030997218625375956
intact_t4,963,0.02460005399064477
intact_t4,964,0.045291735927776786
intact_t4,965,0.02541462253655272
intact_t4,966,0.0393129136707443
intact_t4,967,0.03615681003655272
intact_t4,968,0.050358792475353714
intact_t4,969,0.0373597886707443
intact_t4,970,0.027147708609545296
intact_t4,971,0.027023171922569006
intact_t4,972,0.04292832535645319
intact_t4,973,0.039556897614753075
intact_t4,974,0.05040096456196837
intact_t4,975,0.037889896109545296
intact_t4,976,0.03316270035645319
intact_t4,977,0.03326457980366848
intact_t4,978,0.031619860927776786
intact_t4,979,0.0396213197948526
intact_t4,980,0.035812234422569006
intact_t4,981,0.036502673427776786
intact_t4,982,0.04100345304667731
intact_t4,983,0.042546292475353714
intact_t4,984,0.028279887856453193
intact_t4,985,0.041385485927776786
intact_t4,986,0.05367051285645319
intact_t4,987,0.042362048427776786
intact_t4,988,0.04551815206196837
intact_t4,989,0.026326762856453193
intact_t4,990,0.04315474149064477
intact_t4,991,0.03518024753655272
intact_t4,992,0.07068236092777679
intact_t4,993,0.03137587698376801
intact_t4,994,0.05194380399064477
intact_t4,995,0.03706895035645319
intact_t4,996,0.03338911649064477
intact_t4,997,0.050570380147167325
intact_t4,998,0.04271300124894466
intact_t4,999,0.03212602334957643
intact_t4,1000,0.031619860927776786
intact_t4,1001,0.031209575356453193
intact_t4,1002,0.025949444794852606
intact_t4,1003,0.027778033107876316
intact_t4,1004,0.027367747536552717
intact_t4,1005,0.034840386742067894
intact_t4,1006,0.030869714561968367
intact_t4,1007,0.03804551285645319
intact_t4,1008,0.041796146109545296
intact_t4,1009,0.030233012856453193
intact_t4,1010,0.03804551285645319
intact_t4,1011,0.04781113785645319
intact_t4,1012,0.042362048427776786
intact_t4,1013,0.021066632294852606
intact_t4,1014,0.02197877261475308
intact_t4,1015,0.0246644761707443
intact_t4,1016,0.04791301730366848
intact_t4,1017,0.03241255399064477
intact_t4,1018,0.03880675124894466
intact_t4,1019,0.02639118503655272
intact_t4,1020,0.0515928511694769
intact_t4,1021,0.04053305296847695
intact_t4,1022,0.03993852334957643
intact_t4,1023,0.03880634410266853
intact_t4,1024,0.0396213197948526
intact_t4,1025,0.0401514272336536
intact_t4,1026,0.035526110927776786
intact_t4,1027,0.04189164834957643
intact_t4,1028,0.02746962698376801
intact_t4,1029,0.02469272886096842
intact_t4,1030,0.03729536649064477
intact_t4,1031,0.03999863785645319
intact_t4,1032,0.03420368503655272
intact_t4,1033,0.04302100022677684
intact_t4,1034,0.03424114230366848
intact_t4,1035,0.03924849149064477
intact_t4,1036,0.0418272261694769
intact_t4,1037,0.03706895035645319
intact_t4,1038,0.05269395035645319
intact_t4,1039,0.03534224149064477
intact_t4,1040,0.030707720607876316
intact_t4,1041,0.03713337253655272
intact_t4,1042,0.038455798427776786
intact_t4,1043,0.02393189761475308
intact_t4,1044,0.023121636742067894
intact_t4,1045,0.03852022060787631
intact_t4,1046,0.04390488785645319
intact_t4,1047,0.036502673427776786
intact_t4,1048,0.03852022060787631
intact_t4,1049,0.050465386742067894
intact_t4,1050,0.03168428310787631
intact_t4,1051,0.030994251248944657
intact_t4,1052,0.012213147614753079
intact_t4,1053,0.03266084560787631
intact_t4,1054,0.045702396109545296
intact_t4,1055,0.026326762856453193
intact_t4,1056,0.032720960114753075
intact_t4,1057,0.05096724149064477
intact_t4,1058,0.0379209761694769
intact_t4,1059,0.060916735927776786
intact_t4,1060,0.04693645480366848
intact_t4,1061,0.03729536649064477
intact_t4,1062,0.05487349149064477
intact_t4,1063,0.049322522614753075
intact_t4,1064,0.03729536649064477
intact_t4,1065,0.014774314483768008
intact_t4,1066,0.05269395035645319
intact_t4,1067,0.03520850022677684
intact_t4,1068,0.043463147614753075
intact_t4,1069,0.02693535187846806
intact_t4,1070,0.036627210114753075
intact_t4,1071,0.0486631636694769
intact_t4,1072,0.04976426285645319
intact_t4,1073,0.032030521109545296
intact_t4,1074,0.0327853822948526
intact_t4,1075,0.019113507294852606
intact_t4,1076,0.0347385072948526
intact_t4,1077,0.04002689054667731
intact_t4,1078,0.03810993503655272
intact_t4,1079,0.0349912886694769
intact_t4,1080,0.030869714561968367
intact_t4,1081,0.04608442899064477
intact_t4,1082,0.0352686147336536
intact_t4,1083,0.036627210114753075
intact_t4,1084,0.029731158107876316
intact_t4,1085,0.04585801285645319
intact_t4,1086,0.02966673592777679
intact_t4,1087,0.038640042475353714
intact_t4,1088,0.02991540215545324
intact_t4,1089,0.04368956374894466
intact_t4,1090,0.0496397261694769
intact_t4,1091,0.05660020035645319
intact_t4,1092,0.03518024753655272
intact_t4,1093,0.044439710114753075
intact_t4,1094,0.02677039054794471
intact_t4,1095,0.05481337698376801
intact_t4,1096,0.05333065206196837
intact_t4,1097,0.02844618948376801
intact_t4,1098,0.04413130399064477
intact_t4,1099,0.03294737624894466
intact_t4,1100,0.029957574242067894
intact_t4,1101,0.02503258965545324
intact_t4,1102,0.045416272614753075
intact_t4,1103,0.0236879136707443
intact_t4,1104,0.03212602334957643
intact_t4,1105,0.0474338197948526
intact_t4,1106,0.059249734422569006
intact_t4,1107,0.04242647060787631
intact_t4,1108,0.031619860927776786
intact_t4,1109,0.03477596456196837
intact_t4,1110,0.021899750001267648
intact_t4,1111,0.03518024753655272
intact_t4,1112,0.0295472886707443
intact_t4,1113,0.03416751554667731
intact_t4,1114,0.05562363785645319
intact_t4,1115,0.043338610927776786
intact_t4,1116,0.04396931003655272
intact_t4,1117,0.04677446084957643
intact_t4,1118,0.030993844102668533
intact_t4,1119,0.0227113511707443
intact_t4,1120,0.0447569136694769
intact_t4,1121,0.03713337253655272
intact_t4,1122,0.04803755399064477
intact_t4,1123,0.047244860927776786
intact_t4,1124,0.06343613785645319
intact_t4,1125,0.030869714561968367
intact_t4,1126,0.03902207535645319
intact_t4,1127,0.04340303310787631
intact_t4,1128,0.022038479975353714
intact_t4,1129,0.019960049229113798
intact_t4,1130,0.06158489230366848
intact_t4,1131,0.03772790215545324
intact_t4,1132,0.021066632294852606
intact_t4,1133,0.04400676730366848
intact_t4,1134,0.03631880399064477
intact_t4,1135,0.05279582980366848
intact_t4,1136,0.039556897614753075
intact_t4,1137,0.05959431003655272
intact_t4,1138,0.04797743948376801
intact_t4,1139,0.04303020480366848
intact_t4,1140,0.02626664834957643
intact_t4,1141,0.0467100386694769
intact_t4,1142,0.036502673427776786
intact_t4,1143,0.03158878086784518
intact_t4,1144,0.04315474149064477
intact_t4,1145,0.0486631636694769
intact_t4,1146,0.03076742796847695
intact_t4,1147,0.04144990810787631
intact_t4,1148,0.04942440206196837
intact_t4,1149,0.03999863785645319
intact_t4,1150,0.038455798427776786
intact_t4,1151,0.0437803511694769
intact_t4,1152,0.05096724149064477
intact_t4,1153,0.0428037886694769
intact_t4,1154,0.031744397614753075
intact_t4,1155,0.044315173427776786
intact_t4,1156,0.051210818288377424
intact_t4,1157,0.04844783956196837
intact_t4,1158,0.04144990810787631
intact_t4,1159,0.06073286649064477
intact_t4,1160,0.0245264272336536
intact_t4,1161,0.04844783956196837
intact_t4,1162,0.0525694136694769
intact_t4,1163,0.04579789834957643
intact_t4,1164,0.04585801285645319
intact_t4,1165,0.04407118948376801
intact_t4,1166,0.06532914834957643
intact_t4,1167,0.05562363785645319
intact_t4,1168,0.020090069794852606
intact_t4,1169,0.03168428310787631
intact_t4,1170,0.037603772614753075
intact_t4,1171,0.02551650198376801
intact_t4,1172,0.02919633584957643
intact_t4,1173,0.0334535386707443
intact_t4,1174,0.027778033107876316
intact_t4,1175,0.0525694136694769
intact_t4,1176,0.03713337253655272
intact_t4,1177,0.02393189761475308
intact_t4,1178,0.033572985927776786
intact_t4,1179,0.0535459761694769
intact_t4,1180,0.03436567899064477
intact_t4,1181,0.04120161649064477
intact_t4,1182,0.03326457980366848
intact_t4,1183,0.03436567899064477
intact_t4,1184,0.0388975386694769
intact_t4,1185,0.017446505789644823
intact_t4,1186,0.0412660386707443
intact_t4,1187,0.04466612624894466
intact_t4,1188,0.03700883584957643
intact_t4,1189,0.030233012856453193
intact_t4,1190,0.03436567899064477
intact_t4,1191,0.0323389272336536
intact_t4,1192,0.026926007294852606
intact_t4,1193,0.04976426285645319
intact_t4,1194,0.03319095304667731
intact_t4,1195,0.031053958609545296
intact_t4,1196,0.051151110927776786
intact_t4,1197,0.03266084560787631
intact_t4,1198,0.0337619447948526
intact_t4,1199,0.03225056003655272
intact_t4,1200,0.0525694136694769
intact_t4,1201,0.04258846456196837
intact_t4,1202,0.03609238785645319
intact_t4,1203,0.015506805017490972
intact_t4,1204,0.02724321084957643
intact_t4,1205,0.019946625001267648
intact_t4,1206,0.046268298427776786
intact_t4,1207,0.03706895035645319
intact_t4,1208,0.027940027061968367
intact_t4,1209,0.02893883965545324
intact_t4,1210,0.05855332535645319
intact_t4,1211,0.04195176285645319
intact_t4,1212,0.053228772614753075
intact_t4,1213,0.021228626248944657
intact_t4,1214,0.04091508584957643
intact_t4,1215,0.05292036649064477
intact_t4,1216,0.04390488785645319
intact_t4,1217,0.04488145035645319
intact_t4,1218,0.02642864230366848
intact_t4,1219,0.01904908511475308
intact_t4,1220,0.05676650198376801
intact_t4,1221,0.021288333609545296
intact_t4,1222,0.02566929136096842
intact_t4,1223,0.036627210114753075
intact_t4,1224,0.03804551285645319
intact_t4,1225,0.04097520035645319
intact_t4,1226,0.03319095304667731
intact_t4,1227,0.0369444136694769
intact_t4,1228,0.04286821084957643
intact_t4,1229,0.023397075356453193
intact_t4,1230,0.044439710114753075
intact_t4,1231,0.0460108022336536
intact_t4,1232,0.05467532804667731
intact_t4,1233,0.03225056003655272
intact_t4,1234,0.027088001248944657
intact_t4,1235,0.03905032804667731
intact_t4,1236,0.032656130788377424
intact_t4,1237,0.02893883965545324
intact_t4,1238,0.03912395480366848
intact_t4,1239,0.04595989230366848
intact_t4,1240,0.029105548429044184
intact_t4,1241,0.03241255399064477
intact_t4,1242,0.03424114230366848
intact_t4,1243,0.026782562501267648
intact_t4,1244,0.04107707980366848
intact_t4,1245,0.026051324242067894
intact_t4,1246,0.03197081374894466
intact_t4,1247,0.055057360927776786
intact_t4,1248,0.03225056003655272
intact_t4,1249,0.02851712294971833
intact_t4,1250,0.03477596456196837
intact_t4,1251,0.03908649753655272
intact_t4,1252,0.0437803511694769
intact_t4,1253,0.0379209761694769
intact_t4,1254,0.02702654644527643
intact_t4,1255,0.025299837579468007
intact_t4,1256,0.033697522614753075
intact_t4,1257,0.0428037886694769
intact_t4,1258,0.023825874585566738
intact_t4,1259,0.019113507294852606
intact_t4,1260,0.03615681003655272
intact_t4,1261,0.01933817598597659
intact_t4,1262,0.05029867796847695
intact_t4,1263,0.037479235927776786
intact_t4,1264,0.022269610929044184
intact_t4,1265,0.0545225386694769
intact_t4,1266,0.029855694794852606
intact_t4,1267,0.04211806448376801
intact_t4,1268,0.05871962698376801
intact_t4,1269,0.044315173427776786
intact_t4,1270,0.056033923427776786
intact_t4,1271,0.03326457980366848
intact_t4,1272,0.04010051730366848
intact_t4,1273,0.05269395035645319
intact_t4,1274,0.033697522614753075
intact_t4,1275,0.05562363785645319
intact_t4,1276,0.0379209761694769
intact_t4,1277,0.042486585114753075
intact_t4,1278,0.039492068288377424
intact_t4,1279,0.037603772614753075
intact_t4,1280,0.05188368948376801
intact_t4,1281,0.0421045522336536
intact_t4,1282,0.03225056003655272
intact_t4,1283,0.03521770480366848
intact_t4,1284,0.05279582980366848
intact_t4,1285,0.03131145480366848
intact_t4,1286,0.027778033107876316
intact_t4,1287,0.04976426285645319
intact_t4,1288,0.03392393874894466
intact_t4,1289,0.0357150697948526
intact_t4,1290,0.025199298429044184
intact_t4,1291,0.0486631636694769
intact_t4,1292,0.03045942899064477
intact_t4,1293,0.0457334761694769
intact_t4,1294,0.03999863785645319
intact_t4,1295,0.04535615810787631
intact_t4,1296,0.0493869447948526
intact_t4,1297,0.041796146109545296
intact_t4,1298,0.04904236918086889
intact_t4,1299,0.023871783107876316
intact_t4,1300,0.02100221011475308
intact_t4,1301,0.027088001248944657
intact_t4,1302,0.031910699242067894
intact_t4,1303,0.030934136742067894
intact_t4,1304,0.04456383965545324
intact_t4,1305,0.023246173429044184
intact_t4,1306,0.03706895035645319
intact_t4,1307,0.05171738785645319
intact_t4,1308,0.03521770480366848
intact_t4,1309,0.028497099413753127
intact_t4,1310,0.05383681448376801
intact_t4,1311,0.03413926285645319
intact_t4,1312,0.03114946084957643
intact_t4,1313,0.03528212698376801
intact_t4,1314,0.05660020035645319
intact_t4,1315,0.02205253937846806
intact_t4,1316,0.027999734422569006
intact_t4,1317,0.031619860927776786
intact_t4,1318,0.023996319794852606
intact_t4,1319,0.04248617796847695
intact_t4,1320,0.0255029897336536
intact_t4,1321,0.046392835114753075
intact_t4,1322,0.02932087253655272
intact_t4,1323,0.03235243948376801
intact_t4,1324,0.05562363785645319
intact_t4,1325,0.039556897614753075
intact_t4,1326,0.02138383584957643
intact_t4,1327,0.036686917475353714
intact_t4,1328,0.04114150198376801
intact_t4,1329,0.059147854975353714
intact_t4,1330,0.05609834560787631
intact_t4,1331,0.04413130399064477
intact_t4,1332,0.028124271109545296
intact_t4,1333,0.03836460386096842
intact_t4,1334,0.04413130399064477
intact_t4,1335,0.0393129136707443
intact_t4,1336,0.033697522614753075
intact_t4,1337,0.03197040660266853
intact_t4,1338,0.054352093460191035
intact_t4,1339,0.04292832535645319
intact_t4,1340,0.015309136742067894
intact_t4,1341,0.0408506636694769
intact_t4,1342,0.027212130789644823
intact_t4,1343,0.046268298427776786
intact_t4,1344,0.03089196465545324
intact_t4,1345,0.04195176285645319
intact_t4,1346,0.02881471011475308
intact_t4,1347,0.026171146109545296
intact_t4,1348,0.03706895035645319
intact_t4,1349,0.031744397614753075
intact_t4,1350,0.044439710114753075
intact_t4,1351,0.017322376248944657
intact_t4,1352,0.030832257294852606
intact_t4,1353,0.04396931003655272
intact_t4,1354,0.02571457740546721
intact_t4,1355,0.04437959560787631
intact_t4,1356,0.042362048427776786
intact_t4,1357,0.04986614230366848
intact_t4,1358,0.047369397614753075
intact_t4,1359,0.0545225386694769
intact_t4,1360,0.04063533956196837
intact_t4,1361,0.043629449242067894
intact_t4,1362,0.04010051730366848
intact_t4,1363,0.028155351169476903
intact_t4,1364,0.044499417475353714
intact_t4,1365,0.027902569794852606
intact_t4,1366,0.03902207535645319
intact_t4,1367,0.01904908511475308
intact_t4,1368,0.03559053310787631
intact_t4,1369,0.02040727334957643
intact_t4,1370,0.03685362624894466
intact_t4,1371,0.04205364230366848
intact_t4,1372,0.04315474149064477
intact_t4,1373,0.0447569136694769
intact_t4,1374,0.04510786649064477
intact_t4,1375,0.04016493948376801
intact_t4,1376,0.0506162886694769
intact_t4,1377,0.02056926730366848
intact_t4,1378,0.049257693288377424
intact_t4,1379,0.033011798429044184
intact_t4,1380,0.0376681947948526
intact_t4,1381,0.03420368503655272
intact_t4,1382,0.0460108022336536
intact_t4,1383,0.0445041322948526
intact_t4,1384,0.019708036913753127
intact_t4,1385,0.0305238511707443
intact_t4,1386,0.0315004136707443
intact_t4,1387,0.0584287886694769
intact_t4,1388,0.043338610927776786
intact_t4,1389,0.0486631636694769
intact_t4,1390,0.0217347886707443
intact_t4,1391,0.02783814761475308
intact_t4,1392,0.021228626248944657
intact_t4,1393,0.03048768168086889
intact_t4,1394,0.05275837253655272
intact_t4,1395,0.04006306003655272
intact_t4,1396,0.03241255399064477
intact_t4,1397,0.03999863785645319
intact_t4,1398,0.05235408956196837
intact_t4,1399,0.050174548427776786
intact_t4,1400,0.049484109422569006
intact_t4,1401,0.02639118503655272
intact_t4,1402,0.0295472886707443
intact_t4,1403,0.024033777061968367
intact_t4,1404,0.03798539834957643
intact_t4,1405,0.037479235927776786
intact_t4,1406,0.04706099149064477
intact_t4,1407,0.038580335114753075
intact_t4,1408,0.020090069794852606
intact_t4,1409,0.039432360927776786
intact_t4,1410,0.04608442899064477
intact_t4,1411,0.030233012856453193
intact_t4,1412,0.05165727334957643
intact_t4,1413,0.03672908956196837
intact_t4,1414,0.02460005399064477
intact_t4,1415,0.04488145035645319
intact_t4,1416,0.04205364230366848
intact_t4,1417,0.033863824242067894
intact_t4,1418,0.01694034336784518
intact_t4,1419,0.04340303310787631
intact_t4,1420,0.04585801285645319
intact_t4,1421,0.021228626248944657
intact_t4,1422,0.029256450356453193
intact_t4,1423,0.033697522614753075
intact_t4,1424,0.030082110929044184
intact_t4,1425,0.03322712253655272
intact_t4,1426,0.0379209761694769
intact_t4,1427,0.04114150198376801
intact_t4,1428,0.04993056448376801
intact_t4,1429,0.05068071084957643
intact_t4,1430,0.0564756636694769
intact_t4,1431,0.0506162886694769
intact_t4,1432,0.0369444136694769
intact_t4,1433,0.03436567899064477
intact_t4,1434,0.04661925124894466
intact_t4,1435,0.03064329842777679
intact_t4,1436,0.029855694794852606
intact_t4,1437,0.02040727334957643
intact_t4,1438,0.07124863785645319
intact_t4,1439,0.03209494328964482
intact_t4,1440,0.03804551285645319
intact_t4,1441,0.05458696084957643
intact_t4,1442,0.02979127261475308
intact_t4,1443,0.03168428310787631
intact_t4,1444,0.024158313748944657
intact_t4,1445,0.04150961546847695
intact_t4,1446,0.04504775198376801
intact_t4,1447,0.037603772614753075
intact_t4,1448,0.04649471456196837
intact_t4,1449,0.0464572572948526
intact_t4,1450,0.04651696465545324
intact_t4,1451,0.02755799418086889
intact_t4,1452,0.05471149753655272
intact_t4,1453,0.04063533956196837
intact_t4,1454,0.036627210114753075
intact_t4,1455,0.046392835114753075
intact_t4,1456,0.02393189761475308
intact_t4,1457,0.0256410386707443
intact_t4,1458,0.0467100386694769
intact_t4,1459,0.028279887856453193
intact_t4,1460,0.05269395035645319
intact_t4,1461,0.04885212253655272
intact_t4,1462,0.05757676285645319
intact_t4,1463,0.023699139776093985
intact_t4,1464,0.04783939054667731
intact_t4,1465,0.03076783511475308
intact_t4,1466,0.0398741011694769
intact_t4,1467,0.01594895240546721
intact_t4,1468,0.044725833609545296
intact_t4,1469,0.05389692899064477
intact_t4,1470,0.0496397261694769
intact_t4,1471,0.024158313748944657
intact_t4,1472,0.028128985929044184
intact_t4,1473,0.04400676730366848
intact_t4,1474,0.02928470304667731
intact_t4,1475,0.04258846456196837
intact_t4,1476,0.04150961546847695
intact_t4,1477,0.04315474149064477
intact_t4,1478,0.030077396109545296
intact_t4,1479,0.05040096456196837
intact_t4,1480,0.04878770035645319
intact_t4,1481,0.037479235927776786
intact_t4,1482,0.04063533956196837
intact_t4,1483,0.05660020035645319
intact_t4,1484,0.026921292475353714
intact_t4,1485,0.033632693288377424
intact_t4,1486,0.04775102334957643
intact_t4,1487,0.04775102334957643
intact_t4,1488,0.04700087698376801
intact_t4,1489,0.03294737624894466
intact_t4,1490,0.04369253112537595
intact_t4,1491,0.03949678310787631
intact_t4,1492,0.02881471011475308
intact_t4,1493,0.0349912886694769
intact_t4,1494,0.02957554136096842
intact_t4,1495,0.026801470607876316
intact_t4,1496,0.033757229975353714
intact_t4,1497,0.0369444136694769
intact_t4,1498,0.044315173427776786
intact_t4,1499,0.04585801285645319
intact_t4,1500,0.04602431448376801
intact_t4,1501,0.037663479975353714
intact_t4,1502,0.01776411649064477
intact_t4,1503,0.0662412886694769
intact_t4,1504,0.034840386742067894
intact_t4,1505,0.03225056003655272
intact_t4,1506,0.0554991011694769
intact_t4,1507,0.0188051011707443
intact_t4,1508,0.04781113785645319
intact_t4,1509,0.05292036649064477
intact_t4,1510,0.0318088197948526
intact_t4,1511,0.02588502261475308
intact_t4,1512,0.05181926730366848
intact_t4,1513,0.03615681003655272
intact_t4,1514,0.025949444794852606
intact_t4,1515,0.025074761742067894
intact_t4,1516,0.03609238785645319
intact_t4,1517,0.040533460114753075
intact_t4,1518,0.03927674418086889
intact_t4,1519,0.04878770035645319
intact_t4,1520,0.050174548427776786
intact_t4,1521,0.03490050124894466
intact_t4,1522,0.0594053511694769
intact_t4,1523,0.04292832535645319
intact_t4,1524,0.05474895480366848
intact_t4,1525,0.05068071084957643
intact_t4,1526,0.0206201772336536
intact_t4,1527,0.04205364230366848
intact_t4,1528,0.03197040660266853
intact_t4,1529,0.04413130399064477
intact_t4,1530,0.027303325356453193
intact_t4,1531,0.033697522614753075
intact_t4,1532,0.025824908107876316
intact_t4,1533,0.04010051730366848
intact_t4,1534,0.017754911913753127
intact_t4,1535,0.04443930296847695
intact_t4,1536,0.05952988785645319
intact_t4,1537,0.0246644761707443
intact_t4,1538,0.04315474149064477
intact_t4,1539,0.0256410386707443
intact_t4,1540,0.05585005399064477
intact_t4,1541,0.02783814761475308
intact_t4,1542,0.02942275198376801
intact_t4,1543,0.0285707261707443
intact_t4,1544,0.027303325356453193
intact_t4,1545,0.039432360927776786
intact_t4,1546,0.021352755789644823
intact_t4,1547,0.02443806003655272
intact_t4,1548,0.01917321465545324
intact_t4,1549,0.041385485927776786
intact_t4,1550,0.06148301285645319
intact_t4,1551,0.02571457740546721
intact_t4,1552,0.047530984422569006
intact_t4,1553,0.0349912886694769
intact_t4,1554,0.05292036649064477
intact_t4,1555,0.03575252706196837
intact_t4,1556,0.04097520035645319
intact_t4,1557,0.03798539834957643
intact_t4,1558,0.03772790215545324
intact_t4,1559,0.04791301730366848
intact_t4,1560,0.03700883584957643
intact_t4,1561,0.034674085114753075
intact_t4,1562,0.030869714561968367
intact_t4,1563,0.02948286649064477
intact_t4,1564,0.0294092397336536
intact_t4,1565,0.02783774046847695
intact_t4,1566,0.008762697259567534
intact_t4,1567,0.03490050124894466
intact_t4,1568,0.042362048427776786
intact_t4,1569,0.03896196084957643
intact_t4,1570,0.043463147614753075
intact_t4,1571,0.05286025198376801
intact_t4,1572,0.03363740810787631
intact_t4,1573,0.034733792475353714
intact_t4,1574,0.01974549418086889
intact_t4,1575,0.05861774753655272
intact_t4,1576,0.029312421281358907
intact_t4,1577,0.03672908956196837
intact_t4,1578,0.0506162886694769
intact_t4,1579,0.04872758584957643
intact_t4,1580,0.03076783511475308
intact_t4,1581,0.05373493503655272
intact_t4,1582,0.025194583609545296
intact_t4,1583,0.0447569136694769
intact_t4,1584,0.04413130399064477
intact_t4,1585,0.03804551285645319
intact_t4,1586,0.05952988785645319
intact_t4,1587,0.0256410386707443
intact_t4,1588,0.04413130399064477
intact_t4,1589,0.03924849149064477
intact_t4,1590,0.03424114230366848
intact_t4,1591,0.04999067899064477
intact_t4,1592,0.0347385072948526
intact_t4,1593,0.027027886742067894
intact_t4,1594,0.034674085114753075
intact_t4,1595,0.051151110927776786
intact_t4,1596,0.054265042475353714
intact_t4,1597,0.03266084560787631
intact_t4,1598,0.048221423427776786
intact_t4,1599,0.03272055296847695
intact_t4,1600,0.05963176730366848
intact_t4,1601,0.044315173427776786
intact_t4,1602,0.04303020480366848
intact_t4,1603,0.04592243503655272
intact_t4,1604,0.06029112624894466
intact_t4,1605,0.04022505399064477
intact_t4,1606,0.05490174418086889
intact_t4,1607,0.03413926285645319
intact_t4,1608,0.024098199242067894
intact_t4,1609,0.027940027061968367
intact_t4,1610,0.0305238511707443
intact_t4,1611,0.03218613785645319
intact_t4,1612,0.037479235927776786
intact_t4,1613,0.021066632294852606
intact_t4,1614,0.02932087253655272
intact_t4,1615,0.046452542475353714
intact_t4,1616,0.040533460114753075
intact_t4,1617,0.050299085114753075
intact_t4,1618,0.03168428310787631
intact_t4,1619,0.03326457980366848
intact_t4,1620,0.04901411649064477
intact_t4,1621,0.02834431003655272
intact_t4,1622,0.031209575356453193
intact_t4,1623,0.05197205668086889
intact_t4,1624,0.03587706374894466
intact_t4,1625,0.03810993503655272
intact_t4,1626,0.04097520035645319
intact_t4,1627,0.04689899753655272
intact_t4,1628,0.05556352334957643
intact_t4,1629,0.029041126248944657
intact_t4,1630,0.02447551730366848
intact_t4,1631,0.02393189761475308
intact_t4,1632,0.030017688748944657
intact_t4,1633,0.03326457980366848
intact_t4,1634,0.03534224149064477
intact_t4,1635,0.0344301011707443
intact_t4,1636,0.0554991011694769
intact_t4,1637,0.036627210114753075
intact_t4,1638,0.022895220607876316
intact_t4,1639,0.07314164834957643
intact_t4,1640,0.0305238511707443
intact_t4,1641,0.03227881272677684
intact_t4,1642,0.03225056003655272
intact_t4,1643,0.04693645480366848
intact_t4,1644,0.020255031125375956
intact_t4,1645,0.04201618503655272
intact_t4,1646,0.03852022060787631
intact_t4,1647,0.035650647614753075
intact_t4,1648,0.05723690206196837
intact_t4,1649,0.03807376554667731
intact_t4,1650,0.04797743948376801
intact_t4,1651,0.03521770480366848
intact_t4,1652,0.0701475386694769
intact_t4,1653,0.026543974413753127
intact_t4,1654,0.02490846011475308
intact_t4,1655,0.04097520035645319
intact_t4,1656,0.05178181003655272
intact_t4,1657,0.0340147261694769
intact_t4,1658,0.044315173427776786
intact_t4,1659,0.0515928511694769
intact_t4,1660,0.03814739230366848
intact_t4,1661,0.049322522614753075
intact_t4,1662,0.058046755788377424
intact_t4,1663,0.038580335114753075
intact_t4,1664,0.05165727334957643
intact_t4,1665,0.03341736918086889
intact_t4,1666,0.029731158107876316
intact_t4,1667,0.041510022614753075
intact_t4,1668,0.03143599149064477
intact_t4,1669,0.03609238785645319
intact_t4,1670,0.033011798429044184
intact_t4,1671,0.03379940206196837
intact_t4,1672,0.03420368503655272
intact_t4,1673,0.030233012856453193
intact_t4,1674,0.04844783956196837
intact_t4,1675,0.03143599149064477
intact_t4,1676,0.026917556039658792
intact_t4,1677,0.03316270035645319
intact_t4,1678,0.039432360927776786
intact_t4,1679,0.05464707535645319
intact_t4,1680,0.04063533956196837
intact_t4,1681,0.04999067899064477
intact_t4,1682,0.02295533511475308
intact_t4,1683,0.05090712698376801
intact_t4,1684,0.03587706374894466
intact_t4,1685,0.06775267342777679
intact_t4,1686,0.030707720607876316
intact_t4,1687,0.033697522614753075
intact_t4,1688,0.045577859422569006
intact_t4,1689,0.03505571084957643
intact_t4,1690,0.036627210114753075
intact_t4,1691,0.02002564761475308
intact_t4,1692,0.043338610927776786
intact_t4,1693,0.01807252261475308
intact_t4,1694,0.045291735927776786
intact_t4,1695,0.02881471011475308
intact_t4,1696,0.02182315586784518
intact_t4,1697,0.027940027061968367
intact_t4,1698,0.050299085114753075
intact_t4,1699,0.06256145480366848
intact_t4,1700,0.029957574242067894
intact_t4,1701,0.032720960114753075
intact_t4,1702,0.034674085114753075
intact_t4,1703,0.049197985927776786
intact_t4,1704,0.04022505399064477
intact_t4,1705,0.02736774753655272
intact_t4,1706,0.02686158511475308
intact_t4,1707,0.028293947259567534
intact_t4,1708,0.031085038669476903
intact_t4,1709,0.030832257294852606
intact_t4,1710,0.04494587253655272
intact_t4,1711,0.04303020480366848
intact_t4,1712,0.0340147261694769
intact_t4,1713,0.04592243503655272
intact_t4,1714,0.025350200356453193
intact_t4,1715,0.033697522614753075
intact_t4,1716,0.038580335114753075
intact_t4,1717,0.017262261742067894
intact_t4,1718,0.039843021109545296
intact_t4,1719,0.02490846011475308
intact_t4,1720,0.03990744328964482
intact_t4,1721,0.023019757294852606
intact_t4,1722,0.040699761742067894
intact_t4,1723,0.057194729975353714
intact_t4,1724,0.03852022060787631
intact_t4,1725,0.04201618503655272
intact_t4,1726,0.05074082535645319
intact_t4,1727,0.04340303310787631
intact_t4,1728,0.027897854975353714
intact_t4,1729,0.04585801285645319
intact_t4,1730,0.046452542475353714
intact_t4,1731,0.03783018874894466
intact_t4,1732,0.03713337253655272
intact_t4,1733,0.02686158511475308
intact_t4,1734,0.03534224149064477
intact_t4,1735,0.026216285572591244
intact_t4,1736,0.02957554136096842
intact_t4,1737,0.07037395480366848
intact_t4,1738,0.02655317899064477
intact_t4,1739,0.04888957980366848
intact_t4,1740,0.02850630399064477
intact_t4,1741,0.025225663669476903
intact_t4,1742,0.023121636742067894
intact_t4,1743,0.038580335114753075
intact_t4,1744,0.046268298427776786
intact_t4,1745,0.0539613511707443
intact_t4,1746,0.040408923427776786
intact_t4,1747,0.03709720304667731
intact_t4,1748,0.034549548427776786
intact_t4,1749,0.04396931003655272
intact_t4,1750,0.02740520480366848
intact_t4,1751,0.03076783511475308
intact_t4,1752,0.03662680296847695
intact_t4,1753,0.035650647614753075
intact_t4,1754,0.033697522614753075
intact_t4,1755,0.025949444794852606
intact_t4,1756,0.03798539834957643
intact_t4,1757,0.04976426285645319
intact_t4,1758,0.03754365810787631
intact_t4,1759,0.032720960114753075
intact_t4,1760,0.027023171922569006
intact_t4,1761,0.02783814761475308
intact_t4,1762,0.0564756636694769
intact_t4,1763,0.0457334761694769
intact_t4,1764,0.027087594102668533
intact_t4,1765,0.052187380788377424
intact_t4,1766,0.0344301011707443
intact_t4,1767,0.030707720607876316
intact_t4,1768,0.0357150697948526
intact_t4,1769,0.030934136742067894
intact_t4,1770,0.0428037886694769
intact_t4,1771,0.03256534336784518
intact_t4,1772,0.0305238511707443
intact_t4,1773,0.02783814761475308
intact_t4,1774,0.039616604975353714
intact_t4,1775,0.0313623647336536
intact_t4,1776,0.02649306448376801
intact_t4,1777,0.03993852334957643
intact_t4,1778,0.02185423592777679
intact_t4,1779,0.04016493948376801
intact_t4,1780,0.0393129136707443
intact_t4,1781,0.0525694136694769
intact_t4,1782,0.0318088197948526
intact_t4,1783,0.03804551285645319
intact_t4,1784,0.043463147614753075
intact_t4,1785,0.05670207980366848
intact_t4,1786,0.0476866011694769
intact_t4,1787,0.02112633965545324
intact_t4,1788,0.03534224149064477
intact_t4,1789,0.03266084560787631
intact_t4,1790,0.02834431003655272
intact_t4,1791,0.02771361092777679
intact_t4,1792,0.04390488785645319
intact_t4,1793,0.03266084560787631
intact_t4,1794,0.033572985927776786
intact_t4,1795,0.040593167475353714
intact_t4,1796,0.02503258965545324
intact_t4,1797,0.03413926285645319
intact_t4,1798,0.030017281602668533
intact_t4,1799,0.053104235927776786
intact_t4,1800,0.0642881636694769
intact_t4,1801,0.0245264272336536
intact_t4,1802,0.03625868948376801
intact_t4,1803,0.062077542475353714
intact_t4,1804,0.03127399753655272
intact_t4,1805,0.0256410386707443
intact_t4,1806,0.037479235927776786
intact_t4,1807,0.0633116011694769
intact_t4,1808,0.03631880399064477
intact_t4,1809,0.02545207980366848
intact_t4,1810,0.03798539834957643
intact_t4,1811,0.03416751554667731
intact_t4,1812,0.0412660386707443
intact_t4,1813,0.051275647614753075
intact_t4,1814,0.03076783511475308
intact_t4,1815,0.01868056448376801
intact_t4,1816,0.039432360927776786
intact_t4,1817,0.03706895035645319
intact_t4,1818,0.018403785572591244
intact_t4,1819,0.035650647614753075
intact_t4,1820,0.0336289568526825
intact_t4,1821,0.04271300124894466
intact_t4,1822,0.04504775198376801
intact_t4,1823,0.057987048427776786
intact_t4,1824,0.0428037886694769
intact_t4,1825,0.020541154620168173
intact_t4,1826,0.05219209560787631
intact_t4,1827,0.02447551730366848
intact_t4,1828,0.028981011742067894
intact_t4,1829,0.03209494328964482
intact_t4,1830,0.0359678511694769
intact_t4,1831,0.04292832535645319
intact_t4,1832,0.04592243503655272
intact_t4,1833,0.03827192899064477
intact_t4,1834,0.030869714561968367
intact_t4,1835,0.025134469102668533
intact_t4,1836,0.04803755399064477
intact_t4,1837,0.039556897614753075
intact_t4,1838,0.0467100386694769
intact_t4,1839,0.04358727715545324
intact_t4,1840,0.027088001248944657
intact_t4,1841,0.04683457535645319
intact_t4,1842,0.0285707261707443
intact_t4,1843,0.019872998244276477
intact_t4,1844,0.03392393874894466
intact_t4,1845,0.03379940206196837
intact_t4,1846,0.0315004136707443
intact_t4,1847,0.0344301011707443
intact_t4,1848,0.0510316636707443
intact_t4,1849,0.03511582535645319
intact_t4,1850,0.048221423427776786
intact_t4,1851,0.03338911649064477
intact_t4,1852,0.024848345607876316
intact_t4,1853,0.028064563748944657
intact_t4,1854,0.04488145035645319
intact_t4,1855,0.04901411649064477
intact_t4,1856,0.04693645480366848
intact_t4,1857,0.04488145035645319
intact_t4,1858,0.031744397614753075
intact_t4,1859,0.03902207535645319
intact_t4,1860,0.023019757294852606
intact_t4,1861,0.02850630399064477
intact_t4,1862,0.04120161649064477
intact_t4,1863,0.034674085114753075
intact_t4,1864,0.03143599149064477
intact_t4,1865,0.050299085114753075
intact_t4,1866,0.03505571084957643
intact_t4,1867,0.03999863785645319
intact_t4,1868,0.033632693288377424
intact_t4,1869,0.03505571084957643
intact_t4,1870,0.02576048592777679
intact_t4,1871,0.04201618503655272
intact_t4,1872,0.026000700900259428
intact_t4,1873,0.0467100386694769
intact_t4,1874,0.03413926285645319
intact_t4,1875,0.05383681448376801
intact_t4,1876,0.030832257294852606
intact_t4,1877,0.0506162886694769
intact_t4,1878,0.03804551285645319
intact_t4,1879,0.05871962698376801
intact_t4,1880,0.035816949242067894
intact_t4,1881,0.03924849149064477
intact_t4,1882,0.04103962253655272
intact_t4,1883,0.04488145035645319
intact_t4,1884,0.03729536649064477
intact_t4,1885,0.04315474149064477
intact_t4,1886,0.06457900198376801
intact_t4,1887,0.05713461546847695
intact_t4,1888,0.028581952276093985
intact_t4,1889,0.027027886742067894
intact_t4,1890,0.03143599149064477
intact_t4,1891,0.05757676285645319
intact_t4,1892,0.03184627706196837
intact_t4,1893,0.023246173429044184
intact_t4,1894,0.02724321084957643
intact_t4,1895,0.037603772614753075
intact_t4,1896,0.0266176011707443
intact_t4,1897,0.030832257294852606
intact_t4,1898,0.04002689054667731
intact_t4,1899,0.05074082535645319
intact_t4,1900,0.03039931448376801
intact_t4,1901,0.03076783511475308
intact_t4,1902,0.020252063748944657
intact_t4,1903,0.05029908511475308
intact_t4,1904,0.0333154897336536
intact_t4,1905,0.0525694136694769
intact_t4,1906,0.032720960114753075
intact_t4,1907,0.0574522261694769
intact_t4,1908,0.039616604975353714
intact_t4,1909,0.02346149753655272
intact_t4,1910,0.03310258584957643
intact_t4,1911,0.03520850022677684
intact_t4,1912,0.039432360927776786
intact_t4,1913,0.049322522614753075
intact_t4,1914,0.043463147614753075
intact_t4,1915,0.03166537500126765
intact_t4,1916,0.04103962253655272
intact_t4,1917,0.031619860927776786
intact_t4,1918,0.04415955668086889
intact_t4,1919,0.03186852715545324
intact_t4,1920,0.04649471456196837
intact_t4,1921,0.04683457535645319
intact_t4,1922,0.03326457980366848
intact_t4,1923,0.03076783511475308
intact_t4,1924,0.03225056003655272
intact_t4,1925,0.036562380788377424
intact_t4,1926,0.025134876248944657
intact_t4,1927,0.065109109422569
intact_t4,1928,0.031619860927776786
intact_t4,1929,0.04006306003655272
intact_t4,1930,0.03783018874894466
intact_t4,1931,0.018528322259567534
intact_t4,1932,0.034835671922569006
intact_t4,1933,0.0366916322948526
intact_t4,1934,0.03729536649064477
intact_t4,1935,0.030233012856453193
intact_t4,1936,0.04986614230366848
intact_t4,1937,0.04878770035645319
intact_t4,1938,0.04488145035645319
intact_t4,1939,0.023181751248944657
intact_t4,1940,0.05367051285645319
intact_t4,1941,0.02948286649064477
intact_t4,1942,0.05263383584957643
intact_t4,1943,0.034549548427776786
intact_t4,1944,0.05090712698376801
intact_t4,1945,0.02100221011475308
intact_t4,1946,0.05855332535645319
intact_t4,1947,0.023871783107876316
intact_t4,1948,0.02869017342777679
intact_t4,1949,0.02307946465545324
intact_t4,1950,0.03912395480366848
intact_t4,1951,0.034674085114753075
intact_t4,1952,0.036913333609545296
intact_t4,1953,0.04595989230366848
intact_t4,1954,0.04986614230366848
intact_t4,1955,0.04488145035645319
intact_t4,1956,0.05487349149064477
intact_t4,1957,0.027560961557300187
intact_t4,1958,0.04504775198376801
intact_t4,1959,0.03783018874894466
intact_t4,1960,0.021443950356453193
intact_t4,1961,0.023305880789644823
intact_t4,1962,0.0344301011707443
intact_t4,1963,0.028754595607876316
intact_t4,1964,0.0402894761707443
intact_t4,1965,0.0327853822948526
intact_t4,1966,0.05096724149064477
intact_t4,1967,0.028916589561968367
intact_t4,1968,0.04456383965545324
intact_t4,1969,0.020525468332085205
intact_t4,1970,0.04683457535645319
intact_t4,1971,0.0337619447948526
intact_t4,1972,0.045291735927776786
intact_t4,1973,0.06463911649064477
intact_t4,1974,0.028064563748944657
intact_t4,1975,0.03294737624894466
intact_t4,1976,0.041385485927776786
intact_t4,1977,0.057987048427776786
intact_t4,1978,0.036627210114753075
intact_t4,1979,0.03827192899064477
intact_t4,1980,0.024098199242067894
intact_t4,1981,0.04413130399064477
intact_t4,1982,0.025134876248944657
intact_t4,1983,0.036793511742067894
intact_t4,1984,0.03235243948376801
intact_t4,1985,0.03322712253655272
intact_t4,1986,0.02838176730366848
intact_t4,1987,0.034840386742067894
intact_t4,1988,0.023241458609545296
intact_t4,1989,0.035816949242067894
intact_t4,1990,0.03490009410266853
intact_t4,1991,0.04872758584957643
intact_t4,1992,0.045291735927776786
intact_t4,1993,0.05975630399064477
intact_t4,1994,0.03137587698376801
intact_t4,1995,0.02919633584957643
intact_t4,1996,0.027303325356453193
intact_t4,1997,0.02686158511475308
intact_t4,1998,0.04683457535645319
intact_t4,1999,0.0545225386694769
intact_t4,2000,0.03326457980366848
intact_t4,2001,0.04932211546847695
intact_t4,2002,0.02589436719836853
intact_t4,2003,0.042486585114753075
intact_t4,2004,0.04554040215545324
intact_t4,2005,0.030082110929044184
intact_t4,2006,0.0467100386694769
intact_t4,2007,0.04271300124894466
intact_t4,2008,0.03609238785645319
intact_t4,2009,0.04730928310787631
intact_t4,2010,0.04006306003655272
intact_t4,2011,0.051151110927776786
intact_t4,2012,0.03267464444616738
intact_t4,2013,0.034674085114753075
intact_t4,2014,0.051151110927776786
intact_t4,2015,0.026171146109545296
intact_t4,2016,0.03197040660266853
intact_t4,2017,0.028064563748944657
intact_t4,2018,0.040533460114753075
intact_t4,2019,0.0217347886707443
intact_t4,2020,0.03114946084957643
intact_t4,2021,0.042362048427776786
intact_t4,2022,0.025088560580358955
intact_t4,2023,0.019583500226776837
intact_t4,2024,0.05757676285645319
intact_t4,2025,0.04292832535645319
intact_t4,2026,0.05660020035645319
intact_t4,2027,0.04097520035645319
intact_t4,2028,0.025199298429044184
intact_t4,2029,0.04114150198376801
intact_t4,2030,0.04649471456196837
intact_t4,2031,0.04693645480366848
intact_t4,2032,0.0564756636694769
intact_t4,2033,0.033572985927776786
intact_t4,2034,0.0209357539034088
intact_t4,2035,0.016561137856453193
intact_t4,2036,0.0476866011694769
intact_t4,2037,0.04195176285645319
intact_t4,2038,0.03413926285645319
intact_t4,2039,0.04063533956196837
intact_t4,2040,0.04901411649064477
intact_t4,2041,0.04144990810787631
intact_t4,2042,0.039432360927776786
intact_t4,2043,0.030166556645108915
intact_t4,2044,0.033863824242067894
intact_t4,2045,0.03379940206196837
intact_t4,2046,0.055117068288377424
intact_t4,2047,0.022895220607876316
intact_t4,2048,0.04488145035645319
intact_t4,2049,0.04510786649064477
intact_t4,2050,0.03123782804667731
intact_t4,2051,0.037603772614753075
intact_t4,2052,0.039556897614753075
intact_t4,2053,0.02881471011475308
intact_t4,2054,0.02356337698376801
intact_t4,2055,0.0613584761694769
intact_t4,2056,0.04393314054667731
intact_t4,2057,0.034153322259567534
intact_t4,2058,0.04292832535645319
intact_t4,2059,0.0349912886694769
intact_t4,2060,0.03902207535645319
intact_t4,2061,0.031118380789644823
intact_t4,2062,0.03212602334957643
intact_t4,2063,0.0334535386707443
intact_t4,2064,0.04195176285645319
intact_t4,2065,0.045475979975353714
intact_t4,2066,0.06435258584957643
intact_t4,2067,0.03993852334957643
intact_t4,2068,0.04315474149064477
intact_t4,2069,0.02356337698376801
intact_t4,2070,0.03436567899064477
intact_t4,2071,0.034549548427776786
intact_t4,2072,0.035526110927776786
intact_t4,2073,0.03282283956196837
intact_t4,2074,0.060976443288377424
intact_t4,2075,0.03625868948376801
intact_t4,2076,0.03534224149064477
intact_t4,2077,0.04488145035645319
intact_t4,2078,0.03924849149064477
intact_t4,2079,0.028754595607876316
intact_t4,2080,0.0266176011707443
intact_t4,2081,0.033697522614753075
intact_t4,2082,0.039432360927776786
intact_t4,2083,0.04006306003655272
intact_t4,2084,0.04173643874894466
intact_t4,2085,0.0379209761694769
intact_t4,2086,0.041510022614753075
intact_t4,2087,0.03413926285645319
intact_t4,2088,0.0330381636694769
intact_t4,2089,0.0340147261694769
intact_t4,2090,0.04161190206196837
intact_t4,2091,0.02002564761475308
intact_t4,2092,0.037603772614753075
intact_t4,2093,0.029957574242067894
intact_t4,2094,0.05389692899064477
intact_t4,2095,0.04258846456196837
intact_t4,2096,0.0437803511694769
intact_t4,2097,0.03518024753655272
intact_t4,2098,0.05757676285645319
intact_t4,2099,0.034549548427776786
intact_t4,2100,0.032780667475353714
intact_t4,2101,0.03212602334957643
intact_t4,2102,0.03363740810787631
intact_t4,2103,0.035710354975353714
intact_t4,2104,0.036788796922569006
intact_t4,2105,0.03114946084957643
intact_t4,2106,0.04299274753655272
intact_t4,2107,0.026340822259567534
intact_t4,2108,0.021293048429044184
intact_t4,2109,0.03521770480366848
intact_t4,2110,0.02161025198376801
intact_t4,2111,0.031058673429044184
intact_t4,2112,0.022038479975353714
intact_t4,2113,0.03186852715545324
intact_t4,2114,0.050174548427776786
intact_t4,2115,0.0383363511707443
intact_t4,2116,0.04103962253655272
intact_t4,2117,0.033697522614753075
intact_t4,2118,0.04295657804667731
intact_t4,2119,0.05556352334957643
intact_t4,2120,0.04791301730366848
intact_t4,2121,0.018353162230782778
intact_t4,2122,0.041510022614753075
intact_t4,2123,0.025074761742067894
intact_t4,2124,0.03316270035645319
intact_t4,2125,0.029256450356453193
intact_t4,2126,0.04976426285645319
intact_t4,2127,0.0479639272336536
intact_t4,2128,0.037603772614753075
intact_t4,2129,0.04173643874894466
intact_t4,2130,0.036502673427776786
intact_t4,2131,0.03413926285645319
intact_t4,2132,0.035650647614753075
intact_t4,2133,0.0515928511694769
intact_t4,2134,0.0441957261707443
intact_t4,2135,0.043463147614753075
intact_t4,2136,0.04649471456196837
intact_t4,2137,0.038580335114753075
intact_t4,2138,0.02746962698376801
intact_t4,2139,0.03615681003655272
intact_t4,2140,0.02346149753655272
intact_t4,2141,0.043338610927776786
intact_t4,2142,0.05670207980366848
intact_t4,2143,0.04114150198376801
intact_t4,2144,0.03026126554667731
intact_t4,2145,0.04970414834957643
intact_t4,2146,0.038580335114753075
intact_t4,2147,0.05137752706196837
intact_t4,2148,0.02724321084957643
intact_t4,2149,0.03123782804667731
intact_t4,2150,0.043463147614753075
intact_t4,2151,0.03382165215545324
intact_t4,2152,0.0623350386694769
intact_t4,2153,0.035816949242067894
intact_t4,2154,0.043463147614753075
intact_t4,2155,0.025134876248944657
intact_t4,2156,0.01709596011475308
intact_t4,2157,0.043463147614753075
intact_t4,2158,0.0467100386694769
intact_t4,2159,0.04999067899064477
intact_t4,2160,0.03656709560787631
intact_t4,2161,0.039556897614753075
intact_t4,2162,0.041510022614753075
intact_t4,2163,0.03804551285645319
intact_t4,2164,0.052413796922569006
intact_t4,2165,0.0507408253564532
intact_t4,2166,0.0362451772336536
intact_t4,2167,0.04286821084957643
intact_t4,2168,0.030869714561968367
intact_t4,2169,0.01868056448376801
intact_t4,2170,0.04759581374894466
intact_t4,2171,0.04585801285645319
intact_t4,2172,0.0381983022336536
intact_t4,2173,0.0320616011694769
intact_t4,2174,0.0496397261694769
intact_t4,2175,0.020085354975353714
intact_t4,2176,0.024466312726776837
intact_t4,2177,0.0515928511694769
intact_t4,2178,0.04504775198376801
intact_t4,2179,0.04791301730366848
intact_t4,2180,0.035816949242067894
intact_t4,2181,0.05029867796847695
intact_t4,2182,0.03502463078964482
intact_t4,2183,0.040593167475353714
intact_t4,2184,0.017322376248944657
intact_t4,2185,0.04413130399064477
intact_t4,2186,0.0398741011694769
intact_t4,2187,0.042772708609545296
intact_t4,2188,0.02979127261475308
intact_t4,2189,0.021918658107876316
intact_t4,2190,0.0383363511707443
intact_t4,2191,0.029893152061968367
intact_t4,2192,0.040533460114753075
intact_t4,2193,0.02541462253655272
intact_t4,2194,0.02897967144527643
intact_t4,2195,0.03807376554667731
intact_t4,2196,0.028293947259567534
intact_t4,2197,0.03212602334957643
intact_t4,2198,0.04390488785645319
intact_t4,2199,0.02686117796847695
intact_t4,2200,0.051275647614753075
intact_t4,2201,0.039723199242067894
intact_t4,2202,0.031744397614753075
intact_t4,2203,0.0476866011694769
intact_t4,2204,0.03534224149064477
intact_t4,2205,0.02307946465545324
intact_t4,2206,0.03197378112537595
intact_t4,2207,0.05528377706196837
intact_t4,2208,0.03369711546847695
intact_t4,2209,0.0379209761694769
intact_t4,2210,0.025824908107876316
intact_t4,2211,0.04292832535645319
intact_t4,2212,0.03723525198376801
intact_t4,2213,0.03209494328964482
intact_t4,2214,0.03868221456196837
intact_t4,2215,0.05074082535645319
intact_t4,2216,0.034674085114753075
intact_t4,2217,0.050299085114753075
intact_t4,2218,0.0721006636694769
intact_t4,2219,0.02746962698376801
intact_t4,2220,0.011236585114753079
intact_t4,2221,0.031905984422569006
intact_t4,2222,0.042421755788377424
intact_t4,2223,0.03814739230366848
intact_t4,2224,0.0398741011694769
intact_t4,2225,0.025010339561968367
intact_t4,2226,0.03609238785645319
intact_t4,2227,0.025364259759567534
intact_t4,2228,0.0379209761694769
intact_t4,2229,0.02087767342777679
intact_t4,2230,0.04053305296847695
intact_t4,2231,0.03600119328964482
intact_t4,2232,0.05654008584957643
intact_t4,2233,0.04286821084957643
intact_t4,2234,0.0354066636707443
intact_t4,2235,0.02541462253655272
intact_t4,2236,0.015658342120168173
intact_t4,2237,0.04309462698376801
intact_t4,2238,0.03631880399064477
intact_t4,2239,0.02053181003655272
intact_t4,2240,0.0381983022336536
intact_t4,2241,0.03675133965545324
intact_t4,2242,0.03609238785645319
intact_t4,2243,0.05333065206196837
intact_t4,2244,0.0313623647336536
intact_t4,2245,0.04693645480366848
intact_t4,2246,0.049322522614753075
intact_t4,2247,0.03706895035645319
intact_t4,2248,0.03993852334957643
intact_t4,2249,0.034609255788377424
intact_t4,2250,0.01868056448376801
intact_t4,2251,0.045291735927776786
intact_t4,2252,0.056033923427776786
intact_t4,2253,0.0432191636707443
intact_t4,2254,0.03511582535645319
intact_t4,2255,0.05074082535645319
intact_t4,2256,0.04564268874894466
intact_t4,2257,0.03609238785645319
intact_t4,2258,0.04195176285645319
intact_t4,2259,0.03993852334957643
intact_t4,2260,0.029855694794852606
intact_t4,2261,0.04885212253655272
intact_t4,2262,0.044439710114753075
intact_t4,2263,0.05952988785645319
intact_t4,2264,0.03294737624894466
intact_t4,2265,0.0324769761707443
intact_t4,2266,0.04292832535645319
intact_t4,2267,0.027088001248944657
intact_t4,2268,0.043463147614753075
intact_t4,2269,0.0396213197948526
intact_t4,2270,0.0408506636694769
intact_t4,2271,0.03322712253655272
intact_t4,2272,0.0373597886707443
intact_t4,2273,0.024968167475353714
intact_t4,2274,0.04091508584957643
intact_t4,2275,0.0357150697948526
intact_t4,2276,0.02771361092777679
intact_t4,2277,0.0412660386707443
intact_t4,2278,0.032720960114753075
intact_t4,2279,0.03999863785645319
intact_t4,2280,0.02979127261475308
intact_t4,2281,0.0349912886694769
intact_t4,2282,0.024093484422569006
intact_t4,2283,0.033572985927776786
intact_t4,2284,0.0362451772336536
intact_t4,2285,0.036627210114753075
intact_t4,2286,0.032596423427776786
intact_t4,2287,0.04122986918086889
intact_t4,2288,0.03282283956196837
intact_t4,2289,0.04982868503655272
intact_t4,2290,0.03065709726606785
intact_t4,2291,0.023871783107876316
intact_t4,2292,0.0496397261694769
intact_t4,2293,0.03184627706196837
intact_t4,2294,0.0305238511707443
intact_t4,2295,0.0347385072948526
intact_t4,2296,0.038580335114753075
intact_t4,2297,0.028754595607876316
intact_t4,2298,0.05181006272677684
intact_t4,2299,0.02948286649064477
intact_t4,2300,0.0379209761694769
intact_t4,2301,0.03706895035645319
intact_t4,2302,0.0464572572948526
intact_t4,2303,0.0545225386694769
intact_t4,2304,0.02362349149064477
intact_t4,2305,0.03518024753655272
intact_t4,2306,0.0525694136694769
intact_t4,2307,0.0266176011707443
intact_t4,2308,0.04198001554667731
intact_t4,2309,0.022205188748944657
intact_t4,2310,0.03420368503655272
intact_t4,2311,0.02821977334957643
intact_t4,2312,0.0445041322948526
intact_t4,2313,0.05367051285645319
intact_t4,2314,0.04022505399064477
intact_t4,2315,0.040533460114753075
intact_t4,2316,0.0323389272336536
intact_t4,2317,0.03322712253655272
intact_t4,2318,0.03868221456196837
intact_t4,2319,0.03413926285645319
intact_t4,2320,0.0318088197948526
intact_t4,2321,0.05178181003655272
intact_t4,2322,0.03804551285645319
intact_t4,2323,0.047429104975353714
intact_t4,2324,0.038580335114753075
intact_t4,2325,0.023019757294852606
intact_t4,2326,0.0730772261694769
intact_t4,2327,0.04888957980366848
intact_t4,2328,0.03316270035645319
intact_t4,2329,0.037770074242067894
intact_t4,2330,0.020255031125375956
intact_t4,2331,0.038580335114753075
intact_t4,2332,0.028879132294852606
intact_t4,2333,0.023184718625375956
intact_t4,2334,0.029131913669476903
intact_t4,2335,0.039432360927776786
intact_t4,2336,0.032720960114753075
intact_t4,2337,0.019278468625375956
intact_t4,2338,0.045702396109545296
intact_t4,2339,0.03521770480366848
intact_t4,2340,0.04161190206196837
intact_t4,2341,0.030832257294852606
intact_t4,2342,0.033697522614753075
intact_t4,2343,0.05670207980366848
intact_t4,2344,0.04759581374894466
intact_t4,2345,0.04482133584957643
intact_t4,2346,0.038515505788377424
intact_t4,2347,0.019275501248944657
intact_t4,2348,0.0227113511707443
intact_t4,2349,0.04173643874894466
intact_t4,2350,0.0334535386707443
intact_t4,2351,0.03241255399064477
intact_t4,2352,0.03436567899064477
intact_t4,2353,0.05171738785645319
intact_t4,2354,0.02503258965545324
intact_t4,2355,0.03717082980366848
intact_t4,2356,0.04144990810787631
intact_t4,2357,0.03490009410266853
intact_t4,2358,0.030869714561968367
intact_t4,2359,0.06252399753655272
intact_t4,2360,0.045416272614753075
intact_t4,2361,0.0324769761707443
intact_t4,2362,0.04498332980366848
intact_t4,2363,0.04982868503655272
intact_t4,2364,0.04888957980366848
intact_t4,2365,0.029040719102668533
intact_t4,2366,0.061893298427776786
intact_t4,2367,0.028279887856453193
intact_t4,2368,0.06353801730366848
intact_t4,2369,0.02478392342777679
intact_t4,2370,0.028981011742067894
intact_t4,2371,0.043463147614753075
intact_t4,2372,0.022043194794852606
intact_t4,2373,0.038741921922569006
intact_t4,2374,0.03316270035645319
intact_t4,2375,0.02844618948376801
intact_t4,2376,0.04356502706196837
intact_t4,2377,0.04482133584957643
intact_t4,2378,0.03392393874894466
intact_t4,2379,0.033011798429044184
intact_t4,2380,0.0408506636694769
intact_t4,2381,0.02686158511475308
intact_t4,2382,0.046452542475353714
intact_t4,2383,0.02746962698376801
intact_t4,2384,0.03706895035645319
intact_t4,2385,0.04872758584957643
intact_t4,2386,0.0320616011694769
intact_t4,2387,0.03511582535645319
intact_t4,2388,0.03798539834957643
intact_t4,2389,0.04592243503655272
intact_t4,2390,0.046268298427776786
intact_t4,2391,0.03363740810787631
intact_t4,2392,0.018012408107876316
intact_t4,2393,0.02932087253655272
intact_t4,2394,0.04976426285645319
intact_t4,2395,0.030707720607876316
intact_t4,2396,0.0275941636707443
intact_t4,2397,0.03804551285645319
intact_t4,2398,0.0408506636694769
intact_t4,2399,0.03218613785645319
intact_t4,2400,0.038746636742067894
intact_t4,2401,0.04097520035645319
intact_t4,2402,0.03902207535645319
intact_t4,2403,0.05682661649064477
intact_t4,2404,0.06060832980366848
intact_t4,2405,0.0372217397336536
intact_t4,2406,0.02150837253655272
intact_t4,2407,0.0557764272336536
intact_t4,2408,0.07147505399064477
intact_t4,2409,0.03511582535645319
intact_t4,2410,0.04091508584957643
intact_t4,2411,0.027027886742067894
intact_t4,2412,0.047304568288377424
intact_t4,2413,0.02210290215545324
intact_t4,2414,0.02655317899064477
intact_t4,2415,0.05269395035645319
intact_t4,2416,0.04195176285645319
intact_t4,2417,0.04413130399064477
intact_t4,2418,0.04097520035645319
intact_t4,2419,0.013950541360968417
intact_t4,2420,0.050299085114753075
intact_t4,2421,0.0398741011694769
intact_t4,2422,0.055328655960191035
intact_t4,2423,0.04303020480366848
intact_t4,2424,0.04999067899064477
intact_t4,2425,0.02490846011475308
intact_t4,2426,0.030869714561968367
intact_t4,2427,0.03912395480366848
intact_t4,2428,0.03706895035645319
intact_t4,2429,0.025225663669476903
intact_t4,2430,0.042486585114753075
intact_t4,2431,0.051437234422569006
intact_t4,2432,0.02686158511475308
intact_t4,2433,0.05654008584957643
intact_t4,2434,0.03615681003655272
intact_t4,2435,0.0264795522336536
intact_t4,2436,0.03924849149064477
intact_t4,2437,0.012668947259567534
intact_t4,2438,0.03241255399064477
intact_t4,2439,0.033697522614753075
intact_t4,2440,0.03713337253655272
intact_t4,2441,0.0613584761694769
intact_t4,2442,0.025949444794852606
intact_t4,2443,0.05345518874894466
intact_t4,2444,0.028064563748944657
intact_t4,2445,0.05367051285645319
intact_t4,2446,0.04303020480366848
intact_t4,2447,0.043398318288377424
intact_t4,2448,0.02948286649064477
intact_t4,2449,0.034549548427776786
intact_t4,2450,0.0460108022336536
intact_t4,2451,0.04120161649064477
intact_t4,2452,0.03934116636096842
intact_t4,2453,0.03451846836784518
intact_t4,2454,0.03114946084957643
intact_t4,2455,0.04340303310787631
intact_t4,2456,0.031910699242067894
intact_t4,2457,0.05040096456196837
intact_t4,2458,0.018731474413753127
intact_t4,2459,0.04242647060787631
intact_t4,2460,0.03999863785645319
intact_t4,2461,0.04292832535645319
intact_t4,2462,0.041796146109545296
intact_t4,2463,0.03675133965545324
intact_t4,2464,0.06305410497535371
intact_t4,2465,0.032882546922569006
intact_t4,2466,0.02935832980366848
intact_t4,2467,0.03076783511475308
intact_t4,2468,0.06050645035645319
intact_t4,2469,0.06646770480366848
intact_t4,2470,0.02639118503655272
intact_t4,2471,0.042362048427776786
intact_t4,2472,0.0340147261694769
intact_t4,2473,0.018136944794852606
intact_t4,2474,0.01738505098597659
intact_t4,2475,0.046539593460191035
intact_t4,2476,0.043463147614753075
intact_t4,2477,0.04781113785645319
intact_t4,2478,0.0476866011694769
intact_t4,2479,0.02362349149064477
intact_t4,2480,0.03518024753655272
intact_t4,2481,0.040408923427776786
intact_t4,2482,0.04295657804667731
intact_t4,2483,0.04396931003655272
intact_t4,2484,0.0366916322948526
intact_t4,2485,0.03413926285645319
intact_t4,2486,0.03404806828964482
intact_t4,2487,0.0496397261694769
intact_t4,2488,0.033572985927776786
intact_t4,2489,0.041569729975353714
intact_t4,2490,0.023397075356453193
intact_t4,2491,0.03341736918086889
intact_t4,2492,0.04047334560787631
intact_t4,2493,0.029893152061968367
intact_t4,2494,0.058111585114753075
intact_t4,2495,0.045291735927776786
intact_t4,2496,0.020090069794852606
intact_t4,2497,0.02991540215545324
intact_t4,2498,0.0496397261694769
intact_t4,2499,0.03713337253655272
intact_t4,2500,0.052187380788377424
intact_t4,2501,0.032596423427776786
intact_t4,2502,0.039843021109545296
intact_t4,2503,0.04579789834957643
intact_t4,2504,0.023246173429044184
intact_t4,2505,0.058273171922569006
intact_t4,2506,0.03810993503655272
intact_t4,2507,0.05528377706196837
intact_t4,2508,0.04217817899064477
intact_t4,2509,0.019335208609545296
intact_t4,2510,0.03218613785645319
intact_t4,2511,0.032030521109545296
intact_t4,2512,0.026385701157790202
intact_t4,2513,0.06872923592777679
intact_t4,2514,0.04510786649064477
intact_t4,2515,0.05235408956196837
intact_t4,2516,0.06538926285645319
intact_t4,2517,0.06050645035645319
intact_t4,2518,0.02771361092777679
intact_t4,2519,0.026326762856453193
intact_t4,2520,0.02724321084957643
intact_t4,2521,0.0412660386707443
intact_t4,2522,0.04602431448376801
intact_t4,2523,0.028754595607876316
intact_t4,2524,0.021288333609545296
intact_t4,2525,0.05275837253655272
intact_t4,2526,0.0388975386694769
intact_t4,2527,0.026926007294852606
intact_t4,2528,0.021228626248944657
intact_t4,2529,0.028064563748944657
intact_t4,2530,0.0284326772336536
intact_t4,2531,0.0535459761694769
intact_t4,2532,0.02664585386096842
intact_t4,2533,0.02478392342777679
intact_t4,2534,0.03436567899064477
intact_t4,2535,0.037603772614753075
intact_t4,2536,0.05660020035645319
intact_t4,2537,0.0418272261694769
intact_t4,2538,0.053104235927776786
intact_t4,2539,0.030994251248944657
intact_t4,2540,0.031209575356453193
intact_t4,2541,0.026175860929044184
intact_t4,2542,0.03017289834957643
intact_t4,2543,0.019872998244276477
intact_t4,2544,0.023614286913753127
intact_t4,2545,0.04189164834957643
intact_t4,2546,0.03717082980366848
intact_t4,2547,0.04242647060787631
intact_t4,2548,0.0506162886694769
intact_t4,2549,0.03127399753655272
intact_t4,2550,0.04479025578964482
intact_t4,2551,0.032596423427776786
intact_t4,2552,0.0354066636707443
intact_t4,2553,0.04010051730366848
intact_t4,2554,0.024158313748944657
intact_t4,2555,0.03218613785645319
intact_t4,2556,0.033697522614753075
intact_t4,2557,0.03127399753655272
intact_t4,2558,0.04390488785645319
intact_t4,2559,0.03322712253655272
intact_t4,2560,0.03821181448376801
intact_t4,2561,0.05279582980366848
intact_t4,2562,0.03436567899064477
intact_t4,2563,0.02639118503655272
intact_t4,2564,0.04135440586784518
intact_t4,2565,0.022038479975353714
intact_t4,2566,0.02783814761475308
intact_t4,2567,0.03505571084957643
intact_t4,2568,0.03896196084957643
intact_t4,2569,0.03631880399064477
intact_t4,2570,0.03587706374894466
intact_t4,2571,0.029957574242067894
intact_t4,2572,0.03880634410266853
intact_t4,2573,0.026326762856453193
intact_t4,2574,0.0422426011707443
intact_t4,2575,0.03880971862537595
intact_t4,2576,0.0506162886694769
intact_t4,2577,0.04759581374894466
intact_t4,2578,0.04242647060787631
intact_t4,2579,0.055241604975353714
intact_t4,2580,0.0349912886694769
intact_t4,2581,0.020942095607876316
intact_t4,2582,0.020090069794852606
intact_t4,2583,0.05487349149064477
intact_t4,2584,0.024848345607876316
intact_t4,2585,0.0545225386694769
intact_t4,2586,0.0330381636694769
intact_t4,2587,0.026111031602668533
intact_t4,2588,0.0490785386707443
intact_t4,2589,0.04872758584957643
intact_t4,2590,0.03902207535645319
intact_t4,2591,0.03534224149064477
intact_t4,2592,0.03197081374894466
intact_t4,2593,0.0662412886694769
intact_t4,2594,0.04797743948376801
intact_t4,2595,0.055181897614753075
intact_t4,2596,0.06482298592777679
intact_t4,2597,0.04292832535645319
intact_t4,2598,0.04006306003655272
intact_t4,2599,0.04315474149064477
intact_t4,2600,0.026326762856453193
intact_t4,2601,0.027303325356453193
intact_t4,2602,0.04075987624894466
intact_t4,2603,0.013291589561968367
intact_t4,2604,0.02935832980366848
intact_t4,2605,0.04986614230366848
intact_t4,2606,0.03435647441375313
intact_t4,2607,0.029041126248944657
intact_t4,2608,0.029105548429044184
intact_t4,2609,0.036627210114753075
intact_t4,2610,0.03039931448376801
intact_t4,2611,0.0327853822948526
intact_t4,2612,0.016778349413753127
intact_t4,2613,0.02979127261475308
intact_t4,2614,0.03424114230366848
intact_t4,2615,0.059940173427776786
intact_t4,2616,0.04901411649064477
intact_t4,2617,0.02919633584957643
intact_t4,2618,0.03436567899064477
intact_t4,2619,0.03026126554667731
intact_t4,2620,0.02626664834957643
intact_t4,2621,0.040593167475353714
intact_t4,2622,0.0357150697948526
intact_t4,2623,0.02979086546847695
intact_t4,2624,0.040012697259567534
intact_t4,2625,0.03084160187846806
intact_t4,2626,0.04022505399064477
intact_t4,2627,0.0303858022336536
intact_t4,2628,0.02881430296847695
intact_t4,2629,0.05181926730366848
intact_t4,2630,0.06482298592777679
intact_t4,2631,0.05194380399064477
intact_t4,2632,0.026046609422569006
intact_t4,2633,0.027940027061968367
intact_t4,2634,0.03685321910266853
intact_t4,2635,0.05919002706196837
intact_t4,2636,0.041510022614753075
intact_t4,2637,0.041676324242067894
intact_t4,2638,0.026111438748944657
intact_t4,2639,0.036106447259567534
intact_t4,2640,0.0388975386694769
intact_t4,2641,0.0366916322948526
intact_t4,2642,0.03714271712016817
intact_t4,2643,0.023489750226776837
intact_t4,2644,0.03609238785645319
intact_t4,2645,0.035650647614753075
intact_t4,2646,0.03870446465545324
intact_t4,2647,0.04885212253655272
intact_t4,2648,0.02736774753655272
intact_t4,2649,0.03924849149064477
intact_t4,2650,0.0366916322948526
intact_t4,2651,0.03326457980366848
intact_t4,2652,0.02881471011475308
intact_t4,2653,0.0623350386694769
intact_t4,2654,0.050358792475353714
intact_t4,2655,0.043463147614753075
intact_t4,2656,0.0323389272336536
intact_t4,2657,0.03949678310787631
intact_t4,2658,0.032596423427776786
intact_t4,2659,0.022145074242067894
intact_t4,2660,0.03672908956196837
intact_t4,2661,0.038640042475353714
intact_t4,2662,0.05676650198376801
intact_t4,2663,0.020252063748944657
intact_t4,2664,0.030869714561968367
intact_t4,2665,0.06286986092777679
intact_t4,2666,0.03039931448376801
intact_t4,2667,0.04677446084957643
intact_t4,2668,0.031910699242067894
intact_t4,2669,0.0366916322948526
intact_t4,2670,0.05269395035645319
intact_t4,2671,0.033697522614753075
intact_t4,2672,0.043338610927776786
intact_t4,2673,0.03029743503655272
intact_t4,2674,0.03729536649064477
intact_t4,2675,0.025986902061968367
intact_t4,2676,0.03017289834957643
intact_t4,2677,0.045291735927776786
intact_t4,2678,0.03615681003655272
intact_t4,2679,0.04881595304667731
intact_t4,2680,0.0451722886707443
intact_t4,2681,0.05540790660266853
intact_t4,2682,0.050174548427776786
intact_t4,2683,0.03577477715545324
intact_t4,2684,0.0437803511694769
intact_t4,2685,0.031679568288377424
intact_t4,2686,0.03993852334957643
intact_t4,2687,0.015966748244276477
intact_t4,2688,0.04091508584957643
intact_t4,2689,0.03912395480366848
intact_t4,2690,0.026051324242067894
intact_t4,2691,0.03064329842777679
intact_t4,2692,0.04535615810787631
intact_t4,2693,0.03924849149064477
intact_t4,2694,0.0372217397336536
intact_t4,2695,0.03029743503655272
intact_t4,2696,0.020942095607876316
intact_t4,2697,0.03505571084957643
intact_t4,2698,0.016345813748944657
intact_t4,2699,0.04258846456196837
intact_t4,2700,0.04595989230366848
intact_t4,2701,0.03609238785645319
intact_t4,2702,0.03706895035645319
intact_t4,2703,0.03266084560787631
intact_t4,2704,0.0344301011707443
intact_t4,2705,0.03026126554667731
intact_t4,2706,0.03511582535645319
intact_t4,2707,0.03896196084957643
intact_t4,2708,0.047429104975353714
intact_t4,2709,0.0575767628564532
intact_t4,2710,0.04730928310787631
intact_t4,2711,0.03795431828964482
intact_t4,2712,0.022043194794852606
intact_t4,2713,0.0525694136694769
intact_t4,2714,0.03209494328964482
intact_t4,2715,0.029855694794852606
intact_t4,2716,0.03490050124894466
intact_t4,2717,0.035526110927776786
intact_t4,2718,0.04488145035645319
intact_t4,2719,0.0342920522336536
intact_t4,2720,0.04396931003655272
intact_t4,2721,0.02588502261475308
intact_t4,2722,0.030017688748944657
intact_t4,2723,0.04217817899064477
intact_t4,2724,0.03407914834957643
intact_t4,2725,0.015433673429044184
intact_t4,2726,0.04677446084957643
intact_t4,2727,0.03168428310787631
intact_t4,2728,0.025350200356453193
intact_t4,2729,0.048632083609545296
intact_t4,2730,0.0398741011694769
intact_t4,2731,0.02724321084957643
intact_t4,2732,0.04706099149064477
intact_t4,2733,0.053228772614753075
intact_t4,2734,0.0598207261707443
intact_t4,2735,0.02834431003655272
intact_t4,2736,0.030017688748944657
intact_t4,2737,0.0546470753564532
intact_t4,2738,0.03852022060787631
intact_t4,2739,0.027303325356453193
intact_t4,2740,0.05181926730366848
intact_t4,2741,0.044315173427776786
intact_t4,2742,0.030082110929044184
intact_t4,2743,0.03392393874894466
intact_t4,2744,0.05757676285645319
intact_t4,2745,0.04608442899064477
intact_t4,2746,0.044315173427776786
intact_t4,2747,0.03908649753655272
intact_t4,2748,0.030994251248944657
intact_t4,2749,0.029850979975353714
intact_t4,2750,0.05767864230366848
intact_t4,2751,0.04878770035645319
intact_t4,2752,0.0246644761707443
intact_t4,2753,0.040533460114753075
intact_t4,2754,0.03632177136707607
intact_t4,2755,0.030537275398590448
intact_t4,2756,0.024222735929044184
intact_t4,2757,0.033859109422569006
intact_t4,2758,0.03795431828964482
intact_t4,2759,0.03587706374894466
intact_t4,2760,0.011083935744276479
intact_t4,2761,0.0408506636694769
intact_t4,2762,0.04541586546847695
intact_t4,2763,0.03821181448376801
intact_t4,2764,0.0255029897336536
intact_t4,2765,0.0545225386694769
intact_t4,2766,0.04075987624894466
intact_t4,2767,0.0436721300177941
intact_t4,2768,0.024158313748944657
intact_t4,2769,0.04781113785645319
intact_t4,2770,0.03772790215545324
intact_t4,2771,0.0476866011694769
intact_t4,2772,0.04803755399064477
intact_t4,2773,0.03852022060787631
intact_t4,2774,0.052252210114753075
intact_t4,2775,0.038580335114753075
intact_t4,2776,0.05963176730366848
intact_t4,2777,0.04888957980366848
intact_t4,2778,0.032882546922569006
intact_t4,2779,0.03993852334957643
intact_t4,2780,0.025652264776093985
intact_t4,2781,0.03783018874894466
intact_t4,2782,0.033863824242067894
intact_t4,2783,0.03114946084957643
intact_t4,2784,0.024098199242067894
intact_t4,2785,0.025199298429044184
intact_t4,2786,0.02746962698376801
intact_t4,2787,0.02850927136707607
intact_t4,2788,0.0349912886694769
intact_t4,2789,0.02752974149064477
intact_t4,2790,0.03158878086784518
intact_t4,2791,0.035941485929044184
intact_t4,2792,0.03407914834957643
intact_t4,2793,0.02932087253655272
intact_t4,2794,0.02948286649064477
intact_t4,2795,0.04535615810787631
intact_t4,2796,0.04390488785645319
intact_t4,2797,0.029893152061968367
intact_t4,2798,0.05377239230366848
intact_t4,2799,0.04693645480366848
intact_t4,2800,0.03999863785645319
intact_t4,2801,0.0467100386694769
intact_t4,2802,0.03197081374894466
intact_t4,2803,0.05780317899064477
intact_t4,2804,0.04878770035645319
intact_t4,2805,0.05572551730366848
intact_t4,2806,0.03502463078964482
intact_t4,2807,0.05080524753655272
intact_t4,2808,0.02279971836784518
intact_t4,2809,0.03127399753655272
intact_t4,2810,0.03076783511475308
intact_t4,2811,0.0246644761707443
intact_t4,2812,0.04006306003655272
intact_t4,2813,0.03322712253655272
intact_t4,2814,0.03452143574427648
intact_t4,2815,0.057987048427776786
intact_t4,2816,0.03713337253655272
intact_t4,2817,0.025949444794852606
intact_t4,2818,0.04006306003655272
intact_t4,2819,0.039843021109545296
intact_t4,2820,0.03436567899064477
intact_t4,2821,0.053104235927776786
intact_t4,2822,0.04299274753655272
intact_t4,2823,0.0447569136694769
intact_t4,2824,0.06268599149064477
intact_t4,2825,0.0363832261707443
intact_t4,2826,0.03908649753655272
intact_t4,2827,0.043463147614753075
intact_t4,2828,0.04201618503655272
intact_t4,2829,0.0529847886707443
intact_t4,2830,0.04295657804667731
intact_t4,2831,0.023305880789644823
intact_t4,2832,0.029041126248944657
intact_t4,2833,0.04747127706196837
intact_t4,2834,0.034674085114753075
intact_t4,2835,0.03430556448376801
intact_t4,2836,0.043609905960191035
intact_t4,2837,0.028155351169476903
intact_t4,2838,0.04299274753655272
intact_t4,2839,0.05269395035645319
intact_t4,2840,0.03560433194616738
intact_t4,2841,0.019322489697893627
intact_t4,2842,0.058963610927776786
intact_t4,2843,0.0441957261707443
intact_t4,2844,0.026326762856453193
intact_t4,2845,0.03880634410266853
intact_t4,2846,0.033697522614753075
intact_t4,2847,0.0327853822948526
intact_t4,2848,0.0373597886707443
intact_t4,2849,0.03407914834957643
intact_t4,2850,0.04608442899064477
intact_t4,2851,0.03451846836784518
intact_t4,2852,0.04564268874894466
intact_t4,2853,0.03413926285645319
intact_t4,2854,0.027192848072591244
intact_t4,2855,0.037603772614753075
intact_t4,2856,0.031744397614753075
intact_t4,2857,0.029893152061968367
intact_t4,2858,0.031910699242067894
intact_t4,2859,0.02762241636096842
intact_t4,2860,0.03127399753655272
intact_t4,2861,0.04706099149064477
intact_t4,2862,0.0397658800177941
intact_t4,2863,0.044601296922569006
intact_t4,2864,0.04315474149064477
intact_t4,2865,0.0398741011694769
intact_t4,2866,0.034964923429044184
intact_t4,2867,0.049197985927776786
intact_t4,2868,0.04195176285645319
intact_t4,2869,0.03338911649064477
intact_t4,2870,0.0379209761694769
intact_t4,2871,0.03420368503655272
intact_t4,2872,0.06946181448376801
intact_t4,2873,0.051335354975353714
intact_t4,2874,0.06842082980366848
intact_t4,2875,0.030994251248944657
intact_t4,2876,0.02529008584957643
intact_t4,2877,0.033983646109545296
intact_t4,2878,0.021536625226776837
intact_t4,2879,0.0342920522336536
intact_t4,2880,0.047369397614753075
intact_t4,2881,0.03511582535645319
intact_t4,2882,0.03625868948376801
intact_t4,2883,0.033863824242067894
intact_t4,2884,0.04683457535645319
intact_t4,2885,0.045416272614753075
intact_t4,2886,0.05430721456196837
intact_t4,2887,0.05464707535645319
intact_t4,2888,0.027303325356453193
intact_t4,2889,0.05707490810787631
intact_t4,2890,0.0506162886694769
intact_t4,2891,0.03416751554667731
intact_t4,2892,0.028004449242067894
intact_t4,2893,0.059999880788377424
intact_t4,2894,0.031209575356453193
intact_t4,2895,0.0363832261707443
intact_t4,2896,0.04787556003655272
intact_t4,2897,0.0354066636707443
intact_t4,2898,0.02498222687846806
intact_t4,2899,0.03912395480366848
intact_t4,2900,0.030707720607876316
intact_t4,2901,0.03076783511475308
intact_t4,2902,0.04063533956196837
intact_t4,2903,0.04271300124894466
intact_t4,2904,0.06463911649064477
intact_t4,2905,0.049197985927776786
intact_t4,2906,0.02686158511475308
intact_t4,2907,0.0603819136694769
intact_t4,2908,0.04828584560787631
intact_t4,2909,0.04075987624894466
intact_t4,2910,0.03413926285645319
intact_t4,2911,0.05471149753655272
intact_t4,2912,0.04315474149064477
intact_t4,2913,0.017322376248944657
intact_t4,2914,0.0428037886694769
intact_t4,2915,0.030020656125375956
intact_t4,2916,0.04551815206196837
intact_t4,2917,0.03924849149064477
intact_t4,2918,0.04535615810787631
intact_t4,2919,0.03631880399064477
intact_t4,2920,0.038640042475353714
intact_t4,2921,0.02932087253655272
intact_t4,2922,0.02979127261475308
intact_t4,2923,0.04292832535645319
intact_t4,2924,0.0330381636694769
intact_t4,2925,0.02752974149064477
intact_t4,2926,0.018988970607876316
intact_t4,2927,0.03382165215545324
intact_t4,2928,0.05952988785645319
intact_t4,2929,0.03716162522677684
intact_t4,2930,0.05373493503655272
intact_t4,2931,0.03218613785645319
intact_t4,2932,0.03477596456196837
intact_t4,2933,0.03821181448376801
intact_t4,2934,0.032882546922569006
intact_t4,2935,0.033697522614753075
intact_t4,2936,0.034733792475353714
intact_t4,2937,0.0354066636707443
intact_t4,2938,0.016410235929044184
intact_t4,2939,0.04010051730366848
intact_t4,2940,0.04781113785645319
intact_t4,2941,0.029256450356453193
intact_t4,2942,0.03468342969836853
intact_t4,2943,0.037479235927776786
intact_t4,2944,0.032720960114753075
intact_t4,2945,0.04970414834957643
intact_t4,2946,0.04932211546847695
intact_t4,2947,0.04781113785645319
intact_t4,2948,0.05975630399064477
intact_t4,2949,0.038871173429044184
intact_t4,2950,0.04579789834957643
intact_t4,2951,0.02724321084957643
intact_t4,2952,0.022951960786716862
intact_t4,2953,0.03713337253655272
intact_t4,2954,0.024972882294852606
intact_t4,2955,0.027027886742067894
intact_t4,2956,0.05430721456196837
intact_t4,2957,0.03908649753655272
intact_t4,2958,0.018136944794852606
intact_t4,2959,0.023411134759567534
intact_t4,2960,0.02783814761475308
intact_t4,2961,0.037770074242067894
intact_t4,2962,0.04488145035645319
intact_t4,2963,0.036913333609545296
intact_t4,2964,0.04315474149064477
intact_t4,2965,0.03685321910266853
intact_t4,2966,0.03999863785645319
intact_t4,2967,0.03424114230366848
intact_t4,2968,0.0451722886707443
intact_t4,2969,0.03603227334957643
intact_t4,2970,0.04585801285645319
intact_t4,2971,0.014834428990644771
intact_t4,2972,0.03672908956196837
intact_t4,2973,0.041445193288377424
intact_t4,2974,0.033572985927776786
intact_t4,2975,0.0506162886694769
intact_t4,2976,0.05615805296847695
intact_t4,2977,0.03413926285645319
intact_t4,2978,0.023991604975353714
intact_t4,2979,0.08101426285645319
intact_t4,2980,0.04220643168086889
intact_t4,2981,0.051275647614753075
intact_t4,2982,0.02881471011475308
intact_t4,2983,0.061041272614753075
intact_t4,2984,0.02736774753655272
intact_t4,2985,0.04986614230366848
intact_t4,2986,0.03631880399064477
intact_t4,2987,0.0447569136694769
intact_t4,2988,0.04510786649064477
intact_t4,2989,0.04390488785645319
intact_t4,2990,0.034549548427776786
intact_t4,2991,0.037479235927776786
intact_t4,2992,0.04063533956196837
intact_t4,2993,0.02346149753655272
intact_t4,2994,0.03144681044971833
intact_t4,2995,0.02686158511475308
intact_t4,2996,0.053288479975353714
intact_t4,2997,0.03880675124894466
intact_t4,2998,0.042648171922569006
intact_t4,2999,0.028124271109545296
intact_t4,3000,0.04195176285645319
intact_t4,3001,0.03908649753655272
intact_t4,3002,0.05269395035645319
intact_t4,3003,0.027317384759567534
intact_t4,3004,0.04443930296847695
intact_t4,3005,0.045351443288377424
intact_t4,3006,0.0486631636694769
intact_t4,3007,0.033697522614753075
intact_t4,3008,0.04075987624894466
intact_t4,3009,0.03706895035645319
intact_t4,3010,0.04384477334957643
intact_t4,3011,0.04315474149064477
intact_t4,3012,0.031744397614753075
intact_t4,3013,0.05849321084957643
intact_t4,3014,0.04103962253655272
intact_t4,3015,0.04713412307909156
intact_t4,3016,0.04195176285645319
intact_t4,3017,0.022786999456193512
intact_t4,3018,0.041510022614753075
intact_t4,3019,0.0285707261707443
intact_t4,3020,0.04797743948376801
intact_t4,3021,0.04775102334957643
intact_t4,3022,0.045291735927776786
intact_t4,3023,0.0313623647336536
intact_t4,3024,0.0535459761694769
intact_t4,3025,0.04195176285645319
intact_t4,3026,0.0506162886694769
intact_t4,3027,0.02002564761475308
intact_t4,3028,0.035797405960191035
intact_t4,3029,0.039616604975353714
intact_t4,3030,0.04381369328964482
intact_t4,3031,0.048221423427776786
intact_t4,3032,0.03424114230366848
intact_t4,3033,0.03587706374894466
intact_t4,3034,0.03322712253655272
intact_t4,3035,0.03338911649064477
intact_t4,3036,0.03631880399064477
intact_t4,3037,0.037538943288377424
intact_t4,3038,0.04340303310787631
intact_t4,3039,0.02966673592777679
intact_t4,3040,0.0506162886694769
intact_t4,3041,0.030703005788377424
intact_t4,3042,0.041445193288377424
intact_t4,3043,0.02686158511475308
intact_t4,3044,0.038866458609545296
intact_t4,3045,0.03999863785645319
intact_t4,3046,0.0398741011694769
intact_t4,3047,0.03949678310787631
intact_t4,3048,0.02783814761475308
intact_t4,3049,0.03033489230366848
intact_t4,3050,0.05975630399064477
intact_t4,3051,0.03842471836784518
intact_t4,3052,0.02736774753655272
intact_t4,3053,0.029731158107876316
intact_t4,3054,0.030869714561968367
intact_t4,3055,0.053228772614753075
intact_t4,3056,0.020942095607876316
intact_t4,3057,0.030247072259567534
intact_t4,3058,0.0428037886694769
intact_t4,3059,0.0359678511694769
intact_t4,3060,0.050174548427776786
intact_t4,3061,0.0330381636694769
intact_t4,3062,0.03029743503655272
intact_t4,3063,0.014457110929044184
intact_t4,3064,0.034153322259567534
intact_t4,3065,0.02881430296847695
intact_t4,3066,0.023019757294852606
intact_t4,3067,0.04585801285645319
intact_t4,3068,0.028128985929044184
intact_t4,3069,0.046392835114753075
intact_t4,3070,0.03413926285645319
intact_t4,3071,0.056158460114753075
intact_t4,3072,0.035650647614753075
intact_t4,3073,0.04047334560787631
intact_t4,3074,0.027027886742067894
intact_t4,3075,0.06532914834957643
intact_t4,3076,0.028754595607876316
intact_t4,3077,0.04356502706196837
intact_t4,3078,0.0344301011707443
intact_t4,3079,0.017382083609545296
intact_t4,3080,0.05165727334957643
intact_t4,3081,0.02473801490546721
intact_t4,3082,0.0457334761694769
intact_t4,3083,0.042362048427776786
intact_t4,3084,0.034674085114753075
intact_t4,3085,0.0545225386694769
intact_t4,3086,0.038851630147167325
intact_t4,3087,0.05682661649064477
intact_t4,3088,0.03048768168086889
intact_t4,3089,0.030929421922569006
intact_t4,3090,0.042772708609545296
intact_t4,3091,0.03076783511475308
intact_t4,3092,0.06268599149064477
intact_t4,3093,0.01662556003655272
intact_t4,3094,0.04828584560787631
intact_t4,3095,0.03754365810787631
intact_t4,3096,0.046392835114753075
intact_t4,3097,0.022250067647167325
intact_t4,3098,0.03713337253655272
intact_t4,3099,0.05660020035645319
intact_t4,3100,0.03810993503655272
intact_t4,3101,0.0391748647336536
intact_t4,3102,0.01972020886707607
intact_t4,3103,0.03662680296847695
intact_t4,3104,0.0535459761694769
intact_t4,3105,0.03770565206196837
intact_t4,3106,0.02979127261475308
intact_t4,3107,0.0545225386694769
intact_t4,3108,0.029957574242067894
intact_t4,3109,0.03814739230366848
intact_t4,3110,0.05367051285645319
intact_t4,3111,0.04120161649064477
intact_t4,3112,0.0467100386694769
intact_t4,3113,0.03852022060787631
intact_t4,3114,0.05682661649064477
intact_t4,3115,0.03241255399064477
intact_t4,3116,0.025986902061968367
intact_t4,3117,0.040593167475353714
intact_t4,3118,0.04803755399064477
intact_t4,3119,0.030832257294852602
intact_t4,3120,0.03266084560787631
intact_t4,3121,0.0535459761694769
intact_t4,3122,0.02962082740546721
intact_t4,3123,0.05707490810787631
intact_t4,3124,0.04204443772677684
intact_t4,3125,0.04488145035645319
intact_t4,3126,0.027088001248944657
intact_t4,3127,0.04585801285645319
intact_t4,3128,0.0662412886694769
intact_t4,3129,0.0206201772336536
intact_t4,3130,0.03143599149064477
intact_t4,3131,0.05757676285645319
intact_t4,3132,0.030233012856453193
intact_t4,3133,0.026051324242067894
intact_t4,3134,0.04551815206196837
intact_t4,3135,0.042486585114753075
intact_t4,3136,0.02869017342777679
intact_t4,3137,0.0437803511694769
intact_t4,3138,0.02932087253655272
intact_t4,3139,0.036686917475353714
intact_t4,3140,0.0398741011694769
intact_t4,3141,0.039492068288377424
intact_t4,3142,0.0457334761694769
intact_t4,3143,0.0333154897336536
intact_t4,3144,0.03039931448376801
intact_t4,3145,0.03810993503655272
intact_t4,3146,0.02844618948376801
intact_t4,3147,0.02295533511475308
intact_t4,3148,0.050174548427776786
intact_t4,3149,0.04097520035645319
intact_t4,3150,0.031619860927776786
intact_t4,3151,0.04554040215545324
intact_t4,3152,0.04198001554667731
intact_t4,3153,0.02267518168086889
intact_t4,3154,0.04982868503655272
intact_t4,3155,0.0313623647336536
intact_t4,3156,0.03795431828964482
intact_t4,3157,0.04303020480366848
intact_t4,3158,0.02248493503655272
intact_t4,3159,0.0471254136707443
intact_t4,3160,0.0554991011694769
intact_t4,3161,0.04504775198376801
intact_t4,3162,0.03131145480366848
intact_t4,3163,0.03228801730366848
intact_t4,3164,0.03804551285645319
intact_t4,3165,0.032720960114753075
intact_t4,3166,0.016778349413753127
intact_t4,3167,0.03310258584957643
intact_t4,3168,0.02834431003655272
intact_t4,3169,0.022038479975353714
intact_t4,3170,0.04299274753655272
intact_t4,3171,0.040699761742067894
intact_t4,3172,0.04803755399064477
intact_t4,3173,0.03804551285645319
intact_t4,3174,0.038455798427776786
intact_t4,3175,0.03197081374894466
intact_t4,3176,0.03518024753655272
intact_t4,3177,0.0418272261694769
intact_t4,3178,0.0447569136694769
intact_t4,3179,0.019339923429044184
intact_t4,3180,0.03209494328964482
intact_t4,3181,0.07021196084957643
intact_t4,3182,0.03609238785645319
intact_t4,3183,0.03587706374894466
intact_t4,3184,0.05074082535645319
intact_t4,3185,0.042362048427776786
intact_t4,3186,0.0568910386707443
intact_t4,3187,0.03143599149064477
intact_t4,3188,0.03587706374894466
intact_t4,3189,0.029855694794852606
intact_t4,3190,0.040533460114753075
intact_t4,3191,0.03039931448376801
intact_t4,3192,0.0721006636694769
intact_t4,3193,0.01904908511475308
intact_t4,3194,0.027088001248944657
intact_t4,3195,0.032720960114753075
intact_t4,3196,0.017702661686976543
intact_t4,3197,0.0315004136707443
intact_t4,3198,0.052127673427776786
intact_t4,3199,0.050299085114753075
intact_t4,3200,0.0486631636694769
intact_t4,3201,0.0266176011707443
intact_t4,3202,0.02686158511475308
intact_t4,3203,0.054080798427776786
intact_t4,3204,0.03896196084957643
intact_t4,3205,0.037663479975353714
intact_t4,3206,0.03729536649064477
intact_t4,3207,0.03294737624894466
intact_t4,3208,0.061893298427776786
intact_t4,3209,0.04205364230366848
intact_t4,3210,0.025567411913753127
intact_t4,3211,0.045416272614753075
intact_t4,3212,0.04217817899064477
intact_t4,3213,0.026051324242067894
intact_t4,3214,0.03619426730366848
intact_t4,3215,0.028754595607876316
intact_t4,3216,0.032030521109545296
intact_t4,3217,0.04217817899064477
intact_t4,3218,0.020632349186976543
intact_t4,3219,0.03902207535645319
intact_t4,3220,0.04292832535645319
intact_t4,3221,0.033572985927776786
intact_t4,3222,0.04120161649064477
intact_t4,3223,0.05367051285645319
intact_t4,3224,0.04885212253655272
intact_t4,3225,0.03706895035645319
intact_t4,3226,0.02869017342777679
intact_t4,3227,0.04201618503655272
intact_t4,3228,0.035812234422569006
intact_t4,3229,0.050174548427776786
intact_t4,3230,0.02365174418086889
intact_t4,3231,0.038455798427776786
intact_t4,3232,0.02951111918086889
intact_t4,3233,0.023019757294852606
intact_t4,3234,0.03534224149064477
intact_t4,3235,0.035650647614753075
intact_t4,3236,0.03528212698376801
intact_t4,3237,0.0324769761707443
intact_t4,3238,0.05780317899064477
intact_t4,3239,0.019113507294852606
intact_t4,3240,0.041385485927776786
intact_t4,3241,0.03029743503655272
intact_t4,3242,0.04097520035645319
intact_t4,3243,0.025944729975353714
intact_t4,3244,0.044315173427776786
intact_t4,3245,0.0428037886694769
intact_t4,3246,0.034840386742067894
intact_t4,3247,0.027940027061968367
intact_t4,3248,0.027902569794852606
intact_t4,3249,0.0359678511694769
intact_t4,3250,0.041445193288377424
intact_t4,3251,0.034609255788377424
intact_t4,3252,0.02443806003655272
intact_t4,3253,0.0422426011707443
intact_t4,3254,0.046452542475353714
intact_t4,3255,0.05946977334957643
intact_t4,3256,0.02783814761475308
intact_t4,3257,0.02821977334957643
intact_t4,3258,0.04683457535645319
intact_t4,3259,0.02161025198376801
intact_t4,3260,0.037603772614753075
intact_t4,3261,0.04986614230366848
intact_t4,3262,0.0320616011694769
intact_t4,3263,0.026801470607876316
intact_t4,3264,0.050585208609545296
intact_t4,3265,0.01857868503655272
intact_t4,3266,0.04103962253655272
intact_t4,3267,0.0343167905891177
intact_t4,3268,0.03713337253655272
intact_t4,3269,0.033863824242067894
intact_t4,3270,0.023181751248944657
intact_t4,3271,0.03168428310787631
intact_t4,3272,0.03490050124894466
intact_t4,3273,0.03064329842777679
intact_t4,3274,0.029731158107876316
intact_t4,3275,0.03518024753655272
intact_t4,3276,0.02649306448376801
intact_t4,3277,0.03978331374894466
intact_t4,3278,0.03511582535645319
intact_t4,3279,0.0422426011707443
intact_t4,3280,0.053104235927776786
intact_t4,3281,0.030997218625375956
intact_t4,3282,0.03685362624894466
intact_t4,3283,0.014230694794852606
intact_t4,3284,0.054080798427776786
intact_t4,3285,0.039723199242067894
intact_t4,3286,0.04706099149064477
intact_t4,3287,0.038866458609545296
intact_t4,3288,0.03029743503655272
intact_t4,3289,0.038580335114753075
intact_t4,3290,0.01857868503655272
intact_t4,3291,0.03918837698376801
intact_t4,3292,0.040533460114753075
intact_t4,3293,0.036686917475353714
intact_t4,3294,0.044606011742067894
intact_t4,3295,0.05361039834957643
intact_t4,3296,0.03332900198376801
intact_t4,3297,0.045475979975353714
intact_t4,3298,0.0295472886707443
intact_t4,3299,0.026926007294852606
intact_t4,3300,0.056320046922569006
intact_t4,3301,0.028754595607876316
intact_t4,3302,0.035650647614753075
intact_t4,3303,0.029044093625375956
intact_t4,3304,0.03717082980366848
intact_t4,3305,0.03615681003655272
intact_t4,3306,0.061202859422569006
intact_t4,3307,0.03999863785645319
intact_t4,3308,0.029256450356453193
intact_t4,3309,0.0476866011694769
intact_t4,3310,0.02844618948376801
intact_t4,3311,0.05279582980366848
intact_t4,3312,0.033863824242067894
intact_t4,3313,0.04510786649064477
intact_t4,3314,0.022329318289644823
intact_t4,3315,0.03284508965545324
intact_t4,3316,0.05367051285645319
intact_t4,3317,0.03197081374894466
intact_t4,3318,0.05367051285645319
intact_t4,3319,0.03218613785645319
intact_t4,3320,0.021443950356453193
intact_t4,3321,0.05083350022677684
intact_t4,3322,0.029855694794852606
intact_t4,3323,0.023019757294852606
intact_t4,3324,0.0447569136694769
intact_t4,3325,0.04120161649064477
intact_t4,3326,0.038866458609545296
intact_t4,3327,0.03310258584957643
intact_t4,3328,0.03505571084957643
intact_t4,3329,0.028981011742067894
intact_t4,3330,0.03868221456196837
intact_t4,3331,0.04661884410266853
intact_t4,3332,0.035650647614753075
intact_t4,3333,0.04258846456196837
intact_t4,3334,0.028879132294852606
intact_t4,3335,0.0496397261694769
intact_t4,3336,0.03521770480366848
intact_t4,3337,0.031744397614753075
intact_t4,3338,0.033572985927776786
intact_t4,3339,0.03168428310787631
intact_t4,3340,0.034840386742067894
intact_t4,3341,0.022043194794852606
intact_t4,3342,0.0437803511694769
intact_t4,3343,0.05029867796847695
intact_t4,3344,0.0318088197948526
intact_t4,3345,0.04504775198376801
intact_t4,3346,0.034549548427776786
intact_t4,3347,0.046268298427776786
intact_t4,3348,0.02881471011475308
intact_t4,3349,0.04010051730366848
intact_t4,3350,0.04999067899064477
intact_t4,3351,0.038580335114753075
intact_t4,3352,0.06482298592777679
intact_t4,3353,0.028279887856453193
intact_t4,3354,0.05269395035645319
intact_t4,3355,0.035650647614753075
intact_t4,3356,0.0236879136707443
intact_t4,3357,0.020252063748944657
intact_t4,3358,0.04689899753655272
intact_t4,3359,0.04872758584957643
intact_t4,3360,0.030934136742067894
intact_t4,3361,0.043629449242067894
intact_t4,3362,0.050174548427776786
intact_t4,3363,0.05626033956196837
intact_t4,3364,0.01889346836784518
intact_t4,3365,0.03322712253655272
intact_t4,3366,0.03241255399064477
intact_t4,3367,0.04730928310787631
intact_t4,3368,0.04204443772677684
intact_t4,3369,0.029041126248944657
intact_t4,3370,0.025010339561968367
intact_t4,3371,0.04016493948376801
intact_t4,3372,0.04299274753655272
intact_t4,3373,0.023121636742067894
intact_t4,3374,0.03413926285645319
intact_t4,3375,0.0344301011707443
intact_t4,3376,0.03477596456196837
intact_t4,3377,0.03908649753655272
intact_t4,3378,0.043463147614753075
intact_t4,3379,0.054205335114753075
intact_t4,3380,0.026114406125375956
intact_t4,3381,0.0217347886707443
intact_t4,3382,0.0373597886707443
intact_t4,3383,0.024862144446167377
intact_t4,3384,0.0388975386694769
intact_t4,3385,0.03685362624894466
intact_t4,3386,0.04010051730366848
intact_t4,3387,0.03168428310787631
intact_t4,3388,0.0642881636694769
intact_t4,3389,0.04803755399064477
intact_t4,3390,0.03322712253655272
intact_t4,3391,0.03123782804667731
intact_t4,3392,0.02830814054667731
intact_t4,3393,0.02834431003655272
intact_t4,3394,0.038580335114753075
intact_t4,3395,0.038640042475353714
intact_t4,3396,0.03127399753655272
intact_t4,3397,0.0584287886694769
intact_t4,3398,0.04872758584957643
intact_t4,3399,0.015842211557300187
intact_t4,3400,0.023019757294852606
intact_t4,3401,0.036627210114753075
intact_t4,3402,0.03184627706196837
intact_t4,3403,0.06561567899064477
intact_t4,3404,0.029855694794852606
intact_t4,3405,0.04592243503655272
intact_t4,3406,0.04107707980366848
intact_t4,3407,0.042421755788377424
intact_t4,3408,0.0408506636694769
intact_t4,3409,0.03902207535645319
intact_t4,3410,0.034835671922569006
intact_t4,3411,0.04114150198376801
intact_t4,3412,0.03266084560787631
intact_t4,3413,0.05121553310787631
intact_t4,3414,0.03294737624894466
intact_t4,3415,0.06775267342777679
intact_t4,3416,0.0295472886707443
intact_t4,3417,0.03439393168086889
intact_t4,3418,0.03490050124894466
intact_t4,3419,0.044315173427776786
intact_t4,3420,0.0422426011707443
intact_t4,3421,0.027897854975353714
intact_t4,3422,0.04242647060787631
intact_t4,3423,0.0334535386707443
intact_t4,3424,0.030994251248944657
intact_t4,3425,0.04488145035645319
intact_t4,3426,0.03490050124894466
intact_t4,3427,0.029855694794852606
intact_t4,3428,0.02302910187846806
intact_t4,3429,0.03534224149064477
intact_t4,3430,0.033697522614753075
intact_t4,3431,0.029855694794852606
intact_t4,3432,0.039616604975353714
intact_t4,3433,0.018301906125375956
intact_t4,3434,0.0294092397336536
intact_t4,3435,0.02264692899064477
intact_t4,3436,0.01955524753655272
intact_t4,3437,0.04774257209438262
intact_t4,3438,0.016285699242067894
intact_t4,3439,0.04633272060787631
intact_t4,3440,0.042486585114753075
intact_t4,3441,0.039556897614753075
intact_t4,3442,0.016344066305877064
intact_t4,3443,0.0285707261707443
intact_t4,3444,0.04689899753655272
intact_t4,3445,0.04407118948376801
intact_t4,3446,0.03197081374894466
intact_t4,3447,0.05587830668086889
intact_t4,3448,0.045582574242067894
intact_t4,3449,0.050460671922569006
intact_t4,3450,0.03184627706196837
intact_t4,3451,0.032720960114753075
intact_t4,3452,0.02686158511475308
intact_t4,3453,0.04286821084957643
intact_t4,3454,0.036913333609545296
intact_t4,3455,0.0366916322948526
intact_t4,3456,0.015842211557300187
intact_t4,3457,0.05713461546847695
intact_t4,3458,0.03413926285645319
intact_t4,3459,0.050174548427776786
intact_t4,3460,0.04585801285645319
intact_t4,3461,0.02576048592777679
intact_t4,3462,0.02834431003655272
intact_t4,3463,0.030017688748944657
intact_t4,3464,0.03338911649064477
intact_t4,3465,0.05074082535645319
intact_t4,3466,0.040408923427776786
intact_t4,3467,0.02572940586784518
intact_t4,3468,0.02333696084957643
intact_t4,3469,0.05865520480366848
intact_t4,3470,0.0275941636707443
intact_t4,3471,0.03143599149064477
intact_t4,3472,0.01845414834957643
intact_t4,3473,0.03089196465545324
intact_t4,3474,0.057301324242067894
intact_t4,3475,0.03993852334957643
intact_t4,3476,0.03332900198376801
intact_t4,3477,0.052311917475353714
intact_t4,3478,0.026051324242067894
intact_t4,3479,0.03282283956196837
intact_t4,3480,0.034674085114753075
intact_t4,3481,0.01662556003655272
intact_t4,3482,0.0366916322948526
intact_t4,3483,0.020252063748944657
intact_t4,3484,0.04828584560787631
intact_t4,3485,0.020252063748944657
intact_t4,3486,0.04091508584957643
intact_t4,3487,0.06872923592777679
intact_t4,3488,0.01807252261475308
intact_t4,3489,0.035650647614753075
intact_t4,3490,0.055343484422569006
intact_t4,3491,0.033697522614753075
intact_t4,3492,0.03713337253655272
intact_t4,3493,0.05821346456196837
intact_t4,3494,0.039432360927776786
intact_t4,3495,0.04413130399064477
intact_t4,3496,0.047369397614753075
intact_t4,3497,0.04097520035645319
intact_t4,3498,0.03713337253655272
intact_t4,3499,0.04309462698376801
intact_t4,3500,0.03609238785645319
intact_t4,3501,0.030707720607876316
intact_t4,3502,0.05137752706196837
intact_t4,3503,0.03241255399064477
intact_t4,3504,0.03965877706196837
intact_t4,3505,0.042362048427776786
intact_t4,3506,0.0333154897336536
intact_t4,3507,0.041385485927776786
intact_t4,3508,0.05181926730366848
intact_t4,3509,0.03993852334957643
intact_t4,3510,0.049382229975353714
intact_t4,3511,0.046268298427776786
intact_t4,3512,0.04976426285645319
intact_t4,3513,0.03999863785645319
intact_t4,3514,0.036686917475353714
intact_t4,3515,0.029256450356453193
intact_t4,3516,0.03369711546847695
intact_t4,3517,0.035650647614753075
intact_t4,3518,0.032035235929044184
intact_t4,3519,0.04585801285645319
intact_t4,3520,0.0393129136707443
intact_t4,3521,0.029041126248944657
intact_t4,3522,0.04097520035645319
intact_t4,3523,0.07893660116947691
intact_t4,3524,0.04888957980366848
intact_t4,3525,0.04683457535645319
intact_t4,3526,0.0324769761707443
intact_t4,3527,0.02545207980366848
intact_t4,3528,0.04097520035645319
intact_t4,3529,0.04286821084957643
intact_t4,3530,0.03227881272677684
intact_t4,3531,0.04982868503655272
intact_t4,3532,0.0447569136694769
intact_t4,3533,0.03810993503655272
intact_t4,3534,0.032720960114753075
intact_t4,3535,0.05052550124894466
intact_t4,3536,0.043463147614753075
intact_t4,3537,0.0440576772336536
intact_t4,3538,0.040533460114753075
intact_t4,3539,0.02551650198376801
intact_t4,3540,0.048221423427776786
intact_t4,3541,0.0256410386707443
intact_t4,3542,0.05389692899064477
intact_t4,3543,0.034674085114753075
intact_t4,3544,0.04390488785645319
intact_t4,3545,0.04878770035645319
intact_t4,3546,0.06923539834957643
intact_t4,3547,0.044439710114753075
intact_t4,3548,0.03902207535645319
intact_t4,3549,0.07124863785645319
intact_t4,3550,0.04393314054667731
intact_t4,3551,0.036502673427776786
intact_t4,3552,0.03477596456196837
intact_t4,3553,0.05023897060787631
intact_t4,3554,0.038580335114753075
intact_t4,3555,0.0275941636707443
intact_t4,3556,0.021228626248944657
intact_t4,3557,0.043338610927776786
intact_t4,3558,0.04120161649064477
intact_t4,3559,0.053390359422569006
intact_t4,3560,0.038580335114753075
intact_t4,3561,0.03770565206196837
intact_t4,3562,0.028981011742067894
intact_t4,3563,0.04683457535645319
intact_t4,3564,0.02431352334957643
intact_t4,3565,0.029131913669476903
intact_t4,3566,0.03127399753655272
intact_t4,3567,0.03518024753655272
intact_t4,3568,0.017386798429044184
intact_t4,3569,0.0327853822948526
intact_t4,3570,0.028879132294852606
intact_t4,3571,0.047244860927776786
intact_t4,3572,0.03798539834957643
intact_t4,3573,0.0379209761694769
intact_t4,3574,0.06677611092777679
intact_t4,3575,0.02783814761475308
intact_t4,3576,0.03810993503655272
intact_t4,3577,0.0412660386707443
intact_t4,3578,0.03218613785645319
intact_t4,3579,0.04205364230366848
intact_t4,3580,0.03754365810787631
intact_t4,3581,0.03804551285645319
intact_t4,3582,0.019490825356453193
intact_t4,3583,0.0333154897336536
intact_t4,3584,0.04976426285645319
intact_t4,3585,0.0373597886707443
intact_t4,3586,0.023057214561968367
intact_t4,3587,0.03713337253655272
intact_t4,3588,0.0476866011694769
intact_t4,3589,0.01779236918086889
intact_t4,3590,0.0408506636694769
intact_t4,3591,0.02447551730366848
intact_t4,3592,0.0401514272336536
intact_t4,3593,0.05023897060787631
intact_t4,3594,0.038580335114753075
intact_t4,3595,0.049322522614753075
intact_t4,3596,0.01658939054667731
intact_t4,3597,0.06060832980366848
intact_t4,3598,0.0515928511694769
intact_t4,3599,0.04065758965545324
intact_t4,3600,0.03716162522677684
intact_t4,3601,0.0408506636694769
intact_t4,3602,0.0428037886694769
intact_t4,3603,0.020311771109545296
intact_t4,3604,0.04781113785645319
intact_t4,3605,0.028279887856453193
intact_t4,3606,0.02478392342777679
intact_t4,3607,0.037603772614753075
intact_t4,3608,0.0227113511707443
intact_t4,3609,0.04150961546847695
intact_t4,3610,0.03413926285645319
intact_t4,3611,0.037603772614753075
intact_t4,3612,0.01917321465545324
intact_t4,3613,0.039616604975353714
intact_t4,3614,0.022876312501267648
intact_t4,3615,0.03675133965545324
intact_t4,3616,0.04006306003655272
intact_t4,3617,0.039616604975353714
intact_t4,3618,0.0347385072948526
intact_t4,3619,0.02979127261475308
intact_t4,3620,0.03490050124894466
intact_t4,3621,0.039432360927776786
intact_t4,3622,0.03490050124894466
intact_t4,3623,0.04016493948376801
intact_t4,3624,0.03197081374894466
intact_t4,3625,0.02248493503655272
intact_t4,3626,0.039718484422569006
intact_t4,3627,0.02447551730366848
intact_t4,3628,0.06299399046847695
intact_t4,3629,0.06463911649064477
intact_t4,3630,0.03662680296847695
intact_t4,3631,0.06245957535645319
intact_t4,3632,0.033863824242067894
intact_t4,3633,0.03477596456196837
intact_t4,3634,0.02736774753655272
intact_t4,3635,0.03924849149064477
intact_t4,3636,0.020252063748944657
intact_t4,3637,0.04022505399064477
intact_t4,3638,0.040533460114753075
intact_t4,3639,0.03559053310787631
intact_t4,3640,0.0294092397336536
intact_t4,3641,0.045291735927776786
intact_t4,3642,0.03137587698376801
intact_t4,3643,0.02490846011475308
intact_t4,3644,0.05171738785645319
intact_t4,3645,0.029044093625375956
intact_t4,3646,0.03631880399064477
intact_t4,3647,0.043338610927776786
intact_t4,3648,0.05099549418086889
intact_t4,3649,0.04693645480366848
intact_t4,3650,0.0295472886707443
intact_t4,3651,0.028293947259567534
intact_t4,3652,0.028879132294852606
intact_t4,3653,0.030108476169476903
intact_t4,3654,0.02371482606417695
intact_t4,3655,0.023411134759567534
intact_t4,3656,0.027902569794852606
intact_t4,3657,0.0623350386694769
intact_t4,3658,0.03559053310787631
intact_t4,3659,0.030994251248944657
intact_t4,3660,0.03338911649064477
intact_t4,3661,0.04592243503655272
intact_t4,3662,0.02752974149064477
intact_t4,3663,0.03089196465545324
intact_t4,3664,0.02576048592777679
intact_t4,3665,0.06142289834957643
intact_t4,3666,0.0359678511694769
intact_t4,3667,0.0451722886707443
intact_t4,3668,0.024222735929044184
intact_t4,3669,0.030017688748944657
intact_t4,3670,0.028279887856453193
intact_t4,3671,0.035526110927776786
intact_t4,3672,0.02267518168086889
intact_t4,3673,0.03310258584957643
intact_t4,3674,0.038580335114753075
intact_t4,3675,0.03131145480366848
intact_t4,3676,0.03672908956196837
intact_t4,3677,0.0337619447948526
intact_t4,3678,0.041569729975353714
intact_t4,3679,0.035650647614753075
intact_t4,3680,0.020316485929044184
intact_t4,3681,0.04562745314029056
intact_t4,3682,0.0327853822948526
intact_t4,3683,0.03305667732726685
intact_t4,3684,0.05662845304667731
intact_t4,3685,0.02460005399064477
intact_t4,3686,0.036502673427776786
intact_t4,3687,0.028874417475353714
intact_t4,3688,0.03754365810787631
intact_t4,3689,0.03284508965545324
intact_t4,3690,0.02346149753655272
intact_t4,3691,0.04201618503655272
intact_t4,3692,0.02063368948376801
intact_t4,3693,0.038640042475353714
intact_t4,3694,0.039556897614753075
intact_t4,3695,0.05946977334957643
intact_t4,3696,0.04384477334957643
intact_t4,3697,0.030017688748944657
intact_t4,3698,0.0324769761707443
intact_t4,3699,0.04683457535645319
intact_t4,3700,0.024222735929044184
intact_t4,3701,0.03064329842777679
intact_t4,3702,0.02248493503655272
intact_t4,3703,0.03770565206196837
intact_t4,3704,0.03496317598597659
intact_t4,3705,0.02069380399064477
intact_t4,3706,0.024972882294852606
intact_t4,3707,0.0256410386707443
intact_t4,3708,0.0373597886707443
intact_t4,3709,0.036627210114753075
intact_t4,3710,0.029893152061968367
intact_t4,3711,0.05849321084957643
intact_t4,3712,0.04595989230366848
intact_t4,3713,0.030017688748944657
intact_t4,3714,0.04292832535645319
intact_t4,3715,0.03706895035645319
intact_t4,3716,0.03770565206196837
intact_t4,3717,0.04053305296847695
intact_t4,3718,0.0486631636694769
intact_t4,3719,0.02588502261475308
intact_t4,3720,0.0398741011694769
intact_t4,3721,0.05194380399064477
intact_t4,3722,0.051210818288377424
intact_t4,3723,0.012121953047944707
intact_t4,3724,0.04878770035645319
intact_t4,3725,0.05474895480366848
intact_t4,3726,0.046268298427776786
intact_t4,3727,0.03316270035645319
intact_t4,3728,0.0603819136694769
intact_t4,3729,0.03814739230366848
intact_t4,3730,0.02053181003655272
intact_t4,3731,0.0196436147336536
intact_t4,3732,0.02014977715545324
intact_t4,3733,0.039556897614753075
intact_t4,3734,0.040408923427776786
intact_t4,3735,0.03697775578964482
intact_t4,3736,0.03810993503655272
intact_t4,3737,0.03619426730366848
intact_t4,3738,0.014452396109545294
intact_t4,3739,0.04579789834957643
intact_t4,3740,0.024282443289644823
intact_t4,3741,0.04022505399064477
intact_t4,3742,0.02655614636707607
intact_t4,3743,0.04340303310787631
intact_t4,3744,0.0324769761707443
intact_t4,3745,0.02783814761475308
intact_t4,3746,0.03218613785645319
intact_t4,3747,0.03436567899064477
intact_t4,3748,0.03821181448376801
intact_t4,3749,0.03615681003655272
intact_t4,3750,0.03713337253655272
intact_t4,3751,0.034674085114753075
intact_t4,3752,0.028662060744276477
intact_t4,3753,0.059940173427776786
intact_t4,3754,0.03114946084957643
intact_t4,3755,0.03123782804667731
intact_t4,3756,0.042772708609545296
intact_t4,3757,0.04292832535645319
intact_t4,3758,0.04299274753655272
intact_t4,3759,0.040533460114753075
intact_t4,3760,0.03654818750126765
intact_t4,3761,0.03700883584957643
intact_t4,3762,0.03706895035645319
intact_t4,3763,0.054205335114753075
intact_t4,3764,0.033697522614753075
intact_t4,3765,0.04488145035645319
intact_t4,3766,0.030017688748944657
intact_t4,3767,0.04189164834957643
intact_t4,3768,0.05040096456196837
intact_t4,3769,0.05247862624894466
intact_t4,3770,0.03511582535645319
intact_t4,3771,0.0245264272336536
intact_t4,3772,0.026326762856453193
intact_t4,3773,0.03495943955028167
intact_t4,3774,0.032720960114753075
intact_t4,3775,0.04120161649064477
intact_t4,3776,0.02850630399064477
intact_t4,3777,0.023346712579468007
intact_t4,3778,0.04103962253655272
intact_t4,3779,0.027088001248944657
intact_t4,3780,0.03842768574427648
intact_t4,3781,0.03423193772677684
intact_t4,3782,0.04510786649064477
intact_t4,3783,0.05565189054667731
intact_t4,3784,0.019965533107876316
intact_t4,3785,0.04084432196500939
intact_t4,3786,0.034674085114753075
intact_t4,3787,0.039432360927776786
intact_t4,3788,0.02966673592777679
intact_t4,3789,0.03363740810787631
intact_t4,3790,0.04683457535645319
intact_t4,3791,0.042362048427776786
intact_t4,3792,0.03559053310787631
intact_t4,3793,0.03511582535645319
intact_t4,3794,0.04396931003655272
intact_t4,3795,0.02834431003655272
intact_t4,3796,0.04970414834957643
intact_t4,3797,0.041510022614753075
intact_t4,3798,0.028879132294852606
intact_t4,3799,0.04022505399064477
intact_t4,3800,0.04299274753655272
intact_t4,3801,0.0584287886694769
intact_t4,3802,0.02963565586784518
intact_t4,3803,0.026543974413753127
intact_t4,3804,0.029105548429044184
intact_t4,3805,0.03045942899064477
intact_t4,3806,0.04677446084957643
intact_t4,3807,0.035650647614753075
intact_t4,3808,0.045351443288377424
intact_t4,3809,0.04797743948376801
intact_t4,3810,0.04592243503655272
intact_t4,3811,0.03477596456196837
intact_t4,3812,0.026051324242067894
intact_t4,3813,0.02881471011475308
intact_t4,3814,0.034674085114753075
intact_t4,3815,0.0525694136694769
intact_t4,3816,0.0383363511707443
intact_t4,3817,0.02588502261475308
intact_t4,3818,0.0584287886694769
intact_t4,3819,0.0212111925177941
intact_t4,3820,0.04803755399064477
intact_t4,3821,0.02169861918086889
intact_t4,3822,0.048632083609545296
intact_t4,3823,0.02244876554667731
intact_t4,3824,0.021661161913753127
intact_t4,3825,0.06435258584957643
intact_t4,3826,0.0235498647336536
intact_t4,3827,0.04878770035645319
intact_t4,3828,0.04242647060787631
intact_t4,3829,0.03225056003655272
intact_t4,3830,0.04368956374894466
intact_t4,3831,0.03445835386096842
intact_t4,3832,0.0305238511707443
intact_t4,3833,0.03868221456196837
intact_t4,3834,0.040699761742067894
intact_t4,3835,0.0428037886694769
intact_t4,3836,0.0197816636707443
intact_t4,3837,0.036788796922569006
intact_t4,3838,0.05235408956196837
intact_t4,3839,0.028749880788377424
intact_t4,3840,0.021352755789644823
intact_t4,3841,0.055057360927776786
intact_t4,3842,0.0603819136694769
intact_t4,3843,0.05165727334957643
intact_t4,3844,0.022895220607876316
intact_t4,3845,0.05952988785645319
intact_t4,3846,0.0354066636707443
intact_t4,3847,0.03723525198376801
intact_t4,3848,0.04286821084957643
intact_t4,3849,0.03029743503655272
intact_t4,3850,0.027212130789644823
intact_t4,3851,0.02932087253655272
intact_t4,3852,0.04781113785645319
intact_t4,3853,0.042486585114753075
intact_t4,3854,0.03798539834957643
intact_t4,3855,0.03282283956196837
intact_t4,3856,0.02443806003655272
intact_t4,3857,0.04292832535645319
intact_t4,3858,0.0318088197948526
intact_t4,3859,0.0564756636694769
intact_t4,3860,0.0594053511694769
intact_t4,3861,0.0496397261694769
intact_t4,3862,0.03754365810787631
intact_t4,3863,0.03902207535645319
intact_t4,3864,0.058397708609545296
intact_t4,3865,0.03577477715545324
intact_t4,3866,0.038580335114753075
intact_t4,3867,0.0363832261707443
intact_t4,3868,0.031804104975353714
intact_t4,3869,0.033632693288377424
intact_t4,3870,0.0217347886707443
intact_t4,3871,0.027902569794852606
intact_t4,3872,0.03902207535645319
intact_t4,3873,0.023411134759567534
intact_t4,3874,0.03316270035645319
intact_t4,3875,0.03235243948376801
intact_t4,3876,0.04022505399064477
intact_t4,3877,0.05377239230366848
intact_t4,3878,0.03322712253655272
intact_t4,3879,0.02295533511475308
intact_t4,3880,0.0520082261707443
intact_t4,3881,0.054080798427776786
intact_t4,3882,0.0486631636694769
intact_t4,3883,0.029100833609545296
intact_t4,3884,0.04585801285645319
intact_t4,3885,0.039723199242067894
intact_t4,3886,0.0255029897336536
intact_t4,3887,0.02168379071849092
intact_t4,3888,0.05178181003655272
intact_t4,3889,0.0337619447948526
intact_t4,3890,0.029957574242067894
intact_t4,3891,0.05074082535645319
intact_t4,3892,0.028067531125375956
intact_t4,3893,0.041385485927776786
intact_t4,3894,0.04498332980366848
intact_t4,3895,0.05292036649064477
intact_t4,3896,0.028981011742067894
intact_t4,3897,0.02686158511475308
intact_t4,3898,0.0415744447948526
intact_t4,3899,0.04488145035645319
intact_t4,3900,0.044315173427776786
intact_t4,3901,0.026171146109545296
intact_t4,3902,0.02771361092777679
intact_t4,3903,0.03218613785645319
intact_t4,3904,0.03730879071849092
intact_t4,3905,0.038455798427776786
intact_t4,3906,0.047530984422569006
intact_t4,3907,0.02932087253655272
intact_t4,3908,0.025986902061968367
intact_t4,3909,0.021536625226776837
intact_t4,3910,0.040533460114753075
intact_t4,3911,0.03379940206196837
intact_t4,3912,0.0227113511707443
intact_t4,3913,0.020376193289644823
intact_t4,3914,0.0347385072948526
intact_t4,3915,0.02893883965545324
intact_t4,3916,0.02702654644527643
intact_t4,3917,0.02932087253655272
intact_t4,3918,0.03225056003655272
intact_t4,3919,0.03672908956196837
intact_t4,3920,0.027090968625375956
intact_t4,3921,0.02881471011475308
intact_t4,3922,0.045416272614753075
intact_t4,3923,0.034549548427776786
intact_t4,3924,0.02503258965545324
intact_t4,3925,0.031891155960191035
intact_t4,3926,0.04295657804667731
intact_t4,3927,0.04303020480366848
intact_t4,3928,0.03430556448376801
intact_t4,3929,0.0457334761694769
intact_t4,3930,0.03461397060787631
intact_t4,3931,0.05757676285645319
intact_t4,3932,0.03114946084957643
intact_t4,3933,0.03130225022677684
intact_t4,3934,0.047244860927776786
intact_t4,3935,0.037750530960191035
intact_t4,3936,0.02783774046847695
intact_t4,3937,0.04006306003655272
intact_t4,3938,0.046392835114753075
intact_t4,3939,0.045351443288377424
intact_t4,3940,0.04787556003655272
intact_t4,3941,0.04595989230366848
intact_t4,3942,0.05464707535645319
intact_t4,3943,0.030077396109545296
intact_t4,3944,0.03379940206196837
intact_t4,3945,0.02736774753655272
intact_t4,3946,0.04976426285645319
intact_t4,3947,0.07027207535645319
intact_t4,3948,0.038640042475353714
intact_t4,3949,0.02771361092777679
intact_t4,3950,0.03225056003655272
intact_t4,3951,0.05263383584957643
intact_t4,3952,0.02783814761475308
intact_t4,3953,0.03999863785645319
intact_t4,3954,0.03631880399064477
intact_t4,3955,0.0379209761694769
intact_t4,3956,0.026966431938399666
intact_t4,3957,0.02588502261475308
intact_t4,3958,0.06435258584957643
intact_t4,3959,0.041385485927776786
intact_t4,3960,0.03143599149064477
intact_t4,3961,0.038640042475353714
intact_t4,3962,0.022145074242067894
intact_t4,3963,0.03533303691375313
intact_t4,3964,0.0354066636707443
intact_t4,3965,0.0613584761694769
intact_t4,3966,0.05279582980366848
intact_t4,3967,0.034674085114753075
intact_t4,3968,0.039432360927776786
intact_t4,3969,0.03729536649064477
intact_t4,3970,0.026926007294852606
intact_t4,3971,0.03528212698376801
intact_t4,3972,0.03184627706196837
intact_t4,3973,0.0318088197948526
intact_t4,3974,0.02724321084957643
intact_t4,3975,0.03143599149064477
intact_t4,3976,0.0256410386707443
intact_t4,3977,0.0255029897336536
intact_t4,3978,0.04195176285645319
intact_t4,3979,0.05263383584957643
intact_t4,3980,0.0525694136694769
intact_t4,3981,0.01895789054794471
intact_t4,3982,0.03723525198376801
intact_t4,3983,0.042651546445276425
intact_t4,3984,0.03430556448376801
intact_t4,3985,0.043463147614753075
intact_t4,3986,0.052252210114753075
intact_t4,3987,0.019872998244276477
intact_t4,3988,0.029256450356453193
intact_t4,3989,0.03577477715545324
intact_t4,3990,0.02783814761475308
intact_t4,3991,0.045702396109545296
intact_t4,3992,0.030832257294852606
intact_t4,3993,0.027902569794852606
intact_t4,3994,0.0398741011694769
intact_t4,3995,0.05946977334957643
intact_t4,3996,0.031209575356453193
intact_t4,3997,0.04047334560787631
intact_t4,3998,0.030017688748944657
intact_t4,3999,0.01681580668086889
intact_t8,0,0.038438764130504996
intact_t8,1,0.04824906997305202
intact_t8,2,0.03334052896438487
intact_t8,3,0.06891273345404314
intact_t8,4,0.03892701028941761
intact_t8,5,0.044043622289968845
intact_t8,6,0.03135687648228
intact_t8,7,0.04185669778941761
intact_t8,8,0.06110023345404315
intact_t8,9,0.03300052034898803
intact_t8,10,0.027218140613712333
intact_t8,11,0.04387199739373471
intact_t8,12,0.032741780034462924
intact_t8,13,0.035881233350277285
intact_t8,14,0.04505410223556011
intact_t8,15,0.030294752025244544
intact_t8,16,0.039731947893183475
intact_t8,17,0.040294176525795776
intact_t8,18,0.037834358350277285
intact_t8,19,0.03969285371876745
intact_t8,20,0.03919990396438487
intact_t8,21,0.03649979249094715
intact_t8,22,0.04888562385765518
intact_t8,23,0.05362442228812836
intact_t8,24,0.029850233454043147
intact_t8,25,0.048576545850277285
intact_t8,26,0.07299060835027729
intact_t8,27,0.03963924580676151
intact_t8,28,0.05465652024522217
intact_t8,29,0.049083239025795776
intact_t8,30,0.03180335845404315
intact_t8,31,0.05985077727907589
intact_t8,32,0.039459054218216216
intact_t8,33,0.03990357278941761
intact_t8,34,0.03816347608025425
intact_t8,35,0.015762403964384872
intact_t8,36,0.03543766803391169
intact_t8,37,0.039787483350277285
intact_t8,38,0.03739079303391169
intact_t8,39,0.03397708284898803
intact_t8,40,0.042990064525244544
intact_t8,41,0.039083814525244544
intact_t8,42,0.02058535108025425
intact_t8,43,0.022857491718216216
intact_t8,44,0.03499023280731274
intact_t8,45,0.041685072893183475
intact_t8,46,0.01753957414111392
intact_t8,47,0.0504218411131611
intact_t8,48,0.01977956667470044
intact_t8,49,0.053820730637677554
intact_t8,50,0.02668609668491373
intact_t8,51,0.07884998335027729
intact_t8,52,0.045919752025244544
intact_t8,53,0.037834358350277285
intact_t8,54,0.03078770177962712
intact_t8,55,0.06008457677962712
intact_t8,56,0.05008515227907589
intact_t8,57,0.035937563858334846
intact_t8,58,0.049497572893183475
intact_t8,59,0.030255657850828517
intact_t8,60,0.033677670071143424
intact_t8,61,0.027598864025795776
intact_t8,62,0.042685022745901836
intact_t8,63,0.036154127025244544
intact_t8,64,0.04505927896438487
intact_t8,65,0.03833425417470044
intact_t8,66,0.05171080140185062
intact_t8,67,0.030094220201706393
intact_t8,68,0.04764895784898803
intact_t8,69,0.04346981417402077
intact_t8,70,0.03599732278941761
intact_t8,71,0.05182851146326153
intact_t8,72,0.03849105841052737
intact_t8,73,0.05428768330676151
intact_t8,74,0.02568192335820641
intact_t8,75,0.045279878359329756
intact_t8,76,0.03751449591052737
intact_t8,77,0.059591627025244544
intact_t8,78,0.023998108010342106
intact_t8,79,0.061544752025244544
intact_t8,80,0.04043656997305202
intact_t8,81,0.04129704303391169
intact_t8,82,0.036154127025244544
intact_t8,83,0.03457719497305202
intact_t8,84,0.06008457677962712
intact_t8,85,0.04813202727907589
intact_t8,86,0.035411364025795776
intact_t8,87,0.046294991718216216
intact_t8,88,0.028391011463261527
intact_t8,89,0.051779127025244544
intact_t8,90,0.04505927896438487
intact_t8,91,0.04408271646438487
intact_t8,92,0.037922836962710295
intact_t8,93,0.052012926525795776
intact_t8,94,0.05428768330676151
intact_t8,95,0.02206112080676151
intact_t8,96,0.040541079928856576
intact_t8,97,0.04505927896438487
intact_t8,98,0.031359793137677554
intact_t8,99,0.05496796477907589
intact_t8,100,0.06735183274522216
intact_t8,101,0.014225233454043145
intact_t8,102,0.07254704303391168
intact_t8,103,0.03664707677962712
intact_t8,104,0.032031313858334846
intact_t8,105,0.0366540228496677
intact_t8,106,0.024288453113712333
intact_t8,107,0.04780455140185062
intact_t8,108,0.03318534535082852
intact_t8,109,0.037834358350277285
intact_t8,110,0.03306763528941761
intact_t8,111,0.0392653197457734
intact_t8,112,0.0435859036131611
intact_t8,113,0.03773972871876745
intact_t8,114,0.043483967534462924
intact_t8,115,0.03285691621876745
intact_t8,116,0.031271314525244544
intact_t8,117,0.021024692922630886
intact_t8,118,0.05035804595404315
intact_t8,119,0.046711899462710295
intact_t8,120,0.04099784535082852
intact_t8,121,0.025728267088921397
intact_t8,122,0.031271314525244544
intact_t8,123,0.027270434893734707
intact_t8,124,0.034523280138228786
intact_t8,125,0.05111164253262244
intact_t8,126,0.019874842638228786
intact_t8,127,0.04673951028941761
intact_t8,128,0.05466972035082852
intact_t8,129,0.027481153964384872
intact_t8,130,0.052482795850277285
intact_t8,131,0.03663387667402077
intact_t8,132,0.04715546477907589
intact_t8,133,0.03858700167402077
intact_t8,134,0.04059242095404315
intact_t8,135,0.03660852592074066
intact_t8,136,0.050618149462710295
intact_t8,137,0.020749726420189428
intact_t8,138,0.028802428675251672
intact_t8,139,0.05259888528941761
intact_t8,140,0.060568189525244544
intact_t8,141,0.03735128892018943
intact_t8,142,0.05324863927962712
intact_t8,143,0.055356947893183475
intact_t8,144,0.03334052896438487
intact_t8,145,0.031348309789968845
intact_t8,146,0.042388741718216216
intact_t8,147,0.03263168341052737
intact_t8,148,0.05035804595404315
intact_t8,149,0.0381710471843625
intact_t8,150,0.0577022971843625
intact_t8,151,0.029286041420869095
intact_t8,152,0.029966322893183475
intact_t8,153,0.05065432698172877
intact_t8,154,0.04152988927962712
intact_t8,155,0.04070428691919452
intact_t8,156,0.03209107278941761
intact_t8,157,0.053732252025244544
intact_t8,158,0.051177804218216216
intact_t8,159,0.03996574739373471
intact_t8,160,0.04352210845404315
intact_t8,161,0.035177564525244544
intact_t8,162,0.05399140227907589
intact_t8,163,0.042661635393183475
intact_t8,164,0.017326545850277285
intact_t8,165,0.04771607278941761
intact_t8,166,0.017676434789968845
intact_t8,167,0.046516544367996904
intact_t8,168,0.03690677034898803
intact_t8,169,0.05174003285082852
intact_t8,170,0.05692204303391169
intact_t8,171,0.0426093411131611
intact_t8,172,0.039731947893183475
intact_t8,173,0.0503258978496677
intact_t8,174,0.055695257349539264
intact_t8,175,0.03805495774522217
intact_t8,176,0.05715488927962712
intact_t8,177,0.050529670850277285
intact_t8,178,0.04276614534898803
intact_t8,179,0.03691997045459438
intact_t8,180,0.07006092085027729
intact_t8,181,0.046896314525244544
intact_t8,182,0.018224294967377562
intact_t8,183,0.031919447893183475
intact_t8,184,0.047599983350277285
intact_t8,185,0.0353590697457734
intact_t8,186,0.044670295850277285
intact_t8,187,0.030528551525795776
intact_t8,188,0.05286660223556011
intact_t8,189,0.058615064525244544
intact_t8,190,0.033895960245901836
intact_t8,191,0.05203923053391169
intact_t8,192,0.03692092370943018
intact_t8,193,0.02518802034898803
intact_t8,194,0.03370418917402077
intact_t8,195,0.05496891803391169
intact_t8,196,0.03236396646438487
intact_t8,197,0.038107252025244544
intact_t8,198,0.053515688858334846
intact_t8,199,0.06431763528941761
intact_t8,200,0.04196120774522217
intact_t8,201,0.041685072893183475
intact_t8,202,0.03138740396438487
intact_t8,203,0.0371944846843625
intact_t8,204,0.02337437214084672
intact_t8,205,0.049826002025244544
intact_t8,206,0.03496779870943018
intact_t8,207,0.05817054595404315
intact_t8,208,0.031919447893183475
intact_t8,209,0.04585142640185062
intact_t8,210,0.022205823474204224
intact_t8,211,0.03360063247305202
intact_t8,212,0.038107252025244544
intact_t8,213,0.05588994507681788
intact_t8,214,0.03893557698172877
intact_t8,215,0.057638502025244544
intact_t8,216,0.04256893330676151
intact_t8,217,0.04869263528941761
intact_t8,218,0.020091858010342106
intact_t8,219,0.041113934789968845
intact_t8,220,0.020434497393734707
intact_t8,221,0.031608003359329756
intact_t8,222,0.0445624661131611
intact_t8,223,0.022037733454043147
intact_t8,224,0.039093694849539264
intact_t8,225,0.04283326028941761
intact_t8,226,0.05208820503262244
intact_t8,227,0.056060616718216216
intact_t8,228,0.036242605637677554
intact_t8,229,0.038457140964936104
intact_t8,230,0.03442160142018943
intact_t8,231,0.02399181170887895
intact_t8,232,0.056389045850277285
intact_t8,233,0.0210290228496677
intact_t8,234,0.03735128892018943
intact_t8,235,0.0627804647790759
intact_t8,236,0.035177564525244544
intact_t8,237,0.029797939174020772
intact_t8,238,0.01798324591052737
intact_t8,239,0.0596554221843625
intact_t8,240,0.04645179595404315
intact_t8,241,0.03799942228812836
intact_t8,242,0.04641270177962712
intact_t8,243,0.016718605193976513
intact_t8,244,0.04134601753262244
intact_t8,245,0.04254554595404315
intact_t8,246,0.03345144167470044
intact_t8,247,0.022686820076817882
intact_t8,248,0.024225611209430183
intact_t8,249,0.03822334146438487
intact_t8,250,0.05328773345404315
intact_t8,251,0.041685072893183475
intact_t8,252,0.03806815785082852
intact_t8,253,0.05174003285082852
intact_t8,254,0.05475819896326153
intact_t8,255,0.04185669778941761
intact_t8,256,0.040708510393183475
intact_t8,257,0.029206136314139403
intact_t8,258,0.0725460897790759
intact_t8,259,0.03697388528941761
intact_t8,260,0.04000808274522217
intact_t8,261,0.05156840795459438
intact_t8,262,0.058352051174572005
intact_t8,263,0.021569484684362497
intact_t8,264,0.06252131452524454
intact_t8,265,0.04910954303391169
intact_t8,266,0.02163165928867959
intact_t8,267,0.049497572893183475
intact_t8,268,0.03961585845404315
intact_t8,269,0.04191887239373471
intact_t8,270,0.056389045850277285
intact_t8,271,0.03512527024522217
intact_t8,272,0.036387926525795776
intact_t8,273,0.03405276448172877
intact_t8,274,0.05784307007681788
intact_t8,275,0.030410841464384872
intact_t8,276,0.020256233350277285
intact_t8,277,0.02628067228812836
intact_t8,278,0.042661635393183475
intact_t8,279,0.04324921477907589
intact_t8,280,0.025488934789968845
intact_t8,281,0.022686820076817882
intact_t8,282,0.057365608350277285
intact_t8,283,0.06724732278941761
intact_t8,284,0.04346981417402077
intact_t8,285,0.05133460845404315
intact_t8,286,0.05482490396438487
intact_t8,287,0.04346981417402077
intact_t8,288,0.039459054218216216
intact_t8,289,0.032481676525795776
intact_t8,290,0.017773373641665154
intact_t8,291,0.03431191473556011
intact_t8,292,0.0689765286131611
intact_t8,293,0.046294991718216216
intact_t8,294,0.03690677034898803
intact_t8,295,0.0489132346843625
intact_t8,296,0.045318429218216216
intact_t8,297,0.03832785142018943
intact_t8,298,0.03473304595404315
intact_t8,299,0.03996574739373471
intact_t8,300,0.049224679218216216
intact_t8,301,0.07852155421821622
intact_t8,302,0.04682798890185062
intact_t8,303,0.034201002025244544
intact_t8,304,0.01992875747305202
intact_t8,305,0.029279095350828517
intact_t8,306,0.054708814525244544
intact_t8,307,0.04115302896438487
intact_t8,308,0.04254554595404315
intact_t8,309,0.03337671329679551
intact_t8,310,0.04380982278941761
intact_t8,311,0.05594452727907589
intact_t8,312,0.047599983350277285
intact_t8,313,0.07764950167402077
intact_t8,314,0.030942885393183475
intact_t8,315,0.05231117095404315
intact_t8,316,0.03446110553391169
intact_t8,317,0.07494373335027729
intact_t8,318,0.05189521646438487
intact_t8,319,0.03863929595404315
intact_t8,320,0.046623420850277285
intact_t8,321,0.05106266803391169
intact_t8,322,0.04783378285082852
intact_t8,323,0.02410272441919452
intact_t8,324,0.06405330830676151
intact_t8,325,0.046294991718216216
intact_t8,326,0.057638502025244544
intact_t8,327,0.01850475974645307
intact_t8,328,0.030262603920869095
intact_t8,329,0.030358547184362497
intact_t8,330,0.03897598478812836
intact_t8,331,0.05748169778941761
intact_t8,332,0.040060377025244544
intact_t8,333,0.036634829928856576
intact_t8,334,0.02688145177962712
intact_t8,335,0.057365608350277285
intact_t8,336,0.03565731417402077
intact_t8,337,0.03442160142018943
intact_t8,338,0.05399140227907589
intact_t8,339,0.06344558274522216
intact_t8,340,0.025263701981728767
intact_t8,341,0.04422577727907589
intact_t8,342,0.02309129121876745
intact_t8,343,0.03431191473556011
intact_t8,344,0.057365608350277285
intact_t8,345,0.02834566325327973
intact_t8,346,0.036648030034462924
intact_t8,347,0.032257757349539264
intact_t8,348,0.047599983350277285
intact_t8,349,0.0647335897790759
intact_t8,350,0.03344503892018943
intact_t8,351,0.059966866718216216
intact_t8,352,0.030147828113712333
intact_t8,353,0.05399140227907589
intact_t8,354,0.041517642428856576
intact_t8,355,0.05069473478812836
intact_t8,356,0.05008515227907589
intact_t8,357,0.025787179218216216
intact_t8,358,0.047599983350277285
intact_t8,359,0.02717773280731274
intact_t8,360,0.03919472723556011
intact_t8,361,0.03404419778941761
intact_t8,362,0.047688461962710295
intact_t8,363,0.04840492095404315
intact_t8,364,0.030137947789417613
intact_t8,365,0.025263701981728767
intact_t8,366,0.03214004728812836
intact_t8,367,0.02458007969268726
intact_t8,368,0.05259888528941761
intact_t8,369,0.039875961962710295
intact_t8,370,0.05496796477907589
intact_t8,371,0.0601874661131611
intact_t8,372,0.029055176174572005
intact_t8,373,0.038184247289968845
intact_t8,374,0.04044645029734674
intact_t8,375,0.03024808674672027
intact_t8,376,0.056166079928856576
intact_t8,377,0.04685722035082852
intact_t8,378,0.044943189525244544
intact_t8,379,0.025796699165363174
intact_t8,380,0.05020980841052737
intact_t8,381,0.04010976146326153
intact_t8,382,0.04581192228812836
intact_t8,383,0.03312980989373471
intact_t8,384,0.05455201028941761
intact_t8,385,0.03801262239373471
intact_t8,386,0.044943189525244544
intact_t8,387,0.03468075167402077
intact_t8,388,0.04227265227907589
intact_t8,389,0.03707839524522217
intact_t8,390,0.044614760393183475
intact_t8,391,0.044132100902401855
intact_t8,392,0.06414601039318348
intact_t8,393,0.024403228920869095
intact_t8,394,0.06012367095404315
intact_t8,395,0.04227265227907589
intact_t8,396,0.027325970350828517
intact_t8,397,0.01638000985021893
intact_t8,398,0.04840492095404315
intact_t8,399,0.02887462420887895
intact_t8,400,0.028562226420189428
intact_t8,401,0.052482795850277285
intact_t8,402,0.03956356417402077
intact_t8,403,0.02412276414179359
intact_t8,404,0.043782211962710295
intact_t8,405,0.027627477254098164
intact_t8,406,0.04098464524522217
intact_t8,407,0.050618149462710295
intact_t8,408,0.042507405034462924
intact_t8,409,0.059318733350277285
intact_t8,410,0.03555375747305202
intact_t8,411,0.048937918137677554
intact_t8,412,0.032247877025244544
intact_t8,413,0.045591322893183475
intact_t8,414,0.041412179218216216
intact_t8,415,0.04061580830676151
intact_t8,416,0.04055332677962712
intact_t8,417,0.05259888528941761
intact_t8,418,0.034277997289968845
intact_t8,419,0.054708814525244544
intact_t8,420,0.035825697893183475
intact_t8,421,0.038810920850277285
intact_t8,422,0.05156840795459438
intact_t8,423,0.03528847723556011
intact_t8,424,0.030644640964936104
intact_t8,425,0.02000696342074066
intact_t8,426,0.04017646646438487
intact_t8,427,0.03627021646438487
intact_t8,428,0.036857795850277285
intact_t8,429,0.0323116721843625
intact_t8,430,0.04374270784898803
intact_t8,431,0.031232220350828517
intact_t8,432,0.059966866718216216
intact_t8,433,0.028193389481728767
intact_t8,434,0.03766273345404315
intact_t8,435,0.04059337420887895
intact_t8,436,0.049224679218216216
intact_t8,437,0.04250645177962712
intact_t8,438,0.03806815785082852
intact_t8,439,0.055356947893183475
intact_t8,440,0.02206112080676151
intact_t8,441,0.055084054218216216
intact_t8,442,0.03668617095404315
intact_t8,443,0.044943189525244544
intact_t8,444,0.03312980989373471
intact_t8,445,0.04645179595404315
intact_t8,446,0.05328773345404315
intact_t8,447,0.042013502025244544
intact_t8,448,0.047241026736111344
intact_t8,449,0.0381710471843625
intact_t8,450,0.04742835845404315
intact_t8,451,0.028341627025244544
intact_t8,452,0.02126282235021893
intact_t8,453,0.06452382396326153
intact_t8,454,0.03691997045459438
intact_t8,455,0.033599679218216216
intact_t8,456,0.044943189525244544
intact_t8,457,0.04180278295459438
intact_t8,458,0.040813973603823835
intact_t8,459,0.03707839524522217
intact_t8,460,0.04576294778941761
intact_t8,461,0.033224439525244544
intact_t8,462,0.043067059789968845
intact_t8,463,0.03182674580676151
intact_t8,464,0.0647335897790759
intact_t8,465,0.046896314525244544
intact_t8,466,0.036154127025244544
intact_t8,467,0.050474135393183475
intact_t8,468,0.04129608977907589
intact_t8,469,0.028873670954043147
intact_t8,470,0.029434278964384872
intact_t8,471,0.03627021646438487
intact_t8,472,0.02508446364801928
intact_t8,473,0.041036939525244544
intact_t8,474,0.042661635393183475
intact_t8,475,0.04478638528941761
intact_t8,476,0.018138733010342106
intact_t8,477,0.037140569849539264
intact_t8,478,0.03139728428867959
intact_t8,479,0.02129497045459438
intact_t8,480,0.028184822789417613
intact_t8,481,0.03334052896438487
intact_t8,482,0.04096861390185062
intact_t8,483,0.025528028964384872
intact_t8,484,0.052989489025795776
intact_t8,485,0.042717170850277285
intact_t8,486,0.0411007346843625
intact_t8,487,0.032919397745901836
intact_t8,488,0.053547836962710295
intact_t8,489,0.051450697893183475
intact_t8,490,0.022716051525795776
intact_t8,491,0.04197440785082852
intact_t8,492,0.04617985553391169
intact_t8,493,0.07711745774522216
intact_t8,494,0.041036939525244544
intact_t8,495,0.036529366718216216
intact_t8,496,0.0371944846843625
intact_t8,497,0.047544447893183475
intact_t8,498,0.04002128285082852
intact_t8,499,0.03529365396438487
intact_t8,500,0.042013502025244544
intact_t8,501,0.05813145177962712
intact_t8,502,0.04002128285082852
intact_t8,503,0.04907003892018943
intact_t8,504,0.028418622289968845
intact_t8,505,0.06180390227907589
intact_t8,506,0.04520233977907589
intact_t8,507,0.035671467534462924
intact_t8,508,0.03903152024522217
intact_t8,509,0.03317214524522217
intact_t8,510,0.048576545850277285
intact_t8,511,0.05449809545459438
intact_t8,512,0.02145339524522217
intact_t8,513,0.051450697893183475
intact_t8,514,0.0705929647790759
intact_t8,515,0.03555606669323849
intact_t8,516,0.033872572893183475
intact_t8,517,0.03627021646438487
intact_t8,518,0.04863872045459438
intact_t8,519,0.045887603920869095
intact_t8,520,0.041368451630504996
intact_t8,521,0.057037179218216216
intact_t8,522,0.048576545850277285
intact_t8,523,0.041740608350277285
intact_t8,524,0.020645216464384872
intact_t8,525,0.04151668917402077
intact_t8,526,0.029295921745163815
intact_t8,527,0.055084054218216216
intact_t8,528,0.044341866718216216
intact_t8,529,0.05162232278941761
intact_t8,530,0.03742828418491373
intact_t8,531,0.04645179595404315
intact_t8,532,0.044614760393183475
intact_t8,533,0.07432854313767756
intact_t8,534,0.029279095350828517
intact_t8,535,0.0318671536131611
intact_t8,536,0.04422673053391169
intact_t8,537,0.05813145177962712
intact_t8,538,0.04017128973556011
intact_t8,539,0.03957676427962712
intact_t8,540,0.04742835845404315
intact_t8,541,0.024403228920869095
intact_t8,542,0.034537690859329756
intact_t8,543,0.05719398345404315
intact_t8,544,0.04088013528941761
intact_t8,545,0.024250961962710295
intact_t8,546,0.02986604970265326
intact_t8,547,0.03668617095404315
intact_t8,548,0.0415368353496677
intact_t8,549,0.0268883978496677
intact_t8,550,0.026281625542964163
intact_t8,551,0.03457719497305202
intact_t8,552,0.0180993353496677
intact_t8,553,0.038107252025244544
intact_t8,554,0.03663387667402077
intact_t8,555,0.042805649462710295
intact_t8,556,0.04742835845404315
intact_t8,557,0.05580146646438487
intact_t8,558,0.038755385393183475
intact_t8,559,0.038184247289968845
intact_t8,560,0.04638055367525167
intact_t8,561,0.015762403964384872
intact_t8,562,0.04520329303391169
intact_t8,563,0.04159237080676151
intact_t8,564,0.05914710845404315
intact_t8,565,0.08047467921821622
intact_t8,566,0.0715695272790759
intact_t8,567,0.014173892428856577
intact_t8,568,0.048849439525244544
intact_t8,569,0.047961355637677554
intact_t8,570,0.04422673053391169
intact_t8,571,0.040060377025244544
intact_t8,572,0.051779127025244544
intact_t8,573,0.039083814525244544
intact_t8,574,0.028411051185860597
intact_t8,575,0.05455201028941761
intact_t8,576,0.04059337420887895
intact_t8,577,0.01895219497305202
intact_t8,578,0.05177912702524454
intact_t8,579,0.05270339524522217
intact_t8,580,0.0158278197457734
intact_t8,581,0.04737606417402077
intact_t8,582,0.043223864025795776
intact_t8,583,0.050618149462710295
intact_t8,584,0.06535637239373471
intact_t8,585,0.02813090795459438
intact_t8,586,0.031271314525244544
intact_t8,587,0.05189521646438487
intact_t8,588,0.03502076028941761
intact_t8,589,0.040708510393183475
intact_t8,590,0.04588065785082852
intact_t8,591,0.0518429221843625
intact_t8,592,0.02252406535915328
intact_t8,593,0.03738983977907589
intact_t8,594,0.04099784535082852
intact_t8,595,0.03724677896438487
intact_t8,596,0.04771607278941761
intact_t8,597,0.04444637667402077
intact_t8,598,0.03638112917470044
intact_t8,599,0.03990357278941761
intact_t8,600,0.04874160978812836
intact_t8,601,0.044447329928856576
intact_t8,602,0.051506233350277285
intact_t8,603,0.0637570272790759
intact_t8,604,0.05008515227907589
intact_t8,605,0.04487486390185062
intact_t8,606,0.048576545850277285
intact_t8,607,0.03416190785082852
intact_t8,608,0.03724677896438487
intact_t8,609,0.03202395784898803
intact_t8,610,0.05030575167402077
intact_t8,611,0.02846759678867959
intact_t8,612,0.038341051525795776
intact_t8,613,0.02845253973556011
intact_t8,614,0.016622877025244544
intact_t8,615,0.0318671536131611
intact_t8,616,0.04444637667402077
intact_t8,617,0.0395837103496677
intact_t8,618,0.04940487080676151
intact_t8,619,0.059966866718216216
intact_t8,620,0.04254554595404315
intact_t8,621,0.0373121947457734
intact_t8,622,0.030826795954043147
intact_t8,623,0.04000808274522217
intact_t8,624,0.046896314525244544
intact_t8,625,0.052427260393183475
intact_t8,626,0.01923995164179359
intact_t8,627,0.03495364534898803
intact_t8,628,0.02227153295459438
intact_t8,629,0.050529670850277285
intact_t8,630,0.05524085845404315
intact_t8,631,0.030031738674572005
intact_t8,632,0.03247487917470044
intact_t8,633,0.04352210845404315
intact_t8,634,0.04483535978812836
intact_t8,635,0.031974983350277285
intact_t8,636,0.06935725202524454
intact_t8,637,0.029812092534462924
intact_t8,638,0.044078492990395915
intact_t8,639,0.027858967534462924
intact_t8,640,0.017567291420869095
intact_t8,641,0.030031738674572005
intact_t8,642,0.044614760393183475
intact_t8,643,0.03832785142018943
intact_t8,644,0.016375679923182118
intact_t8,645,0.022387622393734707
intact_t8,646,0.03206054530731274
intact_t8,647,0.04221807007681788
intact_t8,648,0.04152988927962712
intact_t8,649,0.032063461962710295
intact_t8,650,0.0411007346843625
intact_t8,651,0.03008403295459438
intact_t8,652,0.038482491718216216
intact_t8,653,0.042507405034462924
intact_t8,654,0.06908435835027729
intact_t8,655,0.06410691621876745
intact_t8,656,0.031505114025795776
intact_t8,657,0.04017128973556011
intact_t8,658,0.03691997045459438
intact_t8,659,0.038184247289968845
intact_t8,660,0.052755689525244544
intact_t8,661,0.05231117095404315
intact_t8,662,0.03209963948172877
intact_t8,663,0.039083814525244544
intact_t8,664,0.04674807698172877
intact_t8,665,0.05721737080676151
intact_t8,666,0.03803892640185062
intact_t8,667,0.02499080830676151
intact_t8,668,0.02274235553391169
intact_t8,669,0.043693733350277285
intact_t8,670,0.03353351753262244
intact_t8,671,0.05583765079679551
intact_t8,672,0.029434278964384872
intact_t8,673,0.052482795850277285
intact_t8,674,0.04869263528941761
intact_t8,675,0.03630640079679551
intact_t8,676,0.04489089524522217
intact_t8,677,0.07600877446271029
intact_t8,678,0.03605949739373471
intact_t8,679,0.011992596929803446
intact_t8,680,0.035825697893183475
intact_t8,681,0.03348454303391169
intact_t8,682,0.03121902024522217
intact_t8,683,0.06322498335027728
intact_t8,684,0.03773972871876745
intact_t8,685,0.05531785371876745
intact_t8,686,0.05985077727907589
intact_t8,687,0.07787342085027729
intact_t8,688,0.05254497045459438
intact_t8,689,0.047599983350277285
intact_t8,690,0.05789860553391169
intact_t8,691,0.029171265613712333
intact_t8,692,0.06845768478996885
intact_t8,693,0.05482490396438487
intact_t8,694,0.045020184789968845
intact_t8,695,0.037130689525244544
intact_t8,696,0.060295295850277285
intact_t8,697,0.03836640227907589
intact_t8,698,0.039093694849539264
intact_t8,699,0.030294752025244544
intact_t8,700,0.056060616718216216
intact_t8,701,0.051506233350277285
intact_t8,702,0.028341627025244544
intact_t8,703,0.049826002025244544
intact_t8,704,0.05583765079679551
intact_t8,705,0.02863922168491373
intact_t8,706,0.030774501674020772
intact_t8,707,0.038075103920869095
intact_t8,708,0.056333510393183475
intact_t8,709,0.03788333284898803
intact_t8,710,0.045646858350277285
intact_t8,711,0.05491338257681788
intact_t8,712,0.028078613674572005
intact_t8,713,0.035825697893183475
intact_t8,714,0.04567688485021893
intact_t8,715,0.03697388528941761
intact_t8,716,0.061281738674572005
intact_t8,717,0.034904670850277285
intact_t8,718,0.031114510289417613
intact_t8,719,0.03118687214084672
intact_t8,720,0.026240264481728767
intact_t8,721,0.02699754121876745
intact_t8,722,0.05106171477907589
intact_t8,723,0.04645179595404315
intact_t8,724,0.057365608350277285
intact_t8,725,0.05621742095404315
intact_t8,726,0.045646858350277285
intact_t8,727,0.020529127025244544
intact_t8,728,0.02909427034898803
intact_t8,729,0.021842378359329756
intact_t8,730,0.033928108350277285
intact_t8,731,0.04055332677962712
intact_t8,732,0.04059242095404315
intact_t8,733,0.05271659535082852
intact_t8,734,0.04862552034898803
intact_t8,735,0.048849439525244544
intact_t8,736,0.026356353920869095
intact_t8,737,0.042990064525244544
intact_t8,738,0.038341051525795776
intact_t8,739,0.039531416069645324
intact_t8,740,0.03706236390185062
intact_t8,741,0.047872877025244544
intact_t8,742,0.06615467085027729
intact_t8,743,0.07884998335027729
intact_t8,744,0.027305305594161777
intact_t8,745,0.07321120774522216
intact_t8,746,0.04115302896438487
intact_t8,747,0.018247572893183475
intact_t8,748,0.054435920850277285
intact_t8,749,0.04088013528941761
intact_t8,750,0.0367499661131611
intact_t8,751,0.023574903964384872
intact_t8,752,0.03192040114801928
intact_t8,753,0.03176426427962712
intact_t8,754,0.028650705032622438
intact_t8,755,0.05203827727907589
intact_t8,756,0.06180390227907589
intact_t8,757,0.04588065785082852
intact_t8,758,0.032247877025244544
intact_t8,759,0.03969285371876745
intact_t8,760,0.038107252025244544
intact_t8,761,0.04478638528941761
intact_t8,762,0.023302010289417613
intact_t8,763,0.03431709146438487
intact_t8,764,0.055412483350277285
intact_t8,765,0.049553108350277285
intact_t8,766,0.04392753285082852
intact_t8,767,0.052482795850277285
intact_t8,768,0.046294991718216216
intact_t8,769,0.04961528295459438
intact_t8,770,0.0285231322457734
intact_t8,771,0.05059184545459438
intact_t8,772,0.06988929595404314
intact_t8,773,0.06512257289318348
intact_t8,774,0.05621742095404315
intact_t8,775,0.02860173053391169
intact_t8,776,0.05297628892018943
intact_t8,777,0.041740608350277285
intact_t8,778,0.027036635393183475
intact_t8,779,0.032336355637677554
intact_t8,780,0.03473304595404315
intact_t8,781,0.026484230193976513
intact_t8,782,0.04938148345404315
intact_t8,783,0.04938148345404315
intact_t8,784,0.05455201028941761
intact_t8,785,0.04324921477907589
intact_t8,786,0.03995254728812836
intact_t8,787,0.041708460245901836
intact_t8,788,0.04310097723556011
intact_t8,789,0.04031952727907589
intact_t8,790,0.04840492095404315
intact_t8,791,0.04031952727907589
intact_t8,792,0.034434801525795776
intact_t8,793,0.049826002025244544
intact_t8,794,0.04680168489373471
intact_t8,795,0.04408271646438487
intact_t8,796,0.050201241718216216
intact_t8,797,0.02410790114801928
intact_t8,798,0.054380385393183475
intact_t8,799,0.058013741718216216
intact_t8,800,0.050529670850277285
intact_t8,801,0.045176989025795776
intact_t8,802,0.03956356417402077
intact_t8,803,0.0633134619627103
intact_t8,804,0.05617832677962712
intact_t8,805,0.041740608350277285
intact_t8,806,0.050529670850277285
intact_t8,807,0.039083814525244544
intact_t8,808,0.04283326028941761
intact_t8,809,0.04582512239373471
intact_t8,810,0.0416327786131611
intact_t8,811,0.06891273345404314
intact_t8,812,0.035881233350277285
intact_t8,813,0.03513847035082852
intact_t8,814,0.026738390964936104
intact_t8,815,0.04870251561371233
intact_t8,816,0.018921667490947147
intact_t8,817,0.03502076028941761
intact_t8,818,0.01603238779734674
intact_t8,819,0.055412483350277285
intact_t8,820,0.054708814525244544
intact_t8,821,0.04278029870943018
intact_t8,822,0.05559074739373471
intact_t8,823,0.028157211962710295
intact_t8,824,0.0494452786131611
intact_t8,825,0.06593075167402077
intact_t8,826,0.050059801525795776
intact_t8,827,0.04614035142018943
intact_t8,828,0.0455390286131611
intact_t8,829,0.05366100974645307
intact_t8,830,0.030528551525795776
intact_t8,831,0.036802260393183475
intact_t8,832,0.025850307077369114
intact_t8,833,0.021515569849539264
intact_t8,834,0.03692092370943018
intact_t8,835,0.02399181170887895
intact_t8,836,0.05715488927962712
intact_t8,837,0.03635869507681788
intact_t8,838,0.05953933274522217
intact_t8,839,0.06908435835027729
intact_t8,840,0.028302532850828517
intact_t8,841,0.041036939525244544
intact_t8,842,0.03431709146438487
intact_t8,843,0.04310615396438487
intact_t8,844,0.04000808274522217
intact_t8,845,0.04196120774522217
intact_t8,846,0.047599983350277285
intact_t8,847,0.031621203464936104
intact_t8,848,0.049914480637677554
intact_t8,849,0.031114510289417613
intact_t8,850,0.03769600113105623
intact_t8,851,0.049224679218216216
intact_t8,852,0.04673951028941761
intact_t8,853,0.044614760393183475
intact_t8,854,0.07408326028941761
intact_t8,855,0.05075027024522217
intact_t8,856,0.02811770784898803
intact_t8,857,0.05231212420887895
intact_t8,858,0.07574867095404314
intact_t8,859,0.038755385393183475
intact_t8,860,0.023522609684362497
intact_t8,861,0.03795044778941761
intact_t8,862,0.02354437648228
intact_t8,863,0.03502932698172877
intact_t8,864,0.050474135393183475
intact_t8,865,0.035411364025795776
intact_t8,866,0.03626503973556011
intact_t8,867,0.052450647745901836
intact_t8,868,0.0479366721843625
intact_t8,869,0.0459835471843625
intact_t8,870,0.04392753285082852
intact_t8,871,0.041270739025795776
intact_t8,872,0.030998420850277285
intact_t8,873,0.032413350902401855
intact_t8,874,0.057648382349539264
intact_t8,875,0.028507100902401855
intact_t8,876,0.02406880697360325
intact_t8,877,0.03513847035082852
intact_t8,878,0.045318429218216216
intact_t8,879,0.02987362080676151
intact_t8,880,0.0363356322457734
intact_t8,881,0.04088013528941761
intact_t8,882,0.03860020177962712
intact_t8,883,0.026388502025244544
intact_t8,884,0.04284182698172877
intact_t8,885,0.0533515286131611
intact_t8,886,0.046896314525244544
intact_t8,887,0.059318733350277285
intact_t8,888,0.029133774462710295
intact_t8,889,0.04197440785082852
intact_t8,890,0.032584565859329756
intact_t8,891,0.025149879429407808
intact_t8,892,0.044341866718216216
intact_t8,893,0.034872522745901836
intact_t8,894,0.046567885393183475
intact_t8,895,0.024547242990395915
intact_t8,896,0.03691997045459438
intact_t8,897,0.02215477614801928
intact_t8,898,0.06248222035082852
intact_t8,899,0.04617890227907589
intact_t8,900,0.035177564525244544
intact_t8,901,0.04673951028941761
intact_t8,902,0.04352210845404315
intact_t8,903,0.048849439525244544
intact_t8,904,0.04603584146438487
intact_t8,905,0.04418722642018943
intact_t8,906,0.03294397474616904
intact_t8,907,0.047688461962710295
intact_t8,908,0.016998116718216216
intact_t8,909,0.046294991718216216
intact_t8,910,0.03934296477907589
intact_t8,911,0.03707839524522217
intact_t8,912,0.025837106971762766
intact_t8,913,0.03318534535082852
intact_t8,914,0.05057864534898803
intact_t8,915,0.03214100054296416
intact_t8,916,0.03399028295459438
intact_t8,917,0.04391433274522217
intact_t8,918,0.03822334146438487
intact_t8,919,0.043966627025244544
intact_t8,920,0.03344503892018943
intact_t8,921,0.03668617095404315
intact_t8,922,0.030669991718216216
intact_t8,923,0.07387254121876745
intact_t8,924,0.042507405034462924
intact_t8,925,0.041740608350277285
intact_t8,926,0.03836640227907589
intact_t8,927,0.041740608350277285
intact_t8,928,0.04196120774522217
intact_t8,929,0.03277992095404315
intact_t8,930,0.0279609036131611
intact_t8,931,0.049224679218216216
intact_t8,932,0.035177564525244544
intact_t8,933,0.03934296477907589
intact_t8,934,0.05133460845404315
intact_t8,935,0.04141313247305202
intact_t8,936,0.04647518330676151
intact_t8,937,0.04238969497305202
intact_t8,938,0.0371944846843625
intact_t8,939,0.036529366718216216
intact_t8,940,0.030294752025244544
intact_t8,941,0.05887421477907589
intact_t8,942,0.05953933274522217
intact_t8,943,0.04987538646326153
intact_t8,944,0.03289696364801928
intact_t8,945,0.035177564525244544
intact_t8,946,0.042661635393183475
intact_t8,947,0.047544447893183475
intact_t8,948,0.06138794778941761
intact_t8,949,0.033718342534462924
intact_t8,950,0.04614035142018943
intact_t8,951,0.0210290228496677
intact_t8,952,0.036387926525795776
intact_t8,953,0.05496891803391169
intact_t8,954,0.039083814525244544
intact_t8,955,0.044043622289968845
intact_t8,956,0.08080310835027728
intact_t8,957,0.029989710245901836
intact_t8,958,0.04641270177962712
intact_t8,959,0.04141313247305202
intact_t8,960,0.05231117095404315
intact_t8,961,0.03473304595404315
intact_t8,962,0.03995254728812836
intact_t8,963,0.059591627025244544
intact_t8,964,0.04569583284898803
intact_t8,965,0.06793617095404314
intact_t8,966,0.05271659535082852
intact_t8,967,0.05035804595404315
intact_t8,968,0.04840492095404315
intact_t8,969,0.03300052034898803
intact_t8,970,0.04555222871876745
intact_t8,971,0.05455201028941761
intact_t8,972,0.04129608977907589
intact_t8,973,0.048849439525244544
intact_t8,974,0.028938419367996904
intact_t8,975,0.04375590795459438
intact_t8,976,0.04142074591052737
intact_t8,977,0.059966866718216216
intact_t8,978,0.03219558274522217
intact_t8,979,0.048926434789968845
intact_t8,980,0.03008403295459438
intact_t8,981,0.041113934789968845
intact_t8,982,0.03914003858025425
intact_t8,983,0.025372845350828517
intact_t8,984,0.04576294778941761
intact_t8,985,0.03118687214084672
intact_t8,986,0.03138740396438487
intact_t8,987,0.02793132938589203
intact_t8,988,0.035177564525244544
intact_t8,989,0.03969285371876745
intact_t8,990,0.0190758978496677
intact_t8,991,0.04645179595404315
intact_t8,992,0.04547618670887895
intact_t8,993,0.038107252025244544
intact_t8,994,0.05662284535082852
intact_t8,995,0.016843476420189428
intact_t8,996,0.05496796477907589
intact_t8,997,0.059318733350277285
intact_t8,998,0.04617890227907589
intact_t8,999,0.052989489025795776
intact_t8,1000,0.01981266803391169
intact_t8,1001,0.04783378285082852
intact_t8,1002,0.04408271646438487
intact_t8,1003,0.035145416420869095
intact_t8,1004,0.054435920850277285
intact_t8,1005,0.04191887239373471
intact_t8,1006,0.04771607278941761
intact_t8,1007,0.04520233977907589
intact_t8,1008,0.048961305490395915
intact_t8,1009,0.053203291069645324
intact_t8,1010,0.032579389130504996
intact_t8,1011,0.053547836962710295
intact_t8,1012,0.04134601753262244
intact_t8,1013,0.05231117095404315
intact_t8,1014,0.04614675417470044
intact_t8,1015,0.031919447893183475
intact_t8,1016,0.04360005697360325
intact_t8,1017,0.04879714524522217
intact_t8,1018,0.037480578464936104
intact_t8,1019,0.028184822789417613
intact_t8,1020,0.034904670850277285
intact_t8,1021,0.06403087420887896
intact_t8,1022,0.051516113674572005
intact_t8,1023,0.05128231417402077
intact_t8,1024,0.007560920850277283
intact_t8,1025,0.02942910223556011
intact_t8,1026,0.044943189525244544
intact_t8,1027,0.03134367637667365
intact_t8,1028,0.0313351096843625
intact_t8,1029,0.06508347871876745
intact_t8,1030,0.06500648345404314
intact_t8,1031,0.05909481417402077
intact_t8,1032,0.06624314946271029
intact_t8,1033,0.037219168137677554
intact_t8,1034,0.04457566621876745
intact_t8,1035,0.05231117095404315
intact_t8,1036,0.03893689061371233
intact_t8,1037,0.027585663920189428
intact_t8,1038,0.03984965795459438
intact_t8,1039,0.04813298053391169
intact_t8,1040,0.02008556170887895
intact_t8,1041,0.01963812648228
intact_t8,1042,0.03641327727907589
intact_t8,1043,0.050802564525244544
intact_t8,1044,0.045919752025244544
intact_t8,1045,0.06253119484953926
intact_t8,1046,0.059591627025244544
intact_t8,1047,0.06459052896438487
intact_t8,1048,0.020742565255387417
intact_t8,1049,0.02992722871876745
intact_t8,1050,0.040708510393183475
intact_t8,1051,0.05559074739373471
intact_t8,1052,0.047567835245901836
intact_t8,1053,0.014669752025244542
intact_t8,1054,0.04520233977907589
intact_t8,1055,0.06387311671821622
intact_t8,1056,0.05757017640185062
intact_t8,1057,0.05819393330676151
intact_t8,1058,0.043966627025244544
intact_t8,1059,0.07559186671821622
intact_t8,1060,0.056333510393183475
intact_t8,1061,0.047872877025244544
intact_t8,1062,0.054054530138228786
intact_t8,1063,0.027442059789968845
intact_t8,1064,0.0705939180339117
intact_t8,1065,0.02297520177962712
intact_t8,1066,0.06349787702524454
intact_t8,1067,0.03301372045459438
intact_t8,1068,0.0655147971843625
intact_t8,1069,0.03703605989373471
intact_t8,1070,0.054708814525244544
intact_t8,1071,0.025796699165363174
intact_t8,1072,0.023311890613712333
intact_t8,1073,0.04031952727907589
intact_t8,1074,0.04647518330676151
intact_t8,1075,0.028575426525795776
intact_t8,1076,0.03442800417470044
intact_t8,1077,0.04043656997305202
intact_t8,1078,0.042023382349539264
intact_t8,1079,0.044447329928856576
intact_t8,1080,0.034914551174572005
intact_t8,1081,0.029546144929536243
intact_t8,1082,0.038755385393183475
intact_t8,1083,0.02227153295459438
intact_t8,1084,0.05775459146438487
intact_t8,1085,0.017234532361771214
intact_t8,1086,0.06713123335027729
intact_t8,1087,0.015983003359329756
intact_t8,1088,0.05328773345404315
intact_t8,1089,0.05493581667470044
intact_t8,1090,0.04684402024522217
intact_t8,1091,0.05524085845404315
intact_t8,1092,0.04352210845404315
intact_t8,1093,0.03795044778941761
intact_t8,1094,0.04685722035082852
intact_t8,1095,0.05465652024522217
intact_t8,1096,0.054708814525244544
intact_t8,1097,0.02887462420887895
intact_t8,1098,0.05580146646438487
intact_t8,1099,0.03349442335820641
intact_t8,1100,0.04284182698172877
intact_t8,1101,0.045646858350277285
intact_t8,1102,0.035552804218216216
intact_t8,1103,0.05203923053391169
intact_t8,1104,0.06908435835027728
intact_t8,1105,0.02438308274522217
intact_t8,1106,0.020273059744612583
intact_t8,1107,0.01903040092074066
intact_t8,1108,0.03637472642018943
intact_t8,1109,0.04156898345404315
intact_t8,1110,0.03008403295459438
intact_t8,1111,0.032597765964936104
intact_t8,1112,0.03897693804296416
intact_t8,1113,0.02630968864234482
intact_t8,1114,0.061271858350277285
intact_t8,1115,0.026763741718216216
intact_t8,1116,0.03409317228812836
intact_t8,1117,0.043966627025244544
intact_t8,1118,0.050802564525244544
intact_t8,1119,0.05260876561371233
intact_t8,1120,0.05426429595404315
intact_t8,1121,0.027481153964384872
intact_t8,1122,0.02020165114801928
intact_t8,1123,0.03502932698172877
intact_t8,1124,0.033905840570196556
intact_t8,1125,0.04938148345404315
intact_t8,1126,0.05035899920887895
intact_t8,1127,0.017703734386287667
intact_t8,1128,0.0743038596843625
intact_t8,1129,0.06810779585027729
intact_t8,1130,0.043365304218216216
intact_t8,1131,0.038820801174572005
intact_t8,1132,0.0279609036131611
intact_t8,1133,0.04840587420887895
intact_t8,1134,0.018201860869495004
intact_t8,1135,0.026060072893183475
intact_t8,1136,0.038457140964936104
intact_t8,1137,0.04547523345404315
intact_t8,1138,0.059318733350277285
intact_t8,1139,0.031271314525244544
intact_t8,1140,0.05692108977907589
intact_t8,1141,0.05253177034898803
intact_t8,1142,0.049553108350277285
intact_t8,1143,0.056333510393183475
intact_t8,1144,0.042388741718216216
intact_t8,1145,0.03702285978812836
intact_t8,1146,0.055685377025244544
intact_t8,1147,0.039787483350277285
intact_t8,1148,0.0338202786131611
intact_t8,1149,0.06831236390185062
intact_t8,1150,0.028989760393183475
intact_t8,1151,0.0602092329110786
intact_t8,1152,0.042388741718216216
intact_t8,1153,0.03735128892018943
intact_t8,1154,0.03670198720265326
intact_t8,1155,0.03383347871876745
intact_t8,1156,0.04082622045459438
intact_t8,1157,0.04673951028941761
intact_t8,1158,0.03513847035082852
intact_t8,1159,0.040060377025244544
intact_t8,1160,0.037140569849539264
intact_t8,1161,0.0401241721843625
intact_t8,1162,0.04141313247305202
intact_t8,1163,0.047872877025244544
intact_t8,1164,0.05594452727907589
intact_t8,1165,0.04238969497305202
intact_t8,1166,0.03281318863105623
intact_t8,1167,0.047949872289968845
intact_t8,1168,0.033458239025795776
intact_t8,1169,0.05020980841052737
intact_t8,1170,0.046294991718216216
intact_t8,1171,0.04352210845404315
intact_t8,1172,0.048849439525244544
intact_t8,1173,0.05845826028941761
intact_t8,1174,0.05715488927962712
intact_t8,1175,0.034849135393183475
intact_t8,1176,0.07210252446271029
intact_t8,1177,0.056016889130504996
intact_t8,1178,0.042013502025244544
intact_t8,1179,0.04007750690583822
intact_t8,1180,0.033060064185309365
intact_t8,1181,0.027060022745901836
intact_t8,1182,0.04588065785082852
intact_t8,1183,0.040060377025244544
intact_t8,1184,0.028177251685309365
intact_t8,1185,0.03985061120943018
intact_t8,1186,0.044670295850277285
intact_t8,1187,0.031919447893183475
intact_t8,1188,0.03605949739373471
intact_t8,1189,0.04190567228812836
intact_t8,1190,0.04321706667470044
intact_t8,1191,0.034545714236111344
intact_t8,1192,0.05357544778941761
intact_t8,1193,0.06145012239373471
intact_t8,1194,0.03627021646438487
intact_t8,1195,0.042013502025244544
intact_t8,1196,0.020645216464384872
intact_t8,1197,0.03934391803391169
intact_t8,1198,0.0645382346843625
intact_t8,1199,0.03250702727907589
intact_t8,1200,0.050474135393183475
intact_t8,1201,0.06202450167402077
intact_t8,1202,0.045646858350277285
intact_t8,1203,0.05043504121876745
intact_t8,1204,0.03961585845404315
intact_t8,1205,0.06020066621876745
intact_t8,1206,0.047271554218216216
intact_t8,1207,0.04771607278941761
intact_t8,1208,0.039317614025795776
intact_t8,1209,0.03858700167402077
intact_t8,1210,0.050802564525244544
intact_t8,1211,0.042990064525244544
intact_t8,1212,0.03990357278941761
intact_t8,1213,0.04283326028941761
intact_t8,1214,0.04423661085820641
intact_t8,1215,0.04715546477907589
intact_t8,1216,0.046153551525795776
intact_t8,1217,0.04798896646438487
intact_t8,1218,0.048849439525244544
intact_t8,1219,0.03706236390185062
intact_t8,1220,0.025748628359329756
intact_t8,1221,0.03307620198172877
intact_t8,1222,0.030669991718216216
intact_t8,1223,0.03703605989373471
intact_t8,1224,0.03685022474616904
intact_t8,1225,0.028953282361771214
intact_t8,1226,0.030774501674020772
intact_t8,1227,0.02216963914179359
intact_t8,1228,0.03724677896438487
intact_t8,1229,0.048849439525244544
intact_t8,1230,0.030255657850828517
intact_t8,1231,0.054785809789968845
intact_t8,1232,0.03317214524522217
intact_t8,1233,0.0562812161131611
intact_t8,1234,0.03795044778941761
intact_t8,1235,0.035881233350277285
intact_t8,1236,0.04422673053391169
intact_t8,1237,0.021739489025795776
intact_t8,1238,0.03858700167402077
intact_t8,1239,0.04348301427962712
intact_t8,1240,0.04896552896438487
intact_t8,1241,0.025892642428856576
intact_t8,1242,0.02216963914179359
intact_t8,1243,0.029551989025795776
intact_t8,1244,0.044911041420869095
intact_t8,1245,0.04684402024522217
intact_t8,1246,0.03858700167402077
intact_t8,1247,0.04750535371876745
intact_t8,1248,0.055685377025244544
intact_t8,1249,0.02518802034898803
intact_t8,1250,0.05873115396438487
intact_t8,1251,0.06252131452524454
intact_t8,1252,0.041386828464936104
intact_t8,1253,0.05395285142018943
intact_t8,1254,0.06112362080676151
intact_t8,1255,0.034904670850277285
intact_t8,1256,0.026609101420189428
intact_t8,1257,0.05231117095404315
intact_t8,1258,0.05563308274522217
intact_t8,1259,0.044670295850277285
intact_t8,1260,0.05573476146326153
intact_t8,1261,0.03697388528941761
intact_t8,1262,0.049553108350277285
intact_t8,1263,0.03348358977907589
intact_t8,1264,0.0391476096843625
intact_t8,1265,0.04987538646326153
intact_t8,1266,0.043326753359329756
intact_t8,1267,0.05350833284898803
intact_t8,1268,0.060295295850277285
intact_t8,1269,0.022209358350277285
intact_t8,1270,0.021177260393183475
intact_t8,1271,0.049224679218216216
intact_t8,1272,0.032597765964936104
intact_t8,1273,0.024780089236111344
intact_t8,1274,0.050474135393183475
intact_t8,1275,0.032597765964936104
intact_t8,1276,0.030775454928856576
intact_t8,1277,0.01912386220265326
intact_t8,1278,0.03220878285082852
intact_t8,1279,0.04321706667470044
intact_t8,1280,0.05091865396438487
intact_t8,1281,0.03188035371876745
intact_t8,1282,0.028246997393734707
intact_t8,1283,0.035881233350277285
intact_t8,1284,0.0513984036131611
intact_t8,1285,0.04185669778941761
intact_t8,1286,0.04576294778941761
intact_t8,1287,0.048576545850277285
intact_t8,1288,0.02312616191919452
intact_t8,1289,0.0338202786131611
intact_t8,1290,0.047246203464936104
intact_t8,1291,0.03219558274522217
intact_t8,1292,0.04250645177962712
intact_t8,1293,0.05817054595404315
intact_t8,1294,0.036121978920869095
intact_t8,1295,0.03996836353673847
intact_t8,1296,0.03555375747305202
intact_t8,1297,0.03904472035082852
intact_t8,1298,0.0411007346843625
intact_t8,1299,0.024609311141665154
intact_t8,1300,0.05509262091052737
intact_t8,1301,0.05594452727907589
intact_t8,1302,0.035881233350277285
intact_t8,1303,0.03521374885765518
intact_t8,1304,0.06207679595404315
intact_t8,1305,0.04452205830676151
intact_t8,1306,0.02242995774522217
intact_t8,1307,0.031348309789968845
intact_t8,1308,0.03513847035082852
intact_t8,1309,0.04478638528941761
intact_t8,1310,0.03300052034898803
intact_t8,1311,0.05172683274522217
intact_t8,1312,0.045274701630504996
intact_t8,1313,0.04520233977907589
intact_t8,1314,0.046896314525244544
intact_t8,1315,0.03693015770170639
intact_t8,1316,0.07017701028941761
intact_t8,1317,0.04473247045459438
intact_t8,1318,0.01837253251089334
intact_t8,1319,0.032336355637677554
intact_t8,1320,0.0440304221843625
intact_t8,1321,0.040773926174572005
intact_t8,1322,0.04938243670887895
intact_t8,1323,0.03826809248910666
intact_t8,1324,0.07299060835027729
intact_t8,1325,0.07514830140185062
intact_t8,1326,0.04129608977907589
intact_t8,1327,0.030528551525795776
intact_t8,1328,0.04293777024522217
intact_t8,1329,0.03903152024522217
intact_t8,1330,0.021569484684362497
intact_t8,1331,0.06246902024522217
intact_t8,1332,0.046973309789968845
intact_t8,1333,0.03246847642018943
intact_t8,1334,0.05189003973556011
intact_t8,1335,0.029812092534462924
intact_t8,1336,0.03697388528941761
intact_t8,1337,0.03375648345404315
intact_t8,1338,0.045423892428856576
intact_t8,1339,0.05650513528941761
intact_t8,1340,0.0611640286131611
intact_t8,1341,0.024435377025244544
intact_t8,1342,0.030644640964936104
intact_t8,1343,0.026763741718216216
intact_t8,1344,0.04505927896438487
intact_t8,1345,0.06180390227907589
intact_t8,1346,0.04293777024522217
intact_t8,1347,0.046294991718216216
intact_t8,1348,0.04380982278941761
intact_t8,1349,0.03180335845404315
intact_t8,1350,0.04088013528941761
intact_t8,1351,0.033561128359329756
intact_t8,1352,0.032481676525795776
intact_t8,1353,0.04966919778941761
intact_t8,1354,0.039731947893183475
intact_t8,1355,0.026504591464384872
intact_t8,1356,0.03801262239373471
intact_t8,1357,0.023304319509604085
intact_t8,1358,0.049199328464936104
intact_t8,1359,0.0461012572457734
intact_t8,1360,0.04380982278941761
intact_t8,1361,0.0314528197457734
intact_t8,1362,0.024655761325427995
intact_t8,1363,0.02668609668491373
intact_t8,1364,0.020865815859329756
intact_t8,1365,0.054107491718216216
intact_t8,1366,0.051867605637677554
intact_t8,1367,0.041386828464936104
intact_t8,1368,0.033192291420869095
intact_t8,1369,0.056661939525244544
intact_t8,1370,0.02043545064857051
intact_t8,1371,0.043966627025244544
intact_t8,1372,0.045020184789968845
intact_t8,1373,0.031974983350277285
intact_t8,1374,0.05887516803391169
intact_t8,1375,0.027696576630504996
intact_t8,1376,0.03935379835820641
intact_t8,1377,0.04938148345404315
intact_t8,1378,0.04461571364801928
intact_t8,1379,0.054380385393183475
intact_t8,1380,0.030200122393734707
intact_t8,1381,0.02277984668491373
intact_t8,1382,0.058013741718216216
intact_t8,1383,0.03416190785082852
intact_t8,1384,0.03121902024522217
intact_t8,1385,0.03670955830676151
intact_t8,1386,0.046623420850277285
intact_t8,1387,0.026349407850828517
intact_t8,1388,0.05064576028941761
intact_t8,1389,0.04881034535082852
intact_t8,1390,0.05118637091052737
intact_t8,1391,0.05287177896438487
intact_t8,1392,0.051856122289968845
intact_t8,1393,0.0255934447457734
intact_t8,1394,0.030137947789417613
intact_t8,1395,0.0494452786131611
intact_t8,1396,0.027481153964384872
intact_t8,1397,0.023311890613712333
intact_t8,1398,0.04180278295459438
intact_t8,1399,0.043638197893183475
intact_t8,1400,0.03984965795459438
intact_t8,1401,0.032597765964936104
intact_t8,1402,0.029286041420869095
intact_t8,1403,0.05759940785082852
intact_t8,1404,0.053459358350277285
intact_t8,1405,0.05464048890185062
intact_t8,1406,0.040435616718216216
intact_t8,1407,0.035514253359329756
intact_t8,1408,0.045919752025244544
intact_t8,1409,0.0343825072457734
intact_t8,1410,0.06110023345404315
intact_t8,1411,0.05168449739373471
intact_t8,1412,0.028125063858334846
intact_t8,1413,0.03446015227907589
intact_t8,1414,0.045279878359329756
intact_t8,1415,0.05203827727907589
intact_t8,1416,0.07006092085027729
intact_t8,1417,0.059219470305472255
intact_t8,1418,0.028493900796795507
intact_t8,1419,0.030788655034462924
intact_t8,1420,0.01895219497305202
intact_t8,1421,0.0445624661131611
intact_t8,1422,0.04987538646326153
intact_t8,1423,0.053732252025244544
intact_t8,1424,0.028184822789417613
intact_t8,1425,0.016084682077369114
intact_t8,1426,0.036750919367996904
intact_t8,1427,0.04283326028941761
intact_t8,1428,0.022334014481728767
intact_t8,1429,0.03611503285082852
intact_t8,1430,0.04380982278941761
intact_t8,1431,0.03928838257681788
intact_t8,1432,0.02856862917470044
intact_t8,1433,0.037515449165363174
intact_t8,1434,0.02969438247305202
intact_t8,1435,0.03963924580676151
intact_t8,1436,0.03543671477907589
intact_t8,1437,0.03442800417470044
intact_t8,1438,0.04151668917402077
intact_t8,1439,0.0377265286131611
intact_t8,1440,0.035779985869495004
intact_t8,1441,0.04180278295459438
intact_t8,1442,0.028562226420189428
intact_t8,1443,0.027325970350828517
intact_t8,1444,0.039083814525244544
intact_t8,1445,0.052154366718216216
intact_t8,1446,0.04877062614234482
intact_t8,1447,0.03848344497305202
intact_t8,1448,0.04771607278941761
intact_t8,1449,0.038107252025244544
intact_t8,1450,0.02324809545459438
intact_t8,1451,0.021505689525244544
intact_t8,1452,0.026231697789417613
intact_t8,1453,0.03301372045459438
intact_t8,1454,0.04422577727907589
intact_t8,1455,0.03055485553391169
intact_t8,1456,0.019172794367996904
intact_t8,1457,0.04289543489373471
intact_t8,1458,0.048576545850277285
intact_t8,1459,0.028367323598149377
intact_t8,1460,0.03203715795459438
intact_t8,1461,0.03814343635765518
intact_t8,1462,0.06051589524522217
intact_t8,1463,0.046896314525244544
intact_t8,1464,0.032247877025244544
intact_t8,1465,0.04896035223556011
intact_t8,1466,0.08666248335027729
intact_t8,1467,0.013608747140846719
intact_t8,1468,0.055773855637677554
intact_t8,1469,0.027897108454043147
intact_t8,1470,0.03610183274522217
intact_t8,1471,0.07494373335027729
intact_t8,1472,0.05259888528941761
intact_t8,1473,0.03138740396438487
intact_t8,1474,0.038341051525795776
intact_t8,1475,0.04010976146326153
intact_t8,1476,0.04813202727907589
intact_t8,1477,0.027873830528237234
intact_t8,1478,0.05594452727907589
intact_t8,1479,0.046294991718216216
intact_t8,1480,0.034872522745901836
intact_t8,1481,0.051779127025244544
intact_t8,1482,0.050078534429803444
intact_t8,1483,0.049553108350277285
intact_t8,1484,0.04836582677962712
intact_t8,1485,0.04680168489373471
intact_t8,1486,0.02961578418491373
intact_t8,1487,0.04002128285082852
intact_t8,1488,0.03067094497305202
intact_t8,1489,0.017676434789968845
intact_t8,1490,0.024499172184362497
intact_t8,1491,0.04059242095404315
intact_t8,1492,0.02391321342074066
intact_t8,1493,0.042013502025244544
intact_t8,1494,0.04483535978812836
intact_t8,1495,0.03904472035082852
intact_t8,1496,0.04840587420887895
intact_t8,1497,0.042661635393183475
intact_t8,1498,0.03795044778941761
intact_t8,1499,0.0562812161131611
intact_t8,1500,0.03106059545459438
intact_t8,1501,0.02926589524522217
intact_t8,1502,0.043693733350277285
intact_t8,1503,0.04017646646438487
intact_t8,1504,0.03652274886894377
intact_t8,1505,0.04645179595404315
intact_t8,1506,0.050529670850277285
intact_t8,1507,0.03898918489373471
intact_t8,1508,0.055412483350277285
intact_t8,1509,0.03848344497305202
intact_t8,1510,0.041685072893183475
intact_t8,1511,0.04028097642018943
intact_t8,1512,0.040764045850277285
intact_t8,1513,0.031974983350277285
intact_t8,1514,0.0625851096843625
intact_t8,1515,0.04227265227907589
intact_t8,1516,0.022123295411078603
intact_t8,1517,0.03762363927962712
intact_t8,1518,0.04490409535082852
intact_t8,1519,0.035177564525244544
intact_t8,1520,0.043966627025244544
intact_t8,1521,0.04966919778941761
intact_t8,1522,0.046623420850277285
intact_t8,1523,0.045646858350277285
intact_t8,1524,0.03885989534898803
intact_t8,1525,0.03539816392018943
intact_t8,1526,0.024757655138228786
intact_t8,1527,0.060943429218216216
intact_t8,1528,0.027844814174020772
intact_t8,1529,0.04813202727907589
intact_t8,1530,0.03018692228812836
intact_t8,1531,0.03610183274522217
intact_t8,1532,0.03274082677962712
intact_t8,1533,0.04798896646438487
intact_t8,1534,0.03018692228812836
intact_t8,1535,0.030195792466697895
intact_t8,1536,0.05466972035082852
intact_t8,1537,0.024551466464384872
intact_t8,1538,0.04130692335820641
intact_t8,1539,0.04478638528941761
intact_t8,1540,0.039317614025795776
intact_t8,1541,0.034576241718216216
intact_t8,1542,0.029804521430354676
intact_t8,1543,0.04750535371876745
intact_t8,1544,0.04869263528941761
intact_t8,1545,0.04547523345404315
intact_t8,1546,0.06248222035082852
intact_t8,1547,0.02602097871876745
intact_t8,1548,0.020606122289968845
intact_t8,1549,0.03570960845404315
intact_t8,1550,0.054435920850277285
intact_t8,1551,0.038107252025244544
intact_t8,1552,0.049186128359329756
intact_t8,1553,0.05686650757681788
intact_t8,1554,0.03090379121876745
intact_t8,1555,0.043078543137677554
intact_t8,1556,0.019247522745901836
intact_t8,1557,0.04576294778941761
intact_t8,1558,0.04032048053391169
intact_t8,1559,0.03885989534898803
intact_t8,1560,0.05449809545459438
intact_t8,1561,0.033928108350277285
intact_t8,1562,0.04060823720265326
intact_t8,1563,0.05455201028941761
intact_t8,1564,0.03399028295459438
intact_t8,1565,0.05328773345404315
intact_t8,1566,0.03203715795459438
intact_t8,1567,0.04002128285082852
intact_t8,1568,0.0356774603496677
intact_t8,1569,0.03377987080676151
intact_t8,1570,0.049520960245901836
intact_t8,1571,0.05266105989373471
intact_t8,1572,0.032597765964936104
intact_t8,1573,0.047130114025795776
intact_t8,1574,0.04674939061371233
intact_t8,1575,0.03457719497305202
intact_t8,1576,0.04588065785082852
intact_t8,1577,0.04727250747305202
intact_t8,1578,0.052154366718216216
intact_t8,1579,0.03180431170887895
intact_t8,1580,0.03306763528941761
intact_t8,1581,0.05426524920887895
intact_t8,1582,0.032247877025244544
intact_t8,1583,0.029693429218216216
intact_t8,1584,0.03431709146438487
intact_t8,1585,0.041829086962710295
intact_t8,1586,0.04516378892018943
intact_t8,1587,0.044943189525244544
intact_t8,1588,0.057365608350277285
intact_t8,1589,0.04445957677962712
intact_t8,1590,0.02188949591052737
intact_t8,1591,0.05421200167402077
intact_t8,1592,0.037834358350277285
intact_t8,1593,0.028085559744612583
intact_t8,1594,0.03903152024522217
intact_t8,1595,0.035254559789968845
intact_t8,1596,0.031974983350277285
intact_t8,1597,0.041685072893183475
intact_t8,1598,0.04359910371876745
intact_t8,1599,0.04478638528941761
intact_t8,1600,0.04617985553391169
intact_t8,1601,0.04178958284898803
intact_t8,1602,0.04889882396326153
intact_t8,1603,0.06056818952524454
intact_t8,1604,0.02606102614801928
intact_t8,1605,0.03543671477907589
intact_t8,1606,0.05715488927962712
intact_t8,1607,0.038107252025244544
intact_t8,1608,0.05238816621876745
intact_t8,1609,0.03425722608025425
intact_t8,1610,0.038272725902401855
intact_t8,1611,0.024288453113712333
intact_t8,1612,0.03840484668491373
intact_t8,1613,0.029654878359329756
intact_t8,1614,0.057310072893183475
intact_t8,1615,0.028068733350277285
intact_t8,1616,0.05466972035082852
intact_t8,1617,0.027844814174020772
intact_t8,1618,0.03627021646438487
intact_t8,1619,0.02530410978812836
intact_t8,1620,0.04028737917470044
intact_t8,1621,0.047949872289968845
intact_t8,1622,0.033389913402401855
intact_t8,1623,0.023931946324748328
intact_t8,1624,0.024435377025244544
intact_t8,1625,0.024106947893183475
intact_t8,1626,0.051177804218216216
intact_t8,1627,0.06236451028941761
intact_t8,1628,0.02340652024522217
intact_t8,1629,0.03383347871876745
intact_t8,1630,0.042090497289968845
intact_t8,1631,0.03892701028941761
intact_t8,1632,0.03627021646438487
intact_t8,1633,0.028418622289968845
intact_t8,1634,0.02632863664111392
intact_t8,1635,0.048544397745901836
intact_t8,1636,0.03371738927962712
intact_t8,1637,0.036242605637677554
intact_t8,1638,0.028430105637677554
intact_t8,1639,0.024172363674572005
intact_t8,1640,0.04276614534898803
intact_t8,1641,0.04576294778941761
intact_t8,1642,0.025052982911078603
intact_t8,1643,0.04771607278941761
intact_t8,1644,0.04479495198172877
intact_t8,1645,0.019726498641665154
intact_t8,1646,0.03707839524522217
intact_t8,1647,0.034277997289968845
intact_t8,1648,0.046973309789968845
intact_t8,1649,0.03473304595404315
intact_t8,1650,0.02957829303391169
intact_t8,1651,0.053459358350277285
intact_t8,1652,0.029161385289417613
intact_t8,1653,0.036640458930354676
intact_t8,1654,0.043365304218216216
intact_t8,1655,0.03791992030731274
intact_t8,1656,0.058964953464936104
intact_t8,1657,0.03676316621876745
intact_t8,1658,0.034872522745901836
intact_t8,1659,0.03593020784898803
intact_t8,1660,0.028418622289968845
intact_t8,1661,0.034681704928856576
intact_t8,1662,0.05075027024522217
intact_t8,1663,0.04862552034898803
intact_t8,1664,0.05741458284898803
intact_t8,1665,0.04674939061371233
intact_t8,1666,0.04737606417402077
intact_t8,1667,0.05035804595404315
intact_t8,1668,0.061919991718216216
intact_t8,1669,0.04478638528941761
intact_t8,1670,0.030669991718216216
intact_t8,1671,0.039731947893183475
intact_t8,1672,0.03229726146326153
intact_t8,1673,0.027092170850277285
intact_t8,1674,0.04905400757681788
intact_t8,1675,0.03668617095404315
intact_t8,1676,0.03983645784898803
intact_t8,1677,0.04700722723556011
intact_t8,1678,0.05508500747305202
intact_t8,1679,0.03961681170887895
intact_t8,1680,0.03311660978812836
intact_t8,1681,0.04445957677962712
intact_t8,1682,0.03641327727907589
intact_t8,1683,0.048849439525244544
intact_t8,1684,0.030774501674020772
intact_t8,1685,0.032584565859329756
intact_t8,1686,0.03215324739373471
intact_t8,1687,0.0387030911131611
intact_t8,1688,0.03176426427962712
intact_t8,1689,0.05817054595404315
intact_t8,1690,0.03570960845404315
intact_t8,1691,0.05106171477907589
intact_t8,1692,0.04586745774522217
intact_t8,1693,0.033928108350277285
intact_t8,1694,0.0586788596843625
intact_t8,1695,0.05426429595404315
intact_t8,1696,0.059966866718216216
intact_t8,1697,0.04652879121876745
intact_t8,1698,0.04848191621876745
intact_t8,1699,0.036529366718216216
intact_t8,1700,0.03565731417402077
intact_t8,1701,0.042013502025244544
intact_t8,1702,0.06420154585027729
intact_t8,1703,0.050529670850277285
intact_t8,1704,0.04478638528941761
intact_t8,1705,0.03209107278941761
intact_t8,1706,0.05692108977907589
intact_t8,1707,0.06357487228996885
intact_t8,1708,0.033928108350277285
intact_t8,1709,0.05231117095404315
intact_t8,1710,0.0498897971843625
intact_t8,1711,0.0187575072457734
intact_t8,1712,0.027569632576817882
intact_t8,1713,0.04938148345404315
intact_t8,1714,0.023419720350828517
intact_t8,1715,0.05189521646438487
intact_t8,1716,0.049224679218216216
intact_t8,1717,0.042388741718216216
intact_t8,1718,0.02199863927962712
intact_t8,1719,0.04520233977907589
intact_t8,1720,0.07391163539318348
intact_t8,1721,0.03153046477907589
intact_t8,1722,0.029850233454043147
intact_t8,1723,0.035177564525244544
intact_t8,1724,0.054435920850277285
intact_t8,1725,0.04346981417402077
intact_t8,1726,0.056738934789968845
intact_t8,1727,0.041202413402401855
intact_t8,1728,0.03334052896438487
intact_t8,1729,0.042101980637677554
intact_t8,1730,0.03317214524522217
intact_t8,1731,0.029551989025795776
intact_t8,1732,0.03885989534898803
intact_t8,1733,0.05133460845404315
intact_t8,1734,0.051594711962710295
intact_t8,1735,0.03513847035082852
intact_t8,1736,0.030255657850828517
intact_t8,1737,0.03759149117525167
intact_t8,1738,0.04727250747305202
intact_t8,1739,0.01840740321132041
intact_t8,1740,0.0356774603496677
intact_t8,1741,0.043661585245901836
intact_t8,1742,0.031114510289417613
intact_t8,1743,0.03008403295459438
intact_t8,1744,0.04603584146438487
intact_t8,1745,0.04881034535082852
intact_t8,1746,0.07381893330676151
intact_t8,1747,0.04129608977907589
intact_t8,1748,0.050529670850277285
intact_t8,1749,0.030644640964936104
intact_t8,1750,0.023522609684362497
intact_t8,1751,0.04715546477907589
intact_t8,1752,0.031942835245901836
intact_t8,1753,0.05662284535082852
intact_t8,1754,0.031621203464936104
intact_t8,1755,0.0543280911131611
intact_t8,1756,0.025461323963261527
intact_t8,1757,0.045539981867996904
intact_t8,1758,0.028673139130504996
intact_t8,1759,0.040485544471762766
intact_t8,1760,0.05357544778941761
intact_t8,1761,0.04576294778941761
intact_t8,1762,0.04374270784898803
intact_t8,1763,0.04673951028941761
intact_t8,1764,0.050306704928856576
intact_t8,1765,0.022149492966146662
intact_t8,1766,0.01643554530731274
intact_t8,1767,0.055084054218216216
intact_t8,1768,0.04478638528941761
intact_t8,1769,0.025083510393183475
intact_t8,1770,0.04028097642018943
intact_t8,1771,0.04576294778941761
intact_t8,1772,0.031114510289417613
intact_t8,1773,0.022976155034462924
intact_t8,1774,0.029279095350828517
intact_t8,1775,0.043693733350277285
intact_t8,1776,0.041036939525244544
intact_t8,1777,0.02977258842074066
intact_t8,1778,0.02530410978812836
intact_t8,1779,0.05399140227907589
intact_t8,1780,0.04408271646438487
intact_t8,1781,0.031984863674572005
intact_t8,1782,0.025255135289417613
intact_t8,1783,0.05133460845404315
intact_t8,1784,0.0459891761858606
intact_t8,1785,0.037130689525244544
intact_t8,1786,0.045108663402401855
intact_t8,1787,0.04185669778941761
intact_t8,1788,0.06139782811371233
intact_t8,1789,0.026388502025244544
intact_t8,1790,0.0735226522790759
intact_t8,1791,0.01389342764978107
intact_t8,1792,0.041270739025795776
intact_t8,1793,0.03348358977907589
intact_t8,1794,0.027060022745901836
intact_t8,1795,0.015968592638228786
intact_t8,1796,0.04910858977907589
intact_t8,1797,0.035177564525244544
intact_t8,1798,0.023834054218216216
intact_t8,1799,0.041113934789968845
intact_t8,1800,0.07299060835027729
intact_t8,1801,0.029223559893734707
intact_t8,1802,0.031621203464936104
intact_t8,1803,0.02354437648228
intact_t8,1804,0.062248420850277285
intact_t8,1805,0.04017646646438487
intact_t8,1806,0.015762403964384872
intact_t8,1807,0.05231117095404315
intact_t8,1808,0.021008876674020772
intact_t8,1809,0.035849085245901836
intact_t8,1810,0.016216802859880988
intact_t8,1811,0.05692108977907589
intact_t8,1812,0.05426429595404315
intact_t8,1813,0.04531938247305202
intact_t8,1814,0.05189521646438487
intact_t8,1815,0.02093006329112105
intact_t8,1816,0.031919447893183475
intact_t8,1817,0.046623420850277285
intact_t8,1818,0.06289655421821622
intact_t8,1819,0.026115608350277285
intact_t8,1820,0.03306763528941761
intact_t8,1821,0.042090497289968845
intact_t8,1822,0.038820801174572005
intact_t8,1823,0.07184242095404314
intact_t8,1824,0.039787483350277285
intact_t8,1825,0.056389045850277285
intact_t8,1826,0.05259888528941761
intact_t8,1827,0.0577022971843625
intact_t8,1828,0.047544447893183475
intact_t8,1829,0.03969380697360325
intact_t8,1830,0.06082829303391169
intact_t8,1831,0.04685722035082852
intact_t8,1832,0.030899157805472255
intact_t8,1833,0.04754540114801928
intact_t8,1834,0.0686398397790759
intact_t8,1835,0.03420503825327973
intact_t8,1836,0.04321066392018943
intact_t8,1837,0.04881034535082852
intact_t8,1838,0.050529670850277285
intact_t8,1839,0.03799942228812836
intact_t8,1840,0.04809347642018943
intact_t8,1841,0.04863872045459438
intact_t8,1842,0.03822334146438487
intact_t8,1843,0.0412184447457734
intact_t8,1844,0.035177564525244544
intact_t8,1845,0.058615064525244544
intact_t8,1846,0.03762363927962712
intact_t8,1847,0.05064576028941761
intact_t8,1848,0.03024245774522217
intact_t8,1849,0.03849105841052737
intact_t8,1850,0.06192855841052737
intact_t8,1851,0.056661939525244544
intact_t8,1852,0.03523378858025425
intact_t8,1853,0.03375648345404315
intact_t8,1854,0.02725723478812836
intact_t8,1855,0.04742835845404315
intact_t8,1856,0.06680280421821622
intact_t8,1857,0.05594452727907589
intact_t8,1858,0.033978036103823835
intact_t8,1859,0.0508663596843625
intact_t8,1860,0.04727250747305202
intact_t8,1861,0.043693733350277285
intact_t8,1862,0.04582512239373471
intact_t8,1863,0.057365608350277285
intact_t8,1864,0.0421950072457734
intact_t8,1865,0.03413267640185062
intact_t8,1866,0.034523280138228786
intact_t8,1867,0.023554542693976513
intact_t8,1868,0.026985294367996904
intact_t8,1869,0.03277992095404315
intact_t8,1870,0.049562988674572005
intact_t8,1871,0.04532699591052737
intact_t8,1872,0.033458239025795776
intact_t8,1873,0.04798378973556011
intact_t8,1874,0.0469601096843625
intact_t8,1875,0.03991213948172877
intact_t8,1876,0.030644640964936104
intact_t8,1877,0.06508347871876745
intact_t8,1878,0.028457716464384872
intact_t8,1879,0.05324863927962712
intact_t8,1880,0.019056704928856576
intact_t8,1881,0.043966627025244544
intact_t8,1882,0.07168561671821622
intact_t8,1883,0.021733644929536243
intact_t8,1884,0.03277992095404315
intact_t8,1885,0.062192885393183475
intact_t8,1886,0.03653031997305202
intact_t8,1887,0.03431709146438487
intact_t8,1888,0.04066941621876745
intact_t8,1889,0.03990357278941761
intact_t8,1890,0.06020066621876745
intact_t8,1891,0.04505927896438487
intact_t8,1892,0.041740608350277285
intact_t8,1893,0.045646858350277285
intact_t8,1894,0.03928838257681788
intact_t8,1895,0.0387030911131611
intact_t8,1896,0.04292173890185062
intact_t8,1897,0.02535964524522217
intact_t8,1898,0.037207684789968845
intact_t8,1899,0.03698376561371233
intact_t8,1900,0.04359910371876745
intact_t8,1901,0.05748169778941761
intact_t8,1902,0.03946000747305202
intact_t8,1903,0.03582665114801928
intact_t8,1904,0.06793617095404314
intact_t8,1905,0.04727250747305202
intact_t8,1906,0.036154127025244544
intact_t8,1907,0.06789707677962711
intact_t8,1908,0.012890561141665152
intact_t8,1909,0.02774125747305202
intact_t8,1910,0.043067059789968845
intact_t8,1911,0.03887309545459438
intact_t8,1912,0.0269843411131611
intact_t8,1913,0.025052982911078603
intact_t8,1914,0.030294752025244544
intact_t8,1915,0.011263397849667697
intact_t8,1916,0.040294176525795776
intact_t8,1917,0.023130385393183475
intact_t8,1918,0.04130692335820641
intact_t8,1919,0.052482795850277285
intact_t8,1920,0.03375648345404315
intact_t8,1921,0.049224679218216216
intact_t8,1922,0.035552804218216216
intact_t8,1923,0.04321066392018943
intact_t8,1924,0.031974983350277285
intact_t8,1925,0.05231117095404315
intact_t8,1926,0.05189521646438487
intact_t8,1927,0.028575426525795776
intact_t8,1928,0.07168561671821622
intact_t8,1929,0.029522757576817882
intact_t8,1930,0.031505114025795776
intact_t8,1931,0.026388502025244544
intact_t8,1932,0.040764045850277285
intact_t8,1933,0.046896314525244544
intact_t8,1934,0.05845826028941761
intact_t8,1935,0.0387030911131611
intact_t8,1936,0.0567257346843625
intact_t8,1937,0.03529365396438487
intact_t8,1938,0.024179309744612583
intact_t8,1939,0.03513847035082852
intact_t8,1940,0.05259888528941761
intact_t8,1941,0.033984438858334846
intact_t8,1942,0.055412483350277285
intact_t8,1943,0.02399181170887895
intact_t8,1944,0.04766215795459438
intact_t8,1945,0.029434278964384872
intact_t8,1946,0.04017128973556011
intact_t8,1947,0.03209107278941761
intact_t8,1948,0.03570960845404315
intact_t8,1949,0.04586745774522217
intact_t8,1950,0.04452205830676151
intact_t8,1951,0.07127128285082851
intact_t8,1952,0.025372845350828517
intact_t8,1953,0.05563308274522217
intact_t8,1954,0.041462106971762766
intact_t8,1955,0.05422520177962712
intact_t8,1956,0.046896314525244544
intact_t8,1957,0.03316468059416178
intact_t8,1958,0.051036364025795776
intact_t8,1959,0.034904670850277285
intact_t8,1960,0.03409317228812836
intact_t8,1961,0.02399181170887895
intact_t8,1962,0.04715546477907589
intact_t8,1963,0.04603584146438487
intact_t8,1964,0.037834358350277285
intact_t8,1965,0.04966919778941761
intact_t8,1966,0.0376305853496677
intact_t8,1967,0.040708510393183475
intact_t8,1968,0.03529365396438487
intact_t8,1969,0.06420154585027729
intact_t8,1970,0.04576294778941761
intact_t8,1971,0.050802564525244544
intact_t8,1972,0.038451964236111344
intact_t8,1973,0.03990357278941761
intact_t8,1974,0.02578813247305202
intact_t8,1975,0.03821816473556011
intact_t8,1976,0.04159237080676151
intact_t8,1977,0.030294752025244544
intact_t8,1978,0.044341866718216216
intact_t8,1979,0.04577282811371233
intact_t8,1980,0.04840492095404315
intact_t8,1981,0.06041138528941761
intact_t8,1982,0.04824906997305202
intact_t8,1983,0.04392753285082852
intact_t8,1984,0.03836735553391169
intact_t8,1985,0.04684402024522217
intact_t8,1986,0.04164597871876745
intact_t8,1987,0.029133774462710295
intact_t8,1988,0.016796811141665154
intact_t8,1989,0.033872572893183475
intact_t8,1990,0.03473304595404315
intact_t8,1991,0.043326753359329756
intact_t8,1992,0.033928108350277285
intact_t8,1993,0.04907003892018943
intact_t8,1994,0.03946000747305202
intact_t8,1995,0.015271220114659199
intact_t8,1996,0.05064576028941761
intact_t8,1997,0.02774125747305202
intact_t8,1998,0.040764045850277285
intact_t8,1999,0.027365064525244544
intact_t8,2000,0.04059242095404315
intact_t8,2001,0.03204734520170639
intact_t8,2002,0.0426093411131611
intact_t8,2003,0.055685377025244544
intact_t8,2004,0.06713123335027729
intact_t8,2005,0.04276614534898803
intact_t8,2006,0.05357544778941761
intact_t8,2007,0.04283326028941761
intact_t8,2008,0.045591322893183475
intact_t8,2009,0.06138794778941761
intact_t8,2010,0.039797363674572005
intact_t8,2011,0.044670295850277285
intact_t8,2012,0.055412483350277285
intact_t8,2013,0.046591272745901836
intact_t8,2014,0.025411939525244544
intact_t8,2015,0.029153814185309365
intact_t8,2016,0.04223410142018943
intact_t8,2017,0.05410844497305202
intact_t8,2018,0.047271554218216216
intact_t8,2019,0.04408271646438487
intact_t8,2020,0.06496738927962711
intact_t8,2021,0.03954461617525167
intact_t8,2022,0.041036939525244544
intact_t8,2023,0.051450697893183475
intact_t8,2024,0.06349787702524454
intact_t8,2025,0.06150565785082852
intact_t8,2026,0.05020219497305202
intact_t8,2027,0.029095223603823835
intact_t8,2028,0.022559247289968845
intact_t8,2029,0.048521010393183475
intact_t8,2030,0.05455201028941761
intact_t8,2031,0.04742835845404315
intact_t8,2032,0.062248420850277285
intact_t8,2033,0.04641270177962712
intact_t8,2034,0.026349407850828517
intact_t8,2035,0.02871781997305202
intact_t8,2036,0.041125418137677554
intact_t8,2037,0.045919752025244544
intact_t8,2038,0.03801262239373471
intact_t8,2039,0.04156898345404315
intact_t8,2040,0.02276709885198072
intact_t8,2041,0.027624214779075888
intact_t8,2042,0.04879714524522217
intact_t8,2043,0.037207684789968845
intact_t8,2044,0.027216826981728767
intact_t8,2045,0.048521010393183475
intact_t8,2046,0.042990064525244544
intact_t8,2047,0.04667239534898803
intact_t8,2048,0.02354437648228
intact_t8,2049,0.0420772971843625
intact_t8,2050,0.025734217638228786
intact_t8,2051,0.057715497289968845
intact_t8,2052,0.037624592534462924
intact_t8,2053,0.05064576028941761
intact_t8,2054,0.021505689525244544
intact_t8,2055,0.03404419778941761
intact_t8,2056,0.038341051525795776
intact_t8,2057,0.020372322789417613
intact_t8,2058,0.044341866718216216
intact_t8,2059,0.04668559545459438
intact_t8,2060,0.051177804218216216
intact_t8,2061,0.05645122045459438
intact_t8,2062,0.051450697893183475
intact_t8,2063,0.032623116718216216
intact_t8,2064,0.022209358350277285
intact_t8,2065,0.042247301525795776
intact_t8,2066,0.046973309789968845
intact_t8,2067,0.03789748620943018
intact_t8,2068,0.03508293489373471
intact_t8,2069,0.04375590795459438
intact_t8,2070,0.04194517640185062
intact_t8,2071,0.06041138528941761
intact_t8,2072,0.0391476096843625
intact_t8,2073,0.051450697893183475
intact_t8,2074,0.039433703464936104
intact_t8,2075,0.0430538596843625
intact_t8,2076,0.026231697789417613
intact_t8,2077,0.039459054218216216
intact_t8,2078,0.028600777279075888
intact_t8,2079,0.035881233350277285
intact_t8,2080,0.03930441392018943
intact_t8,2081,0.06517810835027729
intact_t8,2082,0.049553108350277285
intact_t8,2083,0.05189521646438487
intact_t8,2084,0.02969438247305202
intact_t8,2085,0.031608003359329756
intact_t8,2086,0.04129608977907589
intact_t8,2087,0.03676316621876745
intact_t8,2088,0.03495364534898803
intact_t8,2089,0.048576545850277285
intact_t8,2090,0.03788333284898803
intact_t8,2091,0.0440304221843625
intact_t8,2092,0.015820248641665154
intact_t8,2093,0.038107252025244544
intact_t8,2094,0.04284182698172877
intact_t8,2095,0.041270739025795776
intact_t8,2096,0.04586745774522217
intact_t8,2097,0.03822334146438487
intact_t8,2098,0.04129704303391169
intact_t8,2099,0.03543671477907589
intact_t8,2100,0.046896314525244544
intact_t8,2101,0.03604629728812836
intact_t8,2102,0.027092170850277285
intact_t8,2103,0.042717170850277285
intact_t8,2104,0.032247877025244544
intact_t8,2105,0.02432754728812836
intact_t8,2106,0.04576294778941761
intact_t8,2107,0.03738983977907589
intact_t8,2108,0.029966322893183475
intact_t8,2109,0.04348301427962712
intact_t8,2110,0.026647652279075888
intact_t8,2111,0.033301434789968845
intact_t8,2112,0.058132405034462924
intact_t8,2113,0.03289696364801928
intact_t8,2114,0.051506233350277285
intact_t8,2115,0.031176684893734707
intact_t8,2116,0.028562226420189428
intact_t8,2117,0.044670295850277285
intact_t8,2118,0.031271314525244544
intact_t8,2119,0.022343894806023487
intact_t8,2120,0.043693733350277285
intact_t8,2121,0.044670295850277285
intact_t8,2122,0.02395176427962712
intact_t8,2123,0.040764045850277285
intact_t8,2124,0.03934296477907589
intact_t8,2125,0.03668617095404315
intact_t8,2126,0.05064576028941761
intact_t8,2127,0.05496796477907589
intact_t8,2128,0.02872770029734674
intact_t8,2129,0.010280842534462925
intact_t8,2130,0.032579389130504996
intact_t8,2131,0.06110118670887895
intact_t8,2132,0.04461571364801928
intact_t8,2133,0.044670295850277285
intact_t8,2134,0.03526312648228
intact_t8,2135,0.028457716464384872
intact_t8,2136,0.028193389481728767
intact_t8,2137,0.06082733977907589
intact_t8,2138,0.05162232278941761
intact_t8,2139,0.06810779585027729
intact_t8,2140,0.04973137239373471
intact_t8,2141,0.03209107278941761
intact_t8,2142,0.049826002025244544
intact_t8,2143,0.0396796536131611
intact_t8,2144,0.030774501674020772
intact_t8,2145,0.04276614534898803
intact_t8,2146,0.03805495774522217
intact_t8,2147,0.055685377025244544
intact_t8,2148,0.03404419778941761
intact_t8,2149,0.03217955140185062
intact_t8,2150,0.04869263528941761
intact_t8,2151,0.039083814525244544
intact_t8,2152,0.036857795850277285
intact_t8,2153,0.04549862080676151
intact_t8,2154,0.02141201314857051
intact_t8,2155,0.0391476096843625
intact_t8,2156,0.03215324739373471
intact_t8,2157,0.044726626358334846
intact_t8,2158,0.02977258842074066
intact_t8,2159,0.04835262667402077
intact_t8,2160,0.07656842921821622
intact_t8,2161,0.03990357278941761
intact_t8,2162,0.036946274462710295
intact_t8,2163,0.05231117095404315
intact_t8,2164,0.037207684789968845
intact_t8,2165,0.034681704928856576
intact_t8,2166,0.049553108350277285
intact_t8,2167,0.051506233350277285
intact_t8,2168,0.04673951028941761
intact_t8,2169,0.035881233350277285
intact_t8,2170,0.046896314525244544
intact_t8,2171,0.05378163646326153
intact_t8,2172,0.04352210845404315
intact_t8,2173,0.04771607278941761
intact_t8,2174,0.046623420850277285
intact_t8,2175,0.050802564525244544
intact_t8,2176,0.05411605841052737
intact_t8,2177,0.045318429218216216
intact_t8,2178,0.023311890613712333
intact_t8,2179,0.05817054595404315
intact_t8,2180,0.027216826981728767
intact_t8,2181,0.03220121174672027
intact_t8,2182,0.023419720350828517
intact_t8,2183,0.03996574739373471
intact_t8,2184,0.0470778197457734
intact_t8,2185,0.038820801174572005
intact_t8,2186,0.04000808274522217
intact_t8,2187,0.05650513528941761
intact_t8,2188,0.037778822893183475
intact_t8,2189,0.03383347871876745
intact_t8,2190,0.05091865396438487
intact_t8,2191,0.034849135393183475
intact_t8,2192,0.025359430150460736
intact_t8,2193,0.020598551185860597
intact_t8,2194,0.046973309789968845
intact_t8,2195,0.036504015964936104
intact_t8,2196,0.04783378285082852
intact_t8,2197,0.057310072893183475
intact_t8,2198,0.02693862908947263
intact_t8,2199,0.052844168137677554
intact_t8,2200,0.060943429218216216
intact_t8,2201,0.019513470350828517
intact_t8,2202,0.04588065785082852
intact_t8,2203,0.06484967921821622
intact_t8,2204,0.04520233977907589
intact_t8,2205,0.034914551174572005
intact_t8,2206,0.04840587420887895
intact_t8,2207,0.06526658696271029
intact_t8,2208,0.033561128359329756
intact_t8,2209,0.01723191621876745
intact_t8,2210,0.03991213948172877
intact_t8,2211,0.05357544778941761
intact_t8,2212,0.0395837103496677
intact_t8,2213,0.03892701028941761
intact_t8,2214,0.03502932698172877
intact_t8,2215,0.049497572893183475
intact_t8,2216,0.04977370774522217
intact_t8,2217,0.03663387667402077
intact_t8,2218,0.03668617095404315
intact_t8,2219,0.036231122289968845
intact_t8,2220,0.040060377025244544
intact_t8,2221,0.03697388528941761
intact_t8,2222,0.023302010289417613
intact_t8,2223,0.03822334146438487
intact_t8,2224,0.04059242095404315
intact_t8,2225,0.017109208930354676
intact_t8,2226,0.045279878359329756
intact_t8,2227,0.029577339779075888
intact_t8,2228,0.036538886665363174
intact_t8,2229,0.04869263528941761
intact_t8,2230,0.03990357278941761
intact_t8,2231,0.04254649920887895
intact_t8,2232,0.06680280421821622
intact_t8,2233,0.07086585845404314
intact_t8,2234,0.050529670850277285
intact_t8,2235,0.03250702727907589
intact_t8,2236,0.06740412702524454
intact_t8,2237,0.03610183274522217
intact_t8,2238,0.040060377025244544
intact_t8,2239,0.041113934789968845
intact_t8,2240,0.04479495198172877
intact_t8,2241,0.038810920850277285
intact_t8,2242,0.042717170850277285
intact_t8,2243,0.01278898887667365
intact_t8,2244,0.042717170850277285
intact_t8,2245,0.034849135393183475
intact_t8,2246,0.04099784535082852
intact_t8,2247,0.0307946478496677
intact_t8,2248,0.02260822178867959
intact_t8,2249,0.037219168137677554
intact_t8,2250,0.02534069724645307
intact_t8,2251,0.06414601039318348
intact_t8,2252,0.0391476096843625
intact_t8,2253,0.03435327579679551
intact_t8,2254,0.023990858454043147
intact_t8,2255,0.06529419778941761
intact_t8,2256,0.04401601146326153
intact_t8,2257,0.02602097871876745
intact_t8,2258,0.05727097871876745
intact_t8,2259,0.031271314525244544
intact_t8,2260,0.03446015227907589
intact_t8,2261,0.047872877025244544
intact_t8,2262,0.02823379728812836
intact_t8,2263,0.04031952727907589
intact_t8,2264,0.03786438485021893
intact_t8,2265,0.05008515227907589
intact_t8,2266,0.030515351420189428
intact_t8,2267,0.02567204303391169
intact_t8,2268,0.041036939525244544
intact_t8,2269,0.05922505697360325
intact_t8,2270,0.05721737080676151
intact_t8,2271,0.058342170850277285
intact_t8,2272,0.07796189946271029
intact_t8,2273,0.03996574739373471
intact_t8,2274,0.05091865396438487
intact_t8,2275,0.04896552896438487
intact_t8,2276,0.023458814525244544
intact_t8,2277,0.056333510393183475
intact_t8,2278,0.045919752025244544
intact_t8,2279,0.05789765227907589
intact_t8,2280,0.046896314525244544
intact_t8,2281,0.03934391803391169
intact_t8,2282,0.028678315859329756
intact_t8,2283,0.03930441392018943
intact_t8,2284,0.041412179218216216
intact_t8,2285,0.02470536085820641
intact_t8,2286,0.05259888528941761
intact_t8,2287,0.05008515227907589
intact_t8,2288,0.019069905034462924
intact_t8,2289,0.0268883978496677
intact_t8,2290,0.042717170850277285
intact_t8,2291,0.04549862080676151
intact_t8,2292,0.0760087744627103
intact_t8,2293,0.05474499885765518
intact_t8,2294,0.040070257349539264
intact_t8,2295,0.018536907850828517
intact_t8,2296,0.029367573963261527
intact_t8,2297,0.02321594735021893
intact_t8,2298,0.03306763528941761
intact_t8,2299,0.02176579303391169
intact_t8,2300,0.049826002025244544
intact_t8,2301,0.030553902279075888
intact_t8,2302,0.039083814525244544
intact_t8,2303,0.042388741718216216
intact_t8,2304,0.04006037702524454
intact_t8,2305,0.03863929595404315
intact_t8,2306,0.03653031997305202
intact_t8,2307,0.039093694849539264
intact_t8,2308,0.03056473585820641
intact_t8,2309,0.025943983454043147
intact_t8,2310,0.0387030911131611
intact_t8,2311,0.048576545850277285
intact_t8,2312,0.04310615396438487
intact_t8,2313,0.023130385393183475
intact_t8,2314,0.05688253892018943
intact_t8,2315,0.030364176185860597
intact_t8,2316,0.05035804595404315
intact_t8,2317,0.030515351420189428
intact_t8,2318,0.04212959146438487
intact_t8,2319,0.037130689525244544
intact_t8,2320,0.038810920850277285
intact_t8,2321,0.028562226420189428
intact_t8,2322,0.02731277024522217
intact_t8,2323,0.048521010393183475
intact_t8,2324,0.06638847035082851
intact_t8,2325,0.04306242637667365
intact_t8,2326,0.017827394929536243
intact_t8,2327,0.05455201028941761
intact_t8,2328,0.05259888528941761
intact_t8,2329,0.0764523397790759
intact_t8,2330,0.03957676427962712
intact_t8,2331,0.03502076028941761
intact_t8,2332,0.038107252025244544
intact_t8,2333,0.030942885393183475
intact_t8,2334,0.033928108350277285
intact_t8,2335,0.03059234668491373
intact_t8,2336,0.02324809545459438
intact_t8,2337,0.043334776736111344
intact_t8,2338,0.035430096929803444
intact_t8,2339,0.050175890964936104
intact_t8,2340,0.05328773345404315
intact_t8,2341,0.06402992095404314
intact_t8,2342,0.017154920954043147
intact_t8,2343,0.04191887239373471
intact_t8,2344,0.02921035978812836
intact_t8,2345,0.04212959146438487
intact_t8,2346,0.03180431170887895
intact_t8,2347,0.04002128285082852
intact_t8,2348,0.029798892428856576
intact_t8,2349,0.0627804647790759
intact_t8,2350,0.033301434789968845
intact_t8,2351,0.03138740396438487
intact_t8,2352,0.05357544778941761
intact_t8,2353,0.03481004121876745
intact_t8,2354,0.03605949739373471
intact_t8,2355,0.04180278295459438
intact_t8,2356,0.037364489025795776
intact_t8,2357,0.05129551427962712
intact_t8,2358,0.038341051525795776
intact_t8,2359,0.03094383864801928
intact_t8,2360,0.01836528295459438
intact_t8,2361,0.05035804595404315
intact_t8,2362,0.019937324165363174
intact_t8,2363,0.041750488674572005
intact_t8,2364,0.042661635393183475
intact_t8,2365,0.06263222723556011
intact_t8,2366,0.04711691392018943
intact_t8,2367,0.033224439525244544
intact_t8,2368,0.057310072893183475
intact_t8,2369,0.031271314525244544
intact_t8,2370,0.046973309789968845
intact_t8,2371,0.05646140770170639
intact_t8,2372,0.05704574591052737
intact_t8,2373,0.030998420850277285
intact_t8,2374,0.037778822893183475
intact_t8,2375,0.042805649462710295
intact_t8,2376,0.04276614534898803
intact_t8,2377,0.03605949739373471
intact_t8,2378,0.046896314525244544
intact_t8,2379,0.055356947893183475
intact_t8,2380,0.038810920850277285
intact_t8,2381,0.05524085845404315
intact_t8,2382,0.045591322893183475
intact_t8,2383,0.032951545850277285
intact_t8,2384,0.03795901448172877
intact_t8,2385,0.05546145784898803
intact_t8,2386,0.051779127025244544
intact_t8,2387,0.03543671477907589
intact_t8,2388,0.06431763528941761
intact_t8,2389,0.02301524920887895
intact_t8,2390,0.07592029585027728
intact_t8,2391,0.014243316589472631
intact_t8,2392,0.05324863927962712
intact_t8,2393,0.0323116721843625
intact_t8,2394,0.034201002025244544
intact_t8,2395,0.03172571342074066
intact_t8,2396,0.030137947789417613
intact_t8,2397,0.02616458284898803
intact_t8,2398,0.033928108350277285
intact_t8,2399,0.02180328418491373
intact_t8,2400,0.056389045850277285
intact_t8,2401,0.03742828418491373
intact_t8,2402,0.0318671536131611
intact_t8,2403,0.020749726420189428
intact_t8,2404,0.024234845201706393
intact_t8,2405,0.04283326028941761
intact_t8,2406,0.054708814525244544
intact_t8,2407,0.031114510289417613
intact_t8,2408,0.059591627025244544
intact_t8,2409,0.0250312161131611
intact_t8,2410,0.0454430853496677
intact_t8,2411,0.03571056170887895
intact_t8,2412,0.03961585845404315
intact_t8,2413,0.04782058274522217
intact_t8,2414,0.035411364025795776
intact_t8,2415,0.04408271646438487
intact_t8,2416,0.04750535371876745
intact_t8,2417,0.024271001685309365
intact_t8,2418,0.03987304530731274
intact_t8,2419,0.052427260393183475
intact_t8,2420,0.053732252025244544
intact_t8,2421,0.025943983454043147
intact_t8,2422,0.018481372393734707
intact_t8,2423,0.03738983977907589
intact_t8,2424,0.03739079303391169
intact_t8,2425,0.026504591464384872
intact_t8,2426,0.037480578464936104
intact_t8,2427,0.025528028964384872
intact_t8,2428,0.03217955140185062
intact_t8,2429,0.029662901736111344
intact_t8,2430,0.028457716464384872
intact_t8,2431,0.036154127025244544
intact_t8,2432,0.03512527024522217
intact_t8,2433,0.01053958284898803
intact_t8,2434,0.03788333284898803
intact_t8,2435,0.034849135393183475
intact_t8,2436,0.03529365396438487
intact_t8,2437,0.04542293917402077
intact_t8,2438,0.043638197893183475
intact_t8,2439,0.05817054595404315
intact_t8,2440,0.04668559545459438
intact_t8,2441,0.047609863674572005
intact_t8,2442,0.04869263528941761
intact_t8,2443,0.042388741718216216
intact_t8,2444,0.0513984036131611
intact_t8,2445,0.038755385393183475
intact_t8,2446,0.040060377025244544
intact_t8,2447,0.04490409535082852
intact_t8,2448,0.057365608350277285
intact_t8,2449,0.0377265286131611
intact_t8,2450,0.05455201028941761
intact_t8,2451,0.03799942228812836
intact_t8,2452,0.043470767428856576
intact_t8,2453,0.04889882396326153
intact_t8,2454,0.05324863927962712
intact_t8,2455,0.06289655421821622
intact_t8,2456,0.057037179218216216
intact_t8,2457,0.042494204928856576
intact_t8,2458,0.05629441621876745
intact_t8,2459,0.05168449739373471
intact_t8,2460,0.050529670850277285
intact_t8,2461,0.04668559545459438
intact_t8,2462,0.025372845350828517
intact_t8,2463,0.038107252025244544
intact_t8,2464,0.05035804595404315
intact_t8,2465,0.048248116718216216
intact_t8,2466,0.03578660371876745
intact_t8,2467,0.04603584146438487
intact_t8,2468,0.025372845350828517
intact_t8,2469,0.052482795850277285
intact_t8,2470,0.037130689525244544
intact_t8,2471,0.02170592764978107
intact_t8,2472,0.027481153964384872
intact_t8,2473,0.035849085245901836
intact_t8,2474,0.03502076028941761
intact_t8,2475,0.028710248868943772
intact_t8,2476,0.0479366721843625
intact_t8,2477,0.056389045850277285
intact_t8,2478,0.03836735553391169
intact_t8,2479,0.05227207677962712
intact_t8,2480,0.052012926525795776
intact_t8,2481,0.05677802896438487
intact_t8,2482,0.031646554218216216
intact_t8,2483,0.0676632772790759
intact_t8,2484,0.060943429218216216
intact_t8,2485,0.03990357278941761
intact_t8,2486,0.043078543137677554
intact_t8,2487,0.05129551427962712
intact_t8,2488,0.03236396646438487
intact_t8,2489,0.051779127025244544
intact_t8,2490,0.02481156997305202
intact_t8,2491,0.07755355841052737
intact_t8,2492,0.02926589524522217
intact_t8,2493,0.05059184545459438
intact_t8,2494,0.03425038646326153
intact_t8,2495,0.05839114534898803
intact_t8,2496,0.02410790114801928
intact_t8,2497,0.05524085845404315
intact_t8,2498,0.04249325167402077
intact_t8,2499,0.059318733350277285
intact_t8,2500,0.03475643330676151
intact_t8,2501,0.045646858350277285
intact_t8,2502,0.042990064525244544
intact_t8,2503,0.023834054218216216
intact_t8,2504,0.025202173709430183
intact_t8,2505,0.03889648280731274
intact_t8,2506,0.031086899462710295
intact_t8,2507,0.048576545850277285
intact_t8,2508,0.029850233454043147
intact_t8,2509,0.042013502025244544
intact_t8,2510,0.05064576028941761
intact_t8,2511,0.030942885393183475
intact_t8,2512,0.049497572893183475
intact_t8,2513,0.042363390964936104
intact_t8,2514,0.030891544367996904
intact_t8,2515,0.05328773345404315
intact_t8,2516,0.04160225113105623
intact_t8,2517,0.03668617095404315
intact_t8,2518,0.05742778295459438
intact_t8,2519,0.017609319849539264
intact_t8,2520,0.03893689061371233
intact_t8,2521,0.027374944849539264
intact_t8,2522,0.038341051525795776
intact_t8,2523,0.05200612917470044
intact_t8,2524,0.03010742030731274
intact_t8,2525,0.04310615396438487
intact_t8,2526,0.038755385393183475
intact_t8,2527,0.0377265286131611
intact_t8,2528,0.05817054595404315
intact_t8,2529,0.04099784535082852
intact_t8,2530,0.041708460245901836
intact_t8,2531,0.035825697893183475
intact_t8,2532,0.0285231322457734
intact_t8,2533,0.04652879121876745
intact_t8,2534,0.04966919778941761
intact_t8,2535,0.023419720350828517
intact_t8,2536,0.03795044778941761
intact_t8,2537,0.050474135393183475
intact_t8,2538,0.02628067228812836
intact_t8,2539,0.04295097035082852
intact_t8,2540,0.03984965795459438
intact_t8,2541,0.06106113927962712
intact_t8,2542,0.05564628285082852
intact_t8,2543,0.05020219497305202
intact_t8,2544,0.046973309789968845
intact_t8,2545,0.05270339524522217
intact_t8,2546,0.040764045850277285
intact_t8,2547,0.03342900757681788
intact_t8,2548,0.045031668137677554
intact_t8,2549,0.02129497045459438
intact_t8,2550,0.041036939525244544
intact_t8,2551,0.05845826028941761
intact_t8,2552,0.05189521646438487
intact_t8,2553,0.04321706667470044
intact_t8,2554,0.06252131452524454
intact_t8,2555,0.046294991718216216
intact_t8,2556,0.04059337420887895
intact_t8,2557,0.0391476096843625
intact_t8,2558,0.036802260393183475
intact_t8,2559,0.060295295850277285
intact_t8,2560,0.03707839524522217
intact_t8,2561,0.054380385393183475
intact_t8,2562,0.022272486209430183
intact_t8,2563,0.047872877025244544
intact_t8,2564,0.03563836617525167
intact_t8,2565,0.04813202727907589
intact_t8,2566,0.02421145784898803
intact_t8,2567,0.019757132576817882
intact_t8,2568,0.028546195076817882
intact_t8,2569,0.014523781368548138
intact_t8,2570,0.031359793137677554
intact_t8,2571,0.06106113927962712
intact_t8,2572,0.03904472035082852
intact_t8,2573,0.050879559789968845
intact_t8,2574,0.05399140227907589
intact_t8,2575,0.04896552896438487
intact_t8,2576,0.05095483829679551
intact_t8,2577,0.049553108350277285
intact_t8,2578,0.023515145033302105
intact_t8,2579,0.0406562161131611
intact_t8,2580,0.03245244507681788
intact_t8,2581,0.04277934545459438
intact_t8,2582,0.061544752025244544
intact_t8,2583,0.04159237080676151
intact_t8,2584,0.017616569405838223
intact_t8,2585,0.029223559893734707
intact_t8,2586,0.033872572893183475
intact_t8,2587,0.058342170850277285
intact_t8,2588,0.03628009678867959
intact_t8,2589,0.03903152024522217
intact_t8,2590,0.04840492095404315
intact_t8,2591,0.04869263528941761
intact_t8,2592,0.031232220350828517
intact_t8,2593,0.049520960245901836
intact_t8,2594,0.052154366718216216
intact_t8,2595,0.024551466464384872
intact_t8,2596,0.038755385393183475
intact_t8,2597,0.03543671477907589
intact_t8,2598,0.03885989534898803
intact_t8,2599,0.027961856867996904
intact_t8,2600,0.04028097642018943
intact_t8,2601,0.026868251674020772
intact_t8,2602,0.023364184893734707
intact_t8,2603,0.04088013528941761
intact_t8,2604,0.030410841464384872
intact_t8,2605,0.055685377025244544
intact_t8,2606,0.06007137667402077
intact_t8,2607,0.030966272745901836
intact_t8,2608,0.019165223263888656
intact_t8,2609,0.04973137239373471
intact_t8,2610,0.061271858350277285
intact_t8,2611,0.03383347871876745
intact_t8,2612,0.02992722871876745
intact_t8,2613,0.06331346196271029
intact_t8,2614,0.04032048053391169
intact_t8,2615,0.053459358350277285
intact_t8,2616,0.021621778964384872
intact_t8,2617,0.04848191621876745
intact_t8,2618,0.05985077727907589
intact_t8,2619,0.03898918489373471
intact_t8,2620,0.02910747045459438
intact_t8,2621,0.03990357278941761
intact_t8,2622,0.041036939525244544
intact_t8,2623,0.05715488927962712
intact_t8,2624,0.03817961387667365
intact_t8,2625,0.043703613674572005
intact_t8,2626,0.028457716464384872
intact_t8,2627,0.017452515613712333
intact_t8,2628,0.043223864025795776
intact_t8,2629,0.039787483350277285
intact_t8,2630,0.03919990396438487
intact_t8,2631,0.04874160978812836
intact_t8,2632,0.0268883978496677
intact_t8,2633,0.06615467085027729
intact_t8,2634,0.035514253359329756
intact_t8,2635,0.024967420954043147
intact_t8,2636,0.031919447893183475
intact_t8,2637,0.06810779585027729
intact_t8,2638,0.022123295411078603
intact_t8,2639,0.04151668917402077
intact_t8,2640,0.049914480637677554
intact_t8,2641,0.04934238927962712
intact_t8,2642,0.04674939061371233
intact_t8,2643,0.026733214236111344
intact_t8,2644,0.023808703464936104
intact_t8,2645,0.046623420850277285
intact_t8,2646,0.028341627025244544
intact_t8,2647,0.0411063636858606
intact_t8,2648,0.06828605989373471
intact_t8,2649,0.061216322893183475
intact_t8,2650,0.04346981417402077
intact_t8,2651,0.04061580830676151
intact_t8,2652,0.038341051525795776
intact_t8,2653,0.02313133864801928
intact_t8,2654,0.055412483350277285
intact_t8,2655,0.024499172184362497
intact_t8,2656,0.06431763528941761
intact_t8,2657,0.027790231971762766
intact_t8,2658,0.035527453464936104
intact_t8,2659,0.07184242095404314
intact_t8,2660,0.038482491718216216
intact_t8,2661,0.049793853920869095
intact_t8,2662,0.03164750747305202
intact_t8,2663,0.031114510289417613
intact_t8,2664,0.045646858350277285
intact_t8,2665,0.05496796477907589
intact_t8,2666,0.04082622045459438
intact_t8,2667,0.05422520177962712
intact_t8,2668,0.04645179595404315
intact_t8,2669,0.06180390227907589
intact_t8,2670,0.052012926525795776
intact_t8,2671,0.044670295850277285
intact_t8,2672,0.03132069896326153
intact_t8,2673,0.03138740396438487
intact_t8,2674,0.02921035978812836
intact_t8,2675,0.029966322893183475
intact_t8,2676,0.042013502025244544
intact_t8,2677,0.04542293917402077
intact_t8,2678,0.043365304218216216
intact_t8,2679,0.03903152024522217
intact_t8,2680,0.05106266803391169
intact_t8,2681,0.05231117095404315
intact_t8,2682,0.036529366718216216
intact_t8,2683,0.04059242095404315
intact_t8,2684,0.052154366718216216
intact_t8,2685,0.042388741718216216
intact_t8,2686,0.025263701981728767
intact_t8,2687,0.05518856417402077
intact_t8,2688,0.04701240396438487
intact_t8,2689,0.053130929218216216
intact_t8,2690,0.0255934447457734
intact_t8,2691,0.0226637572457734
intact_t8,2692,0.04520329303391169
intact_t8,2693,0.04639950167402077
intact_t8,2694,0.05004660142018943
intact_t8,2695,0.026992907805472255
intact_t8,2696,0.04603584146438487
intact_t8,2697,0.020598551185860597
intact_t8,2698,0.024967420954043147
intact_t8,2699,0.048576545850277285
intact_t8,2700,0.035881233350277285
intact_t8,2701,0.03094383864801928
intact_t8,2702,0.045591322893183475
intact_t8,2703,0.031359793137677554
intact_t8,2704,0.017676434789968845
intact_t8,2705,0.04520233977907589
intact_t8,2706,0.04966919778941761
intact_t8,2707,0.044670295850277285
intact_t8,2708,0.06713123335027729
intact_t8,2709,0.048521010393183475
intact_t8,2710,0.026388502025244544
intact_t8,2711,0.03919990396438487
intact_t8,2712,0.031505114025795776
intact_t8,2713,0.05323543917402077
intact_t8,2714,0.03181917470265326
intact_t8,2715,0.042013502025244544
intact_t8,2716,0.026293872393734707
intact_t8,2717,0.05035804595404315
intact_t8,2718,0.03442160142018943
intact_t8,2719,0.062248420850277285
intact_t8,2720,0.03530353428867959
intact_t8,2721,0.014758230637677556
intact_t8,2722,0.04977370774522217
intact_t8,2723,0.02324809545459438
intact_t8,2724,0.07770179595404314
intact_t8,2725,0.058119204928856576
intact_t8,2726,0.04295097035082852
intact_t8,2727,0.046294991718216216
intact_t8,2728,0.044670295850277285
intact_t8,2729,0.04408271646438487
intact_t8,2730,0.055084054218216216
intact_t8,2731,0.030021858350277285
intact_t8,2732,0.011132123868943774
intact_t8,2733,0.042990064525244544
intact_t8,2734,0.05461418489373471
intact_t8,2735,0.036802260393183475
intact_t8,2736,0.03058477558080548
intact_t8,2737,0.04715546477907589
intact_t8,2738,0.017974679218216216
intact_t8,2739,0.014037901736111342
intact_t8,2740,0.042717170850277285
intact_t8,2741,0.031271314525244544
intact_t8,2742,0.038810920850277285
intact_t8,2743,0.03344503892018943
intact_t8,2744,0.038107252025244544
intact_t8,2745,0.06680280421821622
intact_t8,2746,0.043693733350277285
intact_t8,2747,0.038107252025244544
intact_t8,2748,0.055356947893183475
intact_t8,2749,0.06305431170887896
intact_t8,2750,0.03153046477907589
intact_t8,2751,0.018912690859329756
intact_t8,2752,0.042661635393183475
intact_t8,2753,0.05393682007681788
intact_t8,2754,0.04185669778941761
intact_t8,2755,0.05621742095404315
intact_t8,2756,0.03969285371876745
intact_t8,2757,0.03627021646438487
intact_t8,2758,0.05301483977907589
intact_t8,2759,0.06316944789318348
intact_t8,2760,0.023990858454043147
intact_t8,2761,0.054785809789968845
intact_t8,2762,0.04771607278941761
intact_t8,2763,0.03228406135765518
intact_t8,2764,0.03706236390185062
intact_t8,2765,0.06517810835027729
intact_t8,2766,0.05421200167402077
intact_t8,2767,0.03397708284898803
intact_t8,2768,0.032728579928856576
intact_t8,2769,0.06529419778941761
intact_t8,2770,0.0269843411131611
intact_t8,2771,0.05357544778941761
intact_t8,2772,0.024396282850828517
intact_t8,2773,0.050802564525244544
intact_t8,2774,0.06402992095404314
intact_t8,2775,0.0715695272790759
intact_t8,2776,0.03251786085820641
intact_t8,2777,0.029538788920189428
intact_t8,2778,0.044132100902401855
intact_t8,2779,0.031008301174572005
intact_t8,2780,0.04082622045459438
intact_t8,2781,0.05172683274522217
intact_t8,2782,0.058119204928856576
intact_t8,2783,0.016959565859329756
intact_t8,2784,0.029318189525244544
intact_t8,2785,0.042990064525244544
intact_t8,2786,0.04418722642018943
intact_t8,2787,0.0347968411131611
intact_t8,2788,0.031271314525244544
intact_t8,2789,0.04070946364801928
intact_t8,2790,0.03414870774522217
intact_t8,2791,0.043966627025244544
intact_t8,2792,0.04418722642018943
intact_t8,2793,0.03414870774522217
intact_t8,2794,0.06322498335027729
intact_t8,2795,0.026083460245901836
intact_t8,2796,0.04445957677962712
intact_t8,2797,0.026738390964936104
intact_t8,2798,0.06405330830676151
intact_t8,2799,0.047271554218216216
intact_t8,2800,0.03148475275538742
intact_t8,2801,0.04869263528941761
intact_t8,2802,0.032951545850277285
intact_t8,2803,0.051474085245901836
intact_t8,2804,0.031383180490395915
intact_t8,2805,0.03315611390185062
intact_t8,2806,0.02841398887667365
intact_t8,2807,0.044670295850277285
intact_t8,2808,0.03641423053391169
intact_t8,2809,0.048849439525244544
intact_t8,2810,0.05231117095404315
intact_t8,2811,0.045646858350277285
intact_t8,2812,0.027897108454043147
intact_t8,2813,0.0236403197457734
intact_t8,2814,0.05669812385765518
intact_t8,2815,0.060295295850277285
intact_t8,2816,0.018375470201706393
intact_t8,2817,0.04520233977907589
intact_t8,2818,0.03611503285082852
intact_t8,2819,0.050802564525244544
intact_t8,2820,0.035825697893183475
intact_t8,2821,0.046896314525244544
intact_t8,2822,0.037130689525244544
intact_t8,2823,0.02617778295459438
intact_t8,2824,0.04449962420887895
intact_t8,2825,0.030553902279075888
intact_t8,2826,0.041036939525244544
intact_t8,2827,0.025943983454043147
intact_t8,2828,0.04993691473556011
intact_t8,2829,0.030021858350277285
intact_t8,2830,0.03946000747305202
intact_t8,2831,0.02694393330676151
intact_t8,2832,0.04054012667402077
intact_t8,2833,0.04422577727907589
intact_t8,2834,0.04310615396438487
intact_t8,2835,0.05064576028941761
intact_t8,2836,0.04017128973556011
intact_t8,2837,0.03905166642086909
intact_t8,2838,0.03404419778941761
intact_t8,2839,0.060239760393183475
intact_t8,2840,0.026204086962710295
intact_t8,2841,0.04715546477907589
intact_t8,2842,0.06344558274522216
intact_t8,2843,0.03923608829679551
intact_t8,2844,0.048106676525795776
intact_t8,2845,0.02981113927962712
intact_t8,2846,0.03317214524522217
intact_t8,2847,0.034201002025244544
intact_t8,2848,0.04129608977907589
intact_t8,2849,0.028716866718216216
intact_t8,2850,0.043966627025244544
intact_t8,2851,0.034434801525795776
intact_t8,2852,0.04352210845404315
intact_t8,2853,0.032324872289968845
intact_t8,2854,0.045646858350277285
intact_t8,2855,0.021621778964384872
intact_t8,2856,0.04028097642018943
intact_t8,2857,0.052844168137677554
intact_t8,2858,0.05357544778941761
intact_t8,2859,0.06420154585027728
intact_t8,2860,0.05496796477907589
intact_t8,2861,0.04668559545459438
intact_t8,2862,0.018411626685309365
intact_t8,2863,0.03522694896326153
intact_t8,2864,0.031348309789968845
intact_t8,2865,0.05357544778941761
intact_t8,2866,0.04475585780731274
intact_t8,2867,0.042247301525795776
intact_t8,2868,0.05422520177962712
intact_t8,2869,0.036164007349539264
intact_t8,2870,0.04782058274522217
intact_t8,2871,0.035881233350277285
intact_t8,2872,0.055412483350277285
intact_t8,2873,0.03934296477907589
intact_t8,2874,0.042825689185309365
intact_t8,2875,0.047872877025244544
intact_t8,2876,0.05692108977907589
intact_t8,2877,0.05076347035082852
intact_t8,2878,0.04094230989373471
intact_t8,2879,0.04715641803391169
intact_t8,2880,0.07299060835027729
intact_t8,2881,0.049553108350277285
intact_t8,2882,0.017676434789968845
intact_t8,2883,0.04771607278941761
intact_t8,2884,0.01772540928867959
intact_t8,2885,0.021177260393183475
intact_t8,2886,0.04478638528941761
intact_t8,2887,0.03928838257681788
intact_t8,2888,0.013621947246453067
intact_t8,2889,0.03311660978812836
intact_t8,2890,0.05448489534898803
intact_t8,2891,0.04647518330676151
intact_t8,2892,0.032597765964936104
intact_t8,2893,0.04129704303391169
intact_t8,2894,0.041849126685309365
intact_t8,2895,0.04082622045459438
intact_t8,2896,0.0310471802542266
intact_t8,2897,0.027710729990947147
intact_t8,2898,0.017415024462710295
intact_t8,2899,0.031646554218216216
intact_t8,2900,0.050497522745901836
intact_t8,2901,0.058615064525244544
intact_t8,2902,0.0396796536131611
intact_t8,2903,0.0489132346843625
intact_t8,2904,0.043693733350277285
intact_t8,2905,0.04043656997305202
intact_t8,2906,0.040060377025244544
intact_t8,2907,0.03708402424672027
intact_t8,2908,0.047599983350277285
intact_t8,2909,0.06110023345404315
intact_t8,2910,0.06420154585027729
intact_t8,2911,0.031875720305472255
intact_t8,2912,0.0236403197457734
intact_t8,2913,0.06077275757681788
intact_t8,2914,0.018960761665363174
intact_t8,2915,0.025411939525244544
intact_t8,2916,0.05399235553391169
intact_t8,2917,0.04881034535082852
intact_t8,2918,0.03565731417402077
intact_t8,2919,0.0377265286131611
intact_t8,2920,0.016475953113712333
intact_t8,2921,0.059263197893183475
intact_t8,2922,0.04520233977907589
intact_t8,2923,0.0240546536131611
intact_t8,2924,0.03795044778941761
intact_t8,2925,0.04032048053391169
intact_t8,2926,0.03945243636894377
intact_t8,2927,0.049224679218216216
intact_t8,2928,0.03599732278941761
intact_t8,2929,0.06545100202524454
intact_t8,2930,0.037130689525244544
intact_t8,2931,0.03409317228812836
intact_t8,2932,0.028118661103823835
intact_t8,2933,0.03315319724645307
intact_t8,2934,0.05233455830676151
intact_t8,2935,0.048849439525244544
intact_t8,2936,0.028068733350277285
intact_t8,2937,0.060568189525244544
intact_t8,2938,0.045646858350277285
intact_t8,2939,0.044555848263888656
intact_t8,2940,0.051177804218216216
intact_t8,2941,0.07000538539318348
intact_t8,2942,0.01652402391974575
intact_t8,2943,0.038429530138228786
intact_t8,2944,0.05856277024522217
intact_t8,2945,0.03511769914111392
intact_t8,2946,0.05129551427962712
intact_t8,2947,0.036154127025244544
intact_t8,2948,0.029966322893183475
intact_t8,2949,0.05080256452524454
intact_t8,2950,0.03303710780731274
intact_t8,2951,0.05271659535082852
intact_t8,2952,0.04478638528941761
intact_t8,2953,0.06930495774522216
intact_t8,2954,0.033093331862322446
intact_t8,2955,0.04674939061371233
intact_t8,2956,0.045919752025244544
intact_t8,2957,0.041113934789968845
intact_t8,2958,0.03431709146438487
intact_t8,2959,0.037505929218216216
intact_t8,2960,0.03219558274522217
intact_t8,2961,0.019874842638228786
intact_t8,2962,0.023419720350828517
intact_t8,2963,0.03399028295459438
intact_t8,2964,0.043326753359329756
intact_t8,2965,0.03600588948172877
intact_t8,2966,0.029406668137677554
intact_t8,2967,0.06886043917402077
intact_t8,2968,0.025748628359329756
intact_t8,2969,0.014466282510893337
intact_t8,2970,0.05546145784898803
intact_t8,2971,0.06138794778941761
intact_t8,2972,0.04576294778941761
intact_t8,2973,0.056389045850277285
intact_t8,2974,0.06713123335027729
intact_t8,2975,0.059966866718216216
intact_t8,2976,0.035825697893183475
intact_t8,2977,0.03724160223556011
intact_t8,2978,0.028068733350277285
intact_t8,2979,0.055685377025244544
intact_t8,2980,0.028131861209430183
intact_t8,2981,0.034740295510342106
intact_t8,2982,0.02253847608025425
intact_t8,2983,0.043976507349539264
intact_t8,2984,0.03529365396438487
intact_t8,2985,0.03473304595404315
intact_t8,2986,0.03431709146438487
intact_t8,2987,0.04772595311371233
intact_t8,2988,0.03090379121876745
intact_t8,2989,0.04292173890185062
intact_t8,2990,0.048576545850277285
intact_t8,2991,0.04185669778941761
intact_t8,2992,0.06447443952524454
intact_t8,2993,0.046567885393183475
intact_t8,2994,0.04449962420887895
intact_t8,2995,0.032481676525795776
intact_t8,2996,0.03599732278941761
intact_t8,2997,0.04055332677962712
intact_t8,2998,0.033458239025795776
intact_t8,2999,0.045318429218216216
intact_t8,3000,0.04645274920887895
intact_t8,3001,0.055685377025244544
intact_t8,3002,0.028013197893183475
intact_t8,3003,0.03702285978812836
intact_t8,3004,0.04457566621876745
intact_t8,3005,0.03860020177962712
intact_t8,3006,0.032951545850277285
intact_t8,3007,0.025032169367996904
intact_t8,3008,0.04385879728812836
intact_t8,3009,0.03138740396438487
intact_t8,3010,0.053459358350277285
intact_t8,3011,0.03934296477907589
intact_t8,3012,0.04728012091052737
intact_t8,3013,0.03371738927962712
intact_t8,3014,0.041412179218216216
intact_t8,3015,0.03334052896438487
intact_t8,3016,0.060943429218216216
intact_t8,3017,0.018536907850828517
intact_t8,3018,0.038107252025244544
intact_t8,3019,0.0381766761858606
intact_t8,3020,0.0288415228496677
intact_t8,3021,0.02361965498910666
intact_t8,3022,0.027701753359329756
intact_t8,3023,0.0289374661131611
intact_t8,3024,0.050879559789968845
intact_t8,3025,0.06930495774522216
intact_t8,3026,0.03599732278941761
intact_t8,3027,0.03503064061371233
intact_t8,3028,0.05594452727907589
intact_t8,3029,0.05819393330676151
intact_t8,3030,0.027935552859880988
intact_t8,3031,0.031176684893734707
intact_t8,3032,0.03122464924672027
intact_t8,3033,0.03599732278941761
intact_t8,3034,0.01824334941919452
intact_t8,3035,0.04380982278941761
intact_t8,3036,0.0754757772790759
intact_t8,3037,0.04380982278941761
intact_t8,3038,0.03442160142018943
intact_t8,3039,0.05475819896326153
intact_t8,3040,0.019874842638228786
intact_t8,3041,0.051450697893183475
intact_t8,3042,0.03604629728812836
intact_t8,3043,0.05030575167402077
intact_t8,3044,0.03806815785082852
intact_t8,3045,0.05203923053391169
intact_t8,3046,0.052482795850277285
intact_t8,3047,0.033895960245901836
intact_t8,3048,0.03503064061371233
intact_t8,3049,0.03423718635765518
intact_t8,3050,0.04283326028941761
intact_t8,3051,0.019513470350828517
intact_t8,3052,0.036154127025244544
intact_t8,3053,0.030669991718216216
intact_t8,3054,0.05465652024522217
intact_t8,3055,0.045646858350277285
intact_t8,3056,0.037727481867996904
intact_t8,3057,0.06426372045459439
intact_t8,3058,0.056661939525244544
intact_t8,3059,0.033224439525244544
intact_t8,3060,0.047688461962710295
intact_t8,3061,0.05899887091052737
intact_t8,3062,0.035825697893183475
intact_t8,3063,0.03946762091052737
intact_t8,3064,0.045293078464936104
intact_t8,3065,0.030137947789417613
intact_t8,3066,0.023522609684362497
intact_t8,3067,0.0357734036131611
intact_t8,3068,0.06041138528941761
intact_t8,3069,0.042717170850277285
intact_t8,3070,0.04478638528941761
intact_t8,3071,0.09063090795459439
intact_t8,3072,0.04197440785082852
intact_t8,3073,0.016516000542964163
intact_t8,3074,0.024908508824748328
intact_t8,3075,0.05287177896438487
intact_t8,3076,0.029045295850277285
intact_t8,3077,0.03599732278941761
intact_t8,3078,0.0294996947457734
intact_t8,3079,0.04197440785082852
intact_t8,3080,0.021094438631056228
intact_t8,3081,0.031076411703204493
intact_t8,3082,0.04017646646438487
intact_t8,3083,0.02082672168491373
intact_t8,3084,0.05813145177962712
intact_t8,3085,0.03351446308080548
intact_t8,3086,0.046567885393183475
intact_t8,3087,0.027365064525244544
intact_t8,3088,0.05388452579679551
intact_t8,3089,0.042494204928856576
intact_t8,3090,0.018224294967377562
intact_t8,3091,0.04586745774522217
intact_t8,3092,0.05162232278941761
intact_t8,3093,0.034434801525795776
intact_t8,3094,0.05845826028941761
intact_t8,3095,0.03866268330676151
intact_t8,3096,0.043067059789968845
intact_t8,3097,0.03619031135765518
intact_t8,3098,0.02179053635198072
intact_t8,3099,0.03301372045459438
intact_t8,3100,0.049497572893183475
intact_t8,3101,0.04310615396438487
intact_t8,3102,0.034872522745901836
intact_t8,3103,0.06138794778941761
intact_t8,3104,0.059591627025244544
intact_t8,3105,0.03277992095404315
intact_t8,3106,0.036802260393183475
intact_t8,3107,0.044614760393183475
intact_t8,3108,0.03773972871876745
intact_t8,3109,0.034201002025244544
intact_t8,3110,0.04595593635765518
intact_t8,3111,0.03512527024522217
intact_t8,3112,0.02504441621876745
intact_t8,3113,0.036758532805472255
intact_t8,3114,0.033224439525244544
intact_t8,3115,0.03348358977907589
intact_t8,3116,0.020490032850828517
intact_t8,3117,0.034849135393183475
intact_t8,3118,0.04911942335820641
intact_t8,3119,0.041829086962710295
intact_t8,3120,0.02549750148228
intact_t8,3121,0.060943429218216216
intact_t8,3122,0.041036939525244544
intact_t8,3123,0.04685722035082852
intact_t8,3124,0.05231117095404315
intact_t8,3125,0.053809247289968845
intact_t8,3126,0.041036939525244544
intact_t8,3127,0.04881034535082852
intact_t8,3128,0.05200612917470044
intact_t8,3129,0.03742828418491373
intact_t8,3130,0.038899399462710295
intact_t8,3131,0.028457716464384872
intact_t8,3132,0.04614035142018943
intact_t8,3133,0.05464048890185062
intact_t8,3134,0.0489132346843625
intact_t8,3135,0.05352153295459438
intact_t8,3136,0.059591627025244544
intact_t8,3137,0.039787483350277285
intact_t8,3138,0.02520122045459438
intact_t8,3139,0.08340436671821622
intact_t8,3140,0.039875961962710295
intact_t8,3141,0.04966919778941761
intact_t8,3142,0.036802260393183475
intact_t8,3143,0.050802564525244544
intact_t8,3144,0.0250312161131611
intact_t8,3145,0.047599983350277285
intact_t8,3146,0.052482795850277285
intact_t8,3147,0.03863929595404315
intact_t8,3148,0.06875592921821622
intact_t8,3149,0.055356947893183475
intact_t8,3150,0.05203923053391169
intact_t8,3151,0.05789765227907589
intact_t8,3152,0.041708460245901836
intact_t8,3153,0.058286635393183475
intact_t8,3154,0.023310576981728767
intact_t8,3155,0.045646858350277285
intact_t8,3156,0.03795044778941761
intact_t8,3157,0.023310576981728767
intact_t8,3158,0.04549862080676151
intact_t8,3159,0.046294991718216216
intact_t8,3160,0.042023382349539264
intact_t8,3161,0.03990357278941761
intact_t8,3162,0.041046819849539264
intact_t8,3163,0.04059242095404315
intact_t8,3164,0.04461571364801928
intact_t8,3165,0.052427260393183475
intact_t8,3166,0.05059184545459438
intact_t8,3167,0.02335098478812836
intact_t8,3168,0.04324921477907589
intact_t8,3169,0.03866268330676151
intact_t8,3170,0.05914710845404315
intact_t8,3171,0.029551989025795776
intact_t8,3172,0.05069473478812836
intact_t8,3173,0.04520233977907589
intact_t8,3174,0.03668712420887895
intact_t8,3175,0.03761043917402077
intact_t8,3176,0.018912690859329756
intact_t8,3177,0.029966322893183475
intact_t8,3178,0.029406668137677554
intact_t8,3179,0.03175106417402077
intact_t8,3180,0.03348454303391169
intact_t8,3181,0.03236396646438487
intact_t8,3182,0.030294752025244544
intact_t8,3183,0.051779127025244544
intact_t8,3184,0.04840492095404315
intact_t8,3185,0.044670295850277285
intact_t8,3186,0.02789806170887895
intact_t8,3187,0.05106266803391169
intact_t8,3188,0.039680606867996904
intact_t8,3189,0.027218140613712333
intact_t8,3190,0.049562988674572005
intact_t8,3191,0.035774356867996904
intact_t8,3192,0.05465652024522217
intact_t8,3193,0.02661550417470044
intact_t8,3194,0.03508293489373471
intact_t8,3195,0.06305335845404314
intact_t8,3196,0.013483423709430184
intact_t8,3197,0.03836640227907589
intact_t8,3198,0.05594548053391169
intact_t8,3199,0.03180335845404315
intact_t8,3200,0.0601874661131611
intact_t8,3201,0.04641270177962712
intact_t8,3202,0.05817054595404315
intact_t8,3203,0.04422673053391169
intact_t8,3204,0.03708402424672027
intact_t8,3205,0.042350190859329756
intact_t8,3206,0.039083814525244544
intact_t8,3207,0.028405422184362497
intact_t8,3208,0.03469395177962712
intact_t8,3209,0.040435616718216216
intact_t8,3210,0.0401241721843625
intact_t8,3211,0.04668559545459438
intact_t8,3212,0.054435920850277285
intact_t8,3213,0.03889648280731274
intact_t8,3214,0.04000808274522217
intact_t8,3215,0.058013741718216216
intact_t8,3216,0.037844238674572005
intact_t8,3217,0.0318889204110786
intact_t8,3218,0.06416939774590183
intact_t8,3219,0.054708814525244544
intact_t8,3220,0.06259830978996885
intact_t8,3221,0.06041138528941761
intact_t8,3222,0.038810920850277285
intact_t8,3223,0.05129551427962712
intact_t8,3224,0.04818195503262244
intact_t8,3225,0.04588065785082852
intact_t8,3226,0.035351498641665154
intact_t8,3227,0.05887516803391169
intact_t8,3228,0.051779127025244544
intact_t8,3229,0.0338202786131611
intact_t8,3230,0.056389045850277285
intact_t8,3231,0.06793617095404314
intact_t8,3232,0.05290796329679551
intact_t8,3233,0.029318189525244544
intact_t8,3234,0.03236396646438487
intact_t8,3235,0.03317214524522217
intact_t8,3236,0.040060377025244544
intact_t8,3237,0.05455201028941761
intact_t8,3238,0.0228147173853408
intact_t8,3239,0.037130689525244544
intact_t8,3240,0.0705929647790759
intact_t8,3241,0.05887421477907589
intact_t8,3242,0.026388502025244544
intact_t8,3243,0.0323116721843625
intact_t8,3244,0.044341866718216216
intact_t8,3245,0.03664707677962712
intact_t8,3246,0.0735226522790759
intact_t8,3247,0.053732252025244544
intact_t8,3248,0.034849135393183475
intact_t8,3249,0.03668617095404315
intact_t8,3250,0.04028737917470044
intact_t8,3251,0.03860020177962712
intact_t8,3252,0.05136787613105623
intact_t8,3253,0.035254559789968845
intact_t8,3254,0.05650513528941761
intact_t8,3255,0.035254559789968845
intact_t8,3256,0.024435377025244544
intact_t8,3257,0.041113934789968845
intact_t8,3258,0.04994209146438487
intact_t8,3259,0.04576294778941761
intact_t8,3260,0.039083814525244544
intact_t8,3261,0.053459358350277285
intact_t8,3262,0.024063220305472255
intact_t8,3263,0.03383347871876745
intact_t8,3264,0.06342955140185062
intact_t8,3265,0.021594168137677554
intact_t8,3266,0.028193389481728767
intact_t8,3267,0.041740608350277285
intact_t8,3268,0.03864024920887895
intact_t8,3269,0.04978690785082852
intact_t8,3270,0.03627021646438487
intact_t8,3271,0.035514253359329756
intact_t8,3272,0.033224439525244544
intact_t8,3273,0.0504218411131611
intact_t8,3274,0.03766273345404315
intact_t8,3275,0.04571628251089334
intact_t8,3276,0.022546047184362497
intact_t8,3277,0.0489132346843625
intact_t8,3278,0.058286635393183475
intact_t8,3279,0.039755335245901836
intact_t8,3280,0.024908508824748328
intact_t8,3281,0.04910858977907589
intact_t8,3282,0.016563118094161777
intact_t8,3283,0.057365608350277285
intact_t8,3284,0.031061548709430183
intact_t8,3285,0.057638502025244544
intact_t8,3286,0.05552857278941761
intact_t8,3287,0.0503258978496677
intact_t8,3288,0.01846817228812836
intact_t8,3289,0.047544447893183475
intact_t8,3290,0.02996727614801928
intact_t8,3291,0.05552857278941761
intact_t8,3292,0.023468694849539264
intact_t8,3293,0.045919752025244544
intact_t8,3294,0.04052117867525167
intact_t8,3295,0.04310615396438487
intact_t8,3296,0.03915617637667365
intact_t8,3297,0.022702851420189428
intact_t8,3298,0.03414870774522217
intact_t8,3299,0.03697388528941761
intact_t8,3300,0.04483535978812836
intact_t8,3301,0.02616458284898803
intact_t8,3302,0.059591627025244544
intact_t8,3303,0.024512372289968845
intact_t8,3304,0.0323116721843625
intact_t8,3305,0.025577413402401855
intact_t8,3306,0.06110023345404315
intact_t8,3307,0.02203868670887895
intact_t8,3308,0.05174003285082852
intact_t8,3309,0.016366809744612583
intact_t8,3310,0.03985984520170639
intact_t8,3311,0.03442160142018943
intact_t8,3312,0.04994209146438487
intact_t8,3313,0.03413267640185062
intact_t8,3314,0.02314620164179359
intact_t8,3315,0.03180335845404315
intact_t8,3316,0.05059184545459438
intact_t8,3317,0.034550890964936104
intact_t8,3318,0.04517019167470044
intact_t8,3319,0.03762363927962712
intact_t8,3320,0.03707839524522217
intact_t8,3321,0.03611503285082852
intact_t8,3322,0.04348301427962712
intact_t8,3323,0.04457566621876745
intact_t8,3324,0.023990858454043147
intact_t8,3325,0.045591322893183475
intact_t8,3326,0.051177804218216216
intact_t8,3327,0.05873115396438487
intact_t8,3328,0.05660964524522217
intact_t8,3329,0.04809347642018943
intact_t8,3330,0.022551676185860597
intact_t8,3331,0.032063461962710295
intact_t8,3332,0.06571015227907588
intact_t8,3333,0.0304762572457734
intact_t8,3334,0.04256893330676151
intact_t8,3335,0.0637570272790759
intact_t8,3336,0.03236396646438487
intact_t8,3337,0.056060616718216216
intact_t8,3338,0.022325447789417613
intact_t8,3339,0.036857795850277285
intact_t8,3340,0.07006092085027729
intact_t8,3341,0.05367995774522217
intact_t8,3342,0.053732252025244544
intact_t8,3343,0.06158093635765518
intact_t8,3344,0.04910858977907589
intact_t8,3345,0.0285231322457734
intact_t8,3346,0.05287177896438487
intact_t8,3347,0.027092170850277285
intact_t8,3348,0.06567160142018943
intact_t8,3349,0.03604629728812836
intact_t8,3350,0.040852524462710295
intact_t8,3351,0.050802564525244544
intact_t8,3352,0.040435616718216216
intact_t8,3353,0.05970771646438487
intact_t8,3354,0.023426666420869095
intact_t8,3355,0.024929280034462924
intact_t8,3356,0.026165536103823835
intact_t8,3357,0.03627021646438487
intact_t8,3358,0.022935482571143424
intact_t8,3359,0.03789653295459438
intact_t8,3360,0.054380385393183475
intact_t8,3361,0.033705142428856576
intact_t8,3362,0.03928838257681788
intact_t8,3363,0.030410841464384872
intact_t8,3364,0.061544752025244544
intact_t8,3365,0.05949699739373471
intact_t8,3366,0.0440304221843625
intact_t8,3367,0.04191887239373471
intact_t8,3368,0.041740608350277285
intact_t8,3369,0.04061580830676151
intact_t8,3370,0.039787483350277285
intact_t8,3371,0.038755385393183475
intact_t8,3372,0.035849085245901836
intact_t8,3373,0.03334052896438487
intact_t8,3374,0.03995254728812836
intact_t8,3375,0.0657101522790759
intact_t8,3376,0.04977370774522217
intact_t8,3377,0.036648030034462924
intact_t8,3378,0.052482795850277285
intact_t8,3379,0.050802564525244544
intact_t8,3380,0.05227207677962712
intact_t8,3381,0.05491338257681788
intact_t8,3382,0.0342647971843625
intact_t8,3383,0.06680280421821622
intact_t8,3384,0.043693733350277285
intact_t8,3385,0.04094230989373471
intact_t8,3386,0.05866444896326153
intact_t8,3387,0.045919752025244544
intact_t8,3388,0.05271659535082852
intact_t8,3389,0.05162232278941761
intact_t8,3390,0.03860020177962712
intact_t8,3391,0.03863929595404315
intact_t8,3392,0.025787179218216216
intact_t8,3393,0.03024245774522217
intact_t8,3394,0.04089858230602349
intact_t8,3395,0.07131037702524454
intact_t8,3396,0.03496684545459438
intact_t8,3397,0.057333460245901836
intact_t8,3398,0.03806815785082852
intact_t8,3399,0.050529670850277285
intact_t8,3400,0.03676316621876745
intact_t8,3401,0.05363762239373471
intact_t8,3402,0.05171080140185062
intact_t8,3403,0.023130385393183475
intact_t8,3404,0.04284182698172877
intact_t8,3405,0.02926589524522217
intact_t8,3406,0.047130114025795776
intact_t8,3407,0.046623420850277285
intact_t8,3408,0.04673951028941761
intact_t8,3409,0.036121978920869095
intact_t8,3410,0.01610071342074066
intact_t8,3411,0.03502076028941761
intact_t8,3412,0.024639945076817882
intact_t8,3413,0.043638197893183475
intact_t8,3414,0.03573299580676151
intact_t8,3415,0.055084054218216216
intact_t8,3416,0.06372487917470043
intact_t8,3417,0.037130689525244544
intact_t8,3418,0.02740124885765518
intact_t8,3419,0.029654878359329756
intact_t8,3420,0.017757342298293607
intact_t8,3421,0.04505927896438487
intact_t8,3422,0.02954519167470044
intact_t8,3423,0.041386828464936104
intact_t8,3424,0.05065432698172877
intact_t8,3425,0.03570960845404315
intact_t8,3426,0.050529670850277285
intact_t8,3427,0.05434129121876745
intact_t8,3428,0.05336472871876745
intact_t8,3429,0.029920610869495004
intact_t8,3430,0.046623420850277285
intact_t8,3431,0.034914551174572005
intact_t8,3432,0.04782058274522217
intact_t8,3433,0.04419362917470044
intact_t8,3434,0.03214004728812836
intact_t8,3435,0.058342170850277285
intact_t8,3436,0.04115302896438487
intact_t8,3437,0.0268883978496677
intact_t8,3438,0.06322498335027728
intact_t8,3439,0.0571618353496677
intact_t8,3440,0.051516113674572005
intact_t8,3441,0.05775459146438487
intact_t8,3442,0.034849135393183475
intact_t8,3443,0.045919752025244544
intact_t8,3444,0.029318189525244544
intact_t8,3445,0.05789765227907589
intact_t8,3446,0.041740608350277285
intact_t8,3447,0.06600643330676151
intact_t8,3448,0.04673951028941761
intact_t8,3449,0.04505927896438487
intact_t8,3450,0.04840492095404315
intact_t8,3451,0.04879714524522217
intact_t8,3452,0.05043504121876745
intact_t8,3453,0.04945847871876745
intact_t8,3454,0.04289543489373471
intact_t8,3455,0.02856862917470044
intact_t8,3456,0.0179319048853408
intact_t8,3457,0.04449962420887895
intact_t8,3458,0.04881034535082852
intact_t8,3459,0.022177210245901836
intact_t8,3460,0.045996747289968845
intact_t8,3461,0.04156898345404315
intact_t8,3462,0.04141313247305202
intact_t8,3463,0.03812438190583822
intact_t8,3464,0.03573299580676151
intact_t8,3465,0.03274082677962712
intact_t8,3466,0.032896010393183475
intact_t8,3467,0.030200122393734707
intact_t8,3468,0.04391433274522217
intact_t8,3469,0.03863929595404315
intact_t8,3470,0.04284314061371233
intact_t8,3471,0.041113934789968845
intact_t8,3472,0.05030575167402077
intact_t8,3473,0.02791292470265326
intact_t8,3474,0.05460098478812836
intact_t8,3475,0.01985015918491373
intact_t8,3476,0.04000808274522217
intact_t8,3477,0.04283326028941761
intact_t8,3478,0.02797410371876745
intact_t8,3479,0.05748169778941761
intact_t8,3480,0.05817054595404315
intact_t8,3481,0.043693733350277285
intact_t8,3482,0.034576241718216216
intact_t8,3483,0.025139045850277285
intact_t8,3484,0.03277992095404315
intact_t8,3485,0.06387311671821622
intact_t8,3486,0.02716159501089334
intact_t8,3487,0.035881233350277285
intact_t8,3488,0.03370418917402077
intact_t8,3489,0.030255657850828517
intact_t8,3490,0.030071786103823835
intact_t8,3491,0.042363390964936104
intact_t8,3492,0.038755385393183475
intact_t8,3493,0.042717170850277285
intact_t8,3494,0.03285691621876745
intact_t8,3495,0.04088013528941761
intact_t8,3496,0.024212411103823835
intact_t8,3497,0.0279609036131611
intact_t8,3498,0.06908435835027729
intact_t8,3499,0.037834358350277285
intact_t8,3500,0.036857795850277285
intact_t8,3501,0.03930441392018943
intact_t8,3502,0.033828845305472255
intact_t8,3503,0.02211472871876745
intact_t8,3504,0.03334052896438487
intact_t8,3505,0.05091865396438487
intact_t8,3506,0.039731947893183475
intact_t8,3507,0.05287177896438487
intact_t8,3508,0.040435616718216216
intact_t8,3509,0.0637570272790759
intact_t8,3510,0.05688894167470044
intact_t8,3511,0.0201484036131611
intact_t8,3512,0.05369315785082852
intact_t8,3513,0.0338202786131611
intact_t8,3514,0.036387926525795776
intact_t8,3515,0.01416632132474833
intact_t8,3516,0.07213013528941761
intact_t8,3517,0.03449859668491373
intact_t8,3518,0.045318429218216216
intact_t8,3519,0.031114510289417613
intact_t8,3520,0.050201241718216216
intact_t8,3521,0.04321066392018943
intact_t8,3522,0.05064576028941761
intact_t8,3523,0.04352306170887895
intact_t8,3524,0.04629594497305202
intact_t8,3525,0.05106171477907589
intact_t8,3526,0.042247301525795776
intact_t8,3527,0.05301483977907589
intact_t8,3528,0.041517642428856576
intact_t8,3529,0.045919752025244544
intact_t8,3530,0.019902453464936104
intact_t8,3531,0.02910747045459438
intact_t8,3532,0.02926589524522217
intact_t8,3533,0.03806815785082852
intact_t8,3534,0.02196008842074066
intact_t8,3535,0.04310615396438487
intact_t8,3536,0.015006440859329754
intact_t8,3537,0.03277992095404315
intact_t8,3538,0.051506233350277285
intact_t8,3539,0.04940487080676151
intact_t8,3540,0.04479495198172877
intact_t8,3541,0.043326753359329756
intact_t8,3542,0.046623420850277285
intact_t8,3543,0.04321706667470044
intact_t8,3544,0.055412483350277285
intact_t8,3545,0.020749726420189428
intact_t8,3546,0.04310615396438487
intact_t8,3547,0.049224679218216216
intact_t8,3548,0.02856862917470044
intact_t8,3549,0.037130689525244544
intact_t8,3550,0.04380982278941761
intact_t8,3551,0.03570960845404315
intact_t8,3552,0.045919752025244544
intact_t8,3553,0.04505927896438487
intact_t8,3554,0.04879714524522217
intact_t8,3555,0.048576545850277285
intact_t8,3556,0.029161385289417613
intact_t8,3557,0.03911999885765518
intact_t8,3558,0.04842830830676151
intact_t8,3559,0.0342647971843625
intact_t8,3560,0.020678484141397953
intact_t8,3561,0.031608003359329756
intact_t8,3562,0.03934391803391169
intact_t8,3563,0.06500648345404314
intact_t8,3564,0.04283326028941761
intact_t8,3565,0.019937324165363174
intact_t8,3566,0.039731947893183475
intact_t8,3567,0.0387030911131611
intact_t8,3568,0.054435920850277285
intact_t8,3569,0.045591322893183475
intact_t8,3570,0.044614760393183475
intact_t8,3571,0.035825697893183475
intact_t8,3572,0.038810920850277285
intact_t8,3573,0.0715695272790759
intact_t8,3574,0.04977370774522217
intact_t8,3575,0.044670295850277285
intact_t8,3576,0.0371944846843625
intact_t8,3577,0.018427764481728767
intact_t8,3578,0.04310097723556011
intact_t8,3579,0.04673951028941761
intact_t8,3580,0.046623420850277285
intact_t8,3581,0.048849439525244544
intact_t8,3582,0.02371891803391169
intact_t8,3583,0.03138740396438487
intact_t8,3584,0.034694905034462924
intact_t8,3585,0.027036635393183475
intact_t8,3586,0.04840492095404315
intact_t8,3587,0.03074915092074066
intact_t8,3588,0.024445257349539264
intact_t8,3589,0.056389045850277285
intact_t8,3590,0.04972714891974575
intact_t8,3591,0.033872572893183475
intact_t8,3592,0.054524399462710295
intact_t8,3593,0.0406779829110786
intact_t8,3594,0.04380982278941761
intact_t8,3595,0.06236451028941761
intact_t8,3596,0.04569583284898803
intact_t8,3597,0.037130689525244544
intact_t8,3598,0.03431709146438487
intact_t8,3599,0.048849439525244544
intact_t8,3600,0.04487486390185062
intact_t8,3601,0.06935725202524454
intact_t8,3602,0.018920714236111344
intact_t8,3603,0.04088013528941761
intact_t8,3604,0.04227265227907589
intact_t8,3605,0.05677802896438487
intact_t8,3606,0.05129551427962712
intact_t8,3607,0.054435920850277285
intact_t8,3608,0.045591322893183475
intact_t8,3609,0.051450697893183475
intact_t8,3610,0.021522819405838223
intact_t8,3611,0.023320457306023487
intact_t8,3612,0.023242251358334846
intact_t8,3613,0.05259888528941761
intact_t8,3614,0.049553108350277285
intact_t8,3615,0.05085194896326153
intact_t8,3616,0.023458814525244544
intact_t8,3617,0.02628067228812836
intact_t8,3618,0.06316522441919452
intact_t8,3619,0.05065564061371233
intact_t8,3620,0.04380982278941761
intact_t8,3621,0.03121902024522217
intact_t8,3622,0.05606156997305202
intact_t8,3623,0.05677802896438487
intact_t8,3624,0.0338202786131611
intact_t8,3625,0.038755385393183475
intact_t8,3626,0.032481676525795776
intact_t8,3627,0.046896314525244544
intact_t8,3628,0.058342170850277285
intact_t8,3629,0.046896314525244544
intact_t8,3630,0.03607531364234482
intact_t8,3631,0.05156840795459438
intact_t8,3632,0.029492123641665154
intact_t8,3633,0.047872877025244544
intact_t8,3634,0.056060616718216216
intact_t8,3635,0.04910858977907589
intact_t8,3636,0.06207679595404315
intact_t8,3637,0.05366392640185062
intact_t8,3638,0.041036939525244544
intact_t8,3639,0.03773972871876745
intact_t8,3640,0.031271314525244544
intact_t8,3641,0.05482490396438487
intact_t8,3642,0.058342170850277285
intact_t8,3643,0.053459358350277285
intact_t8,3644,0.03836640227907589
intact_t8,3645,0.020372322789417613
intact_t8,3646,0.03317214524522217
intact_t8,3647,0.02242995774522217
intact_t8,3648,0.036490815859329756
intact_t8,3649,0.060295295850277285
intact_t8,3650,0.055412483350277285
intact_t8,3651,0.04082622045459438
intact_t8,3652,0.06345878285082851
intact_t8,3653,0.061216322893183475
intact_t8,3654,0.02129497045459438
intact_t8,3655,0.024551466464384872
intact_t8,3656,0.021890449165363174
intact_t8,3657,0.0362235511858606
intact_t8,3658,0.019629559789968845
intact_t8,3659,0.03903152024522217
intact_t8,3660,0.03219558274522217
intact_t8,3661,0.05817149920887895
intact_t8,3662,0.03709159535082852
intact_t8,3663,0.06496738927962711
intact_t8,3664,0.037364489025795776
intact_t8,3665,0.04652879121876745
intact_t8,3666,0.03138222723556011
intact_t8,3667,0.05259888528941761
intact_t8,3668,0.025255135289417613
intact_t8,3669,0.041113934789968845
intact_t8,3670,0.047271554218216216
intact_t8,3671,0.060568189525244544
intact_t8,3672,0.03334052896438487
intact_t8,3673,0.040294176525795776
intact_t8,3674,0.024106947893183475
intact_t8,3675,0.049553108350277285
intact_t8,3676,0.045919752025244544
intact_t8,3677,0.057638502025244544
intact_t8,3678,0.036154127025244544
intact_t8,3679,0.027598864025795776
intact_t8,3680,0.026609101420189428
intact_t8,3681,0.022559247289968845
intact_t8,3682,0.04186526448172877
intact_t8,3683,0.033872572893183475
intact_t8,3684,0.06598304595404314
intact_t8,3685,0.04738926427962712
intact_t8,3686,0.06834159535082851
intact_t8,3687,0.04907003892018943
intact_t8,3688,0.035177564525244544
intact_t8,3689,0.060295295850277285
intact_t8,3690,0.025273582306023487
intact_t8,3691,0.02699754121876745
intact_t8,3692,0.0402418822457734
intact_t8,3693,0.06166084146438487
intact_t8,3694,0.045646858350277285
intact_t8,3695,0.05985077727907589
intact_t8,3696,0.03709159535082852
intact_t8,3697,0.04418722642018943
intact_t8,3698,0.047599983350277285
intact_t8,3699,0.034201002025244544
intact_t8,3700,0.026609101420189428
intact_t8,3701,0.035881233350277285
intact_t8,3702,0.035266043137677554
intact_t8,3703,0.035343038402401855
intact_t8,3704,0.056333510393183475
intact_t8,3705,0.034550890964936104
intact_t8,3706,0.03761043917402077
intact_t8,3707,0.04000808274522217
intact_t8,3708,0.06313035371876745
intact_t8,3709,0.038810920850277285
intact_t8,3710,0.038443940859329756
intact_t8,3711,0.03203715795459438
intact_t8,3712,0.04658370164179359
intact_t8,3713,0.04156898345404315
intact_t8,3714,0.030528551525795776
intact_t8,3715,0.041740608350277285
intact_t8,3716,0.06875592921821622
intact_t8,3717,0.029367573963261527
intact_t8,3718,0.038755385393183475
intact_t8,3719,0.04863872045459438
intact_t8,3720,0.023574903964384872
intact_t8,3721,0.052492676174572005
intact_t8,3722,0.037130689525244544
intact_t8,3723,0.06920044778941761
intact_t8,3724,0.04813202727907589
intact_t8,3725,0.06908435835027729
intact_t8,3726,0.031608003359329756
intact_t8,3727,0.049553108350277285
intact_t8,3728,0.0426093411131611
intact_t8,3729,0.025475734684362497
intact_t8,3730,0.06245298890185062
intact_t8,3731,0.03334052896438487
intact_t8,3732,0.02813090795459438
intact_t8,3733,0.03121902024522217
intact_t8,3734,0.03599732278941761
intact_t8,3735,0.03473399920887895
intact_t8,3736,0.01591629835820641
intact_t8,3737,0.04489089524522217
intact_t8,3738,0.07461530421821622
intact_t8,3739,0.04555222871876745
intact_t8,3740,0.048576545850277285
intact_t8,3741,0.04896552896438487
intact_t8,3742,0.05031895177962712
intact_t8,3743,0.02303768330676151
intact_t8,3744,0.04180373620943018
intact_t8,3745,0.044680176174572005
intact_t8,3746,0.06334107278941761
intact_t8,3747,0.020084608454043147
intact_t8,3748,0.056750418137677554
intact_t8,3749,0.044614760393183475
intact_t8,3750,0.04028097642018943
intact_t8,3751,0.05020219497305202
intact_t8,3752,0.022702851420189428
intact_t8,3753,0.052427260393183475
intact_t8,3754,0.052755689525244544
intact_t8,3755,0.034914551174572005
intact_t8,3756,0.04164597871876745
intact_t8,3757,0.016738966464384872
intact_t8,3758,0.04595593635765518
intact_t8,3759,0.0376305853496677
intact_t8,3760,0.056389045850277285
intact_t8,3761,0.05422520177962712
intact_t8,3762,0.057365608350277285
intact_t8,3763,0.050474135393183475
intact_t8,3764,0.03301372045459438
intact_t8,3765,0.03638112917470044
intact_t8,3766,0.05719398345404315
intact_t8,3767,0.0416327786131611
intact_t8,3768,0.04489089524522217
intact_t8,3769,0.027701753359329756
intact_t8,3770,0.037611392428856576
intact_t8,3771,0.056661939525244544
intact_t8,3772,0.03567051427962712
intact_t8,3773,0.027365064525244544
intact_t8,3774,0.05064576028941761
intact_t8,3775,0.026882405034462924
intact_t8,3776,0.01641215795459438
intact_t8,3777,0.03582665114801928
intact_t8,3778,0.039787483350277285
intact_t8,3779,0.03887309545459438
intact_t8,3780,0.02684290092074066
intact_t8,3781,0.03399028295459438
intact_t8,3782,0.057365608350277285
intact_t8,3783,0.028068733350277285
intact_t8,3784,0.036154127025244544
intact_t8,3785,0.060943429218216216
intact_t8,3786,0.03738983977907589
intact_t8,3787,0.04408271646438487
intact_t8,3788,0.056060616718216216
intact_t8,3789,0.04869263528941761
intact_t8,3790,0.030942885393183475
intact_t8,3791,0.024757655138228786
intact_t8,3792,0.0416327786131611
intact_t8,3793,0.030998420850277285
intact_t8,3794,0.041036939525244544
intact_t8,3795,0.031348309789968845
intact_t8,3796,0.044043622289968845
intact_t8,3797,0.04035040058080548
intact_t8,3798,0.04227360553391169
intact_t8,3799,0.037364489025795776
intact_t8,3800,0.03138740396438487
intact_t8,3801,0.028430105637677554
intact_t8,3802,0.027701753359329756
intact_t8,3803,0.03928838257681788
intact_t8,3804,0.052482795850277285
intact_t8,3805,0.03885989534898803
intact_t8,3806,0.04966919778941761
intact_t8,3807,0.023574903964384872
intact_t8,3808,0.040060377025244544
intact_t8,3809,0.06397762667402077
intact_t8,3810,0.04066941621876745
intact_t8,3811,0.029223559893734707
intact_t8,3812,0.015435595454594378
intact_t8,3813,0.03345239492953624
intact_t8,3814,0.057365608350277285
intact_t8,3815,0.03375648345404315
intact_t8,3816,0.05759940785082852
intact_t8,3817,0.02644472608025425
intact_t8,3818,0.05357544778941761
intact_t8,3819,0.054380385393183475
intact_t8,3820,0.04099784535082852
intact_t8,3821,0.042990064525244544
intact_t8,3822,0.03567051427962712
intact_t8,3823,0.04961528295459438
intact_t8,3824,0.031359793137677554
intact_t8,3825,0.040708510393183475
intact_t8,3826,0.037364489025795776
intact_t8,3827,0.04194225974645307
intact_t8,3828,0.036857795850277285
intact_t8,3829,0.042990064525244544
intact_t8,3830,0.05953933274522217
intact_t8,3831,0.061216322893183475
intact_t8,3832,0.06150565785082852
intact_t8,3833,0.04088870198172877
intact_t8,3834,0.01635324582529956
intact_t8,3835,0.05203827727907589
intact_t8,3836,0.026437886463261527
intact_t8,3837,0.036825647745901836
intact_t8,3838,0.03691997045459438
intact_t8,3839,0.025411939525244544
intact_t8,3840,0.05617832677962712
intact_t8,3841,0.028078613674572005
intact_t8,3842,0.030255657850828517
intact_t8,3843,0.05065564061371233
intact_t8,3844,0.06041138528941761
intact_t8,3845,0.037778822893183475
intact_t8,3846,0.049224679218216216
intact_t8,3847,0.048665024462710295
intact_t8,3848,0.0338202786131611
intact_t8,3849,0.029395184789968845
intact_t8,3850,0.018060241175251672
intact_t8,3851,0.058342170850277285
intact_t8,3852,0.03735769167470044
intact_t8,3853,0.052755689525244544
intact_t8,3854,0.036857795850277285
intact_t8,3855,0.037130689525244544
intact_t8,3856,0.026882405034462924
intact_t8,3857,0.058615064525244544
intact_t8,3858,0.06202450167402077
intact_t8,3859,0.055685377025244544
intact_t8,3860,0.03626503973556011
intact_t8,3861,0.032686244577369114
intact_t8,3862,0.03475643330676151
intact_t8,3863,0.05065432698172877
intact_t8,3864,0.03512527024522217
intact_t8,3865,0.04293777024522217
intact_t8,3866,0.043966627025244544
intact_t8,3867,0.0553046536131611
intact_t8,3868,0.030137947789417613
intact_t8,3869,0.037735095305472255
intact_t8,3870,0.038107252025244544
intact_t8,3871,0.054435920850277285
intact_t8,3872,0.035969711962710295
intact_t8,3873,0.026457926185860597
intact_t8,3874,0.04547523345404315
intact_t8,3875,0.04002128285082852
intact_t8,3876,0.03676316621876745
intact_t8,3877,0.03513847035082852
intact_t8,3878,0.035781970305472255
intact_t8,3879,0.023052740359880988
intact_t8,3880,0.040708510393183475
intact_t8,3881,0.03670955830676151
intact_t8,3882,0.021348885289417613
intact_t8,3883,0.04555222871876745
intact_t8,3884,0.02422465795459438
intact_t8,3885,0.04621734668491373
intact_t8,3886,0.05106266803391169
intact_t8,3887,0.0304762572457734
intact_t8,3888,0.04256893330676151
intact_t8,3889,0.01587331667470044
intact_t8,3890,0.039531416069645324
intact_t8,3891,0.03007083284898803
intact_t8,3892,0.031114510289417613
intact_t8,3893,0.048521010393183475
intact_t8,3894,0.036857795850277285
intact_t8,3895,0.030294752025244544
intact_t8,3896,0.028013197893183475
intact_t8,3897,0.04673951028941761
intact_t8,3898,0.05914710845404315
intact_t8,3899,0.04792226146326153
intact_t8,3900,0.05162232278941761
intact_t8,3901,0.0676632772790759
intact_t8,3902,0.03931081667470044
intact_t8,3903,0.04156898345404315
intact_t8,3904,0.034210882349539264
intact_t8,3905,0.04185669778941761
intact_t8,3906,0.034434801525795776
intact_t8,3907,0.018427764481728767
intact_t8,3908,0.04185669778941761
intact_t8,3909,0.04061580830676151
intact_t8,3910,0.049224679218216216
intact_t8,3911,0.06905221024590183
intact_t8,3912,0.03735769167470044
intact_t8,3913,0.07103748335027728
intact_t8,3914,0.048849439525244544
intact_t8,3915,0.026060072893183475
intact_t8,3916,0.04125753892018943
intact_t8,3917,0.039468574165363174
intact_t8,3918,0.04746162613105623
intact_t8,3919,0.045996747289968845
intact_t8,3920,0.038482491718216216
intact_t8,3921,0.037890688858334846
intact_t8,3922,0.04221807007681788
intact_t8,3923,0.026773261665363174
intact_t8,3924,0.021305157701706393
intact_t8,3925,0.04960208284898803
intact_t8,3926,0.042661635393183475
intact_t8,3927,0.044670295850277285
intact_t8,3928,0.049826002025244544
intact_t8,3929,0.042990064525244544
intact_t8,3930,0.06301426427962711
intact_t8,3931,0.028078613674572005
intact_t8,3932,0.028691515964936104
intact_t8,3933,0.023744614606816525
intact_t8,3934,0.03795044778941761
intact_t8,3935,0.04197440785082852
intact_t8,3936,0.03806815785082852
intact_t8,3937,0.04185669778941761
intact_t8,3938,0.055685377025244544
intact_t8,3939,0.04638055367525167
intact_t8,3940,0.033546717638228786
intact_t8,3941,0.036601728569645324
intact_t8,3942,0.032623116718216216
intact_t8,3943,0.042717170850277285
intact_t8,3944,0.03078770177962712
intact_t8,3945,0.05162232278941761
intact_t8,3946,0.06104793917402077
intact_t8,3947,0.03277992095404315
intact_t8,3948,0.03904472035082852
intact_t8,3949,0.03931081667470044
intact_t8,3950,0.04656883864801928
intact_t8,3951,0.03889648280731274
intact_t8,3952,0.035177564525244544
intact_t8,3953,0.04017646646438487
intact_t8,3954,0.041270739025795776
intact_t8,3955,0.03911999885765518
intact_t8,3956,0.042013502025244544
intact_t8,3957,0.06908435835027729
intact_t8,3958,0.024212411103823835
intact_t8,3959,0.026293872393734707
intact_t8,3960,0.034201002025244544
intact_t8,3961,0.03641327727907589
intact_t8,3962,0.04002128285082852
intact_t8,3963,0.062248420850277285
intact_t8,3964,0.046294991718216216
intact_t8,3965,0.044670295850277285
intact_t8,3966,0.030669991718216216
intact_t8,3967,0.027837243069912525
intact_t8,3968,0.029922595305472255
intact_t8,3969,0.07889895784898804
intact_t8,3970,0.057037179218216216
intact_t8,3971,0.026115608350277285
intact_t8,3972,0.04549862080676151
intact_t8,3973,0.04156898345404315
intact_t8,3974,0.029577339779075888
intact_t8,3975,0.040435616718216216
intact_t8,3976,0.041412179218216216
intact_t8,3977,0.01752062614234482
intact_t8,3978,0.05887421477907589
intact_t8,3979,0.04647518330676151
intact_t8,3980,0.03399028295459438
intact_t8,3981,0.06459052896438487
intact_t8,3982,0.07505982278941761
intact_t8,3983,0.03832785142018943
intact_t8,3984,0.06305335845404314
intact_t8,3985,0.05970771646438487
intact_t8,3986,0.03887309545459438
intact_t8,3987,0.04685722035082852
intact_t8,3988,0.03565731417402077
intact_t8,3989,0.042717170850277285
intact_t8,3990,0.03893689061371233
intact_t8,3991,0.047599983350277285
intact_t8,3992,0.045996747289968845
intact_t8,3993,0.05872597723556011
intact_t8,3994,0.027442059789968845
intact_t8,3995,0.07017701028941761
intact_t8,3996,0.03301372045459438
intact_t8,3997,0.06402992095404314
intact_t8,3998,0.04066941621876745
intact_t8,3999,0.044680176174572005
lesion_t8,0,0.0405717963499449
lesion_t8,1,0.031042596970300422
lesion_t8,2,0.04462436222506249
lesion_t8,3,0.04071811222506249
lesion_t8,4,0.032871916106534414
lesion_t8,5,0.04180368592126478
lesion_t8,6,0.03289361916584386
lesion_t8,7,0.048496916106534414
lesion_t8,8,0.04755404972506249
lesion_t8,9,0.038874910459565606
lesion_t8,10,0.052403166106534414
lesion_t8,11,0.046543791106534414
lesion_t8,12,0.045691034470300415
lesion_t8,13,0.019377356578093675
lesion_t8,14,0.05254587342126478
lesion_t8,15,0.045567228606534414
lesion_t8,16,0.05641151891099098
lesion_t8,17,0.048496916106534414
lesion_t8,18,0.03514506389282404
lesion_t8,19,0.051426603606534414
lesion_t8,20,0.04560092472506249
lesion_t8,21,0.035801603606534414
lesion_t8,22,0.05536654972506249
lesion_t8,23,0.04853061222506249
lesion_t8,24,0.032935699783203334
lesion_t8,25,0.03679986916584386
lesion_t8,26,0.026066066164675265
lesion_t8,27,0.034025794078093675
lesion_t8,28,0.038731291106534414
lesion_t8,29,0.04272302784251278
lesion_t8,30,0.034093288725721344
lesion_t8,31,0.029354095578752536
lesion_t8,32,0.041660978606534414
lesion_t8,33,0.041660978606534414
lesion_t8,34,0.03878669028437193
lesion_t8,35,0.0444780463499449
lesion_t8,36,0.040684416106534414
lesion_t8,37,0.04867423157809368
lesion_t8,38,0.050450041106534414
lesion_t8,39,0.028996665702976092
lesion_t8,40,0.041660978606534414
lesion_t8,41,0.059239103606534414
lesion_t8,42,0.03181642996847297
lesion_t8,43,0.03876498722506248
lesion_t8,44,0.03795283509910229
lesion_t8,45,0.03681186222506248
lesion_t8,46,0.020477724941859683
lesion_t8,47,0.0544999104595656
lesion_t8,48,0.031804436909254344
lesion_t8,49,0.053379728606534414
lesion_t8,50,0.03593740252951905
lesion_t8,51,0.038731291106534414
lesion_t8,52,0.04950717472506249
lesion_t8,53,0.028112909470300422
lesion_t8,54,0.024138252784371927
lesion_t8,55,0.06023736916584386
lesion_t8,56,0.05742868592126478
lesion_t8,57,0.05243686222506249
lesion_t8,58,0.04949518166584386
lesion_t8,59,0.050450041106534414
lesion_t8,60,0.048673319539792856
lesion_t8,61,0.04469276891099098
lesion_t8,62,0.038731291106534414
lesion_t8,63,0.0454546088499449
lesion_t8,64,0.052403166106534414
lesion_t8,65,0.059416419078093675
lesion_t8,66,0.05048373722506249
lesion_t8,67,0.052403166106534414
lesion_t8,68,0.06509847860653442
lesion_t8,69,0.03008493592126478
lesion_t8,70,0.051562402529519054
lesion_t8,71,0.05047174416584386
lesion_t8,72,0.03011863203979285
lesion_t8,73,0.04656549416584385
lesion_t8,74,0.031126194136234527
lesion_t8,75,0.04560092472506249
lesion_t8,76,0.037754728606534414
lesion_t8,77,0.050626444539792856
lesion_t8,78,0.0415483588499449
lesion_t8,79,0.028132722959565606
lesion_t8,80,0.06509847860653442
lesion_t8,81,0.04755404972506248
lesion_t8,82,0.04255861746847297
lesion_t8,83,0.03485873722506248
lesion_t8,84,0.037919138980574224
lesion_t8,85,0.03192904972506248
lesion_t8,86,0.021420591323331614
lesion_t8,87,0.04085812301770646
lesion_t8,88,0.04757575278437193
lesion_t8,89,0.06231149842126478
lesion_t8,90,0.04762245641099098
lesion_t8,91,0.034734124409254344
lesion_t8,92,0.04475598851887505
lesion_t8,93,0.033992097959565606
lesion_t8,94,0.05437799416584386
lesion_t8,95,0.035801603606534414
lesion_t8,96,0.05437799416584386
lesion_t8,97,0.03681186222506248
lesion_t8,98,0.03876498722506248
lesion_t8,99,0.036942576480574224
lesion_t8,100,0.05938181092126478
lesion_t8,101,0.04086081953979285
lesion_t8,102,0.02921138826402217
lesion_t8,103,0.055509257039792856
lesion_t8,104,0.04659919028437193
lesion_t8,105,0.05144830666584386
lesion_t8,106,0.049473478606534414
lesion_t8,107,0.02617868592126478
lesion_t8,108,0.04560092472506249
lesion_t8,109,0.05731967472506249
lesion_t8,110,0.04267123722506248
lesion_t8,111,0.03594431092126478
lesion_t8,112,0.041660978606534414
lesion_t8,113,0.06219049416584386
lesion_t8,114,0.021184165702976092
lesion_t8,115,0.027076324783203334
lesion_t8,116,0.0544999104595656
lesion_t8,117,0.028995753664675265
lesion_t8,118,0.04070611916584386
lesion_t8,119,0.04088343463740312
lesion_t8,120,0.04462436222506248
lesion_t8,121,0.04180368592126478
lesion_t8,122,0.03496774842126478
lesion_t8,123,0.04752035360653441
lesion_t8,124,0.052324242468472976
lesion_t8,125,0.022294138980574224
lesion_t8,126,0.059239103606534414
lesion_t8,127,0.05156931092126478
lesion_t8,128,0.052403166106534414
lesion_t8,129,0.033848478606534414
lesion_t8,130,0.03487683172398471
lesion_t8,131,0.0298296088499449
lesion_t8,132,0.04198100139282404
lesion_t8,133,0.032871916106534414
lesion_t8,134,0.03094049416584386
lesion_t8,135,0.044726465029519054
lesion_t8,136,0.0376421088499449
lesion_t8,137,0.039872263980574224
lesion_t8,138,0.046543791106534414
lesion_t8,139,0.024072336654401463
lesion_t8,140,0.03206906051770646
lesion_t8,141,0.06719431092126478
lesion_t8,142,0.03597800703979285
lesion_t8,143,0.021317576480574224
lesion_t8,144,0.03487683172398471
lesion_t8,145,0.03485873722506248
lesion_t8,146,0.049473478606534414
lesion_t8,147,0.028996665702976092
lesion_t8,148,0.04766306092126478
lesion_t8,149,0.0444780463499449
lesion_t8,150,0.035801603606534414
lesion_t8,151,0.030006012283203334
lesion_t8,152,0.0317827338499449
lesion_t8,153,0.042801951480574224
lesion_t8,154,0.038907694539792856
lesion_t8,155,0.04464245672398471
lesion_t8,156,0.018390277125960725
lesion_t8,157,0.04863962342126478
lesion_t8,158,0.03111780963740312
lesion_t8,159,0.04657748722506249
lesion_t8,160,0.036778166106534414
lesion_t8,161,0.04950717472506248
lesion_t8,162,0.058262541106534414
lesion_t8,163,0.04364779972506248
lesion_t8,164,0.045812038725721344
lesion_t8,165,0.04570993592126478
lesion_t8,166,0.04755404972506249
lesion_t8,167,0.02986330496847297
lesion_t8,168,0.04863962342126478
lesion_t8,169,0.046543791106534414
lesion_t8,170,0.03398427752951905
lesion_t8,171,0.04560092472506248
lesion_t8,172,0.030220734844249416
lesion_t8,173,0.05156931092126478
lesion_t8,174,0.043614103606534414
lesion_t8,175,0.05146029972506249
lesion_t8,176,0.04657748722506249
lesion_t8,177,0.02425925703979285
lesion_t8,178,0.06306642996847298
lesion_t8,179,0.0405717963499449
lesion_t8,180,0.053379728606534414
lesion_t8,181,0.062345194539792856
lesion_t8,182,0.05146029972506249
lesion_t8,183,0.03411499178503079
lesion_t8,184,0.03390387778437193
lesion_t8,185,0.049473478606534414
lesion_t8,186,0.028965666106534414
lesion_t8,187,0.03383796165440146
lesion_t8,188,0.04560092472506248
lesion_t8,189,0.02019830666584386
lesion_t8,190,0.03304831953979285
lesion_t8,191,0.055577663725721344
lesion_t8,192,0.030066034470300422
lesion_t8,193,0.03094049416584386
lesion_t8,194,0.03874247721371091
lesion_t8,195,0.028019191164675265
lesion_t8,196,0.030006012283203334
lesion_t8,197,0.05438998722506249
lesion_t8,198,0.05341342472506249
lesion_t8,199,0.05254587342126478
lesion_t8,200,0.03778842472506248
lesion_t8,201,0.042049408078752536
lesion_t8,202,0.05927279972506249
lesion_t8,203,0.06412191610653442
lesion_t8,204,0.05048373722506249
lesion_t8,205,0.023161690284371927
lesion_t8,206,0.04462436222506249
lesion_t8,207,0.040739815284371934
lesion_t8,208,0.03301462342126478
lesion_t8,209,0.05927279972506249
lesion_t8,210,0.046543791106534414
lesion_t8,211,0.03778842472506249
lesion_t8,212,0.055468652529519054
lesion_t8,213,0.021494891952133485
lesion_t8,214,0.04180368592126478
lesion_t8,215,0.026322305274295972
lesion_t8,216,0.0425249213499449
lesion_t8,217,0.02898736916584386
lesion_t8,218,0.02709802784251278
lesion_t8,219,0.037663811909254344
lesion_t8,220,0.04375681092126478
lesion_t8,221,0.028019191164675265
lesion_t8,222,0.04165046165440146
lesion_t8,223,0.03597800703979285
lesion_t8,224,0.030106638980574224
lesion_t8,225,0.02619348058882849
lesion_t8,226,0.03890769453979285
lesion_t8,227,0.029067768910990978
lesion_t8,228,0.04082021502951905
lesion_t8,229,0.03683356528437193
lesion_t8,230,0.0525467854595656
lesion_t8,231,0.052403166106534414
lesion_t8,232,0.051426603606534414
lesion_t8,233,0.057285978606534414
lesion_t8,234,0.022416055274295972
lesion_t8,235,0.046543791106534414
lesion_t8,236,0.028995753664675265
lesion_t8,237,0.027989103606534414
lesion_t8,238,0.043644191164675265
lesion_t8,239,0.03793113203979285
lesion_t8,240,0.04950717472506249
lesion_t8,241,0.030918791106534414
lesion_t8,242,0.0581499213499449
lesion_t8,243,0.03887399842126478
lesion_t8,244,0.03496774842126478
lesion_t8,245,0.06412191610653442
lesion_t8,246,0.04073981528437193
lesion_t8,247,0.03887399842126478
lesion_t8,248,0.053435127784371934
lesion_t8,249,0.023304397599102293
lesion_t8,250,0.027035720272929532
lesion_t8,251,0.03988156051770646
lesion_t8,252,0.03865236746847297
lesion_t8,253,0.038731291106534414
lesion_t8,254,0.03781012778437193
lesion_t8,255,0.053379728606534414
lesion_t8,256,0.047441429968472976
lesion_t8,257,0.05243686222506249
lesion_t8,258,0.040684416106534414
lesion_t8,259,0.03597800703979285
lesion_t8,260,0.06426553545956559
lesion_t8,261,0.051347679968472976
lesion_t8,262,0.04961618592126478
lesion_t8,263,0.04755404972506249
lesion_t8,264,0.048496916106534414
lesion_t8,265,0.04473337342126478
lesion_t8,266,0.026303403823331614
lesion_t8,267,0.034012888980574224
lesion_t8,268,0.038731291106534414
lesion_t8,269,0.028187210099102293
lesion_t8,270,0.03597800703979285
lesion_t8,271,0.04278024842126478
lesion_t8,272,0.04366950278437193
lesion_t8,273,0.038908606578093675
lesion_t8,274,0.032283783078752536
lesion_t8,275,0.06220248722506249
lesion_t8,276,0.05645212342126478
lesion_t8,277,0.053379728606534414
lesion_t8,278,0.037919138980574224
lesion_t8,279,0.03888879308882849
lesion_t8,280,0.045853555274295965
lesion_t8,281,0.029251992774295972
lesion_t8,282,0.05547556092126478
lesion_t8,283,0.07504050703979286
lesion_t8,284,0.025236731578093675
lesion_t8,285,0.05254587342126478
lesion_t8,286,0.059239103606534414
lesion_t8,287,0.03387018166584386
lesion_t8,288,0.057285978606534414
lesion_t8,289,0.05633111916584386
lesion_t8,290,0.021330481578093675
lesion_t8,291,0.03290561222506248
lesion_t8,292,0.051603007039792856
lesion_t8,293,0.044767069539792856
lesion_t8,294,0.052403166106534414
lesion_t8,295,0.062168791106534414
lesion_t8,296,0.03485873722506248
lesion_t8,297,0.030119544078093675
lesion_t8,298,0.05731967472506249
lesion_t8,299,0.043614103606534414
lesion_t8,300,0.04754205666584385
lesion_t8,301,0.028091206410990978
lesion_t8,302,0.029101465029519047
lesion_t8,303,0.04862072197030042
lesion_t8,304,0.046543791106534414
lesion_t8,305,0.023139987225062483
lesion_t8,306,0.04078651891099098
lesion_t8,307,0.037784816164675265
lesion_t8,308,0.03304831953979285
lesion_t8,309,0.027148340029519047
lesion_t8,310,0.04755404972506249
lesion_t8,311,0.05731967472506249
lesion_t8,312,0.04657387866467526
lesion_t8,313,0.03289361916584386
lesion_t8,314,0.02617868592126478
lesion_t8,315,0.029997627784371927
lesion_t8,316,0.04760584034251278
lesion_t8,317,0.047520353606534414
lesion_t8,318,0.032317479197280605
lesion_t8,319,0.056309416106534414
lesion_t8,320,0.025203035459565606
lesion_t8,321,0.037784816164675265
lesion_t8,322,0.016789152040434394
lesion_t8,323,0.04950717472506249
lesion_t8,324,0.047806680274295965
lesion_t8,325,0.03999418027429597
lesion_t8,326,0.0544999104595656
lesion_t8,327,0.04082021502951905
lesion_t8,328,0.05840524842126478
lesion_t8,329,0.03413480527429597
lesion_t8,330,0.04461236916584386
lesion_t8,331,0.0486950225991023
lesion_t8,332,0.06426553545956559
lesion_t8,333,0.03890769453979285
lesion_t8,334,0.04766306092126478
lesion_t8,335,0.060380076480574224
lesion_t8,336,0.030220734844249413
lesion_t8,337,0.028233913725721344
lesion_t8,338,0.034888824783203334
lesion_t8,339,0.033036326480574224
lesion_t8,340,0.03793113203979285
lesion_t8,341,0.047520353606534414
lesion_t8,342,0.04107284557875253
lesion_t8,343,0.048527003664675265
lesion_t8,344,0.03387018166584386
lesion_t8,345,0.047696757039792856
lesion_t8,346,0.05438998722506249
lesion_t8,347,0.042637541106534414
lesion_t8,348,0.026099762283203334
lesion_t8,349,0.031205117774295972
lesion_t8,350,0.03206067601887505
lesion_t8,351,0.05832632478320334
lesion_t8,352,0.061357551018875044
lesion_t8,353,0.038062758333605416
lesion_t8,354,0.041582054968472976
lesion_t8,355,0.057285978606534414
lesion_t8,356,0.055619180274295965
lesion_t8,357,0.03988425703979285
lesion_t8,358,0.05250526891099098
lesion_t8,359,0.03974154972506248
lesion_t8,360,0.04071811222506248
lesion_t8,361,0.047684763980574224
lesion_t8,362,0.06220248722506249
lesion_t8,363,0.03890769453979285
lesion_t8,364,0.04853061222506249
lesion_t8,365,0.030119544078093675
lesion_t8,366,0.04555671165440146
lesion_t8,367,0.04563101228320334
lesion_t8,368,0.01839988203979285
lesion_t8,369,0.05449899842126478
lesion_t8,370,0.030974190284371927
lesion_t8,371,0.04975289688255024
lesion_t8,372,0.04656549416584386
lesion_t8,373,0.03777643166584386
lesion_t8,374,0.04473337342126478
lesion_t8,375,0.03192904972506248
lesion_t8,376,0.045567228606534414
lesion_t8,377,0.041837382039792856
lesion_t8,378,0.047520353606534414
lesion_t8,379,0.05144830666584386
lesion_t8,380,0.0438122100991023
lesion_t8,381,0.028022799725062483
lesion_t8,382,0.034825041106534414
lesion_t8,383,0.03583529972506248
lesion_t8,384,0.028132722959565606
lesion_t8,385,0.04961618592126478
lesion_t8,386,0.04169467472506248
lesion_t8,387,0.03612162639282404
lesion_t8,388,0.05840524842126478
lesion_t8,389,0.044767069539792856
lesion_t8,390,0.027067940284371927
lesion_t8,391,0.03974154972506248
lesion_t8,392,0.04473337342126478
lesion_t8,393,0.025304226225721344
lesion_t8,394,0.04560092472506249
lesion_t8,395,0.02898736916584386
lesion_t8,396,0.051347679968472976
lesion_t8,397,0.03974154972506248
lesion_t8,398,0.03304831953979285
lesion_t8,399,0.03485873722506248
lesion_t8,400,0.04176308141099098
lesion_t8,401,0.038731291106534414
lesion_t8,402,0.03010755101887505
lesion_t8,403,0.04754205666584386
lesion_t8,404,0.048496916106534414
lesion_t8,405,0.053544138980574224
lesion_t8,406,0.03693566808882849
lesion_t8,407,0.06802816610653442
lesion_t8,408,0.03404749713740312
lesion_t8,409,0.021095945527782413
lesion_t8,410,0.01645885518527017
lesion_t8,411,0.049473478606534414
lesion_t8,412,0.02721155963740312
lesion_t8,413,0.04766306092126478
lesion_t8,414,0.033848478606534414
lesion_t8,415,0.04476798157809368
lesion_t8,416,0.050626444539792856
lesion_t8,417,0.05742868592126478
lesion_t8,418,0.04273964391099098
lesion_t8,419,0.020565033078752536
lesion_t8,420,0.05050274376228553
lesion_t8,421,0.023230096970300422
lesion_t8,422,0.019230128664675265
lesion_t8,423,0.04183738203979285
lesion_t8,424,0.061192228606534414
lesion_t8,425,0.05141608665440146
lesion_t8,426,0.024138252784371927
lesion_t8,427,0.041838294078093675
lesion_t8,428,0.030187038725721344
lesion_t8,429,0.05352243592126478
lesion_t8,430,0.049473478606534414
lesion_t8,431,0.04265924416584385
lesion_t8,432,0.043535179968472976
lesion_t8,433,0.07681722860653442
lesion_t8,434,0.049473478606534414
lesion_t8,435,0.044590666106534414
lesion_t8,436,0.024226472959565606
lesion_t8,437,0.04853061222506249
lesion_t8,438,0.046721106578093675
lesion_t8,439,0.03583529972506248
lesion_t8,440,0.04375681092126478
lesion_t8,441,0.03980995641099098
lesion_t8,442,0.019142820527782413
lesion_t8,443,0.03594431092126478
lesion_t8,444,0.021176345272929532
lesion_t8,445,0.04178478447030042
lesion_t8,446,0.0418590850991023
lesion_t8,447,0.04755404972506249
lesion_t8,448,0.059294502784371934
lesion_t8,449,0.05047174416584385
lesion_t8,450,0.03597891907809368
lesion_t8,451,0.029975924725062483
lesion_t8,452,0.02924508438255024
lesion_t8,453,0.026159784470300422
lesion_t8,454,0.055362941164675265
lesion_t8,455,0.05146029972506249
lesion_t8,456,0.048632715029519054
lesion_t8,457,0.03980995641099098
lesion_t8,458,0.03279299246847297
lesion_t8,459,0.029942228606534414
lesion_t8,460,0.04654379110653441
lesion_t8,461,0.03579108665440146
lesion_t8,462,0.040929226225721344
lesion_t8,463,0.051426603606534414
lesion_t8,464,0.03785683141099098
lesion_t8,465,0.06133493592126478
lesion_t8,466,0.03191705666584386
lesion_t8,467,0.050450041106534414
lesion_t8,468,0.05535455666584386
lesion_t8,469,0.04961618592126478
lesion_t8,470,0.029931711654401463
lesion_t8,471,0.031116897599102293
lesion_t8,472,0.048783242774295965
lesion_t8,473,0.03980995641099098
lesion_t8,474,0.07797019453979286
lesion_t8,475,0.03876498722506248
lesion_t8,476,0.04176308141099098
lesion_t8,477,0.03203115252951905
lesion_t8,478,0.040860819539792856
lesion_t8,479,0.048496916106534414
lesion_t8,480,0.04071811222506248
lesion_t8,481,0.02338570938255024
lesion_t8,482,0.02986330496847297
lesion_t8,483,0.03781012778437193
lesion_t8,484,0.058439856578093675
lesion_t8,485,0.060215666106534414
lesion_t8,486,0.030982574783203334
lesion_t8,487,0.051603007039792856
lesion_t8,488,0.037754728606534414
lesion_t8,489,0.03416850139282404
lesion_t8,490,0.02703424416584386
lesion_t8,491,0.04863962342126478
lesion_t8,492,0.03500144453979285
lesion_t8,493,0.0554764729595656
lesion_t8,494,0.03290561222506248
lesion_t8,495,0.032871916106534414
lesion_t8,496,0.04070611916584386
lesion_t8,497,0.04654379110653441
lesion_t8,498,0.040861731578093675
lesion_t8,499,0.04070611916584386
lesion_t8,500,0.03883339391099098
lesion_t8,501,0.03388217472506248
lesion_t8,502,0.03681186222506248
lesion_t8,503,0.061192228606534414
lesion_t8,504,0.037898347959565606
lesion_t8,505,0.05731967472506249
lesion_t8,506,0.02709802784251278
lesion_t8,507,0.03106149842126478
lesion_t8,508,0.04950717472506249
lesion_t8,509,0.05156931092126478
lesion_t8,510,0.05840524842126478
lesion_t8,511,0.04654379110653441
lesion_t8,512,0.05048373722506249
lesion_t8,513,0.02205080496847297
lesion_t8,514,0.06024936222506249
lesion_t8,515,0.036081021882550246
lesion_t8,516,0.036921785459565606
lesion_t8,517,0.043614103606534414
lesion_t8,518,0.030228555274295972
lesion_t8,519,0.029101465029519047
lesion_t8,520,0.042781160459565606
lesion_t8,521,0.04180368592126478
lesion_t8,522,0.01632214422398471
lesion_t8,523,0.03692087342126478
lesion_t8,524,0.024424579452133485
lesion_t8,525,0.029109285459565606
lesion_t8,526,0.03388217472506248
lesion_t8,527,0.03594431092126478
lesion_t8,528,0.04366950278437193
lesion_t8,529,0.01521486746847297
lesion_t8,530,0.03901761777429597
lesion_t8,531,0.04280286351887505
lesion_t8,532,0.02715524842126478
lesion_t8,533,0.044590666106534414
lesion_t8,534,0.04657748722506249
lesion_t8,535,0.051671413725721344
lesion_t8,536,0.032072669078093675
lesion_t8,537,0.03697627259910229
lesion_t8,538,0.030941970272929532
lesion_t8,539,0.04560092472506249
lesion_t8,540,0.02520212342126478
lesion_t8,541,0.04961618592126478
lesion_t8,542,0.04269294028437193
lesion_t8,543,0.046687410459565606
lesion_t8,544,0.04752035360653441
lesion_t8,545,0.03600062213740312
lesion_t8,546,0.03778842472506248
lesion_t8,547,0.025203035459565606
lesion_t8,548,0.041660978606534414
lesion_t8,549,0.04180368592126478
lesion_t8,550,0.025059416106534414
lesion_t8,551,0.041905788725721344
lesion_t8,552,0.04560092472506248
lesion_t8,553,0.04375681092126478
lesion_t8,554,0.05156931092126478
lesion_t8,555,0.030948878664675265
lesion_t8,556,0.06426553545956559
lesion_t8,557,0.06314535360653442
lesion_t8,558,0.041570061909254344
lesion_t8,559,0.026280788725721344
lesion_t8,560,0.04169197820297609
lesion_t8,561,0.03203115252951905
lesion_t8,562,0.0466874104595656
lesion_t8,563,0.04855231528437193
lesion_t8,564,0.02533883438255024
lesion_t8,565,0.027989103606534414
lesion_t8,566,0.025337922344249413
lesion_t8,567,0.05352243592126478
lesion_t8,568,0.052403166106534414
lesion_t8,569,0.041804597959565606
lesion_t8,570,0.037754728606534414
lesion_t8,571,0.03008493592126478
lesion_t8,572,0.0670852997250625
lesion_t8,573,0.025236731578093675
lesion_t8,574,0.03303723851887505
lesion_t8,575,0.047520353606534414
lesion_t8,576,0.04070611916584386
lesion_t8,577,0.030006012283203334
lesion_t8,578,0.036778166106534414
lesion_t8,579,0.043893521882550246
lesion_t8,580,0.049473478606534414
lesion_t8,581,0.029354095578752536
lesion_t8,582,0.05045004110653441
lesion_t8,583,0.050450041106534414
lesion_t8,584,0.05144830666584386
lesion_t8,585,0.02132956953979285
lesion_t8,586,0.05449899842126478
lesion_t8,587,0.034825041106534414
lesion_t8,588,0.061192228606534414
lesion_t8,589,0.054356291106534414
lesion_t8,590,0.05341342472506249
lesion_t8,591,0.04657748722506248
lesion_t8,592,0.04169467472506249
lesion_t8,593,0.05146029972506249
lesion_t8,594,0.042773340029519054
lesion_t8,595,0.035801603606534414
lesion_t8,596,0.03492714391099098
lesion_t8,597,0.0483842963499449
lesion_t8,598,0.034825041106534414
lesion_t8,599,0.043614103606534414
lesion_t8,600,0.036778166106534414
lesion_t8,601,0.04562262778437193
lesion_t8,602,0.02610067432150416
lesion_t8,603,0.029972316164675265
lesion_t8,604,0.03388217472506248
lesion_t8,605,0.03301462342126478
lesion_t8,606,0.03181642996847297
lesion_t8,607,0.055619180274295965
lesion_t8,608,0.04558893166584386
lesion_t8,609,0.03969733665440146
lesion_t8,610,0.05926080666584386
lesion_t8,611,0.0581499213499449
lesion_t8,612,0.05445839391099098
lesion_t8,613,0.056309416106534414
lesion_t8,614,0.023270701480574224
lesion_t8,615,0.04755404972506249
lesion_t8,616,0.03399118592126478
lesion_t8,617,0.04562262778437193
lesion_t8,618,0.0493608588499449
lesion_t8,619,0.03192635320297609
lesion_t8,620,0.04180368592126478
lesion_t8,621,0.04278024842126478
lesion_t8,622,0.054356291106534414
lesion_t8,623,0.014968460286289094
lesion_t8,624,0.037818512283203334
lesion_t8,625,0.03411499178503079
lesion_t8,626,0.055332853606534414
lesion_t8,627,0.043614103606534414
lesion_t8,628,0.033992097959565606
lesion_t8,629,0.04086081953979285
lesion_t8,630,0.03292370672398471
lesion_t8,631,0.02725826326402217
lesion_t8,632,0.027067940284371927
lesion_t8,633,0.03500144453979285
lesion_t8,634,0.03974154972506249
lesion_t8,635,0.03585700278437193
lesion_t8,636,0.04949518166584386
lesion_t8,637,0.044620753664675265
lesion_t8,638,0.04851861916584386
lesion_t8,639,0.04364419116467526
lesion_t8,640,0.025304226225721344
lesion_t8,641,0.046687410459565606
lesion_t8,642,0.026314484844249413
lesion_t8,643,0.036942576480574224
lesion_t8,644,0.045731638980574224
lesion_t8,645,0.06314535360653442
lesion_t8,646,0.03387018166584386
lesion_t8,647,0.0601030463499449
lesion_t8,648,0.03893030963740313
lesion_t8,649,0.049473478606534414
lesion_t8,650,0.0651321747250625
lesion_t8,651,0.037932044078093675
lesion_t8,652,0.0505936604595656
lesion_t8,653,0.03290561222506248
lesion_t8,654,0.042813944539792856
lesion_t8,655,0.04755404972506249
lesion_t8,656,0.02342631389282404
lesion_t8,657,0.040861731578093675
lesion_t8,658,0.043614103606534414
lesion_t8,659,0.029265875403558857
lesion_t8,660,0.025945061909254344
lesion_t8,661,0.03485873722506248
lesion_t8,662,0.04853061222506249
lesion_t8,663,0.030228555274295972
lesion_t8,664,0.04071811222506248
lesion_t8,665,0.04278024842126478
lesion_t8,666,0.022327835099102293
lesion_t8,667,0.036778166106534414
lesion_t8,668,0.04278024842126478
lesion_t8,669,0.03581278971371091
lesion_t8,670,0.03500235657809368
lesion_t8,671,0.03387947820297609
lesion_t8,672,0.042637541106534414
lesion_t8,673,0.033992097959565606
lesion_t8,674,0.03485873722506248
lesion_t8,675,0.041804597959565606
lesion_t8,676,0.020538812096441143
lesion_t8,677,0.039851472959565606
lesion_t8,678,0.03988425703979285
lesion_t8,679,0.039707853606534414
lesion_t8,680,0.024424579452133485
lesion_t8,681,0.0486950225991023
lesion_t8,682,0.043614103606534414
lesion_t8,683,0.050359124409254344
lesion_t8,684,0.052312249409254344
lesion_t8,685,0.06035837342126478
lesion_t8,686,0.039707853606534414
lesion_t8,687,0.04366950278437193
lesion_t8,688,0.03083986746847297
lesion_t8,689,0.0444780463499449
lesion_t8,690,0.02312799416584386
lesion_t8,691,0.03496774842126478
lesion_t8,692,0.041660978606534414
lesion_t8,693,0.05829623722506249
lesion_t8,694,0.03883339391099097
lesion_t8,695,0.024390883333605416
lesion_t8,696,0.03676764915440146
lesion_t8,697,0.04755404972506249
lesion_t8,698,0.037919138980574224
lesion_t8,699,0.042667628664675265
lesion_t8,700,0.0542436713499449
lesion_t8,701,0.048674231578093675
lesion_t8,702,0.0418045979595656
lesion_t8,703,0.059239103606534414
lesion_t8,704,0.041825388980574224
lesion_t8,705,0.02718894453979285
lesion_t8,706,0.05341342472506249
lesion_t8,707,0.040684416106534414
lesion_t8,708,0.04379141907809368
lesion_t8,709,0.046452874409254344
lesion_t8,710,0.03488044028437193
lesion_t8,711,0.038761378664675265
lesion_t8,712,0.032902003664675265
lesion_t8,713,0.030115935517706457
lesion_t8,714,0.03500144453979285
lesion_t8,715,0.027291047344249413
lesion_t8,716,0.05156931092126478
lesion_t8,717,0.06428632648057422
lesion_t8,718,0.037818512283203334
lesion_t8,719,0.02550324475659005
lesion_t8,720,0.03594431092126478
lesion_t8,721,0.04086081953979285
lesion_t8,722,0.02816550703979285
lesion_t8,723,0.03987317601887505
lesion_t8,724,0.053379728606534414
lesion_t8,725,0.03011863203979285
lesion_t8,726,0.05350353447030042
lesion_t8,727,0.05146029972506248
lesion_t8,728,0.034968660459565606
lesion_t8,729,0.057285978606534414
lesion_t8,730,0.04957558141099098
lesion_t8,731,0.03781012778437193
lesion_t8,732,0.059403513980574224
lesion_t8,733,0.044767069539792856
lesion_t8,734,0.03697627259910229
lesion_t8,735,0.029942228606534414
lesion_t8,736,0.014369019223984708
lesion_t8,737,0.046543791106534414
lesion_t8,738,0.04657748722506249
lesion_t8,739,0.037022976225721344
lesion_t8,740,0.048674231578093675
lesion_t8,741,0.026091377784371927
lesion_t8,742,0.04375681092126478
lesion_t8,743,0.041660978606534414
lesion_t8,744,0.04949518166584386
lesion_t8,745,0.047550441164675265
lesion_t8,746,0.031804436909254344
lesion_t8,747,0.03496084002951905
lesion_t8,748,0.03585700278437193
lesion_t8,749,0.057285978606534414
lesion_t8,750,0.051347679968472976
lesion_t8,751,0.030106638980574224
lesion_t8,752,0.05340143166584386
lesion_t8,753,0.047696757039792856
lesion_t8,754,0.0337358588499449
lesion_t8,755,0.046573878664675265
lesion_t8,756,0.05438998722506249
lesion_t8,757,0.031116897599102293
lesion_t8,758,0.03974154972506248
lesion_t8,759,0.03216186678503079
lesion_t8,760,0.029975924725062483
lesion_t8,761,0.05152870641099098
lesion_t8,762,0.0366655463499449
lesion_t8,763,0.0425249213499449
lesion_t8,764,0.0278764838499449
lesion_t8,765,0.04657748722506249
lesion_t8,766,0.04366950278437193
lesion_t8,767,0.056554226225721344
lesion_t8,768,0.030827874409254344
lesion_t8,769,0.05536654972506249
lesion_t8,770,0.021186862225062483
lesion_t8,771,0.04862072197030042
lesion_t8,772,0.015492809637403121
lesion_t8,773,0.021317576480574224
lesion_t8,774,0.027148340029519047
lesion_t8,775,0.0466874104595656
lesion_t8,776,0.04375681092126478
lesion_t8,777,0.05634311222506249
lesion_t8,778,0.039851472959565606
lesion_t8,779,0.0525467854595656
lesion_t8,780,0.03315824277429597
lesion_t8,781,0.04364779972506249
lesion_t8,782,0.033848478606534414
lesion_t8,783,0.06412191610653442
lesion_t8,784,0.043757722959565606
lesion_t8,785,0.0545543975991023
lesion_t8,786,0.045567228606534414
lesion_t8,787,0.033848478606534414
lesion_t8,788,0.05840524842126478
lesion_t8,789,0.045567228606534414
lesion_t8,790,0.02414754932150416
lesion_t8,791,0.035945222959565606
lesion_t8,792,0.050450041106534414
lesion_t8,793,0.04364779972506249
lesion_t8,794,0.037919138980574224
lesion_t8,795,0.03876498722506249
lesion_t8,796,0.05146029972506249
lesion_t8,797,0.03876498722506249
lesion_t8,798,0.06231149842126478
lesion_t8,799,0.045731638980574224
lesion_t8,800,0.036778166106534414
lesion_t8,801,0.040848826480574224
lesion_t8,802,0.03769750802778242
lesion_t8,803,0.036921785459565606
lesion_t8,804,0.029210476225721344
lesion_t8,805,0.04556722860653441
lesion_t8,806,0.03985056092126478
lesion_t8,807,0.04961618592126478
lesion_t8,808,0.0327592963499449
lesion_t8,809,0.026280788725721344
lesion_t8,810,0.059239103606534414
lesion_t8,811,0.051426603606534414
lesion_t8,812,0.03706449277429597
lesion_t8,813,0.05146029972506249
lesion_t8,814,0.03106149842126478
lesion_t8,815,0.043790507039792856
lesion_t8,816,0.03792005101887505
lesion_t8,817,0.04171637778437193
lesion_t8,818,0.04278024842126478
lesion_t8,819,0.043757722959565606
lesion_t8,820,0.04657748722506249
lesion_t8,821,0.02425925703979285
lesion_t8,822,0.03290561222506248
lesion_t8,823,0.04269294028437193
lesion_t8,824,0.027076324783203334
lesion_t8,825,0.03010663898057422
lesion_t8,826,0.03402488203979285
lesion_t8,827,0.03083986746847297
lesion_t8,828,0.027176951480574224
lesion_t8,829,0.04558893166584386
lesion_t8,830,0.026091377784371927
lesion_t8,831,0.03492714391099098
lesion_t8,832,0.024349366785030788
lesion_t8,833,0.05634311222506249
lesion_t8,834,0.030948878664675265
lesion_t8,835,0.03496774842126478
lesion_t8,836,0.03777643166584386
lesion_t8,837,0.05547556092126478
lesion_t8,838,0.0454546088499449
lesion_t8,839,0.04464606528437193
lesion_t8,840,0.035966013980574224
lesion_t8,841,0.039872263980574224
lesion_t8,842,0.030918791106534414
lesion_t8,843,0.03402488203979285
lesion_t8,844,0.05536654972506249
lesion_t8,845,0.058262541106534414
lesion_t8,846,0.053379728606534414
lesion_t8,847,0.0337358588499449
lesion_t8,848,0.04961618592126478
lesion_t8,849,0.05938181092126478
lesion_t8,850,0.030078027529519047
lesion_t8,851,0.030119544078093675
lesion_t8,852,0.043614103606534414
lesion_t8,853,0.030948878664675265
lesion_t8,854,0.02621238203979285
lesion_t8,855,0.04668649842126478
lesion_t8,856,0.042637541106534414
lesion_t8,857,0.03485873722506248
lesion_t8,858,0.028124902529519047
lesion_t8,859,0.03500144453979285
lesion_t8,860,0.059239103606534414
lesion_t8,861,0.05341342472506249
lesion_t8,862,0.037919138980574224
lesion_t8,863,0.03778842472506248
lesion_t8,864,0.023158993762285536
lesion_t8,865,0.0651321747250625
lesion_t8,866,0.051426603606534414
lesion_t8,867,0.04654379110653441
lesion_t8,868,0.04961618592126478
lesion_t8,869,0.04965079407809368
lesion_t8,870,0.04464606528437193
lesion_t8,871,0.030106638980574224
lesion_t8,872,0.054356291106534414
lesion_t8,873,0.058262541106534414
lesion_t8,874,0.04469276891099098
lesion_t8,875,0.03793113203979285
lesion_t8,876,0.04469276891099097
lesion_t8,877,0.03195075278437193
lesion_t8,878,0.025183221970300422
lesion_t8,879,0.044767981578093675
lesion_t8,880,0.043778513980574224
lesion_t8,881,0.03681186222506248
lesion_t8,882,0.03390387778437193
lesion_t8,883,0.029975924725062483
lesion_t8,884,0.05242486916584386
lesion_t8,885,0.04952887778437193
lesion_t8,886,0.05547556092126478
lesion_t8,887,0.026138081410990978
lesion_t8,888,0.0271673465667421
lesion_t8,889,0.042801951480574224
lesion_t8,890,0.057285978606534414
lesion_t8,891,0.04375681092126478
lesion_t8,892,0.02813181092126478
lesion_t8,893,0.03892939759910229
lesion_t8,894,0.02230613203979285
lesion_t8,895,0.03572267996847297
lesion_t8,896,0.043614103606534414
lesion_t8,897,0.0467418975991023
lesion_t8,898,0.0561967963499449
lesion_t8,899,0.036778166106534414
lesion_t8,900,0.0386186713499449
lesion_t8,901,0.04851861916584386
lesion_t8,902,0.033878566164675265
lesion_t8,903,0.05927279972506249
lesion_t8,904,0.054356291106534414
lesion_t8,905,0.03789743592126478
lesion_t8,906,0.035801603606534414
lesion_t8,907,0.04560092472506249
lesion_t8,908,0.024280960099102293
lesion_t8,909,0.0641556122250625
lesion_t8,910,0.03973103277292954
lesion_t8,911,0.049382561909254344
lesion_t8,912,0.037754728606534414
lesion_t8,913,0.04950717472506249
lesion_t8,914,0.023192689880813605
lesion_t8,915,0.044590666106534414
lesion_t8,916,0.06122592472506249
lesion_t8,917,0.05243686222506249
lesion_t8,918,0.03887399842126478
lesion_t8,919,0.03865236746847297
lesion_t8,920,0.03499036351887505
lesion_t8,921,0.042558617468472976
lesion_t8,922,0.046543791106534414
lesion_t8,923,0.04182630101887505
lesion_t8,924,0.045567228606534414
lesion_t8,925,0.042637541106534414
lesion_t8,926,0.04180368592126478
lesion_t8,927,0.03094049416584386
lesion_t8,928,0.06035837342126478
lesion_t8,929,0.024082853606534414
lesion_t8,930,0.03388217472506248
lesion_t8,931,0.035002356578093675
lesion_t8,932,0.04371620641099098
lesion_t8,933,0.053435127784371934
lesion_t8,934,0.04755404972506249
lesion_t8,935,0.0337358588499449
lesion_t8,936,0.04859901891099098
lesion_t8,937,0.04851861916584386
lesion_t8,938,0.048496916106534414
lesion_t8,939,0.048673319539792856
lesion_t8,940,0.02324899842126478
lesion_t8,941,0.03876498722506248
lesion_t8,942,0.03388217472506248
lesion_t8,943,0.053556132039792856
lesion_t8,944,0.039851472959565606
lesion_t8,945,0.062224190284371934
lesion_t8,946,0.04169467472506249
lesion_t8,947,0.020166086654401463
lesion_t8,948,0.06314535360653442
lesion_t8,949,0.028965666106534414
lesion_t8,950,0.044755076480574224
lesion_t8,951,0.04179677752951905
lesion_t8,952,0.0544999104595656
lesion_t8,953,0.06314535360653442
lesion_t8,954,0.044511742468472976
lesion_t8,955,0.03496774842126478
lesion_t8,956,0.04392213333360541
lesion_t8,957,0.04656549416584386
lesion_t8,958,0.040828035459565606
lesion_t8,959,0.0483842963499449
lesion_t8,960,0.03488044028437193
lesion_t8,961,0.036046413725721344
lesion_t8,962,0.04168268166584386
lesion_t8,963,0.02910837342126478
lesion_t8,964,0.0447887725991023
lesion_t8,965,0.050450041106534414
lesion_t8,966,0.040684416106534414
lesion_t8,967,0.03972955666584385
lesion_t8,968,0.041660978606534414
lesion_t8,969,0.051426603606534414
lesion_t8,970,0.042637541106534414
lesion_t8,971,0.03781012778437193
lesion_t8,972,0.03695456953979285
lesion_t8,973,0.05059274842126478
lesion_t8,974,0.046721106578093675
lesion_t8,975,0.0591264838499449
lesion_t8,976,0.061192228606534414
lesion_t8,977,0.029942228606534414
lesion_t8,978,0.03890769453979285
lesion_t8,979,0.03778842472506248
lesion_t8,980,0.025257522599102293
lesion_t8,981,0.03610272494185969
lesion_t8,982,0.024247263980574224
lesion_t8,983,0.046543791106534414
lesion_t8,984,0.04462436222506248
lesion_t8,985,0.05047174416584386
lesion_t8,986,0.03502314759910229
lesion_t8,987,0.05438998722506249
lesion_t8,988,0.027148340029519047
lesion_t8,989,0.03511136777429597
lesion_t8,990,0.04853061222506249
lesion_t8,991,0.03669924246847297
lesion_t8,992,0.0457108479595656
lesion_t8,993,0.05341342472506249
lesion_t8,994,0.02520212342126478
lesion_t8,995,0.032059763980574224
lesion_t8,996,0.05536654972506249
lesion_t8,997,0.03988425703979285
lesion_t8,998,0.028052887283203334
lesion_t8,999,0.031062410459565606
lesion_t8,1000,0.01437262778437193
lesion_t8,1001,0.05927279972506249
lesion_t8,1002,0.04863962342126478
lesion_t8,1003,0.041660978606534414
lesion_t8,1004,0.02905115284251278
lesion_t8,1005,0.056309416106534414
lesion_t8,1006,0.030952487225062483
lesion_t8,1007,0.03695456953979285
lesion_t8,1008,0.04070611916584386
lesion_t8,1009,0.03476782052778241
lesion_t8,1010,0.04363580666584386
lesion_t8,1011,0.028999362225062483
lesion_t8,1012,0.03789743592126478
lesion_t8,1013,0.03585700278437193
lesion_t8,1014,0.034093288725721344
lesion_t8,1015,0.04863962342126478
lesion_t8,1016,0.04566933141099098
lesion_t8,1017,0.04859901891099097
lesion_t8,1018,0.03496774842126478
lesion_t8,1019,0.047520353606534414
lesion_t8,1020,0.042637541106534414
lesion_t8,1021,0.05449899842126478
lesion_t8,1022,0.06316705666584385
lesion_t8,1023,0.057285978606534414
lesion_t8,1024,0.04657748722506249
lesion_t8,1025,0.029173069136234527
lesion_t8,1026,0.04388061678503079
lesion_t8,1027,0.03876498722506248
lesion_t8,1028,0.039851472959565606
lesion_t8,1029,0.03195075278437193
lesion_t8,1030,0.04160375802778241
lesion_t8,1031,0.046543791106534414
lesion_t8,1032,0.03488044028437193
lesion_t8,1033,0.04657748722506249
lesion_t8,1034,0.038731291106534414
lesion_t8,1035,0.03679986916584386
lesion_t8,1036,0.03597800703979285
lesion_t8,1037,0.03290561222506248
lesion_t8,1038,0.04363580666584385
lesion_t8,1039,0.04267123722506249
lesion_t8,1040,0.03203806092126478
lesion_t8,1041,0.048496916106534414
lesion_t8,1042,0.051426603606534414
lesion_t8,1043,0.051426603606534414
lesion_t8,1044,0.044734285459565606
lesion_t8,1045,0.03401380101887505
lesion_t8,1046,0.047520353606534414
lesion_t8,1047,0.04078651891099098
lesion_t8,1048,0.07294467472506248
lesion_t8,1049,0.04755404972506249
lesion_t8,1050,0.046543791106534414
lesion_t8,1051,0.045743632039792856
lesion_t8,1052,0.03388217472506248
lesion_t8,1053,0.035801603606534414
lesion_t8,1054,0.05250526891099098
lesion_t8,1055,0.04168268166584386
lesion_t8,1056,0.0496170979595656
lesion_t8,1057,0.025223826480574224
lesion_t8,1058,0.031895353606534414
lesion_t8,1059,0.03976325278437193
lesion_t8,1060,0.06621774842126478
lesion_t8,1061,0.026069674725062483
lesion_t8,1062,0.03892939759910229
lesion_t8,1063,0.036778166106534414
lesion_t8,1064,0.055332853606534414
lesion_t8,1065,0.04461236916584386
lesion_t8,1066,0.041660978606534414
lesion_t8,1067,0.0581499213499449
lesion_t8,1068,0.039763252784371934
lesion_t8,1069,0.03008493592126478
lesion_t8,1070,0.031804436909254344
lesion_t8,1071,0.037754728606534414
lesion_t8,1072,0.029210476225721344
lesion_t8,1073,0.06024936222506249
lesion_t8,1074,0.03583529972506248
lesion_t8,1075,0.05148200278437193
lesion_t8,1076,0.038874910459565606
lesion_t8,1077,0.037919138980574224
lesion_t8,1078,0.03582330666584386
lesion_t8,1079,0.04366950278437193
lesion_t8,1080,0.039851472959565606
lesion_t8,1081,0.050626444539792856
lesion_t8,1082,0.0415483588499449
lesion_t8,1083,0.04653327415440146
lesion_t8,1084,0.034734124409254344
lesion_t8,1085,0.034855128664675265
lesion_t8,1086,0.06412191610653442
lesion_t8,1087,0.03315824277429597
lesion_t8,1088,0.032038972959565606
lesion_t8,1089,0.05829623722506249
lesion_t8,1090,0.03972955666584386
lesion_t8,1091,0.03791223058882849
lesion_t8,1092,0.03692087342126478
lesion_t8,1093,0.02898736916584386
lesion_t8,1094,0.049473478606534414
lesion_t8,1095,0.056485819539792856
lesion_t8,1096,0.06607504110653442
lesion_t8,1097,0.03201915947030042
lesion_t8,1098,0.038907694539792856
lesion_t8,1099,0.06332175703979286
lesion_t8,1100,0.04668649842126478
lesion_t8,1101,0.035966013980574224
lesion_t8,1102,0.0532671088499449
lesion_t8,1103,0.038731291106534414
lesion_t8,1104,0.041825388980574224
lesion_t8,1105,0.03876498722506248
lesion_t8,1106,0.04950717472506249
lesion_t8,1107,0.03691035646913183
lesion_t8,1108,0.048496916106534414
lesion_t8,1109,0.04570993592126478
lesion_t8,1110,0.03679986916584386
lesion_t8,1111,0.03694348851887505
lesion_t8,1112,0.04070611916584385
lesion_t8,1113,0.04364779972506249
lesion_t8,1114,0.03194714422398471
lesion_t8,1115,0.05341342472506249
lesion_t8,1116,0.03022164688255024
lesion_t8,1117,0.04375681092126478
lesion_t8,1118,0.048496916106534414
lesion_t8,1119,0.053666055274295965
lesion_t8,1120,0.050736367774295965
lesion_t8,1121,0.02520212342126478
lesion_t8,1122,0.044590666106534414
lesion_t8,1123,0.03008493592126478
lesion_t8,1124,0.04461236916584386
lesion_t8,1125,0.034968660459565606
lesion_t8,1126,0.05352243592126478
lesion_t8,1127,0.05156931092126478
lesion_t8,1128,0.033848478606534414
lesion_t8,1129,0.057572305274295965
lesion_t8,1130,0.04265924416584386
lesion_t8,1131,0.028022799725062483
lesion_t8,1132,0.027989103606534414
lesion_t8,1133,0.025223826480574224
lesion_t8,1134,0.0584061604595656
lesion_t8,1135,0.06509847860653442
lesion_t8,1136,0.03980995641099098
lesion_t8,1137,0.03890769453979285
lesion_t8,1138,0.04668649842126478
lesion_t8,1139,0.05254587342126478
lesion_t8,1140,0.040684416106534414
lesion_t8,1141,0.05055214391099098
lesion_t8,1142,0.03492714391099098
lesion_t8,1143,0.047520353606534414
lesion_t8,1144,0.03594431092126478
lesion_t8,1145,0.03404658509910229
lesion_t8,1146,0.04656549416584386
lesion_t8,1147,0.03985056092126478
lesion_t8,1148,0.050614451480574224
lesion_t8,1149,0.0395952338499449
lesion_t8,1150,0.0544999104595656
lesion_t8,1151,0.017669041697280605
lesion_t8,1152,0.048496916106534414
lesion_t8,1153,0.06314535360653442
lesion_t8,1154,0.024116549725062483
lesion_t8,1155,0.047520353606534414
lesion_t8,1156,0.035801603606534414
lesion_t8,1157,0.03307002259910229
lesion_t8,1158,0.0454546088499449
lesion_t8,1159,0.04389260984424942
lesion_t8,1160,0.05645212342126478
lesion_t8,1161,0.05059274842126478
lesion_t8,1162,0.03887399842126478
lesion_t8,1163,0.047520353606534414
lesion_t8,1164,0.047520353606534414
lesion_t8,1165,0.035966013980574224
lesion_t8,1166,0.05242486916584386
lesion_t8,1167,0.018524599941859683
lesion_t8,1168,0.05536654972506249
lesion_t8,1169,0.04292386777429597
lesion_t8,1170,0.05634311222506249
lesion_t8,1171,0.052403166106534414
lesion_t8,1172,0.04560092472506248
lesion_t8,1173,0.04656549416584386
lesion_t8,1174,0.0513139838499449
lesion_t8,1175,0.03974154972506248
lesion_t8,1176,0.03083986746847297
lesion_t8,1177,0.05144830666584386
lesion_t8,1178,0.03988425703979285
lesion_t8,1179,0.036778166106534414
lesion_t8,1180,0.04559731616467526
lesion_t8,1181,0.047441429968472976
lesion_t8,1182,0.057285978606534414
lesion_t8,1183,0.05731967472506249
lesion_t8,1184,0.022265527529519047
lesion_t8,1185,0.03109519453979285
lesion_t8,1186,0.04375681092126478
lesion_t8,1187,0.059403513980574224
lesion_t8,1188,0.030918791106534414
lesion_t8,1189,0.035002356578093675
lesion_t8,1190,0.037931132039792856
lesion_t8,1191,0.03793113203979285
lesion_t8,1192,0.03387018166584386
lesion_t8,1193,0.04198100139282404
lesion_t8,1194,0.03488044028437193
lesion_t8,1195,0.043614103606534414
lesion_t8,1196,0.026302491785030788
lesion_t8,1197,0.02986330496847297
lesion_t8,1198,0.029387791697280605
lesion_t8,1199,0.028999362225062483
lesion_t8,1200,0.03192635320297609
lesion_t8,1201,0.024113853202976092
lesion_t8,1202,0.055332853606534414
lesion_t8,1203,0.038874910459565606
lesion_t8,1204,0.051347679968472976
lesion_t8,1205,0.048673319539792856
lesion_t8,1206,0.02037562213740312
lesion_t8,1207,0.04560092472506249
lesion_t8,1208,0.05836464391099098
lesion_t8,1209,0.03304831953979285
lesion_t8,1210,0.029942228606534414
lesion_t8,1211,0.050505440284371934
lesion_t8,1212,0.03781012778437193
lesion_t8,1213,0.044870084382550246
lesion_t8,1214,0.049503566164675265
lesion_t8,1215,0.04668649842126478
lesion_t8,1216,0.03485873722506248
lesion_t8,1217,0.03387018166584386
lesion_t8,1218,0.04668649842126478
lesion_t8,1219,0.03986535558882849
lesion_t8,1220,0.029975924725062483
lesion_t8,1221,0.050626444539792856
lesion_t8,1222,0.03785683141099098
lesion_t8,1223,0.029273695833605416
lesion_t8,1224,0.042882351225721344
lesion_t8,1225,0.033878566164675265
lesion_t8,1226,0.01716799246847297
lesion_t8,1227,0.025257522599102297
lesion_t8,1228,0.0386186713499449
lesion_t8,1229,0.056309416106534414
lesion_t8,1230,0.05437799416584386
lesion_t8,1231,0.03886709002951905
lesion_t8,1232,0.04562262778437193
lesion_t8,1233,0.02914206953979285
lesion_t8,1234,0.043523186909254344
lesion_t8,1235,0.03008493592126478
lesion_t8,1236,0.05048373722506249
lesion_t8,1237,0.022294138980574224
lesion_t8,1238,0.06509847860653442
lesion_t8,1239,0.01937644453979285
lesion_t8,1240,0.04462436222506249
lesion_t8,1241,0.04364779972506248
lesion_t8,1242,0.04071811222506248
lesion_t8,1243,0.040714503664675265
lesion_t8,1244,0.04473337342126478
lesion_t8,1245,0.04462436222506248
lesion_t8,1246,0.0347124213499449
lesion_t8,1247,0.042813944539792856
lesion_t8,1248,0.03290561222506248
lesion_t8,1249,0.05547556092126478
lesion_t8,1250,0.04950717472506249
lesion_t8,1251,0.040684416106534414
lesion_t8,1252,0.03789052752951905
lesion_t8,1253,0.030140335099102293
lesion_t8,1254,0.03485873722506248
lesion_t8,1255,0.058262541106534414
lesion_t8,1256,0.029089471970300422
lesion_t8,1257,0.047656152529519054
lesion_t8,1258,0.050505440284371934
lesion_t8,1259,0.039884257039792856
lesion_t8,1260,0.06607504110653442
lesion_t8,1261,0.038731291106534414
lesion_t8,1262,0.060215666106534414
lesion_t8,1263,0.042813944539792856
lesion_t8,1264,0.0464311713499449
lesion_t8,1265,0.03604732576402217
lesion_t8,1266,0.04183738203979285
lesion_t8,1267,0.05146029972506249
lesion_t8,1268,0.052403166106534414
lesion_t8,1269,0.023406500403558857
lesion_t8,1270,0.024383062903558857
lesion_t8,1271,0.03974154972506248
lesion_t8,1272,0.03600062213740313
lesion_t8,1273,0.03201915947030042
lesion_t8,1274,0.033848478606534414
lesion_t8,1275,0.04485717928503079
lesion_t8,1276,0.048496916106534414
lesion_t8,1277,0.039771637283203334
lesion_t8,1278,0.0425249213499449
lesion_t8,1279,0.04364779972506249
lesion_t8,1280,0.05341342472506249
lesion_t8,1281,0.05254587342126478
lesion_t8,1282,0.023242090029519047
lesion_t8,1283,0.03988425703979285
lesion_t8,1284,0.02816550703979285
lesion_t8,1285,0.045597316164675265
lesion_t8,1286,0.04570993592126478
lesion_t8,1287,0.054411690284371934
lesion_t8,1288,0.04755404972506249
lesion_t8,1289,0.047575752784371934
lesion_t8,1290,0.039707853606534414
lesion_t8,1291,0.05730768166584386
lesion_t8,1292,0.045597316164675265
lesion_t8,1293,0.04269294028437193
lesion_t8,1294,0.05449899842126478
lesion_t8,1295,0.03885509697030042
lesion_t8,1296,0.050450041106534414
lesion_t8,1297,0.0631790497250625
lesion_t8,1298,0.03010755101887505
lesion_t8,1299,0.02525843463740312
lesion_t8,1300,0.036687249409254344
lesion_t8,1301,0.031084677587659898
lesion_t8,1302,0.0503374213499449
lesion_t8,1303,0.05341342472506249
lesion_t8,1304,0.048783242774295965
lesion_t8,1305,0.024082853606534414
lesion_t8,1306,0.030974190284371927
lesion_t8,1307,0.0641556122250625
lesion_t8,1308,0.01541759697030042
lesion_t8,1309,0.03496774842126478
lesion_t8,1310,0.04194730527429597
lesion_t8,1311,0.04278024842126478
lesion_t8,1312,0.04752035360653441
lesion_t8,1313,0.029972316164675265
lesion_t8,1314,0.031062410459565606
lesion_t8,1315,0.031219912441859683
lesion_t8,1316,0.04851861916584385
lesion_t8,1317,0.04754205666584386
lesion_t8,1318,0.053435127784371934
lesion_t8,1319,0.0395952338499449
lesion_t8,1320,0.04863962342126478
lesion_t8,1321,0.029089471970300422
lesion_t8,1322,0.0610796088499449
lesion_t8,1323,0.054356291106534414
lesion_t8,1324,0.036778166106534414
lesion_t8,1325,0.04002787639282404
lesion_t8,1326,0.04375681092126478
lesion_t8,1327,0.06705160360653442
lesion_t8,1328,0.037898347959565606
lesion_t8,1329,0.06708529972506248
lesion_t8,1330,0.02623499713740312
lesion_t8,1331,0.04746313302778242
lesion_t8,1332,0.039707853606534414
lesion_t8,1333,0.035945222959565606
lesion_t8,1334,0.052403166106534414
lesion_t8,1335,0.0454546088499449
lesion_t8,1336,0.06509847860653442
lesion_t8,1337,0.03793113203979285
lesion_t8,1338,0.031163601225721344
lesion_t8,1339,0.023372804285030788
lesion_t8,1340,0.03181642996847297
lesion_t8,1341,0.03292731528437193
lesion_t8,1342,0.03492714391099098
lesion_t8,1343,0.04475598851887505
lesion_t8,1344,0.044767069539792856
lesion_t8,1345,0.023414320833605416
lesion_t8,1346,0.0631790497250625
lesion_t8,1347,0.03692087342126478
lesion_t8,1348,0.052403166106534414
lesion_t8,1349,0.050450041106534414
lesion_t8,1350,0.03583529972506248
lesion_t8,1351,0.044590666106534414
lesion_t8,1352,0.04949518166584386
lesion_t8,1353,0.04863962342126478
lesion_t8,1354,0.051671413725721344
lesion_t8,1355,0.019263824783203334
lesion_t8,1356,0.04071811222506248
lesion_t8,1357,0.061192228606534414
lesion_t8,1358,0.0515702229595656
lesion_t8,1359,0.0535233479595656
lesion_t8,1360,0.055332853606534414
lesion_t8,1361,0.0425249213499449
lesion_t8,1362,0.03683356528437193
lesion_t8,1363,0.033757561909254344
lesion_t8,1364,0.024206659470300422
lesion_t8,1365,0.03988425703979285
lesion_t8,1366,0.034093288725721344
lesion_t8,1367,0.028965666106534414
lesion_t8,1368,0.04963880101887505
lesion_t8,1369,0.04363580666584386
lesion_t8,1370,0.03875299416584386
lesion_t8,1371,0.025213309528441273
lesion_t8,1372,0.03807475139282404
lesion_t8,1373,0.04169467472506248
lesion_t8,1374,0.02035300703979285
lesion_t8,1375,0.061192228606534414
lesion_t8,1376,0.04965079407809368
lesion_t8,1377,0.03387018166584386
lesion_t8,1378,0.026138081410990978
lesion_t8,1379,0.05438998722506249
lesion_t8,1380,0.06129433141099098
lesion_t8,1381,0.04859901891099098
lesion_t8,1382,0.03207175703979285
lesion_t8,1383,0.042637541106534414
lesion_t8,1384,0.029067768910990978
lesion_t8,1385,0.04473337342126478
lesion_t8,1386,0.043790507039792856
lesion_t8,1387,0.056309416106534414
lesion_t8,1388,0.0366655463499449
lesion_t8,1389,0.021095945527782413
lesion_t8,1390,0.042637541106534414
lesion_t8,1391,0.034989451480574224
lesion_t8,1392,0.02839923613806198
lesion_t8,1393,0.04755404972506249
lesion_t8,1394,0.03608793027429597
lesion_t8,1395,0.03985056092126478
lesion_t8,1396,0.020374710099102293
lesion_t8,1397,0.049473478606534414
lesion_t8,1398,0.026377704452133485
lesion_t8,1399,0.036913965029519054
lesion_t8,1400,0.042637541106534414
lesion_t8,1401,0.025114815284371927
lesion_t8,1402,0.042637541106534414
lesion_t8,1403,0.04853061222506249
lesion_t8,1404,0.03474611746847297
lesion_t8,1405,0.031020893910990978
lesion_t8,1406,0.050450041106534414
lesion_t8,1407,0.04082712342126478
lesion_t8,1408,0.03290561222506248
lesion_t8,1409,0.056309416106534414
lesion_t8,1410,0.028275430274295972
lesion_t8,1411,0.03679986916584386
lesion_t8,1412,0.03597800703979285
lesion_t8,1413,0.041825388980574224
lesion_t8,1414,0.03582330666584386
lesion_t8,1415,0.029997627784371927
lesion_t8,1416,0.040848826480574224
lesion_t8,1417,0.06914743592126478
lesion_t8,1418,0.05927279972506249
lesion_t8,1419,0.07877035360653442
lesion_t8,1420,0.031054590029519047
lesion_t8,1421,0.044590666106534414
lesion_t8,1422,0.04849691610653441
lesion_t8,1423,0.048496916106534414
lesion_t8,1424,0.04071811222506248
lesion_t8,1425,0.03865236746847297
lesion_t8,1426,0.03980995641099098
lesion_t8,1427,0.061192228606534414
lesion_t8,1428,0.06426462342126478
lesion_t8,1429,0.03491052784251278
lesion_t8,1430,0.05055214391099098
lesion_t8,1431,0.043614103606534414
lesion_t8,1432,0.029975924725062483
lesion_t8,1433,0.03390387778437193
lesion_t8,1434,0.055497263980574224
lesion_t8,1435,0.04375681092126478
lesion_t8,1436,0.053435127784371934
lesion_t8,1437,0.03887399842126478
lesion_t8,1438,0.04182630101887505
lesion_t8,1439,0.027400970578752536
lesion_t8,1440,0.035032444136234527
lesion_t8,1441,0.04180368592126478
lesion_t8,1442,0.027148340029519047
lesion_t8,1443,0.05144830666584386
lesion_t8,1444,0.02520212342126478
lesion_t8,1445,0.039707853606534414
lesion_t8,1446,0.0418045979595656
lesion_t8,1447,0.02816550703979285
lesion_t8,1448,0.03883339391099098
lesion_t8,1449,0.03315824277429597
lesion_t8,1450,0.045703027529519054
lesion_t8,1451,0.035801603606534414
lesion_t8,1452,0.03301462342126478
lesion_t8,1453,0.021439492774295972
lesion_t8,1454,0.049394554968472976
lesion_t8,1455,0.06314535360653442
lesion_t8,1456,0.03995357576402217
lesion_t8,1457,0.04078651891099098
lesion_t8,1458,0.05536654972506249
lesion_t8,1459,0.050626444539792856
lesion_t8,1460,0.034012888980574224
lesion_t8,1461,0.052403166106534414
lesion_t8,1462,0.03201915947030042
lesion_t8,1463,0.044590666106534414
lesion_t8,1464,0.03998635984424942
lesion_t8,1465,0.03976325278437193
lesion_t8,1466,0.03883339391099098
lesion_t8,1467,0.016477756636234527
lesion_t8,1468,0.050450041106534414
lesion_t8,1469,0.03496774842126478
lesion_t8,1470,0.029142981578093675
lesion_t8,1471,0.039952663725721344
lesion_t8,1472,0.038907694539792856
lesion_t8,1473,0.033992097959565606
lesion_t8,1474,0.049473478606534414
lesion_t8,1475,0.041660978606534414
lesion_t8,1476,0.040605492468472976
lesion_t8,1477,0.038895701480574224
lesion_t8,1478,0.0213485760770159
lesion_t8,1479,0.049473478606534414
lesion_t8,1480,0.03985056092126478
lesion_t8,1481,0.023139987225062483
lesion_t8,1482,0.031062410459565606
lesion_t8,1483,0.04100443889282404
lesion_t8,1484,0.030119544078093675
lesion_t8,1485,0.04560092472506249
lesion_t8,1486,0.02425925703979285
lesion_t8,1487,0.0379528350991023
lesion_t8,1488,0.06231149842126478
lesion_t8,1489,0.03684286182150416
lesion_t8,1490,0.05547556092126478
lesion_t8,1491,0.04096292234424941
lesion_t8,1492,0.050450041106534414
lesion_t8,1493,0.033757561909254344
lesion_t8,1494,0.0350204510770159
lesion_t8,1495,0.02715524842126478
lesion_t8,1496,0.033848478606534414
lesion_t8,1497,0.046708201480574224
lesion_t8,1498,0.02595705496847297
lesion_t8,1499,0.040860819539792856
lesion_t8,1500,0.04363580666584386
lesion_t8,1501,0.04168268166584385
lesion_t8,1502,0.05243686222506249
lesion_t8,1503,0.03289361916584386
lesion_t8,1504,0.03492714391099098
lesion_t8,1505,0.03109519453979285
lesion_t8,1506,0.03890769453979285
lesion_t8,1507,0.04469276891099098
lesion_t8,1508,0.03681186222506248
lesion_t8,1509,0.030208741785030788
lesion_t8,1510,0.030948878664675265
lesion_t8,1511,0.036143329452133485
lesion_t8,1512,0.031092498017706457
lesion_t8,1513,0.037919138980574224
lesion_t8,1514,0.041660978606534414
lesion_t8,1515,0.049473478606534414
lesion_t8,1516,0.05059274842126478
lesion_t8,1517,0.04755404972506248
lesion_t8,1518,0.061192228606534414
lesion_t8,1519,0.02791017996847297
lesion_t8,1520,0.049637888980574224
lesion_t8,1521,0.06902643166584385
lesion_t8,1522,0.054520701480574224
lesion_t8,1523,0.052403166106534414
lesion_t8,1524,0.023208393910990978
lesion_t8,1525,0.03608010984424941
lesion_t8,1526,0.04073981528437193
lesion_t8,1527,0.03390387778437193
lesion_t8,1528,0.03297401891099098
lesion_t8,1529,0.03804105527429597
lesion_t8,1530,0.021453375403558857
lesion_t8,1531,0.037931132039792856
lesion_t8,1532,0.034825041106534414
lesion_t8,1533,0.028153513980574224
lesion_t8,1534,0.041825388980574224
lesion_t8,1535,0.04949518166584385
lesion_t8,1536,0.03514506389282404
lesion_t8,1537,0.041825388980574224
lesion_t8,1538,0.022327835099102293
lesion_t8,1539,0.044590666106534414
lesion_t8,1540,0.023372804285030788
lesion_t8,1541,0.03777643166584386
lesion_t8,1542,0.06024936222506249
lesion_t8,1543,0.038731291106534414
lesion_t8,1544,0.035978919078093675
lesion_t8,1545,0.027186248017706457
lesion_t8,1546,0.052403166106534414
lesion_t8,1547,0.06031776891099098
lesion_t8,1548,0.044620753664675265
lesion_t8,1549,0.030085847959565606
lesion_t8,1550,0.04461236916584386
lesion_t8,1551,0.04060549246847297
lesion_t8,1552,0.03496774842126478
lesion_t8,1553,0.04355688302778241
lesion_t8,1554,0.053401431665843865
lesion_t8,1555,0.05048373722506249
lesion_t8,1556,0.029975924725062483
lesion_t8,1557,0.03500144453979285
lesion_t8,1558,0.0444780463499449
lesion_t8,1559,0.029142981578093675
lesion_t8,1560,0.059239103606534414
lesion_t8,1561,0.059415507039792856
lesion_t8,1562,0.048496916106534414
lesion_t8,1563,0.058438944539792856
lesion_t8,1564,0.021186862225062483
lesion_t8,1565,0.08072347860653442
lesion_t8,1566,0.04950717472506249
lesion_t8,1567,0.030918791106534414
lesion_t8,1568,0.039851472959565606
lesion_t8,1569,0.056309416106534414
lesion_t8,1570,0.051426603606534414
lesion_t8,1571,0.04379050703979285
lesion_t8,1572,0.04363580666584385
lesion_t8,1573,0.056364815284371934
lesion_t8,1574,0.043790507039792856
lesion_t8,1575,0.04461236916584386
lesion_t8,1576,0.04267123722506248
lesion_t8,1577,0.047520353606534414
lesion_t8,1578,0.0631790497250625
lesion_t8,1579,0.01147302784251278
lesion_t8,1580,0.05647473851887505
lesion_t8,1581,0.024247263980574224
lesion_t8,1582,0.032871916106534414
lesion_t8,1583,0.040684416106534414
lesion_t8,1584,0.030119544078093675
lesion_t8,1585,0.06610873722506248
lesion_t8,1586,0.0427811604595656
lesion_t8,1587,0.048527003664675265
lesion_t8,1588,0.03886709002951905
lesion_t8,1589,0.042637541106534414
lesion_t8,1590,0.053379728606534414
lesion_t8,1591,0.056485819539792856
lesion_t8,1592,0.05156931092126478
lesion_t8,1593,0.0554764729595656
lesion_t8,1594,0.027098027842512782
lesion_t8,1595,0.042813944539792856
lesion_t8,1596,0.03769750802778241
lesion_t8,1597,0.03485873722506248
lesion_t8,1598,0.02129587342126478
lesion_t8,1599,0.04952887778437193
lesion_t8,1600,0.05047174416584386
lesion_t8,1601,0.05045004110653441
lesion_t8,1602,0.009479298332238978
lesion_t8,1603,0.048496916106534414
lesion_t8,1604,0.050593660459565606
lesion_t8,1605,0.04363728277292954
lesion_t8,1606,0.04853061222506249
lesion_t8,1607,0.032871916106534414
lesion_t8,1608,0.02715524842126478
lesion_t8,1609,0.03594431092126478
lesion_t8,1610,0.03593379396913183
lesion_t8,1611,0.054532694539792856
lesion_t8,1612,0.047765163725721344
lesion_t8,1613,0.036778166106534414
lesion_t8,1614,0.050627356578093675
lesion_t8,1615,0.034115903823331614
lesion_t8,1616,0.05825202415440146
lesion_t8,1617,0.03500144453979285
lesion_t8,1618,0.03876498722506248
lesion_t8,1619,0.04461236916584386
lesion_t8,1620,0.028330829452133485
lesion_t8,1621,0.04762245641099098
lesion_t8,1622,0.03207175703979285
lesion_t8,1623,0.05938181092126478
lesion_t8,1624,0.025223826480574224
lesion_t8,1625,0.0347124213499449
lesion_t8,1626,0.03974154972506248
lesion_t8,1627,0.03977254932150416
lesion_t8,1628,0.04070611916584386
lesion_t8,1629,0.04179316896913183
lesion_t8,1630,0.04273964391099098
lesion_t8,1631,0.050450041106534414
lesion_t8,1632,0.03767580496847297
lesion_t8,1633,0.03188483665440146
lesion_t8,1634,0.034012888980574224
lesion_t8,1635,0.05146029972506249
lesion_t8,1636,0.047765163725721344
lesion_t8,1637,0.03778842472506248
lesion_t8,1638,0.03109519453979285
lesion_t8,1639,0.03290561222506248
lesion_t8,1640,0.028187210099102293
lesion_t8,1641,0.04364779972506248
lesion_t8,1642,0.045597316164675265
lesion_t8,1643,0.04169467472506248
lesion_t8,1644,0.034825041106534414
lesion_t8,1645,0.04375681092126478
lesion_t8,1646,0.02522473851887505
lesion_t8,1647,0.030952487225062483
lesion_t8,1648,0.05742868592126478
lesion_t8,1649,0.030952487225062483
lesion_t8,1650,0.04863962342126478
lesion_t8,1651,0.05938181092126478
lesion_t8,1652,0.036778166106534414
lesion_t8,1653,0.03676764915440146
lesion_t8,1654,0.03973794116467526
lesion_t8,1655,0.051591013980574224
lesion_t8,1656,0.038908606578093675
lesion_t8,1657,0.03604732576402217
lesion_t8,1658,0.048496916106534414
lesion_t8,1659,0.036778166106534414
lesion_t8,1660,0.04657748722506249
lesion_t8,1661,0.036955481578093675
lesion_t8,1662,0.03399118592126478
lesion_t8,1663,0.053379728606534414
lesion_t8,1664,0.0288530463499449
lesion_t8,1665,0.03399118592126478
lesion_t8,1666,0.037919138980574224
lesion_t8,1667,0.030948878664675265
lesion_t8,1668,0.05742868592126478
lesion_t8,1669,0.03207175703979285
lesion_t8,1670,0.0415483588499449
lesion_t8,1671,0.04082712342126478
lesion_t8,1672,0.04278024842126478
lesion_t8,1673,0.03502314759910229
lesion_t8,1674,0.03216186678503079
lesion_t8,1675,0.03692087342126478
lesion_t8,1676,0.030918791106534414
lesion_t8,1677,0.0369217854595656
lesion_t8,1678,0.026424408078752536
lesion_t8,1679,0.037999538725721344
lesion_t8,1680,0.046464867468472976
lesion_t8,1681,0.043614103606534414
lesion_t8,1682,0.03887399842126478
lesion_t8,1683,0.04082021502951905
lesion_t8,1684,0.024361359844249413
lesion_t8,1685,0.06024936222506249
lesion_t8,1686,0.028012282772929532
lesion_t8,1687,0.057341377784371934
lesion_t8,1688,0.037754728606534414
lesion_t8,1689,0.025002195527782413
lesion_t8,1690,0.03402488203979285
lesion_t8,1691,0.03597800703979285
lesion_t8,1692,0.029029449783203334
lesion_t8,1693,0.05156931092126478
lesion_t8,1694,0.045597316164675265
lesion_t8,1695,0.03695456953979285
lesion_t8,1696,0.0552202338499449
lesion_t8,1697,0.028999362225062483
lesion_t8,1698,0.03203806092126478
lesion_t8,1699,0.030948878664675265
lesion_t8,1700,0.03985056092126478
lesion_t8,1701,0.051426603606534414
lesion_t8,1702,0.05243686222506249
lesion_t8,1703,0.03692087342126478
lesion_t8,1704,0.039851472959565606
lesion_t8,1705,0.06122592472506249
lesion_t8,1706,0.02425925703979285
lesion_t8,1707,0.027012541106534414
lesion_t8,1708,0.019335840029519047
lesion_t8,1709,0.05055214391099098
lesion_t8,1710,0.04183738203979285
lesion_t8,1711,0.03683356528437193
lesion_t8,1712,0.057285978606534414
lesion_t8,1713,0.034968660459565606
lesion_t8,1714,0.03195075278437193
lesion_t8,1715,0.060215666106534414
lesion_t8,1716,0.03585700278437193
lesion_t8,1717,0.055332853606534414
lesion_t8,1718,0.02898736916584386
lesion_t8,1719,0.07095785360653442
lesion_t8,1720,0.03900979734424941
lesion_t8,1721,0.03875299416584386
lesion_t8,1722,0.037754728606534414
lesion_t8,1723,0.017291798332238976
lesion_t8,1724,0.04853061222506249
lesion_t8,1725,0.05927279972506249
lesion_t8,1726,0.042637541106534414
lesion_t8,1727,0.04088343463740313
lesion_t8,1728,0.03279299246847297
lesion_t8,1729,0.032902003664675265
lesion_t8,1730,0.0356889838499449
lesion_t8,1731,0.04551000802778242
lesion_t8,1732,0.02595705496847297
lesion_t8,1733,0.05146029972506249
lesion_t8,1734,0.035831691164675265
lesion_t8,1735,0.051603007039792856
lesion_t8,1736,0.05731967472506249
lesion_t8,1737,0.04169467472506248
lesion_t8,1738,0.025236731578093675
lesion_t8,1739,0.0308061713499449
lesion_t8,1740,0.04471447197030042
lesion_t8,1741,0.03997436678503079
lesion_t8,1742,0.03972955666584386
lesion_t8,1743,0.05352243592126478
lesion_t8,1744,0.04766306092126478
lesion_t8,1745,0.03300771502951905
lesion_t8,1746,0.054356291106534414
lesion_t8,1747,0.033878566164675265
lesion_t8,1748,0.03999418027429597
lesion_t8,1749,0.054532694539792856
lesion_t8,1750,0.03876498722506248
lesion_t8,1751,0.024127735832238976
lesion_t8,1752,0.057285978606534414
lesion_t8,1753,0.0503374213499449
lesion_t8,1754,0.052403166106534414
lesion_t8,1755,0.04863271502951905
lesion_t8,1756,0.060215666106534414
lesion_t8,1757,0.020421413725721344
lesion_t8,1758,0.04074911182150416
lesion_t8,1759,0.03317212540355886
lesion_t8,1760,0.03893030963740313
lesion_t8,1761,0.03682995672398471
lesion_t8,1762,0.047520353606534414
lesion_t8,1763,0.03594431092126478
lesion_t8,1764,0.038908606578093675
lesion_t8,1765,0.04265924416584386
lesion_t8,1766,0.04086081953979285
lesion_t8,1767,0.04560092472506249
lesion_t8,1768,0.06512018166584385
lesion_t8,1769,0.030982574783203334
lesion_t8,1770,0.047520353606534414
lesion_t8,1771,0.03404658509910229
lesion_t8,1772,0.0435014838499449
lesion_t8,1773,0.045731638980574224
lesion_t8,1774,0.02132956953979285
lesion_t8,1775,0.0249467963499449
lesion_t8,1776,0.03867407052778241
lesion_t8,1777,0.033757561909254344
lesion_t8,1778,0.05156931092126478
lesion_t8,1779,0.05156931092126478
lesion_t8,1780,0.034093288725721344
lesion_t8,1781,0.0308061713499449
lesion_t8,1782,0.04086081953979285
lesion_t8,1783,0.054356291106534414
lesion_t8,1784,0.051712930274295965
lesion_t8,1785,0.029997627784371927
lesion_t8,1786,0.03988425703979285
lesion_t8,1787,0.03612162639282404
lesion_t8,1788,0.01939905963740312
lesion_t8,1789,0.02522473851887505
lesion_t8,1790,0.044755076480574224
lesion_t8,1791,0.04169106616467526
lesion_t8,1792,0.03795283509910229
lesion_t8,1793,0.022551854197280605
lesion_t8,1794,0.04961618592126478
lesion_t8,1795,0.03301462342126478
lesion_t8,1796,0.03789743592126478
lesion_t8,1797,0.05927279972506249
lesion_t8,1798,0.013569772195543972
lesion_t8,1799,0.03887399842126478
lesion_t8,1800,0.058262541106534414
lesion_t8,1801,0.028187210099102293
lesion_t8,1802,0.038652367468472976
lesion_t8,1803,0.03690197197030042
lesion_t8,1804,0.042814856578093675
lesion_t8,1805,0.036046413725721344
lesion_t8,1806,0.04755404972506248
lesion_t8,1807,0.054411690284371934
lesion_t8,1808,0.04265924416584385
lesion_t8,1809,0.03778842472506248
lesion_t8,1810,0.04176308141099098
lesion_t8,1811,0.02253986113806198
lesion_t8,1812,0.021575291697280605
lesion_t8,1813,0.04364779972506248
lesion_t8,1814,0.04178478447030042
lesion_t8,1815,0.0425249213499449
lesion_t8,1816,0.02916468463740312
lesion_t8,1817,0.031083201480574224
lesion_t8,1818,0.03887399842126478
lesion_t8,1819,0.040929226225721344
lesion_t8,1820,0.0542436713499449
lesion_t8,1821,0.054265374409254344
lesion_t8,1822,0.05354505101887505
lesion_t8,1823,0.0350204510770159
lesion_t8,1824,0.026322305274295972
lesion_t8,1825,0.044767069539792856
lesion_t8,1826,0.03706449277429597
lesion_t8,1827,0.03683356528437193
lesion_t8,1828,0.0651321747250625
lesion_t8,1829,0.056486731578093675
lesion_t8,1830,0.03974154972506248
lesion_t8,1831,0.050450041106534414
lesion_t8,1832,0.03203115252951905
lesion_t8,1833,0.04558893166584386
lesion_t8,1834,0.04766306092126478
lesion_t8,1835,0.04375681092126478
lesion_t8,1836,0.0670852997250625
lesion_t8,1837,0.05254587342126478
lesion_t8,1838,0.047520353606534414
lesion_t8,1839,0.026066978202976092
lesion_t8,1840,0.03191705666584386
lesion_t8,1841,0.040860819539792856
lesion_t8,1842,0.05838634697030042
lesion_t8,1843,0.04269294028437193
lesion_t8,1844,0.02244975139282404
lesion_t8,1845,0.04657748722506248
lesion_t8,1846,0.043614103606534414
lesion_t8,1847,0.03974154972506248
lesion_t8,1848,0.03974154972506248
lesion_t8,1849,0.058317940284371934
lesion_t8,1850,0.044620753664675265
lesion_t8,1851,0.044646065284371934
lesion_t8,1852,0.034093288725721344
lesion_t8,1853,0.04267123722506248
lesion_t8,1854,0.04657748722506248
lesion_t8,1855,0.040861731578093675
lesion_t8,1856,0.059239103606534414
lesion_t8,1857,0.04273964391099098
lesion_t8,1858,0.02520212342126478
lesion_t8,1859,0.025223826480574224
lesion_t8,1860,0.02718894453979285
lesion_t8,1861,0.036778166106534414
lesion_t8,1862,0.040684416106534414
lesion_t8,1863,0.046543791106534414
lesion_t8,1864,0.032871916106534414
lesion_t8,1865,0.05059274842126478
lesion_t8,1866,0.051426603606534414
lesion_t8,1867,0.048496916106534414
lesion_t8,1868,0.04168268166584386
lesion_t8,1869,0.04002787639282404
lesion_t8,1870,0.0298296088499449
lesion_t8,1871,0.04961618592126478
lesion_t8,1872,0.05634311222506249
lesion_t8,1873,0.02132956953979285
lesion_t8,1874,0.056309416106534414
lesion_t8,1875,0.05449899842126478
lesion_t8,1876,0.03679986916584386
lesion_t8,1877,0.031925441164675265
lesion_t8,1878,0.058262541106534414
lesion_t8,1879,0.03692087342126478
lesion_t8,1880,0.02635600139282404
lesion_t8,1881,0.044590666106534414
lesion_t8,1882,0.04754205666584386
lesion_t8,1883,0.04096292234424942
lesion_t8,1884,0.024280960099102293
lesion_t8,1885,0.047520353606534414
lesion_t8,1886,0.032902003664675265
lesion_t8,1887,0.0454546088499449
lesion_t8,1888,0.02045602188255024
lesion_t8,1889,0.0229936713499449
lesion_t8,1890,0.06317904972506248
lesion_t8,1891,0.04653327415440146
lesion_t8,1892,0.018421585099102293
lesion_t8,1893,0.059239103606534414
lesion_t8,1894,0.031116897599102293
lesion_t8,1895,0.034989451480574224
lesion_t8,1896,0.04853061222506249
lesion_t8,1897,0.03109519453979285
lesion_t8,1898,0.029972316164675265
lesion_t8,1899,0.03402218551770646
lesion_t8,1900,0.048632715029519054
lesion_t8,1901,0.03398427752951905
lesion_t8,1902,0.04086081953979285
lesion_t8,1903,0.053544138980574224
lesion_t8,1904,0.0386186713499449
lesion_t8,1905,0.05927279972506249
lesion_t8,1906,0.0376421088499449
lesion_t8,1907,0.033992097959565606
lesion_t8,1908,0.04071450366467526
lesion_t8,1909,0.034156508333605416
lesion_t8,1910,0.03988425703979285
lesion_t8,1911,0.04180368592126478
lesion_t8,1912,0.040684416106534414
lesion_t8,1913,0.03688026891099098
lesion_t8,1914,0.025093112225062483
lesion_t8,1915,0.03485873722506248
lesion_t8,1916,0.0561967963499449
lesion_t8,1917,0.044590666106534414
lesion_t8,1918,0.062168791106534414
lesion_t8,1919,0.055332853606534414
lesion_t8,1920,0.026069674725062483
lesion_t8,1921,0.03597531051770646
lesion_t8,1922,0.021288965029519047
lesion_t8,1923,0.02525843463740312
lesion_t8,1924,0.03777643166584386
lesion_t8,1925,0.02914206953979285
lesion_t8,1926,0.05634311222506249
lesion_t8,1927,0.06998129110653442
lesion_t8,1928,0.057285978606534414
lesion_t8,1929,0.01635584034251278
lesion_t8,1930,0.039771637283203334
lesion_t8,1931,0.03109519453979285
lesion_t8,1932,0.03985056092126478
lesion_t8,1933,0.033036326480574224
lesion_t8,1934,0.017525422344249413
lesion_t8,1935,0.03502405963740312
lesion_t8,1936,0.059239103606534414
lesion_t8,1937,0.02813181092126478
lesion_t8,1938,0.0513139838499449
lesion_t8,1939,0.03510445938255024
lesion_t8,1940,0.025195215029519047
lesion_t8,1941,0.03572267996847297
lesion_t8,1942,0.03397228447030042
lesion_t8,1943,0.040828035459565606
lesion_t8,1944,0.037754728606534414
lesion_t8,1945,0.054356291106534414
lesion_t8,1946,0.037754728606534414
lesion_t8,1947,0.0493608588499449
lesion_t8,1948,0.05047174416584386
lesion_t8,1949,0.04473337342126478
lesion_t8,1950,0.050593660459565606
lesion_t8,1951,0.03399118592126478
lesion_t8,1952,0.014481638980574222
lesion_t8,1953,0.03695456953979285
lesion_t8,1954,0.03789743592126478
lesion_t8,1955,0.025945061909254344
lesion_t8,1956,0.03109519453979285
lesion_t8,1957,0.03290561222506248
lesion_t8,1958,0.028019191164675265
lesion_t8,1959,0.03781012778437193
lesion_t8,1960,0.03387947820297609
lesion_t8,1961,0.03304831953979285
lesion_t8,1962,0.046543791106534414
lesion_t8,1963,0.02801080666584386
lesion_t8,1964,0.056474738518875044
lesion_t8,1965,0.06216879110653442
lesion_t8,1966,0.05453360657809368
lesion_t8,1967,0.04071811222506248
lesion_t8,1968,0.044499749409254344
lesion_t8,1969,0.05341342472506249
lesion_t8,1970,0.03499036351887505
lesion_t8,1971,0.0709915497250625
lesion_t8,1972,0.04685182083360541
lesion_t8,1973,0.04265924416584386
lesion_t8,1974,0.03793113203979285
lesion_t8,1975,0.0405717963499449
lesion_t8,1976,0.06314535360653442
lesion_t8,1977,0.0593827229595656
lesion_t8,1978,0.05634311222506249
lesion_t8,1979,0.045567228606534414
lesion_t8,1980,0.0327592963499449
lesion_t8,1981,0.039707853606534414
lesion_t8,1982,0.031895353606534414
lesion_t8,1983,0.03692087342126478
lesion_t8,1984,0.03411499178503079
lesion_t8,1985,0.04766306092126478
lesion_t8,1986,0.039952663725721344
lesion_t8,1987,0.045731638980574224
lesion_t8,1988,0.03192904972506248
lesion_t8,1989,0.03485873722506248
lesion_t8,1990,0.02813181092126478
lesion_t8,1991,0.0347124213499449
lesion_t8,1992,0.043790507039792856
lesion_t8,1993,0.041660978606534414
lesion_t8,1994,0.043614103606534414
lesion_t8,1995,0.05048373722506249
lesion_t8,1996,0.044511742468472976
lesion_t8,1997,0.03985056092126478
lesion_t8,1998,0.03683356528437193
lesion_t8,1999,0.0542436713499449
lesion_t8,2000,0.029975924725062483
lesion_t8,2001,0.054356291106534414
lesion_t8,2002,0.044654449783203334
lesion_t8,2003,0.03203806092126478
lesion_t8,2004,0.044714471970300415
lesion_t8,2005,0.047520353606534414
lesion_t8,2006,0.05149038728320334
lesion_t8,2007,0.04957558141099098
lesion_t8,2008,0.04853061222506249
lesion_t8,2009,0.04364779972506248
lesion_t8,2010,0.03887399842126478
lesion_t8,2011,0.03887399842126478
lesion_t8,2012,0.036190033078752536
lesion_t8,2013,0.052403166106534414
lesion_t8,2014,0.039884257039792856
lesion_t8,2015,0.07988962342126478
lesion_t8,2016,0.028166419078093675
lesion_t8,2017,0.039017617774295965
lesion_t8,2018,0.02905115284251278
lesion_t8,2019,0.04267123722506249
lesion_t8,2020,0.03500144453979285
lesion_t8,2021,0.033901181262285536
lesion_t8,2022,0.05340143166584386
lesion_t8,2023,0.043614103606534414
lesion_t8,2024,0.040860819539792856
lesion_t8,2025,0.042882351225721344
lesion_t8,2026,0.06231149842126478
lesion_t8,2027,0.03693566808882849
lesion_t8,2028,0.0454546088499449
lesion_t8,2029,0.040861731578093675
lesion_t8,2030,0.056339503664675265
lesion_t8,2031,0.044767981578093675
lesion_t8,2032,0.03709818889282404
lesion_t8,2033,0.034093288725721344
lesion_t8,2034,0.03301462342126478
lesion_t8,2035,0.031116897599102293
lesion_t8,2036,0.055332853606534414
lesion_t8,2037,0.03785683141099098
lesion_t8,2038,0.03608793027429597
lesion_t8,2039,0.059294502784371934
lesion_t8,2040,0.03492714391099098
lesion_t8,2041,0.043614103606534414
lesion_t8,2042,0.050450041106534414
lesion_t8,2043,0.04755404972506249
lesion_t8,2044,0.03883339391099098
lesion_t8,2045,0.03876498722506248
lesion_t8,2046,0.04371620641099098
lesion_t8,2047,0.018489991785030788
lesion_t8,2048,0.03781012778437193
lesion_t8,2049,0.0386186713499449
lesion_t8,2050,0.02635600139282404
lesion_t8,2051,0.026200388980574224
lesion_t8,2052,0.04071811222506248
lesion_t8,2053,0.02523581953979285
lesion_t8,2054,0.04461236916584386
lesion_t8,2055,0.03496774842126478
lesion_t8,2056,0.04062719552778241
lesion_t8,2057,0.034025794078093675
lesion_t8,2058,0.031959137283203334
lesion_t8,2059,0.024361359844249413
lesion_t8,2060,0.05731967472506249
lesion_t8,2061,0.046543791106534414
lesion_t8,2062,0.055332853606534414
lesion_t8,2063,0.042637541106534414
lesion_t8,2064,0.04093013826402217
lesion_t8,2065,0.03792005101887505
lesion_t8,2066,0.03379125802778242
lesion_t8,2067,0.03008493592126478
lesion_t8,2068,0.03804105527429597
lesion_t8,2069,0.049503566164675265
lesion_t8,2070,0.05243686222506249
lesion_t8,2071,0.06133493592126478
lesion_t8,2072,0.042813944539792856
lesion_t8,2073,0.033992097959565606
lesion_t8,2074,0.031895353606534414
lesion_t8,2075,0.019323846970300422
lesion_t8,2076,0.03778842472506248
lesion_t8,2077,0.03401380101887505
lesion_t8,2078,0.06509847860653442
lesion_t8,2079,0.04560092472506249
lesion_t8,2080,0.04657748722506249
lesion_t8,2081,0.04473337342126478
lesion_t8,2082,0.05740978447030042
lesion_t8,2083,0.031083201480574224
lesion_t8,2084,0.050626444539792856
lesion_t8,2085,0.024025633027782413
lesion_t8,2086,0.03582330666584386
lesion_t8,2087,0.049473478606534414
lesion_t8,2088,0.03199745641099098
lesion_t8,2089,0.02342631389282404
lesion_t8,2090,0.049503566164675265
lesion_t8,2091,0.02498049246847297
lesion_t8,2092,0.04194730527429597
lesion_t8,2093,0.03988425703979285
lesion_t8,2094,0.07291097860653442
lesion_t8,2095,0.028000289713710907
lesion_t8,2096,0.02999401922398471
lesion_t8,2097,0.05438998722506248
lesion_t8,2098,0.06231149842126478
lesion_t8,2099,0.0278764838499449
lesion_t8,2100,0.04070611916584386
lesion_t8,2101,0.023161690284371927
lesion_t8,2102,0.03669924246847297
lesion_t8,2103,0.054356291106534414
lesion_t8,2104,0.018359277529519047
lesion_t8,2105,0.018565204452133485
lesion_t8,2106,0.051335686909254344
lesion_t8,2107,0.03484674416584386
lesion_t8,2108,0.042558617468472976
lesion_t8,2109,0.038731291106534414
lesion_t8,2110,0.053379728606534414
lesion_t8,2111,0.05341342472506249
lesion_t8,2112,0.040593499409254344
lesion_t8,2113,0.0506481475991023
lesion_t8,2114,0.03111780963740312
lesion_t8,2115,0.05059274842126478
lesion_t8,2116,0.033848478606534414
lesion_t8,2117,0.05449899842126478
lesion_t8,2118,0.04668649842126478
lesion_t8,2119,0.05039282052778242
lesion_t8,2120,0.02921138826402217
lesion_t8,2121,0.04949518166584385
lesion_t8,2122,0.04668649842126478
lesion_t8,2123,0.02816550703979285
lesion_t8,2124,0.051603919078093675
lesion_t8,2125,0.04071811222506248
lesion_t8,2126,0.0437577229595656
lesion_t8,2127,0.01254050703979285
lesion_t8,2128,0.050450041106534414
lesion_t8,2129,0.046543791106534414
lesion_t8,2130,0.02612146534251278
lesion_t8,2131,0.045597316164675265
lesion_t8,2132,0.057450388980574224
lesion_t8,2133,0.04071811222506249
lesion_t8,2134,0.04458014915440146
lesion_t8,2135,0.04473337342126478
lesion_t8,2136,0.056309416106534414
lesion_t8,2137,0.04656549416584386
lesion_t8,2138,0.057462382039792856
lesion_t8,2139,0.015491897599102295
lesion_t8,2140,0.025093112225062483
lesion_t8,2141,0.03221537639282404
lesion_t8,2142,0.04180368592126478
lesion_t8,2143,0.020312402529519047
lesion_t8,2144,0.015669882225704028
lesion_t8,2145,0.031042596970300422
lesion_t8,2146,0.029975924725062483
lesion_t8,2147,0.05059274842126478
lesion_t8,2148,0.01729870672398471
lesion_t8,2149,0.021319052587659898
lesion_t8,2150,0.049503566164675265
lesion_t8,2151,0.06314535360653442
lesion_t8,2152,0.030949790702976092
lesion_t8,2153,0.04281394453979285
lesion_t8,2154,0.03008493592126478
lesion_t8,2155,0.045567228606534414
lesion_t8,2156,0.04668649842126478
lesion_t8,2157,0.06607504110653442
lesion_t8,2158,0.041825388980574224
lesion_t8,2159,0.042002704452133485
lesion_t8,2160,0.037754728606534414
lesion_t8,2161,0.062168791106534414
lesion_t8,2162,0.05730768166584386
lesion_t8,2163,0.029163772599102293
lesion_t8,2164,0.03295740284251278
lesion_t8,2165,0.06426462342126478
lesion_t8,2166,0.03985056092126478
lesion_t8,2167,0.026171777529519047
lesion_t8,2168,0.03876498722506248
lesion_t8,2169,0.037754728606534414
lesion_t8,2170,0.034968660459565606
lesion_t8,2171,0.049637888980574224
lesion_t8,2172,0.043677887283203334
lesion_t8,2173,0.03875299416584386
lesion_t8,2174,0.038976101225721344
lesion_t8,2175,0.054356291106534414
lesion_t8,2176,0.031083201480574224
lesion_t8,2177,0.0476639729595656
lesion_t8,2178,0.04082712342126478
lesion_t8,2179,0.04169197820297609
lesion_t8,2180,0.03887399842126478
lesion_t8,2181,0.03376955496847297
lesion_t8,2182,0.04363580666584386
lesion_t8,2183,0.027148340029519047
lesion_t8,2184,0.03413480527429597
lesion_t8,2185,0.04364510320297609
lesion_t8,2186,0.050736367774295965
lesion_t8,2187,0.06527488203979286
lesion_t8,2188,0.013640875403558858
lesion_t8,2189,0.053300804968472976
lesion_t8,2190,0.04169467472506248
lesion_t8,2191,0.03876498722506248
lesion_t8,2192,0.0486405354595656
lesion_t8,2193,0.03289361916584386
lesion_t8,2194,0.030119544078093675
lesion_t8,2195,0.031062410459565606
lesion_t8,2196,0.03582330666584386
lesion_t8,2197,0.03008493592126478
lesion_t8,2198,0.05152870641099098
lesion_t8,2199,0.04169467472506249
lesion_t8,2200,0.016300441164675265
lesion_t8,2201,0.027023727213710907
lesion_t8,2202,0.02328269453979285
lesion_t8,2203,0.02617868592126478
lesion_t8,2204,0.028187210099102293
lesion_t8,2205,0.0493608588499449
lesion_t8,2206,0.04183738203979285
lesion_t8,2207,0.0347124213499449
lesion_t8,2208,0.04961618592126478
lesion_t8,2209,0.024248740087659898
lesion_t8,2210,0.05731967472506249
lesion_t8,2211,0.03411499178503079
lesion_t8,2212,0.03983165947030042
lesion_t8,2213,0.04183738203979285
lesion_t8,2214,0.0554764729595656
lesion_t8,2215,0.07781549416584385
lesion_t8,2216,0.051426603606534414
lesion_t8,2217,0.0535233479595656
lesion_t8,2218,0.011551951480574222
lesion_t8,2219,0.055497263980574224
lesion_t8,2220,0.03980995641099098
lesion_t8,2221,0.04581295076402217
lesion_t8,2222,0.03691396502951905
lesion_t8,2223,0.05438998722506249
lesion_t8,2224,0.04961618592126478
lesion_t8,2225,0.05927279972506249
lesion_t8,2226,0.06122592472506249
lesion_t8,2227,0.05633111916584386
lesion_t8,2228,0.035069851225721344
lesion_t8,2229,0.046573878664675265
lesion_t8,2230,0.023242090029519047
lesion_t8,2231,0.06998129110653442
lesion_t8,2232,0.046721106578093675
lesion_t8,2233,0.03492714391099097
lesion_t8,2234,0.033848478606534414
lesion_t8,2235,0.04461236916584386
lesion_t8,2236,0.05352243592126478
lesion_t8,2237,0.03875299416584386
lesion_t8,2238,0.055332853606534414
lesion_t8,2239,0.028022799725062483
lesion_t8,2240,0.043757722959565606
lesion_t8,2241,0.039771637283203334
lesion_t8,2242,0.025114815284371927
lesion_t8,2243,0.06428723851887505
lesion_t8,2244,0.030119544078093675
lesion_t8,2245,0.04558893166584386
lesion_t8,2246,0.050593660459565606
lesion_t8,2247,0.050450041106534414
lesion_t8,2248,0.03807475139282404
lesion_t8,2249,0.03974154972506249
lesion_t8,2250,0.050450041106534414
lesion_t8,2251,0.05146029972506249
lesion_t8,2252,0.040684416106534414
lesion_t8,2253,0.04459066610653441
lesion_t8,2254,0.03123881389282404
lesion_t8,2255,0.037784816164675265
lesion_t8,2256,0.031096106578093675
lesion_t8,2257,0.04458014915440146
lesion_t8,2258,0.029251992774295972
lesion_t8,2259,0.055332853606534414
lesion_t8,2260,0.040828035459565606
lesion_t8,2261,0.041691066164675265
lesion_t8,2262,0.036778166106534414
lesion_t8,2263,0.035966013980574224
lesion_t8,2264,0.018278877784371927
lesion_t8,2265,0.03492714391099098
lesion_t8,2266,0.03315042234424941
lesion_t8,2267,0.025059416106534414
lesion_t8,2268,0.02328269453979285
lesion_t8,2269,0.04269294028437193
lesion_t8,2270,0.032059763980574224
lesion_t8,2271,0.043757722959565606
lesion_t8,2272,0.057207054968472976
lesion_t8,2273,0.03488044028437193
lesion_t8,2274,0.029997627784371927
lesion_t8,2275,0.0505936604595656
lesion_t8,2276,0.04071811222506249
lesion_t8,2277,0.033848478606534414
lesion_t8,2278,0.039952663725721344
lesion_t8,2279,0.034825041106534414
lesion_t8,2280,0.021360569136234527
lesion_t8,2281,0.04168268166584386
lesion_t8,2282,0.046720194539792856
lesion_t8,2283,0.0395952338499449
lesion_t8,2284,0.022294138980574224
lesion_t8,2285,0.03397228447030042
lesion_t8,2286,0.03499036351887505
lesion_t8,2287,0.0477184600991023
lesion_t8,2288,0.054356291106534414
lesion_t8,2289,0.07779379110653442
lesion_t8,2290,0.07095785360653442
lesion_t8,2291,0.03594431092126478
lesion_t8,2292,0.01933223146913183
lesion_t8,2293,0.044646065284371934
lesion_t8,2294,0.016789152040434394
lesion_t8,2295,0.059239103606534414
lesion_t8,2296,0.028255616785030788
lesion_t8,2297,0.04169467472506248
lesion_t8,2298,0.03876498722506248
lesion_t8,2299,0.05059274842126478
lesion_t8,2300,0.041660978606534414
lesion_t8,2301,0.03878669028437193
lesion_t8,2302,0.03688026891099098
lesion_t8,2303,0.04371620641099098
lesion_t8,2304,0.041804597959565606
lesion_t8,2305,0.04855231528437193
lesion_t8,2306,0.02240914688255024
lesion_t8,2307,0.050450041106534414
lesion_t8,2308,0.0474077338499449
lesion_t8,2309,0.030106638980574224
lesion_t8,2310,0.04560092472506249
lesion_t8,2311,0.041660978606534414
lesion_t8,2312,0.03387018166584386
lesion_t8,2313,0.05047174416584386
lesion_t8,2314,0.05254587342126478
lesion_t8,2315,0.028233913725721344
lesion_t8,2316,0.02422556092126478
lesion_t8,2317,0.0604137725991023
lesion_t8,2318,0.03011863203979285
lesion_t8,2319,0.035801603606534414
lesion_t8,2320,0.04863962342126478
lesion_t8,2321,0.044835476225721344
lesion_t8,2322,0.06121393166584386
lesion_t8,2323,0.028275430274295972
lesion_t8,2324,0.02996393166584386
lesion_t8,2325,0.04862072197030042
lesion_t8,2326,0.06705160360653442
lesion_t8,2327,0.04374990252951905
lesion_t8,2328,0.02537943889282404
lesion_t8,2329,0.05055214391099098
lesion_t8,2330,0.05352243592126478
lesion_t8,2331,0.02319177784251278
lesion_t8,2332,0.04558893166584385
lesion_t8,2333,0.04078651891099098
lesion_t8,2334,0.03594431092126478
lesion_t8,2335,0.026314484844249413
lesion_t8,2336,0.03399118592126478
lesion_t8,2337,0.02612146534251278
lesion_t8,2338,0.04863962342126478
lesion_t8,2339,0.04371620641099098
lesion_t8,2340,0.04462436222506249
lesion_t8,2341,0.03976325278437193
lesion_t8,2342,0.032072669078093675
lesion_t8,2343,0.030187038725721344
lesion_t8,2344,0.037754728606534414
lesion_t8,2345,0.03583529972506248
lesion_t8,2346,0.038895701480574224
lesion_t8,2347,0.050450041106534414
lesion_t8,2348,0.039737941164675265
lesion_t8,2349,0.040684416106534414
lesion_t8,2350,0.054356291106534414
lesion_t8,2351,0.05144830666584386
lesion_t8,2352,0.04281394453979285
lesion_t8,2353,0.039017617774295965
lesion_t8,2354,0.02422556092126478
lesion_t8,2355,0.048496916106534414
lesion_t8,2356,0.04462436222506248
lesion_t8,2357,0.03194805626228553
lesion_t8,2358,0.03972955666584386
lesion_t8,2359,0.04570993592126478
lesion_t8,2360,0.03583529972506248
lesion_t8,2361,0.03181642996847297
lesion_t8,2362,0.040684416106534414
lesion_t8,2363,0.027176951480574224
lesion_t8,2364,0.05840524842126478
lesion_t8,2365,0.02257355725659005
lesion_t8,2366,0.04950717472506249
lesion_t8,2367,0.04560092472506249
lesion_t8,2368,0.029273695833605416
lesion_t8,2369,0.032038972959565606
lesion_t8,2370,0.050736367774295965
lesion_t8,2371,0.039771637283203334
lesion_t8,2372,0.028965666106534414
lesion_t8,2373,0.035001444539792856
lesion_t8,2374,0.03974154972506248
lesion_t8,2375,0.025447845578752536
lesion_t8,2376,0.03878669028437193
lesion_t8,2377,0.03684286182150416
lesion_t8,2378,0.03094049416584386
lesion_t8,2379,0.02031931092126478
lesion_t8,2380,0.04654379110653441
lesion_t8,2381,0.02425925703979285
lesion_t8,2382,0.057462382039792856
lesion_t8,2383,0.06524118592126478
lesion_t8,2384,0.04385982576402217
lesion_t8,2385,0.026200388980574224
lesion_t8,2386,0.024369180274295972
lesion_t8,2387,0.02791017996847297
lesion_t8,2388,0.04165046165440146
lesion_t8,2389,0.04364779972506248
lesion_t8,2390,0.04375681092126478
lesion_t8,2391,0.04267123722506248
lesion_t8,2392,0.019500250403558857
lesion_t8,2393,0.027210647599102293
lesion_t8,2394,0.028187210099102293
lesion_t8,2395,0.04570993592126478
lesion_t8,2396,0.03109519453979285
lesion_t8,2397,0.049473478606534414
lesion_t8,2398,0.05146029972506249
lesion_t8,2399,0.04461236916584385
lesion_t8,2400,0.04082712342126478
lesion_t8,2401,0.050450041106534414
lesion_t8,2402,0.04473337342126478
lesion_t8,2403,0.053379728606534414
lesion_t8,2404,0.05829623722506249
lesion_t8,2405,0.042882351225721344
lesion_t8,2406,0.04558893166584386
lesion_t8,2407,0.028330829452133485
lesion_t8,2408,0.038731291106534414
lesion_t8,2409,0.0249467963499449
lesion_t8,2410,0.04070611916584386
lesion_t8,2411,0.040684416106534414
lesion_t8,2412,0.0347124213499449
lesion_t8,2413,0.047520353606534414
lesion_t8,2414,0.042882351225721344
lesion_t8,2415,0.041660978606534414
lesion_t8,2416,0.042667628664675265
lesion_t8,2417,0.043535179968472976
lesion_t8,2418,0.03683356528437193
lesion_t8,2419,0.023384797344249413
lesion_t8,2420,0.03679986916584386
lesion_t8,2421,0.04961618592126478
lesion_t8,2422,0.046720194539792856
lesion_t8,2423,0.04071811222506248
lesion_t8,2424,0.04168268166584386
lesion_t8,2425,0.0356889838499449
lesion_t8,2426,0.046543791106534414
lesion_t8,2427,0.049649882039792856
lesion_t8,2428,0.03500144453979285
lesion_t8,2429,0.03887399842126478
lesion_t8,2430,0.04082712342126478
lesion_t8,2431,0.04169467472506248
lesion_t8,2432,0.037898347959565606
lesion_t8,2433,0.041570061909254344
lesion_t8,2434,0.04657748722506249
lesion_t8,2435,0.02914206953979285
lesion_t8,2436,0.051426603606534414
lesion_t8,2437,0.042667628664675265
lesion_t8,2438,0.036985569136234527
lesion_t8,2439,0.06328806092126478
lesion_t8,2440,0.04851861916584385
lesion_t8,2441,0.048496916106534414
lesion_t8,2442,0.055332853606534414
lesion_t8,2443,0.03597800703979285
lesion_t8,2444,0.015715916697280605
lesion_t8,2445,0.04278024842126478
lesion_t8,2446,0.039707853606534414
lesion_t8,2447,0.05536654972506249
lesion_t8,2448,0.033036326480574224
lesion_t8,2449,0.0435014838499449
lesion_t8,2450,0.06817087342126478
lesion_t8,2451,0.045743632039792856
lesion_t8,2452,0.049394554968472976
lesion_t8,2453,0.040684416106534414
lesion_t8,2454,0.029251992774295972
lesion_t8,2455,0.018387888980574224
lesion_t8,2456,0.0327592963499449
lesion_t8,2457,0.04366950278437193
lesion_t8,2458,0.019398147599102293
lesion_t8,2459,0.03974154972506248
lesion_t8,2460,0.03304831953979285
lesion_t8,2461,0.04766306092126478
lesion_t8,2462,0.017445022599102293
lesion_t8,2463,0.04265924416584386
lesion_t8,2464,0.03890769453979285
lesion_t8,2465,0.038874910459565606
lesion_t8,2466,0.02816550703979285
lesion_t8,2467,0.04851861916584385
lesion_t8,2468,0.03191705666584386
lesion_t8,2469,0.0700149872250625
lesion_t8,2470,0.07195611916584385
lesion_t8,2471,0.030949790702976092
lesion_t8,2472,0.03972955666584386
lesion_t8,2473,0.035801603606534414
lesion_t8,2474,0.03875299416584386
lesion_t8,2475,0.04668649842126478
lesion_t8,2476,0.0405717963499449
lesion_t8,2477,0.02131848851887505
lesion_t8,2478,0.05661744583360541
lesion_t8,2479,0.02440287639282404
lesion_t8,2480,0.05144830666584386
lesion_t8,2481,0.050450041106534414
lesion_t8,2482,0.03404658509910229
lesion_t8,2483,0.029163772599102293
lesion_t8,2484,0.05449899842126478
lesion_t8,2485,0.05159192601887505
lesion_t8,2486,0.03778842472506248
lesion_t8,2487,0.030242437903558857
lesion_t8,2488,0.033878566164675265
lesion_t8,2489,0.06320075278437193
lesion_t8,2490,0.026921624409254344
lesion_t8,2491,0.032140163725721344
lesion_t8,2492,0.06705160360653442
lesion_t8,2493,0.03007441896913183
lesion_t8,2494,0.04961618592126478
lesion_t8,2495,0.029266787441859683
lesion_t8,2496,0.04172476228320334
lesion_t8,2497,0.045567228606534414
lesion_t8,2498,0.03209437213740312
lesion_t8,2499,0.03123881389282404
lesion_t8,2500,0.046720194539792856
lesion_t8,2501,0.05730768166584386
lesion_t8,2502,0.05148200278437193
lesion_t8,2503,0.049649882039792856
lesion_t8,2504,0.037754728606534414
lesion_t8,2505,0.0476639729595656
lesion_t8,2506,0.02328269453979285
lesion_t8,2507,0.0483842963499449
lesion_t8,2508,0.029972316164675265
lesion_t8,2509,0.027257351225721344
lesion_t8,2510,0.04086081953979285
lesion_t8,2511,0.03679986916584386
lesion_t8,2512,0.04169467472506248
lesion_t8,2513,0.061192228606534414
lesion_t8,2514,0.03289361916584386
lesion_t8,2515,0.028965666106534414
lesion_t8,2516,0.037754728606534414
lesion_t8,2517,0.040684416106534414
lesion_t8,2518,0.01641306092126478
lesion_t8,2519,0.05055214391099098
lesion_t8,2520,0.041660978606534414
lesion_t8,2521,0.029130076480574224
lesion_t8,2522,0.03388217472506248
lesion_t8,2523,0.035801603606534414
lesion_t8,2524,0.06412191610653442
lesion_t8,2525,0.04371620641099098
lesion_t8,2526,0.043790507039792856
lesion_t8,2527,0.048496916106534414
lesion_t8,2528,0.025161518910990978
lesion_t8,2529,0.049473478606534414
lesion_t8,2530,0.04853061222506249
lesion_t8,2531,0.03485873722506248
lesion_t8,2532,0.061192228606534414
lesion_t8,2533,0.03326034557875253
lesion_t8,2534,0.03502314759910229
lesion_t8,2535,0.048496916106534414
lesion_t8,2536,0.041825388980574224
lesion_t8,2537,0.04267123722506249
lesion_t8,2538,0.050450041106534414
lesion_t8,2539,0.029851311909254344
lesion_t8,2540,0.049650794078093675
lesion_t8,2541,0.04947347860653441
lesion_t8,2542,0.0395952338499449
lesion_t8,2543,0.03597800703979285
lesion_t8,2544,0.032038972959565606
lesion_t8,2545,0.06314535360653442
lesion_t8,2546,0.036778166106534414
lesion_t8,2547,0.05731967472506249
lesion_t8,2548,0.036954569539792856
lesion_t8,2549,0.07012399842126478
lesion_t8,2550,0.029975924725062483
lesion_t8,2551,0.025123199783203334
lesion_t8,2552,0.05840524842126478
lesion_t8,2553,0.040860819539792856
lesion_t8,2554,0.018645604197280605
lesion_t8,2555,0.04363580666584386
lesion_t8,2556,0.03289361916584386
lesion_t8,2557,0.049528877784371934
lesion_t8,2558,0.031126194136234527
lesion_t8,2559,0.045567228606534414
lesion_t8,2560,0.02058673613806198
lesion_t8,2561,0.02910837342126478
lesion_t8,2562,0.02718894453979285
lesion_t8,2563,0.033036326480574224
lesion_t8,2564,0.03297401891099098
lesion_t8,2565,0.04171637778437193
lesion_t8,2566,0.03301462342126478
lesion_t8,2567,0.03106149842126478
lesion_t8,2568,0.03109519453979285
lesion_t8,2569,0.03290561222506248
lesion_t8,2570,0.03304831953979285
lesion_t8,2571,0.0395952338499449
lesion_t8,2572,0.03974154972506249
lesion_t8,2573,0.039628929968472976
lesion_t8,2574,0.059525430274295965
lesion_t8,2575,0.025481541697280605
lesion_t8,2576,0.027145643507432655
lesion_t8,2577,0.05059274842126478
lesion_t8,2578,0.040684416106534414
lesion_t8,2579,0.03997436678503079
lesion_t8,2580,0.046543791106534414
lesion_t8,2581,0.034989451480574224
lesion_t8,2582,0.046543791106534414
lesion_t8,2583,0.04278024842126478
lesion_t8,2584,0.02703424416584386
lesion_t8,2585,0.0522905463499449
lesion_t8,2586,0.041724762283203334
lesion_t8,2587,0.05348183141099098
lesion_t8,2588,0.03094049416584386
lesion_t8,2589,0.052312249409254344
lesion_t8,2590,0.03301462342126478
lesion_t8,2591,0.03691396502951905
lesion_t8,2592,0.037754728606534414
lesion_t8,2593,0.05146029972506249
lesion_t8,2594,0.054356291106534414
lesion_t8,2595,0.050450041106534414
lesion_t8,2596,0.04952887778437193
lesion_t8,2597,0.0405717963499449
lesion_t8,2598,0.03769750802778241
lesion_t8,2599,0.040828035459565606
lesion_t8,2600,0.027176951480574224
lesion_t8,2601,0.05352243592126478
lesion_t8,2602,0.04853061222506249
lesion_t8,2603,0.05352243592126478
lesion_t8,2604,0.041825388980574224
lesion_t8,2605,0.04071811222506248
lesion_t8,2606,0.019508070833605416
lesion_t8,2607,0.04961618592126478
lesion_t8,2608,0.05243686222506249
lesion_t8,2609,0.03195075278437193
lesion_t8,2610,0.031096106578093675
lesion_t8,2611,0.028255616785030788
lesion_t8,2612,0.030119544078093675
lesion_t8,2613,0.03496774842126478
lesion_t8,2614,0.034025794078093675
lesion_t8,2615,0.03887399842126478
lesion_t8,2616,0.02986330496847297
lesion_t8,2617,0.04766306092126478
lesion_t8,2618,0.02717786351887505
lesion_t8,2619,0.028124902529519047
lesion_t8,2620,0.040714503664675265
lesion_t8,2621,0.04060549246847297
lesion_t8,2622,0.060392069539792856
lesion_t8,2623,0.03485873722506248
lesion_t8,2624,0.024260169078093675
lesion_t8,2625,0.0278764838499449
lesion_t8,2626,0.04278024842126478
lesion_t8,2627,0.055388252784371934
lesion_t8,2628,0.04375681092126478
lesion_t8,2629,0.053556132039792856
lesion_t8,2630,0.0457653350991023
lesion_t8,2631,0.034093288725721344
lesion_t8,2632,0.0561967963499449
lesion_t8,2633,0.02521691808882849
lesion_t8,2634,0.0493608588499449
lesion_t8,2635,0.03579108665440146
lesion_t8,2636,0.06328115252951905
lesion_t8,2637,0.039017617774295965
lesion_t8,2638,0.04255861746847297
lesion_t8,2639,0.045567228606534414
lesion_t8,2640,0.03119820938255024
lesion_t8,2641,0.03494884697030042
lesion_t8,2642,0.034025794078093675
lesion_t8,2643,0.041660978606534414
lesion_t8,2644,0.026066066164675265
lesion_t8,2645,0.025002195527782413
lesion_t8,2646,0.058262541106534414
lesion_t8,2647,0.040860819539792856
lesion_t8,2648,0.049528877784371934
lesion_t8,2649,0.03207175703979285
lesion_t8,2650,0.03976325278437193
lesion_t8,2651,0.0474077338499449
lesion_t8,2652,0.04081660646913183
lesion_t8,2653,0.054356291106534414
lesion_t8,2654,0.04766306092126478
lesion_t8,2655,0.04080822197030042
lesion_t8,2656,0.029975924725062483
lesion_t8,2657,0.03883339391099098
lesion_t8,2658,0.027989103606534414
lesion_t8,2659,0.04961618592126478
lesion_t8,2660,0.0476639729595656
lesion_t8,2661,0.059239103606534414
lesion_t8,2662,0.05048373722506249
lesion_t8,2663,0.043614103606534414
lesion_t8,2664,0.03897701326402217
lesion_t8,2665,0.027114643910990978
lesion_t8,2666,0.050371117468472976
lesion_t8,2667,0.040684416106534414
lesion_t8,2668,0.03496774842126478
lesion_t8,2669,0.039872263980574224
lesion_t8,2670,0.02914206953979285
lesion_t8,2671,0.059239103606534414
lesion_t8,2672,0.03887399842126478
lesion_t8,2673,0.0347124213499449
lesion_t8,2674,0.055241936909254344
lesion_t8,2675,0.03290561222506248
lesion_t8,2676,0.04375681092126478
lesion_t8,2677,0.05059274842126478
lesion_t8,2678,0.05938181092126478
lesion_t8,2679,0.016901771797023908
lesion_t8,2680,0.0444780463499449
lesion_t8,2681,0.029163772599102293
lesion_t8,2682,0.05156931092126478
lesion_t8,2683,0.028091206410990978
lesion_t8,2684,0.045731638980574224
lesion_t8,2685,0.03789743592126478
lesion_t8,2686,0.03108411351887505
lesion_t8,2687,0.030974190284371927
lesion_t8,2688,0.051426603606534414
lesion_t8,2689,0.03793113203979285
lesion_t8,2690,0.026280788725721344
lesion_t8,2691,0.054356291106534414
lesion_t8,2692,0.05048373722506249
lesion_t8,2693,0.037898347959565606
lesion_t8,2694,0.0486950225991023
lesion_t8,2695,0.040715415702976085
lesion_t8,2696,0.050450041106534414
lesion_t8,2697,0.06035837342126478
lesion_t8,2698,0.0418590850991023
lesion_t8,2699,0.04071811222506249
lesion_t8,2700,0.039884257039792856
lesion_t8,2701,0.04853061222506249
lesion_t8,2702,0.056364815284371934
lesion_t8,2703,0.03688026891099098
lesion_t8,2704,0.03492714391099098
lesion_t8,2705,0.04754205666584386
lesion_t8,2706,0.03304831953979285
lesion_t8,2707,0.05146029972506249
lesion_t8,2708,0.03398427752951905
lesion_t8,2709,0.027186248017706457
lesion_t8,2710,0.05048373722506249
lesion_t8,2711,0.05449899842126478
lesion_t8,2712,0.030044331410990978
lesion_t8,2713,0.04862072197030042
lesion_t8,2714,0.04755404972506249
lesion_t8,2715,0.04176308141099098
lesion_t8,2716,0.02703424416584386
lesion_t8,2717,0.05449899842126478
lesion_t8,2718,0.05938181092126478
lesion_t8,2719,0.030228555274295972
lesion_t8,2720,0.047520353606534414
lesion_t8,2721,0.03192904972506248
lesion_t8,2722,0.04668649842126478
lesion_t8,2723,0.053379728606534414
lesion_t8,2724,0.027189856578093675
lesion_t8,2725,0.045622627784371934
lesion_t8,2726,0.03218168027429597
lesion_t8,2727,0.047684763980574224
lesion_t8,2728,0.0486405354595656
lesion_t8,2729,0.01619142996847297
lesion_t8,2730,0.04766306092126478
lesion_t8,2731,0.04754205666584385
lesion_t8,2732,0.023106291106534414
lesion_t8,2733,0.020565033078752536
lesion_t8,2734,0.054356291106534414
lesion_t8,2735,0.05829623722506249
lesion_t8,2736,0.03875299416584386
lesion_t8,2737,0.029972316164675265
lesion_t8,2738,0.060215666106534414
lesion_t8,2739,0.029885008027782413
lesion_t8,2740,0.040828035459565606
lesion_t8,2741,0.062345194539792856
lesion_t8,2742,0.07584066610653442
lesion_t8,2743,0.05840524842126478
lesion_t8,2744,0.042667628664675265
lesion_t8,2745,0.04754205666584385
lesion_t8,2746,0.03206067601887505
lesion_t8,2747,0.04267123722506248
lesion_t8,2748,0.035945222959565606
lesion_t8,2749,0.032902003664675265
lesion_t8,2750,0.046720194539792856
lesion_t8,2751,0.04278024842126478
lesion_t8,2752,0.03491052784251278
lesion_t8,2753,0.06607504110653442
lesion_t8,2754,0.06219049416584386
lesion_t8,2755,0.04558893166584386
lesion_t8,2756,0.04657748722506249
lesion_t8,2757,0.02635600139282404
lesion_t8,2758,0.023372804285030788
lesion_t8,2759,0.049649882039792856
lesion_t8,2760,0.018430881636234527
lesion_t8,2761,0.03789743592126478
lesion_t8,2762,0.042667628664675265
lesion_t8,2763,0.021153166106534414
lesion_t8,2764,0.03388217472506248
lesion_t8,2765,0.046708201480574224
lesion_t8,2766,0.05365823484424942
lesion_t8,2767,0.022038811909254344
lesion_t8,2768,0.057341377784371934
lesion_t8,2769,0.030085847959565606
lesion_t8,2770,0.046721106578093675
lesion_t8,2771,0.04657748722506249
lesion_t8,2772,0.033848478606534414
lesion_t8,2773,0.036913965029519054
lesion_t8,2774,0.07406394453979286
lesion_t8,2775,0.0670852997250625
lesion_t8,2776,0.049649882039792856
lesion_t8,2777,0.05352243592126478
lesion_t8,2778,0.039884257039792856
lesion_t8,2779,0.036921785459565606
lesion_t8,2780,0.03572267996847297
lesion_t8,2781,0.05437799416584386
lesion_t8,2782,0.051426603606534414
lesion_t8,2783,0.056309416106534414
lesion_t8,2784,0.03376955496847297
lesion_t8,2785,0.03496084002951905
lesion_t8,2786,0.040828035459565606
lesion_t8,2787,0.050450041106534414
lesion_t8,2788,0.04668649842126478
lesion_t8,2789,0.046708201480574224
lesion_t8,2790,0.04462436222506249
lesion_t8,2791,0.028874749409254344
lesion_t8,2792,0.040593499409254344
lesion_t8,2793,0.05645212342126478
lesion_t8,2794,0.04073981528437193
lesion_t8,2795,0.04176308141099098
lesion_t8,2796,0.04379050703979285
lesion_t8,2797,0.050450041106534414
lesion_t8,2798,0.028091206410990978
lesion_t8,2799,0.03702388826402217
lesion_t8,2800,0.05352243592126478
lesion_t8,2801,0.026035978606534414
lesion_t8,2802,0.03289361916584386
lesion_t8,2803,0.037754728606534414
lesion_t8,2804,0.06429923157809367
lesion_t8,2805,0.025223826480574224
lesion_t8,2806,0.03474611746847297
lesion_t8,2807,0.055332853606534414
lesion_t8,2808,0.025304226225721344
lesion_t8,2809,0.04769766907809368
lesion_t8,2810,0.019302143910990978
lesion_t8,2811,0.041825388980574224
lesion_t8,2812,0.03599971009910229
lesion_t8,2813,0.029975924725062483
lesion_t8,2814,0.02107424246847297
lesion_t8,2815,0.04668649842126478
lesion_t8,2816,0.02525843463740312
lesion_t8,2817,0.047656152529519054
lesion_t8,2818,0.0437577229595656
lesion_t8,2819,0.04754205666584386
lesion_t8,2820,0.05144830666584386
lesion_t8,2821,0.04278024842126478
lesion_t8,2822,0.05938181092126478
lesion_t8,2823,0.037999538725721344
lesion_t8,2824,0.047663972959565606
lesion_t8,2825,0.027148340029519047
lesion_t8,2826,0.021397976225721344
lesion_t8,2827,0.05438998722506249
lesion_t8,2828,0.018397185517706457
lesion_t8,2829,0.051603007039792856
lesion_t8,2830,0.0386186713499449
lesion_t8,2831,0.041825388980574224
lesion_t8,2832,0.03695456953979285
lesion_t8,2833,0.04176308141099098
lesion_t8,2834,0.02608776922398471
lesion_t8,2835,0.038731291106534414
lesion_t8,2836,0.021326873017706457
lesion_t8,2837,0.035966013980574224
lesion_t8,2838,0.06426553545956559
lesion_t8,2839,0.025123199783203334
lesion_t8,2840,0.03789743592126478
lesion_t8,2841,0.04078651891099098
lesion_t8,2842,0.029101465029519047
lesion_t8,2843,0.044590666106534414
lesion_t8,2844,0.04462436222506249
lesion_t8,2845,0.03778842472506248
lesion_t8,2846,0.03890769453979285
lesion_t8,2847,0.03388217472506248
lesion_t8,2848,0.03887399842126478
lesion_t8,2849,0.047429436909254344
lesion_t8,2850,0.03581278971371091
lesion_t8,2851,0.062168791106534414
lesion_t8,2852,0.025578214540434394
lesion_t8,2853,0.06705160360653442
lesion_t8,2854,0.04473337342126478
lesion_t8,2855,0.045567228606534414
lesion_t8,2856,0.03878669028437193
lesion_t8,2857,0.057285978606534414
lesion_t8,2858,0.03792005101887505
lesion_t8,2859,0.026091377784371927
lesion_t8,2860,0.0719681122250625
lesion_t8,2861,0.045597316164675265
lesion_t8,2862,0.04848639915440146
lesion_t8,2863,0.02523581953979285
lesion_t8,2864,0.043614103606534414
lesion_t8,2865,0.04364779972506248
lesion_t8,2866,0.027210647599102297
lesion_t8,2867,0.03387018166584386
lesion_t8,2868,0.06538480527429597
lesion_t8,2869,0.03999418027429597
lesion_t8,2870,0.03111780963740312
lesion_t8,2871,0.057463294078093675
lesion_t8,2872,0.02123865284251278
lesion_t8,2873,0.04178478447030042
lesion_t8,2874,0.033848478606534414
lesion_t8,2875,0.03980995641099098
lesion_t8,2876,0.042801951480574224
lesion_t8,2877,0.02818812213740312
lesion_t8,2878,0.0483842963499449
lesion_t8,2879,0.027067940284371927
lesion_t8,2880,0.045567228606534414
lesion_t8,2881,0.05536654972506249
lesion_t8,2882,0.021208565284371927
lesion_t8,2883,0.05840524842126478
lesion_t8,2884,0.031054590029519047
lesion_t8,2885,0.032780999409254344
lesion_t8,2886,0.037932044078093675
lesion_t8,2887,0.05048373722506249
lesion_t8,2888,0.01644675703979285
lesion_t8,2889,0.036046413725721344
lesion_t8,2890,0.03692087342126478
lesion_t8,2891,0.044767069539792856
lesion_t8,2892,0.0522905463499449
lesion_t8,2893,0.050450041106534414
lesion_t8,2894,0.04265924416584385
lesion_t8,2895,0.04267123722506249
lesion_t8,2896,0.052403166106534414
lesion_t8,2897,0.04570993592126478
lesion_t8,2898,0.02718894453979285
lesion_t8,2899,0.055332853606534414
lesion_t8,2900,0.03688026891099098
lesion_t8,2901,0.0444780463499449
lesion_t8,2902,0.04664589391099098
lesion_t8,2903,0.051426603606534414
lesion_t8,2904,0.03597800703979285
lesion_t8,2905,0.03484674416584386
lesion_t8,2906,0.03608102188255024
lesion_t8,2907,0.040684416106534414
lesion_t8,2908,0.058317940284371934
lesion_t8,2909,0.048496916106534414
lesion_t8,2910,0.03399118592126478
lesion_t8,2911,0.029021065284371927
lesion_t8,2912,0.044767069539792856
lesion_t8,2913,0.03300771502951905
lesion_t8,2914,0.03582330666584386
lesion_t8,2915,0.03789743592126478
lesion_t8,2916,0.03484674416584386
lesion_t8,2917,0.026099762283203334
lesion_t8,2918,0.0466874104595656
lesion_t8,2919,0.039707853606534414
lesion_t8,2920,0.05061536351887505
lesion_t8,2921,0.04950717472506249
lesion_t8,2922,0.03498254308882849
lesion_t8,2923,0.05341342472506249
lesion_t8,2924,0.049473478606534414
lesion_t8,2925,0.027189856578093675
lesion_t8,2926,0.03188483665440146
lesion_t8,2927,0.042637541106534414
lesion_t8,2928,0.047520353606534414
lesion_t8,2929,0.043791419078093675
lesion_t8,2930,0.03793113203979285
lesion_t8,2931,0.047799771882550246
lesion_t8,2932,0.046543791106534414
lesion_t8,2933,0.021397976225721344
lesion_t8,2934,0.024116549725062483
lesion_t8,2935,0.033049231578093675
lesion_t8,2936,0.052403166106534414
lesion_t8,2937,0.03303723851887505
lesion_t8,2938,0.0454546088499449
lesion_t8,2939,0.06609674416584385
lesion_t8,2940,0.052403166106534414
lesion_t8,2941,0.03876498722506248
lesion_t8,2942,0.0415483588499449
lesion_t8,2943,0.040848826480574224
lesion_t8,2944,0.052403166106534414
lesion_t8,2945,0.05535455666584386
lesion_t8,2946,0.027189856578093675
lesion_t8,2947,0.04851861916584385
lesion_t8,2948,0.02326379308882849
lesion_t8,2949,0.05926080666584386
lesion_t8,2950,0.037898347959565606
lesion_t8,2951,0.049473478606534414
lesion_t8,2952,0.050450041106534414
lesion_t8,2953,0.06314535360653442
lesion_t8,2954,0.047696757039792856
lesion_t8,2955,0.038731291106534414
lesion_t8,2956,0.06900472860653442
lesion_t8,2957,0.04278024842126478
lesion_t8,2958,0.04168268166584386
lesion_t8,2959,0.04176308141099098
lesion_t8,2960,0.05742868592126478
lesion_t8,2961,0.0447342854595656
lesion_t8,2962,0.02425925703979285
lesion_t8,2963,0.03413480527429597
lesion_t8,2964,0.029972316164675265
lesion_t8,2965,0.036778166106534414
lesion_t8,2966,0.0593827229595656
lesion_t8,2967,0.02813181092126478
lesion_t8,2968,0.04656549416584385
lesion_t8,2969,0.05437799416584386
lesion_t8,2970,0.04265924416584386
lesion_t8,2971,0.06122592472506249
lesion_t8,2972,0.039872263980574224
lesion_t8,2973,0.02425925703979285
lesion_t8,2974,0.044767069539792856
lesion_t8,2975,0.0415483588499449
lesion_t8,2976,0.04278024842126478
lesion_t8,2977,0.035945222959565606
lesion_t8,2978,0.03972955666584386
lesion_t8,2979,0.038731291106534414
lesion_t8,2980,0.02413464422398471
lesion_t8,2981,0.050505440284371934
lesion_t8,2982,0.03987317601887505
lesion_t8,2983,0.0581499213499449
lesion_t8,2984,0.03500144453979285
lesion_t8,2985,0.038855096970300415
lesion_t8,2986,0.0298296088499449
lesion_t8,2987,0.044767069539792856
lesion_t8,2988,0.0496170979595656
lesion_t8,2989,0.03402488203979285
lesion_t8,2990,0.03610963333360541
lesion_t8,2991,0.0513139838499449
lesion_t8,2992,0.062168791106534414
lesion_t8,2993,0.04752035360653441
lesion_t8,2994,0.06509847860653442
lesion_t8,2995,0.03793204407809368
lesion_t8,2996,0.03597800703979285
lesion_t8,2997,0.04755404972506249
lesion_t8,2998,0.0574295979595656
lesion_t8,2999,0.04469276891099098
lesion_t8,3000,0.05730768166584386
lesion_t8,3001,0.04659919028437193
lesion_t8,3002,0.042813944539792856
lesion_t8,3003,0.0603592854595656
lesion_t8,3004,0.0308061713499449
lesion_t8,3005,0.03209346009910229
lesion_t8,3006,0.028256528823331614
lesion_t8,3007,0.039885169078093675
lesion_t8,3008,0.044767069539792856
lesion_t8,3009,0.04462436222506249
lesion_t8,3010,0.035966013980574224
lesion_t8,3011,0.032871916106534414
lesion_t8,3012,0.037754728606534414
lesion_t8,3013,0.04462436222506249
lesion_t8,3014,0.03279299246847297
lesion_t8,3015,0.024116549725062483
lesion_t8,3016,0.050627356578093675
lesion_t8,3017,0.04393412639282404
lesion_t8,3018,0.042781160459565606
lesion_t8,3019,0.0515702229595656
lesion_t8,3020,0.04168268166584386
lesion_t8,3021,0.03304562301770646
lesion_t8,3022,0.030827874409254344
lesion_t8,3023,0.04171637778437193
lesion_t8,3024,0.027189856578093675
lesion_t8,3025,0.028377533078752536
lesion_t8,3026,0.047806680274295965
lesion_t8,3027,0.03585700278437193
lesion_t8,3028,0.03514506389282404
lesion_t8,3029,0.04364779972506248
lesion_t8,3030,0.03608793027429597
lesion_t8,3031,0.048496916106534414
lesion_t8,3032,0.025203035459565606
lesion_t8,3033,0.0522905463499449
lesion_t8,3034,0.052458565284371934
lesion_t8,3035,0.04276134697030042
lesion_t8,3036,0.046708201480574224
lesion_t8,3037,0.013015335286289094
lesion_t8,3038,0.048496916106534414
lesion_t8,3039,0.04002787639282404
lesion_t8,3040,0.02132956953979285
lesion_t8,3041,0.03106149842126478
lesion_t8,3042,0.034825041106534414
lesion_t8,3043,0.021288965029519047
lesion_t8,3044,0.06705160360653442
lesion_t8,3045,0.04853061222506249
lesion_t8,3046,0.044755076480574224
lesion_t8,3047,0.040684416106534414
lesion_t8,3048,0.0601030463499449
lesion_t8,3049,0.03592540947030042
lesion_t8,3050,0.0641556122250625
lesion_t8,3051,0.06024936222506249
lesion_t8,3052,0.03500144453979285
lesion_t8,3053,0.050450041106534414
lesion_t8,3054,0.030952487225062483
lesion_t8,3055,0.04863962342126478
lesion_t8,3056,0.028908445527782413
lesion_t8,3057,0.05634311222506249
lesion_t8,3058,0.04476798157809368
lesion_t8,3059,0.02619348058882849
lesion_t8,3060,0.054356291106534414
lesion_t8,3061,0.02903036182150416
lesion_t8,3062,0.04169467472506248
lesion_t8,3063,0.03878669028437193
lesion_t8,3064,0.051426603606534414
lesion_t8,3065,0.04668649842126478
lesion_t8,3066,0.042801951480574224
lesion_t8,3067,0.02804089422398471
lesion_t8,3068,0.051426603606534414
lesion_t8,3069,0.057285978606534414
lesion_t8,3070,0.04060549246847297
lesion_t8,3071,0.04278024842126478
lesion_t8,3072,0.03300771502951905
lesion_t8,3073,0.053556132039792856
lesion_t8,3074,0.022327835099102293
lesion_t8,3075,0.02733256389282404
lesion_t8,3076,0.04657748722506249
lesion_t8,3077,0.05633111916584386
lesion_t8,3078,0.050450041106534414
lesion_t8,3079,0.03572267996847297
lesion_t8,3080,0.027210647599102293
lesion_t8,3081,0.03594431092126478
lesion_t8,3082,0.02910837342126478
lesion_t8,3083,0.04169467472506248
lesion_t8,3084,0.02693361746847297
lesion_t8,3085,0.03496774842126478
lesion_t8,3086,0.05242486916584386
lesion_t8,3087,0.048496916106534414
lesion_t8,3088,0.03199745641099098
lesion_t8,3089,0.04371620641099098
lesion_t8,3090,0.0496170979595656
lesion_t8,3091,0.04769766907809368
lesion_t8,3092,0.02525843463740312
lesion_t8,3093,0.0593827229595656
lesion_t8,3094,0.05059274842126478
lesion_t8,3095,0.04371620641099098
lesion_t8,3096,0.06314535360653442
lesion_t8,3097,0.03789052752951905
lesion_t8,3098,0.03692087342126478
lesion_t8,3099,0.04084973851887505
lesion_t8,3100,0.022429937903558857
lesion_t8,3101,0.026314484844249413
lesion_t8,3102,0.03492714391099098
lesion_t8,3103,0.04570993592126478
lesion_t8,3104,0.04082712342126478
lesion_t8,3105,0.05048373722506249
lesion_t8,3106,0.03875299416584386
lesion_t8,3107,0.040848826480574224
lesion_t8,3108,0.049609277529519054
lesion_t8,3109,0.04193948484424941
lesion_t8,3110,0.041716377784371934
lesion_t8,3111,0.061192228606534414
lesion_t8,3112,0.061192228606534414
lesion_t8,3113,0.05927279972506249
lesion_t8,3114,0.038731291106534414
lesion_t8,3115,0.03583529972506248
lesion_t8,3116,0.04371620641099098
lesion_t8,3117,0.053379728606534414
lesion_t8,3118,0.050505440284371934
lesion_t8,3119,0.03681186222506248
lesion_t8,3120,0.04088252259910229
lesion_t8,3121,0.051570222959565606
lesion_t8,3122,0.03787853447030042
lesion_t8,3123,0.050450041106534414
lesion_t8,3124,0.04464606528437193
lesion_t8,3125,0.028166419078093675
lesion_t8,3126,0.023407412441859683
lesion_t8,3127,0.057285978606534414
lesion_t8,3128,0.01629205666584386
lesion_t8,3129,0.04863962342126478
lesion_t8,3130,0.053379728606534414
lesion_t8,3131,0.033981581007432655
lesion_t8,3132,0.028187210099102293
lesion_t8,3133,0.03695456953979285
lesion_t8,3134,0.03301462342126478
lesion_t8,3135,0.0758743622250625
lesion_t8,3136,0.03887399842126478
lesion_t8,3137,0.018253566164675265
lesion_t8,3138,0.03209346009910229
lesion_t8,3139,0.04071811222506248
lesion_t8,3140,0.053556132039792856
lesion_t8,3141,0.047520353606534414
lesion_t8,3142,0.04071811222506249
lesion_t8,3143,0.035831691164675265
lesion_t8,3144,0.03583529972506248
lesion_t8,3145,0.03502314759910229
lesion_t8,3146,0.04949518166584386
lesion_t8,3147,0.03597800703979285
lesion_t8,3148,0.040848826480574224
lesion_t8,3149,0.02914206953979285
lesion_t8,3150,0.042546624409254344
lesion_t8,3151,0.016325752784371927
lesion_t8,3152,0.026025461654401463
lesion_t8,3153,0.01854350139282404
lesion_t8,3154,0.05048373722506249
lesion_t8,3155,0.04558893166584386
lesion_t8,3156,0.025123199783203334
lesion_t8,3157,0.03094049416584386
lesion_t8,3158,0.026122377380813605
lesion_t8,3159,0.0574295979595656
lesion_t8,3160,0.024206659470300422
lesion_t8,3161,0.029997627784371927
lesion_t8,3162,0.06902643166584385
lesion_t8,3163,0.053666055274295965
lesion_t8,3164,0.038867090029519054
lesion_t8,3165,0.05840524842126478
lesion_t8,3166,0.04082712342126478
lesion_t8,3167,0.04096292234424942
lesion_t8,3168,0.0641556122250625
lesion_t8,3169,0.03379125802778241
lesion_t8,3170,0.03976325278437193
lesion_t8,3171,0.028153513980574224
lesion_t8,3172,0.042813944539792856
lesion_t8,3173,0.03002771534251278
lesion_t8,3174,0.056339503664675265
lesion_t8,3175,0.04961618592126478
lesion_t8,3176,0.036808253664675265
lesion_t8,3177,0.053379728606534414
lesion_t8,3178,0.03769750802778241
lesion_t8,3179,0.050505440284371934
lesion_t8,3180,0.053379728606534414
lesion_t8,3181,0.040860819539792856
lesion_t8,3182,0.0288530463499449
lesion_t8,3183,0.04473337342126478
lesion_t8,3184,0.04560092472506249
lesion_t8,3185,0.03875299416584386
lesion_t8,3186,0.051426603606534414
lesion_t8,3187,0.03399118592126478
lesion_t8,3188,0.03583529972506248
lesion_t8,3189,0.04664589391099098
lesion_t8,3190,0.03317303744185969
lesion_t8,3191,0.04180368592126478
lesion_t8,3192,0.02703424416584386
lesion_t8,3193,0.04755404972506248
lesion_t8,3194,0.035801603606534414
lesion_t8,3195,0.057463294078093675
lesion_t8,3196,0.04086081953979285
lesion_t8,3197,0.03499036351887505
lesion_t8,3198,0.052567576480574224
lesion_t8,3199,0.03594431092126478
lesion_t8,3200,0.04267123722506248
lesion_t8,3201,0.05536654972506249
lesion_t8,3202,0.03582330666584386
lesion_t8,3203,0.03492714391099098
lesion_t8,3204,0.051426603606534414
lesion_t8,3205,0.03289361916584386
lesion_t8,3206,0.030283954452133485
lesion_t8,3207,0.030974190284371927
lesion_t8,3208,0.04183738203979285
lesion_t8,3209,0.038874910459565606
lesion_t8,3210,0.038976101225721344
lesion_t8,3211,0.029067768910990978
lesion_t8,3212,0.03582330666584386
lesion_t8,3213,0.05059274842126478
lesion_t8,3214,0.03292731528437193
lesion_t8,3215,0.038786690284371934
lesion_t8,3216,0.03292731528437193
lesion_t8,3217,0.059239103606534414
lesion_t8,3218,0.039707853606534414
lesion_t8,3219,0.0552202338499449
lesion_t8,3220,0.021351272599102293
lesion_t8,3221,0.05048373722506248
lesion_t8,3222,0.058262541106534414
lesion_t8,3223,0.04078651891099098
lesion_t8,3224,0.04560092472506248
lesion_t8,3225,0.03875299416584386
lesion_t8,3226,0.03402488203979285
lesion_t8,3227,0.045598228202976085
lesion_t8,3228,0.04668649842126478
lesion_t8,3229,0.07779379110653442
lesion_t8,3230,0.056309416106534414
lesion_t8,3231,0.02816550703979285
lesion_t8,3232,0.03872077415440146
lesion_t8,3233,0.042923867774295965
lesion_t8,3234,0.050614451480574224
lesion_t8,3235,0.04082712342126478
lesion_t8,3236,0.03583529972506248
lesion_t8,3237,0.051603007039792856
lesion_t8,3238,0.03692087342126478
lesion_t8,3239,0.04754205666584386
lesion_t8,3240,0.047684763980574224
lesion_t8,3241,0.05048373722506249
lesion_t8,3242,0.03303723851887505
lesion_t8,3243,0.03793113203979285
lesion_t8,3244,0.030119544078093675
lesion_t8,3245,0.033848478606534414
lesion_t8,3246,0.05840524842126478
lesion_t8,3247,0.053666055274295965
lesion_t8,3248,0.017189695527782413
lesion_t8,3249,0.049473478606534414
lesion_t8,3250,0.03785683141099098
lesion_t8,3251,0.02830912639282404
lesion_t8,3252,0.0435014838499449
lesion_t8,3253,0.029975924725062483
lesion_t8,3254,0.025304226225721344
lesion_t8,3255,0.04060549246847297
lesion_t8,3256,0.04961618592126478
lesion_t8,3257,0.034888824783203334
lesion_t8,3258,0.019255440284371927
lesion_t8,3259,0.06023736916584386
lesion_t8,3260,0.035978919078093675
lesion_t8,3261,0.04656549416584386
lesion_t8,3262,0.03511136777429597
lesion_t8,3263,0.059415507039792856
lesion_t8,3264,0.037919138980574224
lesion_t8,3265,0.062168791106534414
lesion_t8,3266,0.041905788725721344
lesion_t8,3267,0.04267123722506248
lesion_t8,3268,0.043614103606534414
lesion_t8,3269,0.037754728606534414
lesion_t8,3270,0.028874749409254344
lesion_t8,3271,0.034012888980574224
lesion_t8,3272,0.036778166106534414
lesion_t8,3273,0.042813944539792856
lesion_t8,3274,0.05340143166584386
lesion_t8,3275,0.059239103606534414
lesion_t8,3276,0.04668649842126478
lesion_t8,3277,0.044590666106534414
lesion_t8,3278,0.04657748722506249
lesion_t8,3279,0.04859901891099098
lesion_t8,3280,0.031895353606534414
lesion_t8,3281,0.039707853606534414
lesion_t8,3282,0.027067940284371927
lesion_t8,3283,0.0376421088499449
lesion_t8,3284,0.046720194539792856
lesion_t8,3285,0.09439535360653442
lesion_t8,3286,0.044590666106534414
lesion_t8,3287,0.045567228606534414
lesion_t8,3288,0.05927279972506249
lesion_t8,3289,0.04073981528437193
lesion_t8,3290,0.045567228606534414
lesion_t8,3291,0.05731967472506249
lesion_t8,3292,0.04963880101887505
lesion_t8,3293,0.047520353606534414
lesion_t8,3294,0.03792005101887505
lesion_t8,3295,0.052579569539792856
lesion_t8,3296,0.02815442601887505
lesion_t8,3297,0.04375681092126478
lesion_t8,3298,0.04071811222506248
lesion_t8,3299,0.0513139838499449
lesion_t8,3300,0.02508111916584386
lesion_t8,3301,0.0359997100991023
lesion_t8,3302,0.03876498722506248
lesion_t8,3303,0.035865387283203334
lesion_t8,3304,0.03683356528437193
lesion_t8,3305,0.04462436222506248
lesion_t8,3306,0.041072845578752536
lesion_t8,3307,0.034025794078093675
lesion_t8,3308,0.04755404972506249
lesion_t8,3309,0.0366655463499449
lesion_t8,3310,0.04473337342126478
lesion_t8,3311,0.04755404972506249
lesion_t8,3312,0.06607504110653442
lesion_t8,3313,0.04364779972506249
lesion_t8,3314,0.05055214391099098
lesion_t8,3315,0.03106149842126478
lesion_t8,3316,0.033992097959565606
lesion_t8,3317,0.047520353606534414
lesion_t8,3318,0.06415561222506248
lesion_t8,3319,0.029142981578093675
lesion_t8,3320,0.03194714422398471
lesion_t8,3321,0.05437799416584386
lesion_t8,3322,0.03781012778437193
lesion_t8,3323,0.03704467928503079
lesion_t8,3324,0.034825041106534414
lesion_t8,3325,0.03789743592126478
lesion_t8,3326,0.0466874104595656
lesion_t8,3327,0.058262541106534414
lesion_t8,3328,0.05742868592126478
lesion_t8,3329,0.03980995641099098
lesion_t8,3330,0.04196900833360541
lesion_t8,3331,0.053288811909254344
lesion_t8,3332,0.03676764915440146
lesion_t8,3333,0.032059763980574224
lesion_t8,3334,0.047520353606534414
lesion_t8,3335,0.039952663725721344
lesion_t8,3336,0.03585700278437193
lesion_t8,3337,0.0542436713499449
lesion_t8,3338,0.027065243762285536
lesion_t8,3339,0.021183253664675265
lesion_t8,3340,0.03777643166584386
lesion_t8,3341,0.03890769453979285
lesion_t8,3342,0.048640535459565606
lesion_t8,3343,0.030119544078093675
lesion_t8,3344,0.05242486916584386
lesion_t8,3345,0.04082712342126478
lesion_t8,3346,0.051603007039792856
lesion_t8,3347,0.03484674416584386
lesion_t8,3348,0.03681186222506248
lesion_t8,3349,0.04082021502951905
lesion_t8,3350,0.016281539713710907
lesion_t8,3351,0.02921138826402217
lesion_t8,3352,0.034825041106534414
lesion_t8,3353,0.02228723058882849
lesion_t8,3354,0.03590370641099098
lesion_t8,3355,0.046543791106534414
lesion_t8,3356,0.03583529972506248
lesion_t8,3357,0.0366655463499449
lesion_t8,3358,0.055332853606534414
lesion_t8,3359,0.039707853606534414
lesion_t8,3360,0.02703424416584386
lesion_t8,3361,0.03388217472506248
lesion_t8,3362,0.0505936604595656
lesion_t8,3363,0.02024129932150416
lesion_t8,3364,0.044876992774295965
lesion_t8,3365,0.05144830666584386
lesion_t8,3366,0.050694851225721344
lesion_t8,3367,0.039872263980574224
lesion_t8,3368,0.046543791106534414
lesion_t8,3369,0.04570993592126478
lesion_t8,3370,0.03876498722506248
lesion_t8,3371,0.047520353606534414
lesion_t8,3372,0.046830117774295965
lesion_t8,3373,0.05341342472506249
lesion_t8,3374,0.03585700278437193
lesion_t8,3375,0.044590666106534414
lesion_t8,3376,0.037919138980574224
lesion_t8,3377,0.03597800703979285
lesion_t8,3378,0.05340143166584386
lesion_t8,3379,0.027210647599102293
lesion_t8,3380,0.057285978606534414
lesion_t8,3381,0.0505936604595656
lesion_t8,3382,0.05730768166584386
lesion_t8,3383,0.05152870641099098
lesion_t8,3384,0.03778842472506248
lesion_t8,3385,0.03875299416584386
lesion_t8,3386,0.032072669078093675
lesion_t8,3387,0.043644191164675265
lesion_t8,3388,0.018509805274295972
lesion_t8,3389,0.051426603606534414
lesion_t8,3390,0.03791223058882849
lesion_t8,3391,0.040828035459565606
lesion_t8,3392,0.020484633333605416
lesion_t8,3393,0.0483842963499449
lesion_t8,3394,0.032072669078093675
lesion_t8,3395,0.047520353606534414
lesion_t8,3396,0.042814856578093675
lesion_t8,3397,0.04379050703979285
lesion_t8,3398,0.038874910459565606
lesion_t8,3399,0.03597800703979285
lesion_t8,3400,0.03307002259910229
lesion_t8,3401,0.03789743592126478
lesion_t8,3402,0.031116897599102297
lesion_t8,3403,0.04560092472506249
lesion_t8,3404,0.0405717963499449
lesion_t8,3405,0.03876498722506248
lesion_t8,3406,0.046543791106534414
lesion_t8,3407,0.03988425703979285
lesion_t8,3408,0.040684416106534414
lesion_t8,3409,0.03290561222506248
lesion_t8,3410,0.034825041106534414
lesion_t8,3411,0.04570993592126478
lesion_t8,3412,0.03217385984424941
lesion_t8,3413,0.028955149154401463
lesion_t8,3414,0.031083201480574224
lesion_t8,3415,0.04766306092126478
lesion_t8,3416,0.040929226225721344
lesion_t8,3417,0.02903036182150416
lesion_t8,3418,0.051426603606534414
lesion_t8,3419,0.040929226225721344
lesion_t8,3420,0.03887399842126478
lesion_t8,3421,0.059239103606534414
lesion_t8,3422,0.039707853606534414
lesion_t8,3423,0.05536654972506249
lesion_t8,3424,0.03688026891099098
lesion_t8,3425,0.024280960099102293
lesion_t8,3426,0.059239103606534414
lesion_t8,3427,0.04379141907809368
lesion_t8,3428,0.053379728606534414
lesion_t8,3429,0.06133493592126478
lesion_t8,3430,0.03681186222506248
lesion_t8,3431,0.04950717472506249
lesion_t8,3432,0.03593740252951905
lesion_t8,3433,0.03008493592126478
lesion_t8,3434,0.052458565284371934
lesion_t8,3435,0.0366655463499449
lesion_t8,3436,0.04668649842126478
lesion_t8,3437,0.047520353606534414
lesion_t8,3438,0.0457653350991023
lesion_t8,3439,0.03686365284251278
lesion_t8,3440,0.049649882039792856
lesion_t8,3441,0.039017617774295965
lesion_t8,3442,0.035831691164675265
lesion_t8,3443,0.030974190284371927
lesion_t8,3444,0.04755044116467526
lesion_t8,3445,0.03778842472506248
lesion_t8,3446,0.04281394453979285
lesion_t8,3447,0.04950717472506249
lesion_t8,3448,0.05272318889282404
lesion_t8,3449,0.03106149842126478
lesion_t8,3450,0.016536866785030788
lesion_t8,3451,0.02315808172398471
lesion_t8,3452,0.04086173157809368
lesion_t8,3453,0.04265924416584386
lesion_t8,3454,0.05254587342126478
lesion_t8,3455,0.039851472959565606
lesion_t8,3456,0.04476706953979285
lesion_t8,3457,0.03201915947030042
lesion_t8,3458,0.03510354734424942
lesion_t8,3459,0.050371117468472976
lesion_t8,3460,0.03974154972506248
lesion_t8,3461,0.050450041106534414
lesion_t8,3462,0.05828424416584386
lesion_t8,3463,0.03777643166584386
lesion_t8,3464,0.03679986916584386
lesion_t8,3465,0.03203806092126478
lesion_t8,3466,0.02823482576402217
lesion_t8,3467,0.04375681092126478
lesion_t8,3468,0.03399118592126478
lesion_t8,3469,0.03514506389282404
lesion_t8,3470,0.047684763980574224
lesion_t8,3471,0.0486405354595656
lesion_t8,3472,0.03485873722506248
lesion_t8,3473,0.025114815284371927
lesion_t8,3474,0.036921785459565606
lesion_t8,3475,0.03109519453979285
lesion_t8,3476,0.031083201480574224
lesion_t8,3477,0.042546624409254344
lesion_t8,3478,0.046708201480574224
lesion_t8,3479,0.030220734844249413
lesion_t8,3480,0.028233913725721344
lesion_t8,3481,0.05146029972506249
lesion_t8,3482,0.02617868592126478
lesion_t8,3483,0.054356291106534414
lesion_t8,3484,0.017525422344249413
lesion_t8,3485,0.036841949783203334
lesion_t8,3486,0.04461236916584386
lesion_t8,3487,0.047765163725721344
lesion_t8,3488,0.03390387778437193
lesion_t8,3489,0.033848478606534414
lesion_t8,3490,0.03402488203979285
lesion_t8,3491,0.029997627784371927
lesion_t8,3492,0.04762245641099098
lesion_t8,3493,0.040848826480574224
lesion_t8,3494,0.06031776891099098
lesion_t8,3495,0.0427950430888285
lesion_t8,3496,0.053435127784371934
lesion_t8,3497,0.04179677752951905
lesion_t8,3498,0.03887399842126478
lesion_t8,3499,0.03875299416584386
lesion_t8,3500,0.05254587342126478
lesion_t8,3501,0.05250526891099098
lesion_t8,3502,0.02328269453979285
lesion_t8,3503,0.051426603606534414
lesion_t8,3504,0.05243686222506249
lesion_t8,3505,0.02035300703979285
lesion_t8,3506,0.02815442601887505
lesion_t8,3507,0.04949518166584386
lesion_t8,3508,0.05840524842126478
lesion_t8,3509,0.04656549416584385
lesion_t8,3510,0.03901761777429597
lesion_t8,3511,0.03195075278437193
lesion_t8,3512,0.032871916106534414
lesion_t8,3513,0.03315824277429597
lesion_t8,3514,0.029942228606534414
lesion_t8,3515,0.02801080666584386
lesion_t8,3516,0.033015535459565606
lesion_t8,3517,0.053556132039792856
lesion_t8,3518,0.041582054968472976
lesion_t8,3519,0.050450041106534414
lesion_t8,3520,0.042546624409254344
lesion_t8,3521,0.0542436713499449
lesion_t8,3522,0.041660978606534414
lesion_t8,3523,0.06621774842126478
lesion_t8,3524,0.044590666106534414
lesion_t8,3525,0.0425249213499449
lesion_t8,3526,0.06412191610653442
lesion_t8,3527,0.022159816164675265
lesion_t8,3528,0.03387947820297609
lesion_t8,3529,0.04378781051770646
lesion_t8,3530,0.035710686909254344
lesion_t8,3531,0.045597316164675265
lesion_t8,3532,0.039872263980574224
lesion_t8,3533,0.050450041106534414
lesion_t8,3534,0.04462436222506249
lesion_t8,3535,0.04570993592126478
lesion_t8,3536,0.04961618592126478
lesion_t8,3537,0.03398066896913183
lesion_t8,3538,0.048496916106534414
lesion_t8,3539,0.0268999213499449
lesion_t8,3540,0.052458565284371934
lesion_t8,3541,0.03590370641099098
lesion_t8,3542,0.033769554968472976
lesion_t8,3543,0.04476706953979285
lesion_t8,3544,0.04560092472506249
lesion_t8,3545,0.059239103606534414
lesion_t8,3546,0.049637888980574224
lesion_t8,3547,0.029089471970300422
lesion_t8,3548,0.04863962342126478
lesion_t8,3549,0.04558893166584385
lesion_t8,3550,0.034855128664675265
lesion_t8,3551,0.05926080666584386
lesion_t8,3552,0.0739212372250625
lesion_t8,3553,0.024383062903558857
lesion_t8,3554,0.04071811222506249
lesion_t8,3555,0.035945222959565606
lesion_t8,3556,0.055332853606534414
lesion_t8,3557,0.04071811222506248
lesion_t8,3558,0.034825041106534414
lesion_t8,3559,0.053624538725721344
lesion_t8,3560,0.022119211654401463
lesion_t8,3561,0.036955481578093675
lesion_t8,3562,0.035801603606534414
lesion_t8,3563,0.02703424416584386
lesion_t8,3564,0.06906012778437193
lesion_t8,3565,0.0415483588499449
lesion_t8,3566,0.04168268166584385
lesion_t8,3567,0.038731291106534414
lesion_t8,3568,0.03304831953979285
lesion_t8,3569,0.0535233479595656
lesion_t8,3570,0.028999362225062483
lesion_t8,3571,0.043749902529519054
lesion_t8,3572,0.05927279972506249
lesion_t8,3573,0.03123881389282404
lesion_t8,3574,0.03789052752951905
lesion_t8,3575,0.06024936222506249
lesion_t8,3576,0.02921138826402217
lesion_t8,3577,0.03972955666584386
lesion_t8,3578,0.03485873722506248
lesion_t8,3579,0.050450041106534414
lesion_t8,3580,0.05352243592126478
lesion_t8,3581,0.050626444539792856
lesion_t8,3582,0.0532671088499449
lesion_t8,3583,0.02910837342126478
lesion_t8,3584,0.03409420076402217
lesion_t8,3585,0.042637541106534414
lesion_t8,3586,0.037919138980574224
lesion_t8,3587,0.04560092472506249
lesion_t8,3588,0.03988425703979285
lesion_t8,3589,0.05341342472506249
lesion_t8,3590,0.05633111916584386
lesion_t8,3591,0.03191705666584386
lesion_t8,3592,0.03876498722506248
lesion_t8,3593,0.03290561222506248
lesion_t8,3594,0.03083986746847297
lesion_t8,3595,0.04574454407809368
lesion_t8,3596,0.041660978606534414
lesion_t8,3597,0.0425249213499449
lesion_t8,3598,0.025337922344249413
lesion_t8,3599,0.028022799725062483
lesion_t8,3600,0.052403166106534414
lesion_t8,3601,0.027210647599102293
lesion_t8,3602,0.03789743592126478
lesion_t8,3603,0.03876498722506248
lesion_t8,3604,0.019230128664675265
lesion_t8,3605,0.04657748722506249
lesion_t8,3606,0.0349825430888285
lesion_t8,3607,0.021319964625960725
lesion_t8,3608,0.0446424567239847
lesion_t8,3609,0.043523186909254344
lesion_t8,3610,0.028019191164675265
lesion_t8,3611,0.044620753664675265
lesion_t8,3612,0.03777643166584386
lesion_t8,3613,0.03218168027429597
lesion_t8,3614,0.059403513980574224
lesion_t8,3615,0.03593740252951905
lesion_t8,3616,0.04082712342126478
lesion_t8,3617,0.045731638980574224
lesion_t8,3618,0.048496916106534414
lesion_t8,3619,0.0447342854595656
lesion_t8,3620,0.04461236916584385
lesion_t8,3621,0.024248740087659898
lesion_t8,3622,0.0641556122250625
lesion_t8,3623,0.03192904972506248
lesion_t8,3624,0.023384797344249413
lesion_t8,3625,0.05243686222506248
lesion_t8,3626,0.05055214391099098
lesion_t8,3627,0.03301462342126478
lesion_t8,3628,0.03387018166584386
lesion_t8,3629,0.03198084034251278
lesion_t8,3630,0.047684763980574224
lesion_t8,3631,0.042558617468472976
lesion_t8,3632,0.04560092472506249
lesion_t8,3633,0.026179597959565606
lesion_t8,3634,0.03583529972506249
lesion_t8,3635,0.03290561222506248
lesion_t8,3636,0.02816550703979285
lesion_t8,3637,0.04853061222506248
lesion_t8,3638,0.032871916106534414
lesion_t8,3639,0.042546624409254344
lesion_t8,3640,0.05645212342126478
lesion_t8,3641,0.0435014838499449
lesion_t8,3642,0.04180368592126478
lesion_t8,3643,0.052567576480574224
lesion_t8,3644,0.029067768910990978
lesion_t8,3645,0.04950717472506249
lesion_t8,3646,0.05245856528437193
lesion_t8,3647,0.04668649842126478
lesion_t8,3648,0.061192228606534414
lesion_t8,3649,0.028275430274295972
lesion_t8,3650,0.03487683172398471
lesion_t8,3651,0.052403166106534414
lesion_t8,3652,0.03890769453979285
lesion_t8,3653,0.0554764729595656
lesion_t8,3654,0.037932044078093675
lesion_t8,3655,0.033015535459565606
lesion_t8,3656,0.048673319539792856
lesion_t8,3657,0.03594431092126478
lesion_t8,3658,0.029089471970300422
lesion_t8,3659,0.041804597959565606
lesion_t8,3660,0.042546624409254344
lesion_t8,3661,0.02244975139282404
lesion_t8,3662,0.04377942601887505
lesion_t8,3663,0.05840524842126478
lesion_t8,3664,0.06122592472506249
lesion_t8,3665,0.04560092472506249
lesion_t8,3666,0.037818512283203334
lesion_t8,3667,0.03488044028437193
lesion_t8,3668,0.046543791106534414
lesion_t8,3669,0.029997627784371927
lesion_t8,3670,0.031163601225721344
lesion_t8,3671,0.029021065284371927
lesion_t8,3672,0.044590666106534414
lesion_t8,3673,0.04461236916584385
lesion_t8,3674,0.0464311713499449
lesion_t8,3675,0.054356291106534414
lesion_t8,3676,0.046788601225721344
lesion_t8,3677,0.054356291106534414
lesion_t8,3678,0.05449899842126478
lesion_t8,3679,0.03590370641099098
lesion_t8,3680,0.02425925703979285
lesion_t8,3681,0.061113304968472976
lesion_t8,3682,0.018387888980574224
lesion_t8,3683,0.06512018166584385
lesion_t8,3684,0.046464867468472976
lesion_t8,3685,0.03289361916584386
lesion_t8,3686,0.0308061713499449
lesion_t8,3687,0.019109124409254344
lesion_t8,3688,0.04283564759910229
lesion_t8,3689,0.03792005101887505
lesion_t8,3690,0.03990596009910229
lesion_t8,3691,0.046543791106534414
lesion_t8,3692,0.03582330666584386
lesion_t8,3693,0.01937644453979285
lesion_t8,3694,0.03500235657809368
lesion_t8,3695,0.0747514838499449
lesion_t8,3696,0.05144830666584386
lesion_t8,3697,0.04278024842126478
lesion_t8,3698,0.054356291106534414
lesion_t8,3699,0.053435127784371934
lesion_t8,3700,0.029975924725062483
lesion_t8,3701,0.043614103606534414
lesion_t8,3702,0.059415507039792856
lesion_t8,3703,0.04363580666584385
lesion_t8,3704,0.04754205666584386
lesion_t8,3705,0.028999362225062483
lesion_t8,3706,0.044590666106534414
lesion_t8,3707,0.053379728606534414
lesion_t8,3708,0.028022799725062483
lesion_t8,3709,0.059239103606534414
lesion_t8,3710,0.03997436678503079
lesion_t8,3711,0.03974154972506248
lesion_t8,3712,0.04278024842126478
lesion_t8,3713,0.038874910459565606
lesion_t8,3714,0.0347124213499449
lesion_t8,3715,0.03681186222506248
lesion_t8,3716,0.04573255101887505
lesion_t8,3717,0.055509257039792856
lesion_t8,3718,0.05340143166584386
lesion_t8,3719,0.05254587342126478
lesion_t8,3720,0.027257351225721344
lesion_t8,3721,0.03484674416584386
lesion_t8,3722,0.03974154972506249
lesion_t8,3723,0.04851861916584386
lesion_t8,3724,0.03400598058882849
lesion_t8,3725,0.0386186713499449
lesion_t8,3726,0.04364779972506249
lesion_t8,3727,0.03510354734424941
lesion_t8,3728,0.027279966323331614
lesion_t8,3729,0.03499036351887505
lesion_t8,3730,0.037754728606534414
lesion_t8,3731,0.03297401891099098
lesion_t8,3732,0.04270223682150416
lesion_t8,3733,0.034734124409254344
lesion_t8,3734,0.03695456953979285
lesion_t8,3735,0.045710847959565606
lesion_t8,3736,0.059239103606534414
lesion_t8,3737,0.034025794078093675
lesion_t8,3738,0.04478877259910229
lesion_t8,3739,0.043669502784371934
lesion_t8,3740,0.0464311713499449
lesion_t8,3741,0.02913098851887505
lesion_t8,3742,0.03206067601887505
lesion_t8,3743,0.028955149154401463
lesion_t8,3744,0.03399118592126478
lesion_t8,3745,0.04364779972506248
lesion_t8,3746,0.03109519453979285
lesion_t8,3747,0.039707853606534414
lesion_t8,3748,0.03583529972506248
lesion_t8,3749,0.04082712342126478
lesion_t8,3750,0.06415200366467527
lesion_t8,3751,0.05547556092126478
lesion_t8,3752,0.05048373722506249
lesion_t8,3753,0.04570993592126478
lesion_t8,3754,0.042637541106534414
lesion_t8,3755,0.03199745641099098
lesion_t8,3756,0.05348183141099098
lesion_t8,3757,0.03695456953979285
lesion_t8,3758,0.020341013980574224
lesion_t8,3759,0.03789743592126478
lesion_t8,3760,0.04071811222506248
lesion_t8,3761,0.035801603606534414
lesion_t8,3762,0.03500144453979285
lesion_t8,3763,0.027002024154401463
lesion_t8,3764,0.033049231578093675
lesion_t8,3765,0.045567228606534414
lesion_t8,3766,0.0522905463499449
lesion_t8,3767,0.036109633333605416
lesion_t8,3768,0.053435127784371934
lesion_t8,3769,0.03876498722506248
lesion_t8,3770,0.054356291106534414
lesion_t8,3771,0.03502314759910229
lesion_t8,3772,0.03214107576402217
lesion_t8,3773,0.04002787639282404
lesion_t8,3774,0.0386186713499449
lesion_t8,3775,0.04766306092126478
lesion_t8,3776,0.04379050703979285
lesion_t8,3777,0.04560092472506249
lesion_t8,3778,0.03694348851887505
lesion_t8,3779,0.03390387778437193
lesion_t8,3780,0.050450041106534414
lesion_t8,3781,0.0317827338499449
lesion_t8,3782,0.039952663725721344
lesion_t8,3783,0.04379050703979285
lesion_t8,3784,0.05449899842126478
lesion_t8,3785,0.037754728606534414
lesion_t8,3786,0.05645212342126478
lesion_t8,3787,0.05449899842126478
lesion_t8,3788,0.07681722860653442
lesion_t8,3789,0.04078651891099098
lesion_t8,3790,0.036687249409254344
lesion_t8,3791,0.04548830496847297
lesion_t8,3792,0.04659919028437193
lesion_t8,3793,0.047697669078093675
lesion_t8,3794,0.04950717472506249
lesion_t8,3795,0.0278764838499449
lesion_t8,3796,0.038908606578093675
lesion_t8,3797,0.03583529972506248
lesion_t8,3798,0.057285978606534414
lesion_t8,3799,0.05048373722506249
lesion_t8,3800,0.051426603606534414
lesion_t8,3801,0.05047174416584386
lesion_t8,3802,0.052403166106534414
lesion_t8,3803,0.052579569539792856
lesion_t8,3804,0.03583529972506248
lesion_t8,3805,0.06609674416584385
lesion_t8,3806,0.04168268166584385
lesion_t8,3807,0.032059763980574224
lesion_t8,3808,0.030974190284371927
lesion_t8,3809,0.02898736916584386
lesion_t8,3810,0.05146029972506249
lesion_t8,3811,0.044590666106534414
lesion_t8,3812,0.03496084002951905
lesion_t8,3813,0.03221537639282404
lesion_t8,3814,0.03390026922398471
lesion_t8,3815,0.062168791106534414
lesion_t8,3816,0.05059274842126478
lesion_t8,3817,0.025223826480574224
lesion_t8,3818,0.028999362225062483
lesion_t8,3819,0.028022799725062483
lesion_t8,3820,0.0552202338499449
lesion_t8,3821,0.05938181092126478
lesion_t8,3822,0.041660978606534414
lesion_t8,3823,0.046464867468472976
lesion_t8,3824,0.054356291106534414
lesion_t8,3825,0.04757305626228553
lesion_t8,3826,0.029997627784371927
lesion_t8,3827,0.03207175703979285
lesion_t8,3828,0.03878669028437193
lesion_t8,3829,0.041804597959565606
lesion_t8,3830,0.027067940284371927
lesion_t8,3831,0.03892939759910229
lesion_t8,3832,0.04281485657809368
lesion_t8,3833,0.02045602188255024
lesion_t8,3834,0.03496774842126478
lesion_t8,3835,0.054356291106534414
lesion_t8,3836,0.030952487225062483
lesion_t8,3837,0.03484674416584386
lesion_t8,3838,0.03008493592126478
lesion_t8,3839,0.05742868592126478
lesion_t8,3840,0.02717786351887505
lesion_t8,3841,0.040605492468472976
lesion_t8,3842,0.035831691164675265
lesion_t8,3843,0.05437799416584386
lesion_t8,3844,0.041905788725721344
lesion_t8,3845,0.02721155963740312
lesion_t8,3846,0.043790507039792856
lesion_t8,3847,0.03404658509910229
lesion_t8,3848,0.03985056092126478
lesion_t8,3849,0.02129587342126478
lesion_t8,3850,0.06705160360653442
lesion_t8,3851,0.07681722860653442
lesion_t8,3852,0.0640092963499449
lesion_t8,3853,0.0337358588499449
lesion_t8,3854,0.057285978606534414
lesion_t8,3855,0.042801951480574224
lesion_t8,3856,0.05146029972506249
lesion_t8,3857,0.03785683141099098
lesion_t8,3858,0.06509847860653442
lesion_t8,3859,0.02814660558882849
lesion_t8,3860,0.05156931092126478
lesion_t8,3861,0.054356291106534414
lesion_t8,3862,0.06607504110653442
lesion_t8,3863,0.059239103606534414
lesion_t8,3864,0.03781942432150416
lesion_t8,3865,0.0317827338499449
lesion_t8,3866,0.046464867468472976
lesion_t8,3867,0.032059763980574224
lesion_t8,3868,0.048527003664675265
lesion_t8,3869,0.02605768166584386
lesion_t8,3870,0.05634311222506249
lesion_t8,3871,0.03781012778437193
lesion_t8,3872,0.06024936222506249
lesion_t8,3873,0.04265924416584386
lesion_t8,3874,0.04071811222506248
lesion_t8,3875,0.0356889838499449
lesion_t8,3876,0.04855231528437193
lesion_t8,3877,0.05551016907809368
lesion_t8,3878,0.06607504110653442
lesion_t8,3879,0.01845258469554397
lesion_t8,3880,0.039707853606534414
lesion_t8,3881,0.04657748722506249
lesion_t8,3882,0.043614103606534414
lesion_t8,3883,0.03319193889282404
lesion_t8,3884,0.03988425703979285
lesion_t8,3885,0.03502405963740312
lesion_t8,3886,0.03769750802778241
lesion_t8,3887,0.040684416106534414
lesion_t8,3888,0.03695456953979285
lesion_t8,3889,0.03206067601887505
lesion_t8,3890,0.059239103606534414
lesion_t8,3891,0.04859901891099098
lesion_t8,3892,0.046687410459565606
lesion_t8,3893,0.048673319539792856
lesion_t8,3894,0.046720194539792856
lesion_t8,3895,0.05938181092126478
lesion_t8,3896,0.06412191610653442
lesion_t8,3897,0.03395058141099098
lesion_t8,3898,0.05547556092126478
lesion_t8,3899,0.042814856578093675
lesion_t8,3900,0.037754728606534414
lesion_t8,3901,0.032871916106534414
lesion_t8,3902,0.051426603606534414
lesion_t8,3903,0.026099762283203334
lesion_t8,3904,0.016436240087659898
lesion_t8,3905,0.041660978606534414
lesion_t8,3906,0.02537943889282404
lesion_t8,3907,0.024471283078752536
lesion_t8,3908,0.02120495672398471
lesion_t8,3909,0.05352243592126478
lesion_t8,3910,0.032871916106534414
lesion_t8,3911,0.04950717472506249
lesion_t8,3912,0.05055214391099098
lesion_t8,3913,0.03676764915440146
lesion_t8,3914,0.030330658078752536
lesion_t8,3915,0.055253929968472976
lesion_t8,3916,0.038731291106534414
lesion_t8,3917,0.054356291106534414
lesion_t8,3918,0.02605768166584386
lesion_t8,3919,0.04461236916584386
lesion_t8,3920,0.056339503664675265
lesion_t8,3921,0.02512411182150416
lesion_t8,3922,0.030119544078093675
lesion_t8,3923,0.0327592963499449
lesion_t8,3924,0.053379728606534414
lesion_t8,3925,0.06219049416584386
lesion_t8,3926,0.050450041106534414
lesion_t8,3927,0.048417992468472976
lesion_t8,3928,0.04070611916584386
lesion_t8,3929,0.04364779972506249
lesion_t8,3930,0.041947305274295965
lesion_t8,3931,0.044755076480574224
lesion_t8,3932,0.05437799416584386
lesion_t8,3933,0.055332853606534414
lesion_t8,3934,0.03597800703979285
lesion_t8,3935,0.07095785360653442
lesion_t8,3936,0.03292731528437193
lesion_t8,3937,0.018531508333605416
lesion_t8,3938,0.027291047344249413
lesion_t8,3939,0.04558893166584386
lesion_t8,3940,0.03875299416584385
lesion_t8,3941,0.03192904972506248
lesion_t8,3942,0.06500756190925434
lesion_t8,3943,0.06719431092126478
lesion_t8,3944,0.04278024842126478
lesion_t8,3945,0.05828424416584386
lesion_t8,3946,0.061192228606534414
lesion_t8,3947,0.0505936604595656
lesion_t8,3948,0.026234085099102293
lesion_t8,3949,0.04560092472506249
lesion_t8,3950,0.04364779972506249
lesion_t8,3951,0.046543791106534414
lesion_t8,3952,0.051591013980574224
lesion_t8,3953,0.044590666106534414
lesion_t8,3954,0.03572267996847297
lesion_t8,3955,0.044590666106534414
lesion_t8,3956,0.046543791106534414
lesion_t8,3957,0.041825388980574224
lesion_t8,3958,0.04766306092126478
lesion_t8,3959,0.026213294078093675
lesion_t8,3960,0.027176951480574224
lesion_t8,3961,0.057285978606534414
lesion_t8,3962,0.025195215029519047
lesion_t8,3963,0.05437799416584386
lesion_t8,3964,0.04755404972506249
lesion_t8,3965,0.057285978606534414
lesion_t8,3966,0.03290561222506248
lesion_t8,3967,0.03887399842126478
lesion_t8,3968,0.039884257039792856
lesion_t8,3969,0.0298296088499449
lesion_t8,3970,0.037999538725721344
lesion_t8,3971,0.03681186222506248
lesion_t8,3972,0.04363580666584385
lesion_t8,3973,0.028166419078093675
lesion_t8,3974,0.04863962342126478
lesion_t8,3975,0.036942576480574224
lesion_t8,3976,0.03977163728320334
lesion_t8,3977,0.06035837342126478
lesion_t8,3978,0.054386378664675265
lesion_t8,3979,0.0552202338499449
lesion_t8,3980,0.04183738203979285
lesion_t8,3981,0.04668649842126478
lesion_t8,3982,0.022397153823331614
lesion_t8,3983,0.03388217472506248
lesion_t8,3984,0.044590666106534414
lesion_t8,3985,0.05136938302778242
lesion_t8,3986,0.038731291106534414
lesion_t8,3987,0.03875299416584386
lesion_t8,3988,0.02725826326402217
lesion_t8,3989,0.059239103606534414
lesion_t8,3990,0.052403166106534414
lesion_t8,3991,0.03390387778437193
lesion_t8,3992,0.037919138980574224
lesion_t8,3993,0.059239103606534414
lesion_t8,3994,0.05730768166584386
lesion_t8,3995,0.03116451326402217
lesion_t8,3996,0.0483842963499449
lesion_t8,3997,0.0437577229595656
lesion_t8,3998,0.049473478606534414
lesion_t8,3999,0.03876498722506248
