distance,case,repeat,method,total_paid_shots,pilot_shots,production_z,production_bell,energy,error,standard_error,acceptance
0.735,ideal,0,uniform_raw,2048,0,1024,1024,-1.1300090743590725,0.00729696139432745,0.00787177397163764,1.0
0.735,ideal,0,uniform_filtered,2048,0,1024,1024,-1.1300090743590725,0.00729696139432745,0.00787177397163764,1.0
0.735,ideal,0,adaptive_filtered,2048,256,793,999,-1.1367561846148382,0.0005498511385617633,0.008649154707595422,1.0
0.735,ideal,1,uniform_raw,2048,0,1024,1024,-1.139056068780636,-0.0017500330272359754,0.00797002918930663,1.0
0.735,ideal,1,uniform_filtered,2048,0,1024,1024,-1.139056068780636,-0.0017500330272359754,0.00797002918930663,1.0
0.735,ideal,1,adaptive_filtered,2048,256,795,997,-1.1454309802762106,-0.008124944522810651,0.008375203626330924,1.0
0.735,ideal,2,uniform_raw,2048,0,1024,1024,-1.1344621125361143,0.00284392321728566,0.007993390470352031,1.0
0.735,ideal,2,uniform_filtered,2048,0,1024,1024,-1.1344621125361143,0.00284392321728566,0.007993390470352031,1.0
0.735,ideal,2,adaptive_filtered,2048,256,784,1008,-1.1473137239975593,-0.010007688244159318,0.008409000834341974,1.0
0.735,ideal,3,uniform_raw,2048,0,1024,1024,-1.1252069992559726,0.012099036497427385,0.009072458387202135,1.0
0.735,ideal,3,uniform_filtered,2048,0,1024,1024,-1.1252069992559726,0.012099036497427385,0.009072458387202135,1.0
0.735,ideal,3,adaptive_filtered,2048,256,935,857,-1.1339117776449235,0.003394258108476489,0.008735754206980794,1.0
0.735,ideal,4,uniform_raw,2048,0,1024,1024,-1.134743948671073,0.0025620870823268582,0.007706412143685966,1.0
0.735,ideal,4,uniform_filtered,2048,0,1024,1024,-1.134743948671073,0.0025620870823268582,0.007706412143685966,1.0
0.735,ideal,4,adaptive_filtered,2048,256,784,1008,-1.1420405575955255,-0.0047345218421255275,0.00796855895894136,1.0
0.735,ideal,5,uniform_raw,2048,0,1024,1024,-1.135238247988131,0.002067787765268836,0.007556374740866331,1.0
0.735,ideal,5,uniform_filtered,2048,0,1024,1024,-1.135238247988131,0.002067787765268836,0.007556374740866331,1.0
0.735,ideal,5,adaptive_filtered,2048,256,1138,654,-1.1214083705081808,0.015897665245219184,0.00923284049728929,1.0
0.735,ideal,6,uniform_raw,2048,0,1024,1024,-1.137217617418123,8.841833527695186e-05,0.007694594254519294,1.0
0.735,ideal,6,uniform_filtered,2048,0,1024,1024,-1.137217617418123,8.841833527695186e-05,0.007694594254519294,1.0
0.735,ideal,6,adaptive_filtered,2048,256,788,1004,-1.138825813954646,-0.001519778201246158,0.008209279086430593,1.0
0.735,ideal,7,uniform_raw,2048,0,1024,1024,-1.1452022959291908,-0.007896260175790815,0.00704157566258958,1.0
0.735,ideal,7,uniform_filtered,2048,0,1024,1024,-1.1452022959291908,-0.007896260175790815,0.00704157566258958,1.0
0.735,ideal,7,adaptive_filtered,2048,256,128,1664,-1.150488665944835,-0.013182630191435063,0.004360108699680631,1.0
0.735,ideal,8,uniform_raw,2048,0,1024,1024,-1.1262649708429477,0.011041064910452203,0.008437380142742902,1.0
0.735,ideal,8,uniform_filtered,2048,0,1024,1024,-1.1262649708429477,0.011041064910452203,0.008437380142742902,1.0
0.735,ideal,8,adaptive_filtered,2048,256,951,841,-1.1439344035543062,-0.006628367800906254,0.008028098746815959,1.0
0.735,ideal,9,uniform_raw,2048,0,1024,1024,-1.1392663598009745,-0.001960324047574513,0.007385991126531536,1.0
0.735,ideal,9,uniform_filtered,2048,0,1024,1024,-1.1392663598009745,-0.001960324047574513,0.007385991126531536,1.0
0.735,ideal,9,adaptive_filtered,2048,256,949,843,-1.1587797284333474,-0.021473692679947476,0.007755199812274691,1.0
0.735,ideal,10,uniform_raw,2048,0,1024,1024,-1.1348176659474536,0.0024883698059463555,0.008655054839002885,1.0
0.735,ideal,10,uniform_filtered,2048,0,1024,1024,-1.1348176659474536,0.0024883698059463555,0.008655054839002885,1.0
0.735,ideal,10,adaptive_filtered,2048,256,956,836,-1.1351096539064987,0.0021963818469012963,0.008387563380311868,1.0
0.735,ideal,11,uniform_raw,2048,0,1024,1024,-1.1383471341197184,-0.0010410983663184936,0.007235742361230205,1.0
0.735,ideal,11,uniform_filtered,2048,0,1024,1024,-1.1383471341197184,-0.0010410983663184936,0.007235742361230205,1.0
0.735,ideal,11,adaptive_filtered,2048,256,960,832,-1.146004350962306,-0.00869831520890596,0.007849073368696852,1.0
0.735,ideal,12,uniform_raw,2048,0,1024,1024,-1.137217617418123,8.841833527695186e-05,0.007694594254519294,1.0
0.735,ideal,12,uniform_filtered,2048,0,1024,1024,-1.137217617418123,8.841833527695186e-05,0.007694594254519294,1.0
0.735,ideal,12,adaptive_filtered,2048,256,784,1008,-1.1356026473043608,0.001703388449039167,0.009330778214040495,1.0
0.735,ideal,13,uniform_raw,2048,0,1024,1024,-1.1476087638851418,-0.010302728131741823,0.008190543095063337,1.0
0.735,ideal,13,uniform_filtered,2048,0,1024,1024,-1.1476087638851418,-0.010302728131741823,0.008190543095063337,1.0
0.735,ideal,13,adaptive_filtered,2048,256,1041,751,-1.130692706598424,0.006613329154975922,0.00836891035480191,1.0
0.735,ideal,14,uniform_raw,2048,0,1024,1024,-1.1353813382173708,0.0019246975360291962,0.008127039439414308,1.0
0.735,ideal,14,uniform_filtered,2048,0,1024,1024,-1.1353813382173708,0.0019246975360291962,0.008127039439414308,1.0
0.735,ideal,14,adaptive_filtered,2048,256,1043,749,-1.142002125226656,-0.004696089473255949,0.008173360432000898,1.0
0.735,ideal,15,uniform_raw,2048,0,1024,1024,-1.134815493785693,0.0024905419677070384,0.007991687522010448,1.0
0.735,ideal,15,uniform_filtered,2048,0,1024,1024,-1.134815493785693,0.0024905419677070384,0.007991687522010448,1.0
0.735,ideal,15,adaptive_filtered,2048,256,951,841,-1.1432200799788905,-0.005914044225490578,0.006989438960839456,1.0
0.735,ideal,16,uniform_raw,2048,0,1024,1024,-1.1410332660488676,-0.0037272302954676206,0.007376936865973178,1.0
0.735,ideal,16,uniform_filtered,2048,0,1024,1024,-1.1410332660488676,-0.0037272302954676206,0.007376936865973178,1.0
0.735,ideal,16,adaptive_filtered,2048,256,956,836,-1.1372739027077454,3.213304565452546e-05,0.008375449469038416,1.0
0.735,ideal,17,uniform_raw,2048,0,1024,1024,-1.1435784799105373,-0.006272444157137347,0.007660537183549681,1.0
0.735,ideal,17,uniform_filtered,2048,0,1024,1024,-1.1435784799105373,-0.006272444157137347,0.007660537183549681,1.0
0.735,ideal,17,adaptive_filtered,2048,256,939,853,-1.1350458707237436,0.0022601650296563136,0.008089792888105008,1.0
0.735,ideal,18,uniform_raw,2048,0,1024,1024,-1.1314247715191472,0.0058812642342527255,0.008544752495737343,1.0
0.735,ideal,18,uniform_filtered,2048,0,1024,1024,-1.1314247715191472,0.0058812642342527255,0.008544752495737343,1.0
0.735,ideal,18,adaptive_filtered,2048,256,951,841,-1.13953695776976,-0.002230922016360104,0.007725386673030901,1.0
0.735,ideal,19,uniform_raw,2048,0,1024,1024,-1.129514775042014,0.007791260711385917,0.008015594864832061,1.0
0.735,ideal,19,uniform_filtered,2048,0,1024,1024,-1.129514775042014,0.007791260711385917,0.008015594864832061,1.0
0.735,ideal,19,adaptive_filtered,2048,256,128,1664,-1.1203583900495366,0.016947645703863312,0.021801671694070764,1.0
0.735,ideal,20,uniform_raw,2048,0,1024,1024,-1.1336838049223372,0.0036222308310627227,0.007711233959205865,1.0
0.735,ideal,20,uniform_filtered,2048,0,1024,1024,-1.1336838049223372,0.0036222308310627227,0.007711233959205865,1.0
0.735,ideal,20,adaptive_filtered,2048,256,784,1008,-1.1524393222563551,-0.015133286502955201,0.007137894326713896,1.0
0.735,ideal,21,uniform_raw,2048,0,1024,1024,-1.1320599889036842,0.005246046849715746,0.008278598667208932,1.0
0.735,ideal,21,uniform_filtered,2048,0,1024,1024,-1.1320599889036842,0.005246046849715746,0.008278598667208932,1.0
0.735,ideal,21,adaptive_filtered,2048,256,789,1003,-1.1398569656480877,-0.002550929894687748,0.007718750875244761,1.0
0.735,ideal,22,uniform_raw,2048,0,1024,1024,-1.1394094500302145,-0.002103414276814597,0.007968122092351112,1.0
0.735,ideal,22,uniform_filtered,2048,0,1024,1024,-1.1394094500302145,-0.002103414276814597,0.007968122092351112,1.0
0.735,ideal,22,adaptive_filtered,2048,256,1096,696,-1.141164459598257,-0.0038584238448571284,0.008346845841555425,1.0
0.735,ideal,23,uniform_raw,2048,0,1024,1024,-1.14803151808758,-0.010725482334180025,0.0077766899076168634,1.0
0.735,ideal,23,uniform_filtered,2048,0,1024,1024,-1.14803151808758,-0.010725482334180025,0.0077766899076168634,1.0
0.735,ideal,23,adaptive_filtered,2048,256,128,1664,-1.117313874668552,0.019992161084847915,0.021804958439249688,1.0
0.735,ideal,24,uniform_raw,2048,0,1024,1024,-1.1533300646694982,-0.01602402891609822,0.0069909554793438885,1.0
0.735,ideal,24,uniform_filtered,2048,0,1024,1024,-1.1533300646694982,-0.01602402891609822,0.0069909554793438885,1.0
0.735,ideal,24,adaptive_filtered,2048,256,805,987,-1.1433817801865929,-0.00607574443319292,0.0081277159913315,1.0
0.735,ideal,25,uniform_raw,2048,0,1024,1024,-1.1256297534584103,0.011676282294989626,0.00869931278874818,1.0
0.735,ideal,25,uniform_filtered,2048,0,1024,1024,-1.1256297534584103,0.011676282294989626,0.00869931278874818,1.0
0.735,ideal,25,adaptive_filtered,2048,256,969,823,-1.136547451853609,0.0007585838997909988,0.008794298414630737,1.0
0.735,ideal,26,uniform_raw,2048,0,1024,1024,-1.1383471341197184,-0.0010410983663184936,0.007235742361230205,1.0
0.735,ideal,26,uniform_filtered,2048,0,1024,1024,-1.1383471341197184,-0.0010410983663184936,0.007235742361230205,1.0
0.735,ideal,26,adaptive_filtered,2048,256,128,1664,-1.1447945483335231,-0.0074885125801231744,0.013166414401227306,1.0
0.735,ideal,27,uniform_raw,2048,0,1024,1024,-1.1335428868548583,0.0037631488985416794,0.00785640665383659,1.0
0.735,ideal,27,uniform_filtered,2048,0,1024,1024,-1.1335428868548583,0.0037631488985416794,0.00785640665383659,1.0
0.735,ideal,27,adaptive_filtered,2048,256,951,841,-1.1351353065053873,0.0021707292480126483,0.008840161240496072,1.0
0.735,ideal,28,uniform_raw,2048,0,1024,1024,-1.1247105277771543,0.012595507976245646,0.00857469358091498,1.0
0.735,ideal,28,uniform_filtered,2048,0,1024,1024,-1.1247105277771543,0.012595507976245646,0.00857469358091498,1.0
0.735,ideal,28,adaptive_filtered,2048,256,796,996,-1.143686754419393,-0.00638071866599299,0.008599500627431813,1.0
0.735,ideal,29,uniform_raw,2048,0,1024,1024,-1.1325564603825025,0.004749575370897485,0.008792124562948929,1.0
0.735,ideal,29,uniform_filtered,2048,0,1024,1024,-1.1325564603825025,0.004749575370897485,0.008792124562948929,1.0
0.735,ideal,29,adaptive_filtered,2048,256,949,843,-1.136108647096917,0.0011973886564828895,0.008235499340621307,1.0
0.735,ideal,30,uniform_raw,2048,0,1024,1024,-1.1456272222933892,-0.008321186539989256,0.007351401074197393,1.0
0.735,ideal,30,uniform_filtered,2048,0,1024,1024,-1.1456272222933892,-0.008321186539989256,0.007351401074197393,1.0
0.735,ideal,30,adaptive_filtered,2048,256,958,834,-1.142110898218152,-0.004804862464752091,0.008190809630675672,1.0
0.735,ideal,31,uniform_raw,2048,0,1024,1024,-1.1386311424164375,-0.001325106663037534,0.0076874836852331065,1.0
0.735,ideal,31,uniform_filtered,2048,0,1024,1024,-1.1386311424164375,-0.001325106663037534,0.0076874836852331065,1.0
0.735,ideal,31,adaptive_filtered,2048,256,935,857,-1.143623370632175,-0.0063173348787750605,0.008676327399167072,1.0
0.735,ideal,32,uniform_raw,2048,0,1024,1024,-1.1300806194736923,0.0072254162797076305,0.008151897592597502,1.0
0.735,ideal,32,uniform_filtered,2048,0,1024,1024,-1.1300806194736923,0.0072254162797076305,0.008151897592597502,1.0
0.735,ideal,32,adaptive_filtered,2048,256,943,849,-1.1450180757295492,-0.007712039976149221,0.007341148439762862,1.0
0.735,ideal,33,uniform_raw,2048,0,1024,1024,-1.1450613778617114,-0.007755342108311414,0.007200557715263264,1.0
0.735,ideal,33,uniform_filtered,2048,0,1024,1024,-1.1450613778617114,-0.007755342108311414,0.007200557715263264,1.0
0.735,ideal,33,adaptive_filtered,2048,256,789,1003,-1.1298361047690428,0.007469930984357109,0.008474576062590354,1.0
0.735,ideal,34,uniform_raw,2048,0,1024,1024,-1.1487382805867368,-0.011432244833336824,0.007772105032809161,1.0
0.735,ideal,34,uniform_filtered,2048,0,1024,1024,-1.1487382805867368,-0.011432244833336824,0.007772105032809161,1.0
0.735,ideal,34,adaptive_filtered,2048,256,1036,756,-1.1261994694579722,0.011106566295427722,0.009129813630906702,1.0
0.735,ideal,35,uniform_raw,2048,0,1024,1024,-1.125417290276311,0.011888745477088847,0.008571788912962178,1.0
0.735,ideal,35,uniform_filtered,2048,0,1024,1024,-1.125417290276311,0.011888745477088847,0.008571788912962178,1.0
0.735,ideal,35,adaptive_filtered,2048,256,795,997,-1.1416259611026693,-0.004319925349269393,0.008170512472343721,1.0
0.735,ideal,36,uniform_raw,2048,0,1024,1024,-1.1369357812831642,0.00037025447023575353,0.007981141015448601,1.0
0.735,ideal,36,uniform_filtered,2048,0,1024,1024,-1.1369357812831642,0.00037025447023575353,0.007981141015448601,1.0
0.735,ideal,36,adaptive_filtered,2048,256,1104,688,-1.1461181812193946,-0.008812145465994625,0.008428912627247797,1.0
0.735,ideal,37,uniform_raw,2048,0,1024,1024,-1.128385258340419,0.008920777412980918,0.008428347374318265,1.0
0.735,ideal,37,uniform_filtered,2048,0,1024,1024,-1.128385258340419,0.008920777412980918,0.008428347374318265,1.0
0.735,ideal,37,adaptive_filtered,2048,256,938,854,-1.139433889384231,-0.0021278536308311224,0.008230160457166081,1.0
0.735,ideal,38,uniform_raw,2048,0,1024,1024,-1.135804092419809,0.0015019433335909937,0.007701444657388482,1.0
0.735,ideal,38,uniform_filtered,2048,0,1024,1024,-1.135804092419809,0.0015019433335909937,0.007701444657388482,1.0
0.735,ideal,38,adaptive_filtered,2048,256,798,994,-1.1449471458280716,-0.007641110074671609,0.00899933896890033,1.0
0.735,ideal,39,uniform_raw,2048,0,1024,1024,-1.1312101361752873,0.006095899578112629,0.007721919882051165,1.0
0.735,ideal,39,uniform_filtered,2048,0,1024,1024,-1.1312101361752873,0.006095899578112629,0.007721919882051165,1.0
0.735,ideal,39,adaptive_filtered,2048,256,128,1664,-1.1356209845725145,0.0016850511808854662,0.018038782979876516,1.0
0.735,ideal,40,uniform_raw,2048,0,1024,1024,-1.1382083882139997,-0.0009023524605997757,0.008112366367391455,1.0
0.735,ideal,40,uniform_filtered,2048,0,1024,1024,-1.1382083882139997,-0.0009023524605997757,0.008112366367391455,1.0
0.735,ideal,40,adaptive_filtered,2048,256,936,856,-1.128277899946641,0.009028135806758986,0.008762018609173748,1.0
0.735,ideal,41,uniform_raw,2048,0,1024,1024,-1.1408229750285286,-0.003516939275128639,0.00796033578851001,1.0
0.735,ideal,41,uniform_filtered,2048,0,1024,1024,-1.1408229750285286,-0.003516939275128639,0.00796033578851001,1.0
0.735,ideal,41,adaptive_filtered,2048,256,946,846,-1.141804636556278,-0.004498600802878006,0.008809971116964094,1.0
0.735,ideal,42,uniform_raw,2048,0,1024,1024,-1.1464055299071663,-0.009099494153766319,0.007643691298086049,1.0
0.735,ideal,42,uniform_filtered,2048,0,1024,1024,-1.1464055299071663,-0.009099494153766319,0.007643691298086049,1.0
0.735,ideal,42,adaptive_filtered,2048,256,793,999,-1.140016206232572,-0.0027101704791721026,0.008632722790747397,1.0
0.735,ideal,43,uniform_raw,2048,0,1024,1024,-1.1379243799172802,-0.0006183441638802911,0.007691071535158852,1.0
0.735,ideal,43,uniform_filtered,2048,0,1024,1024,-1.1379243799172802,-0.0006183441638802911,0.007691071535158852,1.0
0.735,ideal,43,adaptive_filtered,2048,256,956,836,-1.1357097978461574,0.0015962379072425037,0.007745431046123406,1.0
0.735,ideal,44,uniform_raw,2048,0,1024,1024,-1.141174184116347,-0.0038681483629470215,0.007221692454229025,1.0
0.735,ideal,44,uniform_filtered,2048,0,1024,1024,-1.141174184116347,-0.0038681483629470215,0.007221692454229025,1.0
0.735,ideal,44,adaptive_filtered,2048,256,788,1004,-1.1389765058997612,-0.001670470146361236,0.00720488320537196,1.0
0.735,ideal,45,uniform_raw,2048,0,1024,1024,-1.1433660167284385,-0.00605998097503857,0.00751483191409415,1.0
0.735,ideal,45,uniform_filtered,2048,0,1024,1024,-1.1433660167284385,-0.00605998097503857,0.00751483191409415,1.0
0.735,ideal,45,adaptive_filtered,2048,256,787,1005,-1.1414099770766741,-0.004103941323274185,0.007460802223435612,1.0
0.735,ideal,46,uniform_raw,2048,0,1024,1024,-1.144142152180455,-0.00683611642705495,0.007047475998279656,1.0
0.735,ideal,46,uniform_filtered,2048,0,1024,1024,-1.144142152180455,-0.00683611642705495,0.007047475998279656,1.0
0.735,ideal,46,adaptive_filtered,2048,256,128,1664,-1.1578824890129407,-0.020576453259540717,0.004322022582529329,1.0
0.735,ideal,47,uniform_raw,2048,0,1024,1024,-1.133614431969478,0.0036916037839218596,0.008135709046380423,1.0
0.735,ideal,47,uniform_filtered,2048,0,1024,1024,-1.133614431969478,0.0036916037839218596,0.008135709046380423,1.0
0.735,ideal,47,adaptive_filtered,2048,256,810,982,-1.1376375133423493,-0.0003314775889493582,0.009366597466953347,1.0
0.735,ideal,48,uniform_raw,2048,0,1024,1024,-1.122236859030104,0.015069176723295996,0.008584404259314565,1.0
0.735,ideal,48,uniform_filtered,2048,0,1024,1024,-1.122236859030104,0.015069176723295996,0.008584404259314565,1.0
0.735,ideal,48,adaptive_filtered,2048,256,1046,746,-1.1440491538622717,-0.006743118108871737,0.007899019725730799,1.0
0.735,ideal,49,uniform_raw,2048,0,1024,1024,-1.144001234112976,-0.006695198359575993,0.0072065311517786525,1.0
0.735,ideal,49,uniform_filtered,2048,0,1024,1024,-1.144001234112976,-0.006695198359575993,0.0072065311517786525,1.0
0.735,ideal,49,adaptive_filtered,2048,256,960,832,-1.1520117312529403,-0.014705695499540372,0.007643430474664607,1.0
0.735,ideal,50,uniform_raw,2048,0,1024,1024,-1.1370073263977845,0.0002987093556154896,0.008253789335912807,1.0
0.735,ideal,50,uniform_filtered,2048,0,1024,1024,-1.1370073263977845,0.0002987093556154896,0.008253789335912807,1.0
0.735,ideal,50,adaptive_filtered,2048,256,128,1664,-1.1598396774721453,-0.02253364171874539,0.004310608313853002,1.0
0.735,ideal,51,uniform_raw,2048,0,1024,1024,-1.1309998451549488,0.006306190598451167,0.00828352951216358,1.0
0.735,ideal,51,uniform_filtered,2048,0,1024,1024,-1.1309998451549488,0.006306190598451167,0.00828352951216358,1.0
0.735,ideal,51,adaptive_filtered,2048,256,943,849,-1.1276783695525143,0.00962766620088562,0.008749528645480845,1.0
0.735,ideal,52,uniform_raw,2048,0,1024,1024,-1.1423774180943225,-0.005071382340922526,0.007811021942649443,1.0
0.735,ideal,52,uniform_filtered,2048,0,1024,1024,-1.1423774180943225,-0.005071382340922526,0.007811021942649443,1.0
0.735,ideal,52,adaptive_filtered,2048,256,960,832,-1.1170555840485283,0.020250451704871608,0.009846090491734943,1.0
0.735,ideal,53,uniform_raw,2048,0,1024,1024,-1.1270432784567248,0.01026275729667514,0.008693136418832471,1.0
0.735,ideal,53,uniform_filtered,2048,0,1024,1024,-1.1270432784567248,0.01026275729667514,0.008693136418832471,1.0
0.735,ideal,53,adaptive_filtered,2048,256,128,1664,-1.154837973631956,-0.017531937878556114,0.0043386633113251145,1.0
0.735,ideal,54,uniform_raw,2048,0,1024,1024,-1.1302930826557915,0.00701295309760841,0.008286741458268179,1.0
0.735,ideal,54,uniform_filtered,2048,0,1024,1024,-1.1302930826557915,0.00701295309760841,0.008286741458268179,1.0
0.735,ideal,54,adaptive_filtered,2048,256,1030,762,-1.1445181888262472,-0.007212153072847283,0.008281380720634094,1.0
0.735,ideal,55,uniform_raw,2048,0,1024,1024,-1.129939701406213,0.007366334347187031,0.008288324872541062,1.0
0.735,ideal,55,uniform_filtered,2048,0,1024,1024,-1.129939701406213,0.007366334347187031,0.008288324872541062,1.0
0.735,ideal,55,adaptive_filtered,2048,256,810,982,-1.1301438489541624,0.007162186799237524,0.008394116683348905,1.0
0.735,ideal,56,uniform_raw,2048,0,1024,1024,-1.1280297049290802,0.009276330824319778,0.007734500970394734,1.0
0.735,ideal,56,uniform_filtered,2048,0,1024,1024,-1.1280297049290802,0.009276330824319778,0.007734500970394734,1.0
0.735,ideal,56,adaptive_filtered,2048,256,791,1001,-1.1332547208701818,0.004051314883218193,0.007987357950970676,1.0
0.735,ideal,57,uniform_raw,2048,0,1024,1024,-1.1359450104872884,0.001361025266111593,0.007553110794164677,1.0
0.735,ideal,57,uniform_filtered,2048,0,1024,1024,-1.1359450104872884,0.001361025266111593,0.007553110794164677,1.0
0.735,ideal,57,adaptive_filtered,2048,256,953,839,-1.147414140196477,-0.010108104443077082,0.007676682594583434,1.0
0.735,ideal,58,uniform_raw,2048,0,1024,1024,-1.129939701406213,0.007366334347187031,0.008288324872541062,1.0
0.735,ideal,58,uniform_filtered,2048,0,1024,1024,-1.129939701406213,0.007366334347187031,0.008288324872541062,1.0
0.735,ideal,58,adaptive_filtered,2048,256,937,855,-1.1489061371346176,-0.011600101381217698,0.007669598284516562,1.0
0.735,ideal,59,uniform_raw,2048,0,1024,1024,-1.1459806035429678,-0.008674567789567877,0.007349316839853963,1.0
0.735,ideal,59,uniform_filtered,2048,0,1024,1024,-1.1459806035429678,-0.008674567789567877,0.007349316839853963,1.0
0.735,ideal,59,adaptive_filtered,2048,256,936,856,-1.1363388169402628,0.0009672188131371051,0.008250246255360449,1.0
0.735,ideal,60,uniform_raw,2048,0,1024,1024,-1.1314225993573865,0.005883436396013408,0.00786581687918522,1.0
0.735,ideal,60,uniform_filtered,2048,0,1024,1024,-1.1314225993573865,0.005883436396013408,0.00786581687918522,1.0
0.735,ideal,60,adaptive_filtered,2048,256,128,1664,-1.152623302170341,-0.015317266416940978,0.013150620857164973,1.0
0.735,ideal,61,uniform_raw,2048,0,1024,1024,-1.1498677972883318,-0.012561761534931826,0.007325251362916438,1.0
0.735,ideal,61,uniform_filtered,2048,0,1024,1024,-1.1498677972883318,-0.012561761534931826,0.007325251362916438,1.0
0.735,ideal,61,adaptive_filtered,2048,256,793,999,-1.136423990257875,0.0008820454955249524,0.008202961835417171,1.0
0.735,ideal,62,uniform_raw,2048,0,1024,1024,-1.1388414334367765,-0.001535397683376516,0.00707457486595431,1.0
0.735,ideal,62,uniform_filtered,2048,0,1024,1024,-1.1388414334367765,-0.001535397683376516,0.00707457486595431,1.0
0.735,ideal,62,adaptive_filtered,2048,256,785,1007,-1.1292686100078453,0.00803742574555466,0.009148228972463347,1.0
0.735,ideal,63,uniform_raw,2048,0,1024,1024,-1.1418115736626446,-0.0045055379092446834,0.007670529880412109,1.0
0.735,ideal,63,uniform_filtered,2048,0,1024,1024,-1.1418115736626446,-0.0045055379092446834,0.007670529880412109,1.0
0.735,ideal,63,adaptive_filtered,2048,256,972,820,-1.1450076916943726,-0.007701655940972607,0.008307448162927616,1.0
0.735,ideal,64,uniform_raw,2048,0,1024,1024,-1.1257012985730301,0.011604737180369806,0.008948698388745813,1.0
0.735,ideal,64,uniform_filtered,2048,0,1024,1024,-1.1257012985730301,0.011604737180369806,0.008948698388745813,1.0
0.735,ideal,64,adaptive_filtered,2048,256,800,992,-1.1266825705782302,0.010623465175169766,0.008874071185861908,1.0
0.735,ideal,65,uniform_raw,2048,0,1024,1024,-1.1310713902695686,0.006234645483831347,0.008546459507092784,1.0
0.735,ideal,65,uniform_filtered,2048,0,1024,1024,-1.1310713902695686,0.006234645483831347,0.008546459507092784,1.0
0.735,ideal,65,adaptive_filtered,2048,256,1031,761,-1.126653815956396,0.010652219797004037,0.009014963231535706,1.0
0.735,ideal,66,uniform_raw,2048,0,1024,1024,-1.1389129785513963,-0.0016069427979963358,0.007387751077049162,1.0
0.735,ideal,66,uniform_filtered,2048,0,1024,1024,-1.1389129785513963,-0.0016069427979963358,0.007387751077049162,1.0
0.735,ideal,66,adaptive_filtered,2048,256,1027,765,-1.151273038836715,-0.013967003083315,0.008097358577025485,1.0
0.735,ideal,67,uniform_raw,2048,0,1024,1024,-1.1296556931094939,0.007650342643906072,0.007873223779244537,1.0
0.735,ideal,67,uniform_filtered,2048,0,1024,1024,-1.1296556931094939,0.007650342643906072,0.007873223779244537,1.0
0.735,ideal,67,adaptive_filtered,2048,256,128,1664,-1.1400103098776904,-0.002704274124290418,0.013174679654002144,1.0
0.735,ideal,68,uniform_raw,2048,0,1024,1024,-1.138984523666016,-0.0016784879126161556,0.0076856653078687205,1.0
0.735,ideal,68,uniform_filtered,2048,0,1024,1024,-1.138984523666016,-0.0016784879126161556,0.0076856653078687205,1.0
0.735,ideal,68,adaptive_filtered,2048,256,790,1002,-1.1398259405824436,-0.0025199048290436288,0.008425697629047574,1.0
0.735,ideal,69,uniform_raw,2048,0,1024,1024,-1.1420934097976034,-0.004787374044203485,0.007371300250986948,1.0
0.735,ideal,69,uniform_filtered,2048,0,1024,1024,-1.1420934097976034,-0.004787374044203485,0.007371300250986948,1.0
0.735,ideal,69,adaptive_filtered,2048,256,956,836,-1.1454980481524832,-0.008192012399083293,0.008323111568110551,1.0
0.735,ideal,70,uniform_raw,2048,0,1024,1024,-1.1473225834266625,-0.010016547673262544,0.007029291267720024,1.0
0.735,ideal,70,uniform_filtered,2048,0,1024,1024,-1.1473225834266625,-0.010016547673262544,0.007029291267720024,1.0
0.735,ideal,70,adaptive_filtered,2048,256,128,1664,-1.1207933208182488,0.016512714935151163,0.02180118124833961,1.0
0.735,ideal,71,uniform_raw,2048,0,1024,1024,-1.115102033247433,0.02220400250596688,0.009583220765163051,1.0
0.735,ideal,71,uniform_filtered,2048,0,1024,1024,-1.115102033247433,0.02220400250596688,0.009583220765163051,1.0
0.735,ideal,71,adaptive_filtered,2048,256,1053,739,-1.1346792198698195,0.002626815883580491,0.008833009505892416,1.0
0.735,ideal,72,uniform_raw,2048,0,1024,1024,-1.1336838049223372,0.0036222308310627227,0.007711233959205865,1.0
0.735,ideal,72,uniform_filtered,2048,0,1024,1024,-1.1336838049223372,0.0036222308310627227,0.007711233959205865,1.0
0.735,ideal,72,adaptive_filtered,2048,256,789,1003,-1.1451214129245177,-0.007815377171117799,0.007437801567744937,1.0
0.735,ideal,73,uniform_raw,2048,0,1024,1024,-1.1346030306035937,0.002703005149806259,0.007851487423974117,1.0
0.735,ideal,73,uniform_filtered,2048,0,1024,1024,-1.1346030306035937,0.002703005149806259,0.007851487423974117,1.0
0.735,ideal,73,adaptive_filtered,2048,256,1032,760,-1.1406382930264005,-0.0033322572730005717,0.008562746132648505,1.0
0.735,ideal,74,uniform_raw,2048,0,1024,1024,-1.128879557657477,0.008426478095922896,0.0082929849833704,1.0
0.735,ideal,74,uniform_filtered,2048,0,1024,1024,-1.128879557657477,0.008426478095922896,0.0082929849833704,1.0
0.735,ideal,74,adaptive_filtered,2048,256,128,1664,-1.122750509277453,0.014555526475946934,0.021798909531981523,1.0
0.735,ideal,75,uniform_raw,2048,0,1024,1024,-1.142730799343901,-0.005424763590501147,0.007808997853882826,1.0
0.735,ideal,75,uniform_filtered,2048,0,1024,1024,-1.142730799343901,-0.005424763590501147,0.007808997853882826,1.0
0.735,ideal,75,adaptive_filtered,2048,256,819,973,-1.1405186026467873,-0.0032125668933873364,0.008314942454331096,1.0
0.735,ideal,76,uniform_raw,2048,0,1024,1024,-1.1281727951583198,0.009133240595080139,0.008296016698111069,1.0
0.735,ideal,76,uniform_filtered,2048,0,1024,1024,-1.1281727951583198,0.009133240595080139,0.008296016698111069,1.0
0.735,ideal,76,adaptive_filtered,2048,256,1113,679,-1.1450119280238225,-0.00770589227042251,0.008760498113511416,1.0
0.735,ideal,77,uniform_raw,2048,0,1024,1024,-1.1425183361618019,-0.005212300408401926,0.007666582132090358,1.0
0.735,ideal,77,uniform_filtered,2048,0,1024,1024,-1.1425183361618019,-0.005212300408401926,0.007666582132090358,1.0
0.735,ideal,77,adaptive_filtered,2048,256,796,996,-1.1375103881616981,-0.0002043524082981918,0.008632350664553834,1.0
0.735,ideal,78,uniform_raw,2048,0,1024,1024,-1.1215322686927074,0.015773767060692556,0.009208325313458518,1.0
0.735,ideal,78,uniform_filtered,2048,0,1024,1024,-1.1215322686927074,0.015773767060692556,0.009208325313458518,1.0
0.735,ideal,78,adaptive_filtered,2048,256,938,854,-1.1339192790211232,0.00338675673227673,0.008728912907749053,1.0
0.735,ideal,79,uniform_raw,2048,0,1024,1024,-1.1366517729864456,0.0006542627669543499,0.0075497807615848185,1.0
0.735,ideal,79,uniform_filtered,2048,0,1024,1024,-1.1366517729864456,0.0006542627669543499,0.0075497807615848185,1.0
0.735,ideal,79,adaptive_filtered,2048,256,1032,760,-1.1431329556184964,-0.005826919865096425,0.008419438350954316,1.0
0.735,ideal,80,uniform_raw,2048,0,1024,1024,-1.1412457292309668,-0.003939693477566841,0.0075265184832684585,1.0
0.735,ideal,80,uniform_filtered,2048,0,1024,1024,-1.1412457292309668,-0.003939693477566841,0.0075265184832684585,1.0
0.735,ideal,80,adaptive_filtered,2048,256,1132,660,-1.1396272225248318,-0.0023211867714318934,0.009107688464530793,1.0
0.735,ideal,81,uniform_raw,2048,0,1024,1024,-1.1502905514907704,-0.012984515737370472,0.006848911773590558,1.0
0.735,ideal,81,uniform_filtered,2048,0,1024,1024,-1.1502905514907704,-0.012984515737370472,0.006848911773590558,1.0
0.735,ideal,81,adaptive_filtered,2048,256,128,1664,-1.1421849637212507,-0.004878927967850721,0.013171052908987124,1.0
0.735,ideal,82,uniform_raw,2048,0,1024,1024,-1.1421649549122233,-0.004858919158823305,0.007668564219452879,1.0
0.735,ideal,82,uniform_filtered,2048,0,1024,1024,-1.1421649549122233,-0.004858919158823305,0.007668564219452879,1.0
0.735,ideal,82,adaptive_filtered,2048,256,128,1664,-1.1295319538105453,0.0077740819428546715,0.018046991275091434,1.0
0.735,ideal,83,uniform_raw,2048,0,1024,1024,-1.136088100716528,0.0012179350368719533,0.00812346381817665,1.0
0.735,ideal,83,uniform_filtered,2048,0,1024,1024,-1.136088100716528,0.0012179350368719533,0.00812346381817665,1.0
0.735,ideal,83,adaptive_filtered,2048,256,939,853,-1.1303863703844215,0.006919665368978478,0.008745144670291439,1.0
0.735,ideal,84,uniform_raw,2048,0,1024,1024,-1.1237219291430383,0.01358410661036169,0.00883350590958014,1.0
0.735,ideal,84,uniform_filtered,2048,0,1024,1024,-1.1237219291430383,0.01358410661036169,0.00883350590958014,1.0
0.735,ideal,84,adaptive_filtered,2048,256,958,834,-1.1385019760711916,-0.0011959403177916883,0.008804328260655038,1.0
0.735,ideal,85,uniform_raw,2048,0,1024,1024,-1.1346030306035937,0.002703005149806259,0.007851487423974117,1.0
0.735,ideal,85,uniform_filtered,2048,0,1024,1024,-1.1346030306035937,0.002703005149806259,0.007851487423974117,1.0
0.735,ideal,85,adaptive_filtered,2048,256,800,992,-1.145352528829183,-0.00804649307578309,0.007158785837540647,1.0
0.735,ideal,86,uniform_raw,2048,0,1024,1024,-1.14294109036424,-0.005635054610840129,0.007212347315541683,1.0
0.735,ideal,86,uniform_filtered,2048,0,1024,1024,-1.14294109036424,-0.005635054610840129,0.007212347315541683,1.0
0.735,ideal,86,adaptive_filtered,2048,256,942,850,-1.137617348369325,-0.00031131261592509674,0.008698913432072502,1.0
0.735,ideal,87,uniform_raw,2048,0,1024,1024,-1.1201143993708724,0.01719163638252752,0.007906434222538788,1.0
0.735,ideal,87,uniform_filtered,2048,0,1024,1024,-1.1201143993708724,0.01719163638252752,0.007906434222538788,1.0
0.735,ideal,87,adaptive_filtered,2048,256,969,823,-1.1354359269677476,0.0018701087856523024,0.008517198884670731,1.0
0.735,ideal,88,uniform_raw,2048,0,1024,1024,-1.136088100716528,0.0012179350368719533,0.00812346381817665,1.0
0.735,ideal,88,uniform_filtered,2048,0,1024,1024,-1.136088100716528,0.0012179350368719533,0.00812346381817665,1.0
0.735,ideal,88,adaptive_filtered,2048,256,128,1664,-1.1347511230350906,0.002554912718309321,0.01804003148676604,1.0
0.735,ideal,89,uniform_raw,2048,0,1024,1024,-1.1452738410438106,-0.007967805290410634,0.00735346811739171,1.0
0.735,ideal,89,uniform_filtered,2048,0,1024,1024,-1.1452738410438106,-0.007967805290410634,0.00735346811739171,1.0
0.735,ideal,89,adaptive_filtered,2048,256,128,1664,-1.1343161922663785,0.0029898434870214707,0.018040646250076165,1.0
0.735,ideal,90,uniform_raw,2048,0,1024,1024,-1.1354528833319906,0.0018531524214093764,0.008394387927122667,1.0
0.735,ideal,90,uniform_filtered,2048,0,1024,1024,-1.1354528833319906,0.0018531524214093764,0.008394387927122667,1.0
0.735,ideal,90,adaptive_filtered,2048,256,944,848,-1.1381364470197908,-0.0008304112663908292,0.008230033948186352,1.0
0.735,ideal,91,uniform_raw,2048,0,1024,1024,-1.1331179604906598,0.004188075262740121,0.007565770912345959,1.0
0.735,ideal,91,uniform_filtered,2048,0,1024,1024,-1.1331179604906598,0.004188075262740121,0.007565770912345959,1.0
0.735,ideal,91,adaptive_filtered,2048,256,128,1664,-1.1404452406464025,-0.0031392048930025673,0.013173971653650194,1.0
0.735,ideal,92,uniform_raw,2048,0,1024,1024,-1.133681632760577,0.0036244029928229615,0.00693341682420404,1.0
0.735,ideal,92,uniform_filtered,2048,0,1024,1024,-1.133681632760577,0.0036244029928229615,0.00693341682420404,1.0
0.735,ideal,92,adaptive_filtered,2048,256,128,1664,-1.1400103098776904,-0.002704274124290418,0.013174679654002144,1.0
0.735,ideal,93,uniform_raw,2048,0,1024,1024,-1.139056068780636,-0.0017500330272359754,0.00797002918930663,1.0
0.735,ideal,93,uniform_filtered,2048,0,1024,1024,-1.139056068780636,-0.0017500330272359754,0.00797002918930663,1.0
0.735,ideal,93,adaptive_filtered,2048,256,937,855,-1.138272725556892,-0.0009666898034921267,0.009143729712228921,1.0
0.735,ideal,94,uniform_raw,2048,0,1024,1024,-1.1314984887955273,0.005807546957872667,0.009391853573288481,1.0
0.735,ideal,94,uniform_filtered,2048,0,1024,1024,-1.1314984887955273,0.005807546957872667,0.009391853573288481,1.0
0.735,ideal,94,adaptive_filtered,2048,256,798,994,-1.129831625693431,0.00747441005996885,0.00887080161038544,1.0
0.735,ideal,95,uniform_raw,2048,0,1024,1024,-1.1432229264991989,-0.005916890745798931,0.006889783568373723,1.0
0.735,ideal,95,uniform_filtered,2048,0,1024,1024,-1.1432229264991989,-0.005916890745798931,0.006889783568373723,1.0
0.735,ideal,95,adaptive_filtered,2048,256,1098,694,-1.1373224639962425,-1.6428242842536633e-05,0.008025431879644713,1.0
0.735,ideal,96,uniform_raw,2048,0,1024,1024,-1.1390538966188757,-0.0017478608654757366,0.007232333714827151,1.0
0.735,ideal,96,uniform_filtered,2048,0,1024,1024,-1.1390538966188757,-0.0017478608654757366,0.007232333714827151,1.0
0.735,ideal,96,adaptive_filtered,2048,256,1029,763,-1.133272477429165,0.00403355832423502,0.00885886093834135,1.0
0.735,ideal,97,uniform_raw,2048,0,1024,1024,-1.139194814686355,-0.0018887789329551374,0.007072892318636532,1.0
0.735,ideal,97,uniform_filtered,2048,0,1024,1024,-1.139194814686355,-0.0018887789329551374,0.007072892318636532,1.0
0.735,ideal,97,adaptive_filtered,2048,256,1111,681,-1.140086141983352,-0.0027801062299519508,0.0084840418808882,1.0
0.735,ideal,98,uniform_raw,2048,0,1024,1024,-1.135025784806032,0.0022802509473680566,0.007405995156226957,1.0
0.735,ideal,98,uniform_filtered,2048,0,1024,1024,-1.135025784806032,0.0022802509473680566,0.007405995156226957,1.0
0.735,ideal,98,adaptive_filtered,2048,256,128,1664,-1.1539681120945318,-0.016662076341131815,0.004343170388510227,1.0
0.735,ideal,99,uniform_raw,2048,0,1024,1024,-1.1236503840284184,0.01365565172498151,0.008578942021232067,1.0
0.735,ideal,99,uniform_filtered,2048,0,1024,1024,-1.1236503840284184,0.01365565172498151,0.008578942021232067,1.0
0.735,ideal,99,adaptive_filtered,2048,256,128,1664,-1.1402277752620464,-0.0029217395086464926,0.013174326737851027,1.0
0.735,ideal,100,uniform_raw,2048,0,1024,1024,-1.148100891040439,-0.010794855287039162,0.007336449590709747,1.0
0.735,ideal,100,uniform_filtered,2048,0,1024,1024,-1.148100891040439,-0.010794855287039162,0.007336449590709747,1.0
0.735,ideal,100,adaptive_filtered,2048,256,946,846,-1.1276327912622643,0.009673244491135602,0.008592339869512616,1.0
0.735,ideal,101,uniform_raw,2048,0,1024,1024,-1.1376425437823214,-0.00033650802892148945,0.007977500000871544,1.0
0.735,ideal,101,uniform_filtered,2048,0,1024,1024,-1.1376425437823214,-0.00033650802892148945,0.007977500000871544,1.0
0.735,ideal,101,adaptive_filtered,2048,256,807,985,-1.1411757858357854,-0.003869750082385437,0.008353446457261762,1.0
0.735,ideal,102,uniform_raw,2048,0,1024,1024,-1.1442136972950747,-0.00690766154167477,0.007359566244329305,1.0
0.735,ideal,102,uniform_filtered,2048,0,1024,1024,-1.1442136972950747,-0.00690766154167477,0.007359566244329305,1.0
0.735,ideal,102,adaptive_filtered,2048,256,807,985,-1.149336626146487,-0.01203059039308707,0.006864970029694442,1.0
0.735,ideal,103,uniform_raw,2048,0,1024,1024,-1.138984523666016,-0.0016784879126161556,0.0076856653078687205,1.0
0.735,ideal,103,uniform_filtered,2048,0,1024,1024,-1.138984523666016,-0.0016784879126161556,0.0076856653078687205,1.0
0.735,ideal,103,adaptive_filtered,2048,256,1158,634,-1.1488095192573171,-0.011503483503917167,0.007990305659953595,1.0
0.735,ideal,104,uniform_raw,2048,0,1024,1024,-1.1417400285480248,-0.004433992794624864,0.007373196157457676,1.0
0.735,ideal,104,uniform_filtered,2048,0,1024,1024,-1.1417400285480248,-0.004433992794624864,0.007373196157457676,1.0
0.735,ideal,104,adaptive_filtered,2048,256,800,992,-1.1548368255920662,-0.017530789838666294,0.00710100790121564,1.0
0.735,ideal,105,uniform_raw,2048,0,1024,1024,-1.1432944716138187,-0.00598843586041875,0.007210426045333012,1.0
0.735,ideal,105,uniform_filtered,2048,0,1024,1024,-1.1432944716138187,-0.00598843586041875,0.007210426045333012,1.0
0.735,ideal,105,adaptive_filtered,2048,256,949,843,-1.1295186722970558,0.007787363456344121,0.00929751984390521,1.0
0.735,ideal,106,uniform_raw,2048,0,1024,1024,-1.143790943092637,-0.006484907339237012,0.0078028285713547885,1.0
0.735,ideal,106,uniform_filtered,2048,0,1024,1024,-1.143790943092637,-0.006484907339237012,0.0078028285713547885,1.0
0.735,ideal,106,adaptive_filtered,2048,256,953,839,-1.135988811830285,0.0013172239231149518,0.008386687855173002,1.0
0.735,ideal,107,uniform_raw,2048,0,1024,1024,-1.154815134782432,-0.017509099029032082,0.007291578604157437,1.0
0.735,ideal,107,uniform_filtered,2048,0,1024,1024,-1.154815134782432,-0.017509099029032082,0.007291578604157437,1.0
0.735,ideal,107,adaptive_filtered,2048,256,816,976,-1.1514462960093677,-0.014140260255967707,0.007822118752294726,1.0
0.735,ideal,108,uniform_raw,2048,0,1024,1024,-1.1399752944618924,-0.002669258708492439,0.008102692592748425,1.0
0.735,ideal,108,uniform_filtered,2048,0,1024,1024,-1.1399752944618924,-0.002669258708492439,0.008102692592748425,1.0
0.735,ideal,108,adaptive_filtered,2048,256,128,1664,-1.1105324301354598,0.026773605617940177,0.024950310164873323,1.0
0.735,ideal,109,uniform_raw,2048,0,1024,1024,-1.1278887868616008,0.00941724889179918,0.007880236458708244,1.0
0.735,ideal,109,uniform_filtered,2048,0,1024,1024,-1.1278887868616008,0.00941724889179918,0.007880236458708244,1.0
0.735,ideal,109,adaptive_filtered,2048,256,1063,729,-1.1300539126379738,0.007252123115426112,0.008382918404635951,1.0
0.735,ideal,110,uniform_raw,2048,0,1024,1024,-1.1351688750352715,0.002137160718128417,0.007989968932732879,1.0
0.735,ideal,110,uniform_filtered,2048,0,1024,1024,-1.1351688750352715,0.002137160718128417,0.007989968932732879,1.0
0.735,ideal,110,adaptive_filtered,2048,256,793,999,-1.142385681423439,-0.005079645670039046,0.00840022168452114,1.0
0.735,ideal,111,uniform_raw,2048,0,1024,1024,-1.1193404360806158,0.017965599672784105,0.008975177639682412,1.0
0.735,ideal,111,uniform_filtered,2048,0,1024,1024,-1.1193404360806158,0.017965599672784105,0.008975177639682412,1.0
0.735,ideal,111,adaptive_filtered,2048,256,943,849,-1.1391863610582251,-0.0018803253048251811,0.00868716475978422,1.0
0.735,ideal,112,uniform_raw,2048,0,1024,1024,-1.142446791047182,-0.005140755293782107,0.007369387292216912,1.0
0.735,ideal,112,uniform_filtered,2048,0,1024,1024,-1.142446791047182,-0.005140755293782107,0.007369387292216912,1.0
0.735,ideal,112,adaptive_filtered,2048,256,128,1664,-1.1218806477400292,0.015425388013370789,0.02179993225758955,1.0
0.735,ideal,113,uniform_raw,2048,0,1024,1024,-1.1535425278515974,-0.01623649209819744,0.007147058903019788,1.0
0.735,ideal,113,uniform_filtered,2048,0,1024,1024,-1.1535425278515974,-0.01623649209819744,0.007147058903019788,1.0
0.735,ideal,113,adaptive_filtered,2048,256,938,854,-1.1381668208890288,-0.0008607851356288165,0.007906748910720745,1.0
0.735,ideal,114,uniform_raw,2048,0,1024,1024,-1.141317274345587,-0.004011238592187105,0.007816997368566921,1.0
0.735,ideal,114,uniform_filtered,2048,0,1024,1024,-1.141317274345587,-0.004011238592187105,0.007816997368566921,1.0
0.735,ideal,114,adaptive_filtered,2048,256,128,1664,-1.148926390636288,-0.011620354882888151,0.013158430311507378,1.0
0.735,ideal,115,uniform_raw,2048,0,1024,1024,-1.151563158421605,-0.014257122668205113,0.007002775470347677,1.0
0.735,ideal,115,uniform_filtered,2048,0,1024,1024,-1.151563158421605,-0.014257122668205113,0.007002775470347677,1.0
0.735,ideal,115,adaptive_filtered,2048,256,953,839,-1.1423484290519421,-0.005042393298542169,0.008036666008645499,1.0
0.735,ideal,116,uniform_raw,2048,0,1024,1024,-1.1270411062949641,0.010264929458435823,0.008025556152671965,1.0
0.735,ideal,116,uniform_filtered,2048,0,1024,1024,-1.1270411062949641,0.010264929458435823,0.008025556152671965,1.0
0.735,ideal,116,adaptive_filtered,2048,256,1043,749,-1.139992871587633,-0.0026868358342331256,0.00831488907878511,1.0
0.735,ideal,117,uniform_raw,2048,0,1024,1024,-1.1420934097976034,-0.004787374044203485,0.007371300250986948,1.0
0.735,ideal,117,uniform_filtered,2048,0,1024,1024,-1.1420934097976034,-0.004787374044203485,0.007371300250986948,1.0
0.735,ideal,117,adaptive_filtered,2048,256,128,1664,-1.1421849637212507,-0.004878927967850721,0.013171052908987124,1.0
0.735,ideal,118,uniform_raw,2048,0,1024,1024,-1.14294109036424,-0.005635054610840129,0.007212347315541683,1.0
0.735,ideal,118,uniform_filtered,2048,0,1024,1024,-1.14294109036424,-0.005635054610840129,0.007212347315541683,1.0
0.735,ideal,118,adaptive_filtered,2048,256,949,843,-1.1353693275437022,0.0019367082096977128,0.008697405019998796,1.0
0.735,ideal,119,uniform_raw,2048,0,1024,1024,-1.1374300806002227,-0.00012404484682271288,0.007837669120205405,1.0
0.735,ideal,119,uniform_filtered,2048,0,1024,1024,-1.1374300806002227,-0.00012404484682271288,0.007837669120205405,1.0
0.735,ideal,119,adaptive_filtered,2048,256,800,992,-1.1319220706614255,0.005383965091974474,0.008198703317356105,1.0
0.735,ideal,120,uniform_raw,2048,0,1024,1024,-1.1442136972950747,-0.00690766154167477,0.007359566244329305,1.0
0.735,ideal,120,uniform_filtered,2048,0,1024,1024,-1.1442136972950747,-0.00690766154167477,0.007359566244329305,1.0
0.735,ideal,120,adaptive_filtered,2048,256,936,856,-1.14526448981663,-0.007958454063230036,0.007335951877307439,1.0
0.735,ideal,121,uniform_raw,2048,0,1024,1024,-1.1423058729797027,-0.004999837226302706,0.007520750509368841,1.0
0.735,ideal,121,uniform_filtered,2048,0,1024,1024,-1.1423058729797027,-0.004999837226302706,0.007520750509368841,1.0
0.735,ideal,121,adaptive_filtered,2048,256,786,1006,-1.1374338904699637,-0.0001278547165637356,0.009104793792853073,1.0
0.735,ideal,122,uniform_raw,2048,0,1024,1024,-1.1270432784567248,0.01026275729667514,0.008693136418832471,1.0
0.735,ideal,122,uniform_filtered,2048,0,1024,1024,-1.1270432784567248,0.01026275729667514,0.008693136418832471,1.0
0.735,ideal,122,adaptive_filtered,2048,256,128,1664,-1.1408801714151142,-0.0035741356617142728,0.013173254980397033,1.0
0.735,ideal,123,uniform_raw,2048,0,1024,1024,-1.1473941285412819,-0.01008809278788192,0.007340807696318264,1.0
0.735,ideal,123,uniform_filtered,2048,0,1024,1024,-1.1473941285412819,-0.01008809278788192,0.007340807696318264,1.0
0.735,ideal,123,adaptive_filtered,2048,256,958,834,-1.1505027997224402,-0.013196763969040237,0.00843166041492669,1.0
0.735,ideal,124,uniform_raw,2048,0,1024,1024,-1.1343211944686353,0.0029848412847646166,0.008132287344678817,1.0
0.735,ideal,124,uniform_filtered,2048,0,1024,1024,-1.1343211944686353,0.0029848412847646166,0.008132287344678817,1.0
0.735,ideal,124,adaptive_filtered,2048,256,1039,753,-1.1211093145546873,0.016196721198712627,0.009493126300249673,1.0
0.735,ideal,125,uniform_raw,2048,0,1024,1024,-1.1314225993573865,0.005883436396013408,0.00786581687918522,1.0
0.735,ideal,125,uniform_filtered,2048,0,1024,1024,-1.1314225993573865,0.005883436396013408,0.00786581687918522,1.0
0.735,ideal,125,adaptive_filtered,2048,256,960,832,-1.1451078110128456,-0.007801775259445698,0.008613428441217298,1.0
0.735,ideal,126,uniform_raw,2048,0,1024,1024,-1.127322942429923,0.009983093323477021,0.007737120441573735,1.0
0.735,ideal,126,uniform_filtered,2048,0,1024,1024,-1.127322942429923,0.009983093323477021,0.007737120441573735,1.0
0.735,ideal,126,adaptive_filtered,2048,256,949,843,-1.1378653996515231,-0.0005593638981231663,0.00838159245659033,1.0
0.735,ideal,127,uniform_raw,2048,0,1024,1024,-1.149371325809514,-0.012065290056114009,0.006687846072037701,1.0
0.735,ideal,127,uniform_filtered,2048,0,1024,1024,-1.149371325809514,-0.012065290056114009,0.006687846072037701,1.0
0.735,ideal,127,adaptive_filtered,2048,256,782,1010,-1.1311531752746133,0.006152860478786604,0.008724229402189435,1.0
0.735,ideal,128,uniform_raw,2048,0,1024,1024,-1.1334713417402384,0.0038346940131614993,0.007564246039046234,1.0
0.735,ideal,128,uniform_filtered,2048,0,1024,1024,-1.1334713417402384,0.0038346940131614993,0.007564246039046234,1.0
0.735,ideal,128,adaptive_filtered,2048,256,941,851,-1.1263184941200457,0.010987541633354247,0.009477099138820437,1.0
0.735,ideal,129,uniform_raw,2048,0,1024,1024,-1.1420218646829836,-0.004715828929583665,0.0070587949678549726,1.0
0.735,ideal,129,uniform_filtered,2048,0,1024,1024,-1.1420218646829836,-0.004715828929583665,0.0070587949678549726,1.0
0.735,ideal,129,adaptive_filtered,2048,256,948,844,-1.144012427463395,-0.0067063917099949855,0.00834459814121554,1.0
0.735,ideal,130,uniform_raw,2048,0,1024,1024,-1.1459112305901082,-0.008605194836708296,0.00779005226947404,1.0
0.735,ideal,130,uniform_filtered,2048,0,1024,1024,-1.1459112305901082,-0.008605194836708296,0.00779005226947404,1.0
0.735,ideal,130,adaptive_filtered,2048,256,128,1664,-1.1249651807390681,0.012340855014331797,0.018052334589748302,1.0
0.735,ideal,131,uniform_raw,2048,0,1024,1024,-1.137360707647363,-5.467189396313188e-05,0.008251903439676871,1.0
0.735,ideal,131,uniform_filtered,2048,0,1024,1024,-1.137360707647363,-5.467189396313188e-05,0.008251903439676871,1.0
0.735,ideal,131,adaptive_filtered,2048,256,1024,768,-1.149655334106233,-0.012349298352833049,0.007837117446757302,1.0
0.735,ideal,132,uniform_raw,2048,0,1024,1024,-1.1284546312932786,0.008851404460121337,0.008019956828925826,1.0
0.735,ideal,132,uniform_filtered,2048,0,1024,1024,-1.1284546312932786,0.008851404460121337,0.008019956828925826,1.0
0.735,ideal,132,adaptive_filtered,2048,256,805,987,-1.1422036378309066,-0.004897602077506669,0.007669370176873455,1.0
0.735,ideal,133,uniform_raw,2048,0,1024,1024,-1.1298681562915927,0.007437879461807295,0.008014109885330828,1.0
0.735,ideal,133,uniform_filtered,2048,0,1024,1024,-1.1298681562915927,0.007437879461807295,0.008014109885330828,1.0
0.735,ideal,133,adaptive_filtered,2048,256,948,844,-1.1409393454082295,-0.003633309654829553,0.00804918596075047,1.0
0.735,ideal,134,uniform_raw,2048,0,1024,1024,-1.141458192413066,-0.004152156659666062,0.007672479127593201,1.0
0.735,ideal,134,uniform_filtered,2048,0,1024,1024,-1.141458192413066,-0.004152156659666062,0.007672479127593201,1.0
0.735,ideal,134,adaptive_filtered,2048,256,784,1008,-1.1349963570872377,0.0023096786661622737,0.00891609403224932,1.0
0.735,ideal,135,uniform_raw,2048,0,1024,1024,-1.140679884799289,-0.003373849045888999,0.007378781693925586,1.0
0.735,ideal,135,uniform_filtered,2048,0,1024,1024,-1.140679884799289,-0.003373849045888999,0.007378781693925586,1.0
0.735,ideal,135,adaptive_filtered,2048,256,789,1003,-1.1286212189297893,0.008684816823610664,0.009334063294090141,1.0
0.735,ideal,136,uniform_raw,2048,0,1024,1024,-1.1308567549257087,0.0064492808276912506,0.0077233820144392154,1.0
0.735,ideal,136,uniform_filtered,2048,0,1024,1024,-1.1308567549257087,0.0064492808276912506,0.0077233820144392154,1.0
0.735,ideal,136,adaptive_filtered,2048,256,128,1664,-1.1325764691915299,0.004729566561870069,0.018043042050764384,1.0
0.735,ideal,137,uniform_raw,2048,0,1024,1024,-1.1344621125361143,0.00284392321728566,0.007993390470352031,1.0
0.735,ideal,137,uniform_filtered,2048,0,1024,1024,-1.1344621125361143,0.00284392321728566,0.007993390470352031,1.0
0.735,ideal,137,adaptive_filtered,2048,256,1030,762,-1.132871435286368,0.004434600467031924,0.009098726014110275,1.0
0.735,ideal,138,uniform_raw,2048,0,1024,1024,-1.13071800901999,0.0065880267334099685,0.008548151897221993,1.0
0.735,ideal,138,uniform_filtered,2048,0,1024,1024,-1.13071800901999,0.0065880267334099685,0.008548151897221993,1.0
0.735,ideal,138,adaptive_filtered,2048,256,128,1664,-1.1074879147544752,0.02981812099892478,0.02495337364225857,1.0
0.735,ideal,139,uniform_raw,2048,0,1024,1024,-1.1199041083505334,0.0174019274028665,0.008461304968591309,1.0
0.735,ideal,139,uniform_filtered,2048,0,1024,1024,-1.1199041083505334,0.0174019274028665,0.008461304968591309,1.0
0.735,ideal,139,adaptive_filtered,2048,256,939,853,-1.1537082145433293,-0.016402178789929334,0.007633699928227014,1.0
0.735,ideal,140,uniform_raw,2048,0,1024,1024,-1.142446791047182,-0.005140755293782107,0.007369387292216912,1.0
0.735,ideal,140,uniform_filtered,2048,0,1024,1024,-1.142446791047182,-0.005140755293782107,0.007369387292216912,1.0
0.735,ideal,140,adaptive_filtered,2048,256,1025,767,-1.1378173990529312,-0.0005113632995312756,0.008710639397267902,1.0
0.735,ideal,141,uniform_raw,2048,0,1024,1024,-1.1418809466155042,-0.0045749108621042645,0.0072180065867365915,1.0
0.735,ideal,141,uniform_filtered,2048,0,1024,1024,-1.1418809466155042,-0.0045749108621042645,0.0072180065867365915,1.0
0.735,ideal,141,adaptive_filtered,2048,256,1137,655,-1.134320540768854,0.0029854949845460332,0.009151678878246845,1.0
0.735,ideal,142,uniform_raw,2048,0,1024,1024,-1.1411763562781072,-0.0038703205247072603,0.007958349675606668,1.0
0.735,ideal,142,uniform_filtered,2048,0,1024,1024,-1.1411763562781072,-0.0038703205247072603,0.007958349675606668,1.0
0.735,ideal,142,adaptive_filtered,2048,256,951,841,-1.1364734767233005,0.000832559030099489,0.00897443946874392,1.0
0.735,ideal,143,uniform_raw,2048,0,1024,1024,-1.1453453861584304,-0.008039350405030454,0.007650132528309953,1.0
0.735,ideal,143,uniform_filtered,2048,0,1024,1024,-1.1453453861584304,-0.008039350405030454,0.007650132528309953,1.0
0.735,ideal,143,adaptive_filtered,2048,256,128,1664,-1.1203583900495366,0.016947645703863312,0.021801671694070764,1.0
0.735,ideal,144,uniform_raw,2048,0,1024,1024,-1.1407514299139088,-0.003445394160508819,0.007676328430531013,1.0
0.735,ideal,144,uniform_filtered,2048,0,1024,1024,-1.1407514299139088,-0.003445394160508819,0.007676328430531013,1.0
0.735,ideal,144,adaptive_filtered,2048,256,795,997,-1.1396356981957707,-0.0023296624423707613,0.007947021009912446,1.0
0.735,ideal,145,uniform_raw,2048,0,1024,1024,-1.126403716748667,0.010902319004733041,0.0075916308167341085,1.0
0.735,ideal,145,uniform_filtered,2048,0,1024,1024,-1.126403716748667,0.010902319004733041,0.0075916308167341085,1.0
0.735,ideal,145,adaptive_filtered,2048,256,956,836,-1.133011794000462,0.004294241752937911,0.008549448856625126,1.0
0.735,ideal,146,uniform_raw,2048,0,1024,1024,-1.1331916777670399,0.004114357986360062,0.00853599781092509,1.0
0.735,ideal,146,uniform_filtered,2048,0,1024,1024,-1.1331916777670399,0.004114357986360062,0.00853599781092509,1.0
0.735,ideal,146,adaptive_filtered,2048,256,1056,736,-1.1243478726811875,0.012958163072212425,0.008889772181515829,1.0
0.735,ideal,147,uniform_raw,2048,0,1024,1024,-1.150643932740349,-0.013337896986949094,0.006846674575388977,1.0
0.735,ideal,147,uniform_filtered,2048,0,1024,1024,-1.150643932740349,-0.013337896986949094,0.006846674575388977,1.0
0.735,ideal,147,adaptive_filtered,2048,256,128,1664,-1.1467517367927278,-0.009445701039327847,0.013162730287802205,1.0
0.735,ideal,148,uniform_raw,2048,0,1024,1024,-1.146333984792546,-0.009027949039146055,0.0073472153997312314,1.0
0.735,ideal,148,uniform_filtered,2048,0,1024,1024,-1.146333984792546,-0.009027949039146055,0.0073472153997312314,1.0
0.735,ideal,148,adaptive_filtered,2048,256,128,1664,-1.122750509277453,0.014555526475946934,0.021798909531981523,1.0
0.735,ideal,149,uniform_raw,2048,0,1024,1024,-1.1351710471970322,0.002134988556367734,0.008653157646358007,1.0
0.735,ideal,149,uniform_filtered,2048,0,1024,1024,-1.1351710471970322,0.002134988556367734,0.008653157646358007,1.0
0.735,ideal,149,adaptive_filtered,2048,256,796,996,-1.139326966472785,-0.002020930719385028,0.008623163422419282,1.0
0.735,ideal,150,uniform_raw,2048,0,1024,1024,-1.1395481959359337,-0.002242160182533759,0.007071192107890941,1.0
0.735,ideal,150,uniform_filtered,2048,0,1024,1024,-1.1395481959359337,-0.002242160182533759,0.007071192107890941,1.0
0.735,ideal,150,adaptive_filtered,2048,256,785,1007,-1.13512075810852,0.002185277644879857,0.008692925309213532,1.0
0.735,ideal,151,uniform_raw,2048,0,1024,1024,-1.148382727175398,-0.011076691421997964,0.0070229063624164915,1.0
0.735,ideal,151,uniform_filtered,2048,0,1024,1024,-1.148382727175398,-0.011076691421997964,0.0070229063624164915,1.0
0.735,ideal,151,adaptive_filtered,2048,256,813,979,-1.1398924128001222,-0.0025863770467222658,0.008754898744901683,1.0
0.735,ideal,152,uniform_raw,2048,0,1024,1024,-1.1269695611803443,0.010336474573055643,0.0077384061827073325,1.0
0.735,ideal,152,uniform_filtered,2048,0,1024,1024,-1.1269695611803443,0.010336474573055643,0.0077384061827073325,1.0
0.735,ideal,152,adaptive_filtered,2048,256,1096,696,-1.1380621656841274,-0.0007561299307274894,0.008911996536554535,1.0
0.735,ideal,153,uniform_raw,2048,0,1024,1024,-1.124638982662534,0.01266705309086591,0.008310277382745224,1.0
0.735,ideal,153,uniform_filtered,2048,0,1024,1024,-1.124638982662534,0.01266705309086591,0.008310277382745224,1.0
0.735,ideal,153,adaptive_filtered,2048,256,128,1664,-1.163101658237486,-0.025795622484086067,0.004290324152629581,1.0
0.735,ideal,154,uniform_raw,2048,0,1024,1024,-1.1392685319627351,-0.001962496209335196,0.008106608662514366,1.0
0.735,ideal,154,uniform_filtered,2048,0,1024,1024,-1.1392685319627351,-0.001962496209335196,0.008106608662514366,1.0
0.735,ideal,154,adaptive_filtered,2048,256,1088,704,-1.1238384272346753,0.013467608518724639,0.008779519141035193,1.0
0.735,ideal,155,uniform_raw,2048,0,1024,1024,-1.1330507596995605,0.004255276053839463,0.008664323240323344,1.0
0.735,ideal,155,uniform_filtered,2048,0,1024,1024,-1.1330507596995605,0.004255276053839463,0.008664323240323344,1.0
0.735,ideal,155,adaptive_filtered,2048,256,782,1010,-1.1415432837770743,-0.0042372480236743115,0.008674823217095317,1.0
0.735,ideal,156,uniform_raw,2048,0,1024,1024,-1.122800531300021,0.014505504453378837,0.008040873463395761,1.0
0.735,ideal,156,uniform_filtered,2048,0,1024,1024,-1.122800531300021,0.014505504453378837,0.008040873463395761,1.0
0.735,ideal,156,adaptive_filtered,2048,256,803,989,-1.144378092839137,-0.0070720570857369935,0.006894231261877669,1.0
0.735,ideal,157,uniform_raw,2048,0,1024,1024,-1.1238628472105177,0.01344318854288229,0.008706711639066222,1.0
0.735,ideal,157,uniform_filtered,2048,0,1024,1024,-1.1238628472105177,0.01344318854288229,0.008706711639066222,1.0
0.735,ideal,157,adaptive_filtered,2048,256,784,1008,-1.1482550864178873,-0.01094905066448737,0.007430303622852691,1.0
0.735,ideal,158,uniform_raw,2048,0,1024,1024,-1.1426592542292813,-0.005353218475881327,0.00751879439736457,1.0
0.735,ideal,158,uniform_filtered,2048,0,1024,1024,-1.1426592542292813,-0.005353218475881327,0.00751879439736457,1.0
0.735,ideal,158,adaptive_filtered,2048,256,953,839,-1.138576623984529,-0.0012705882311290218,0.008371825886748393,1.0
0.735,ideal,159,uniform_raw,2048,0,1024,1024,-1.146333984792546,-0.009027949039146055,0.0073472153997312314,1.0
0.735,ideal,159,uniform_filtered,2048,0,1024,1024,-1.146333984792546,-0.009027949039146055,0.0073472153997312314,1.0
0.735,ideal,159,adaptive_filtered,2048,256,791,1001,-1.1432682081235876,-0.005962172370187702,0.007180593753960645,1.0
0.735,ideal,160,uniform_raw,2048,0,1024,1024,-1.142446791047182,-0.005140755293782107,0.007369387292216912,1.0
0.735,ideal,160,uniform_filtered,2048,0,1024,1024,-1.142446791047182,-0.005140755293782107,0.007369387292216912,1.0
0.735,ideal,160,adaptive_filtered,2048,256,784,1008,-1.1233969711284404,0.013909064624959555,0.009383789744331197,1.0
0.735,ideal,161,uniform_raw,2048,0,1024,1024,-1.1378528348026604,-0.0005467990492604713,0.007392929344581482,1.0
0.735,ideal,161,uniform_filtered,2048,0,1024,1024,-1.1378528348026604,-0.0005467990492604713,0.007392929344581482,1.0
0.735,ideal,161,adaptive_filtered,2048,256,128,1664,-1.128879557657477,0.008426478095922896,0.01804779724561058,1.0
0.735,ideal,162,uniform_raw,2048,0,1024,1024,-1.1381346709376192,-0.000828635184219273,0.0070778870205613475,1.0
0.735,ideal,162,uniform_filtered,2048,0,1024,1024,-1.1381346709376192,-0.000828635184219273,0.0070778870205613475,1.0
0.735,ideal,162,adaptive_filtered,2048,256,1085,707,-1.129848158084299,0.0074578776691009985,0.008403542816563192,1.0
0.735,ideal,163,uniform_raw,2048,0,1024,1024,-1.1360165556019082,0.001289480151491773,0.007844705802911444,1.0
0.735,ideal,163,uniform_filtered,2048,0,1024,1024,-1.1360165556019082,0.001289480151491773,0.007844705802911444,1.0
0.735,ideal,163,adaptive_filtered,2048,256,946,846,-1.1310263352694268,0.006279700483973194,0.008422227904357416,1.0
0.735,ideal,164,uniform_raw,2048,0,1024,1024,-1.134954239691412,0.0023517960619878764,0.0070919206014025665,1.0
0.735,ideal,164,uniform_filtered,2048,0,1024,1024,-1.134954239691412,0.0023517960619878764,0.0070919206014025665,1.0
0.735,ideal,164,adaptive_filtered,2048,256,1111,681,-1.143644336634035,-0.006338300880635028,0.008348848003040902,1.0
0.735,ideal,165,uniform_raw,2048,0,1024,1024,-1.153611900804457,-0.016305865051057022,0.0066606308060140175,1.0
0.735,ideal,165,uniform_filtered,2048,0,1024,1024,-1.153611900804457,-0.016305865051057022,0.0066606308060140175,1.0
0.735,ideal,165,adaptive_filtered,2048,256,1131,661,-1.1340932448857202,0.0032127908676797823,0.009054803886288465,1.0
0.735,ideal,166,uniform_raw,2048,0,1024,1024,-1.1355222562848502,0.0017837794685497954,0.007988234692424349,1.0
0.735,ideal,166,uniform_filtered,2048,0,1024,1024,-1.1355222562848502,0.0017837794685497954,0.007988234692424349,1.0
0.735,ideal,166,adaptive_filtered,2048,256,956,836,-1.1408694785801607,-0.0035634428267607987,0.008649989857197407,1.0
0.735,ideal,167,uniform_raw,2048,0,1024,1024,-1.14046959377895,-0.0031635580255500173,0.00796230607494299,1.0
0.735,ideal,167,uniform_filtered,2048,0,1024,1024,-1.14046959377895,-0.0031635580255500173,0.00796230607494299,1.0
0.735,ideal,167,adaptive_filtered,2048,256,1059,733,-1.1427183922352189,-0.005412356481818925,0.00792441578587892,1.0
0.735,ideal,168,uniform_raw,2048,0,1024,1024,-1.1395481959359337,-0.002242160182533759,0.007071192107890941,1.0
0.735,ideal,168,uniform_filtered,2048,0,1024,1024,-1.1395481959359337,-0.002242160182533759,0.007071192107890941,1.0
0.735,ideal,168,adaptive_filtered,2048,256,1108,684,-1.152362652748875,-0.015056616995475114,0.008048561939406397,1.0
0.735,ideal,169,uniform_raw,2048,0,1024,1024,-1.1529051383052997,-0.01559910255189978,0.006665357545238531,1.0
0.735,ideal,169,uniform_filtered,2048,0,1024,1024,-1.1529051383052997,-0.01559910255189978,0.006665357545238531,1.0
0.735,ideal,169,adaptive_filtered,2048,256,789,1003,-1.1503195873704062,-0.013013551617006236,0.007661435705733386,1.0
0.735,ideal,170,uniform_raw,2048,0,1024,1024,-1.1448489146796121,-0.007542878926212193,0.0070435603211814884,1.0
0.735,ideal,170,uniform_filtered,2048,0,1024,1024,-1.1448489146796121,-0.007542878926212193,0.0070435603211814884,1.0
0.735,ideal,170,adaptive_filtered,2048,256,800,992,-1.1448219642838722,-0.007515928530472227,0.007419068936685167,1.0
0.735,ideal,171,uniform_raw,2048,0,1024,1024,-1.13312013265242,0.004185903100979882,0.008273532095439549,1.0
0.735,ideal,171,uniform_filtered,2048,0,1024,1024,-1.13312013265242,0.004185903100979882,0.008273532095439549,1.0
0.735,ideal,171,adaptive_filtered,2048,256,942,850,-1.1460398732452086,-0.008733837491808671,0.007513357176630863,1.0
0.735,ideal,172,uniform_raw,2048,0,1024,1024,-1.1317759806069652,0.005530055146434787,0.007864288095724025,1.0
0.735,ideal,172,uniform_filtered,2048,0,1024,1024,-1.1317759806069652,0.005530055146434787,0.007864288095724025,1.0
0.735,ideal,172,adaptive_filtered,2048,256,793,999,-1.1363939599906456,0.0009120757627543163,0.008650902563777353,1.0
0.735,ideal,173,uniform_raw,2048,0,1024,1024,-1.1553809792141099,-0.018074943460709925,0.00743710869933195,1.0
0.735,ideal,173,uniform_filtered,2048,0,1024,1024,-1.1553809792141099,-0.018074943460709925,0.00743710869933195,1.0
0.735,ideal,173,adaptive_filtered,2048,256,943,849,-1.1306619229058468,0.006644112847553174,0.008735119902343137,1.0
0.735,ideal,174,uniform_raw,2048,0,1024,1024,-1.143860316045496,-0.0065542802920961485,0.007361564666495988,1.0
0.735,ideal,174,uniform_filtered,2048,0,1024,1024,-1.143860316045496,-0.0065542802920961485,0.007361564666495988,1.0
0.735,ideal,174,adaptive_filtered,2048,256,1024,768,-1.1362290187840074,0.0010770169693925524,0.00859581906596411,1.0
0.735,ideal,175,uniform_raw,2048,0,1024,1024,-1.123015166643881,0.014290869109518933,0.008836435063061372,1.0
0.735,ideal,175,uniform_filtered,2048,0,1024,1024,-1.123015166643881,0.014290869109518933,0.008836435063061372,1.0
0.735,ideal,175,adaptive_filtered,2048,256,795,997,-1.1365327055832557,0.0007733301701442485,0.008641474889878816,1.0
0.735,ideal,176,uniform_raw,2048,0,1024,1024,-1.132625833335362,0.004680202418037904,0.00840868502043835,1.0
0.735,ideal,176,uniform_filtered,2048,0,1024,1024,-1.132625833335362,0.004680202418037904,0.00840868502043835,1.0
0.735,ideal,176,adaptive_filtered,2048,256,941,851,-1.1457759979778763,-0.00846996222447638,0.007689432685060108,1.0
0.735,ideal,177,uniform_raw,2048,0,1024,1024,-1.141458192413066,-0.004152156659666062,0.007672479127593201,1.0
0.735,ideal,177,uniform_filtered,2048,0,1024,1024,-1.141458192413066,-0.004152156659666062,0.007672479127593201,1.0
0.735,ideal,177,adaptive_filtered,2048,256,128,1664,-1.1181837362059763,0.019122299547423616,0.021804045504175126,1.0
0.735,ideal,178,uniform_raw,2048,0,1024,1024,-1.123719756981278,0.01358627877212193,0.00817719521276381,1.0
0.735,ideal,178,uniform_filtered,2048,0,1024,1024,-1.123719756981278,0.01358627877212193,0.00817719521276381,1.0
0.735,ideal,178,adaptive_filtered,2048,256,939,853,-1.1312296005658733,0.006076435187526652,0.008272001466338243,1.0
0.735,ideal,179,uniform_raw,2048,0,1024,1024,-1.1278194139087416,0.009486621844658316,0.008297510072531244,1.0
0.735,ideal,179,uniform_filtered,2048,0,1024,1024,-1.1278194139087416,0.009486621844658316,0.008297510072531244,1.0
0.735,ideal,179,adaptive_filtered,2048,256,936,856,-1.1367326289085211,0.0005734068448788321,0.008717536452059504,1.0
0.735,ideal,180,uniform_raw,2048,0,1024,1024,-1.1460521486575876,-0.008746112904187697,0.007645854943380978,1.0
0.735,ideal,180,uniform_filtered,2048,0,1024,1024,-1.1460521486575876,-0.008746112904187697,0.007645854943380978,1.0
0.735,ideal,180,adaptive_filtered,2048,256,128,1664,-1.1376181906497735,-0.0003121548963735954,0.013178418689433605,1.0
0.735,ideal,181,uniform_raw,2048,0,1024,1024,-1.134674575718214,0.002631460035185995,0.008130553433125638,1.0
0.735,ideal,181,uniform_filtered,2048,0,1024,1024,-1.134674575718214,0.002631460035185995,0.008130553433125638,1.0
0.735,ideal,181,adaptive_filtered,2048,256,796,996,-1.1278810737031586,0.009424962050241348,0.008888135829438417,1.0
0.735,ideal,182,uniform_raw,2048,0,1024,1024,-1.1396934583269336,-0.0023874225735336374,0.00837114681835718,1.0
0.735,ideal,182,uniform_filtered,2048,0,1024,1024,-1.1396934583269336,-0.0023874225735336374,0.00837114681835718,1.0
0.735,ideal,182,adaptive_filtered,2048,256,813,979,-1.1412207846174218,-0.0039147488640218775,0.008331782581633166,1.0
0.735,ideal,183,uniform_raw,2048,0,1024,1024,-1.14294109036424,-0.005635054610840129,0.007212347315541683,1.0
0.735,ideal,183,uniform_filtered,2048,0,1024,1024,-1.14294109036424,-0.005635054610840129,0.007212347315541683,1.0
0.735,ideal,183,adaptive_filtered,2048,256,128,1664,-1.1487489428699869,-0.011442907116586909,0.0043679282663918505,1.0
0.735,ideal,184,uniform_raw,2048,0,1024,1024,-1.1367948632156852,0.0005111725377147103,0.008119826487998359,1.0
0.735,ideal,184,uniform_filtered,2048,0,1024,1024,-1.1367948632156852,0.0005111725377147103,0.008119826487998359,1.0
0.735,ideal,184,adaptive_filtered,2048,256,128,1664,-1.1615794005469935,-0.024273364793593544,0.004299987180127123,1.0
0.735,ideal,185,uniform_raw,2048,0,1024,1024,-1.1500087153558116,-0.01270267960241167,0.007170590355416876,1.0
0.735,ideal,185,uniform_filtered,2048,0,1024,1024,-1.1500087153558116,-0.01270267960241167,0.007170590355416876,1.0
0.735,ideal,185,adaptive_filtered,2048,256,793,999,-1.1276705387427923,0.009635497010607619,0.009112155659791977,1.0
0.735,ideal,186,uniform_raw,2048,0,1024,1024,-1.1372891625327428,1.6873220657132038e-05,0.00797932836502375,1.0
0.735,ideal,186,uniform_filtered,2048,0,1024,1024,-1.1372891625327428,1.6873220657132038e-05,0.00797932836502375,1.0
0.735,ideal,186,adaptive_filtered,2048,256,944,848,-1.1500432886336438,-0.012737252880243854,0.007827893015222014,1.0
0.735,ideal,187,uniform_raw,2048,0,1024,1024,-1.1249208187974928,0.012385216955907108,0.008033491977438195,1.0
0.735,ideal,187,uniform_filtered,2048,0,1024,1024,-1.1249208187974928,0.012385216955907108,0.008033491977438195,1.0
0.735,ideal,187,adaptive_filtered,2048,256,1029,763,-1.1427798755272782,-0.005473839773878275,0.008293817654103133,1.0
0.735,ideal,188,uniform_raw,2048,0,1024,1024,-1.1376425437823214,-0.00033650802892148945,0.007977500000871544,1.0
0.735,ideal,188,uniform_filtered,2048,0,1024,1024,-1.1376425437823214,-0.00033650802892148945,0.007977500000871544,1.0
0.735,ideal,188,adaptive_filtered,2048,256,128,1664,-1.1450120137178792,-0.007705977964479249,0.013166013745803631,1.0
0.735,ideal,189,uniform_raw,2048,0,1024,1024,-1.1353813382173708,0.0019246975360291962,0.008127039439414308,1.0
0.735,ideal,189,uniform_filtered,2048,0,1024,1024,-1.1353813382173708,0.0019246975360291962,0.008127039439414308,1.0
0.735,ideal,189,adaptive_filtered,2048,256,1036,756,-1.1360739769037593,0.001232058849640616,0.008714342026649332,1.0
0.735,ideal,190,uniform_raw,2048,0,1024,1024,-1.1413888194602069,-0.004082783706806925,0.008094673807329717,1.0
0.735,ideal,190,uniform_filtered,2048,0,1024,1024,-1.1413888194602069,-0.004082783706806925,0.008094673807329717,1.0
0.735,ideal,190,adaptive_filtered,2048,256,788,1004,-1.138683276582574,-0.00137724082917412,0.007972623266339803,1.0
0.735,ideal,191,uniform_raw,2048,0,1024,1024,-1.134674575718214,0.002631460035185995,0.008130553433125638,1.0
0.735,ideal,191,uniform_filtered,2048,0,1024,1024,-1.134674575718214,0.002631460035185995,0.008130553433125638,1.0
0.735,ideal,191,adaptive_filtered,2048,256,953,839,-1.1344750794252567,0.0028309563281432304,0.0077513576531500275,1.0
0.735,ideal,192,uniform_raw,2048,0,1024,1024,-1.1408923479813886,-0.003586312227988664,0.007528407729915909,1.0
0.735,ideal,192,uniform_filtered,2048,0,1024,1024,-1.1408923479813886,-0.003586312227988664,0.007528407729915909,1.0
0.735,ideal,192,adaptive_filtered,2048,256,941,851,-1.1271316160516731,0.010174419701726833,0.008905664774513752,1.0
0.735,ideal,193,uniform_raw,2048,0,1024,1024,-1.1358062645815692,0.001499771171830755,0.008392533625023242,1.0
0.735,ideal,193,uniform_filtered,2048,0,1024,1024,-1.1358062645815692,0.001499771171830755,0.008392533625023242,1.0
0.735,ideal,193,adaptive_filtered,2048,256,1125,667,-1.120182797287693,0.017123238465706958,0.010140365200540697,1.0
0.735,ideal,194,uniform_raw,2048,0,1024,1024,-1.1380631258229994,-0.0007570900695994531,0.00674715958715384,1.0
0.735,ideal,194,uniform_filtered,2048,0,1024,1024,-1.1380631258229994,-0.0007570900695994531,0.00674715958715384,1.0
0.735,ideal,194,adaptive_filtered,2048,256,819,973,-1.1430020534061165,-0.005696017652716545,0.007636250444170701,1.0
0.735,ideal,195,uniform_raw,2048,0,1024,1024,-1.1431557257080995,-0.005849689954699588,0.008084299404370028,1.0
0.735,ideal,195,uniform_filtered,2048,0,1024,1024,-1.1431557257080995,-0.005849689954699588,0.008084299404370028,1.0
0.735,ideal,195,adaptive_filtered,2048,256,788,1004,-1.141709179688259,-0.004403143934859077,0.008194751756340655,1.0
0.735,ideal,196,uniform_raw,2048,0,1024,1024,-1.1333304236727586,0.003975612080641344,0.00771280890722064,1.0
0.735,ideal,196,uniform_filtered,2048,0,1024,1024,-1.1333304236727586,0.003975612080641344,0.00771280890722064,1.0
0.735,ideal,196,adaptive_filtered,2048,256,1037,755,-1.1410935967027198,-0.003787560949319868,0.008176566516011221,1.0
0.735,ideal,197,uniform_raw,2048,0,1024,1024,-1.1436478528633973,-0.006341817109997372,0.0072084873287721245,1.0
0.735,ideal,197,uniform_filtered,2048,0,1024,1024,-1.1436478528633973,-0.006341817109997372,0.0072084873287721245,1.0
0.735,ideal,197,adaptive_filtered,2048,256,785,1007,-1.1352233546768256,0.0020826810765743886,0.008236820273709072,1.0
0.735,ideal,198,uniform_raw,2048,0,1024,1024,-1.1319168986744446,0.005389137078955386,0.007718947343286758,1.0
0.735,ideal,198,uniform_filtered,2048,0,1024,1024,-1.1319168986744446,0.005389137078955386,0.007718947343286758,1.0
0.735,ideal,198,adaptive_filtered,2048,256,956,836,-1.1400037790596618,-0.002697743306261824,0.008655591113559836,1.0
0.735,ideal,199,uniform_raw,2048,0,1024,1024,-1.1273251145916836,0.009980921161716338,0.008432930107845182,1.0
0.735,ideal,199,uniform_filtered,2048,0,1024,1024,-1.1273251145916836,0.009980921161716338,0.008432930107845182,1.0
0.735,ideal,199,adaptive_filtered,2048,256,944,848,-1.1414880754956087,-0.004182039742208765,0.007715129156080192,1.0
0.735,synthetic_noise,0,uniform_raw,2048,0,1024,1024,-1.100827575545618,0.03647846020778189,0.009281282454941867,1.0
0.735,synthetic_noise,0,uniform_filtered,2048,0,1024,1024,-1.1362664773896287,0.0010395583637712313,0.008085490241584113,0.96337890625
0.735,synthetic_noise,0,adaptive_filtered,2048,256,820,972,-1.119208253410704,0.01809778234269599,0.009825171602313672,0.9536830357142857
0.735,synthetic_noise,1,uniform_raw,2048,0,1024,1024,-1.0926007591339792,0.0447052766194207,0.009865509246325522,1.0
0.735,synthetic_noise,1,uniform_filtered,2048,0,1024,1024,-1.131191241014137,0.006114794739263019,0.00871723850979708,0.96142578125
0.735,synthetic_noise,1,adaptive_filtered,2048,256,962,830,-1.1123011602745247,0.0250048754788752,0.009804729659029092,0.9592633928571429
0.735,synthetic_noise,2,uniform_raw,2048,0,1024,1024,-1.0777905731825688,0.05951546257083118,0.011159029124687145,1.0
0.735,synthetic_noise,2,uniform_filtered,2048,0,1024,1024,-1.1140196924723065,0.02328634328109347,0.010428302749897431,0.9599609375
0.735,synthetic_noise,2,adaptive_filtered,2048,256,813,979,-1.135653053546827,0.0016529822065729505,0.009449507920431907,0.9720982142857143
0.735,synthetic_noise,3,uniform_raw,2048,0,1024,1024,-1.0917377920376499,0.04556824371575008,0.010307052189986624,1.0
0.735,synthetic_noise,3,uniform_filtered,2048,0,1024,1024,-1.1393222059343002,-0.0020161701809002786,0.009027569593593148,0.9521484375
0.735,synthetic_noise,3,adaptive_filtered,2048,256,824,968,-1.1318903691599869,0.005415666593413082,0.009665578236341225,0.9654017857142857
0.735,synthetic_noise,4,uniform_raw,2048,0,1024,1024,-1.099538387914901,0.03776764783849895,0.00953429604829218,1.0
0.735,synthetic_noise,4,uniform_filtered,2048,0,1024,1024,-1.1325984178538526,0.004707617899547323,0.008511553152466348,0.96923828125
0.735,synthetic_noise,4,adaptive_filtered,2048,256,826,966,-1.1337908938504238,0.0035151419029761932,0.00928557012382673,0.9637276785714286
0.735,synthetic_noise,5,uniform_raw,2048,0,1024,1024,-1.090007117692195,0.0472989180612049,0.009682200490698022,1.0
0.735,synthetic_noise,5,uniform_filtered,2048,0,1024,1024,-1.1308413470726149,0.006464688680785091,0.008454433957689647,0.9560546875
0.735,synthetic_noise,5,adaptive_filtered,2048,256,1165,627,-1.1212997120466364,0.01600632370676358,0.009985436704138739,0.9592633928571429
0.735,synthetic_noise,6,uniform_raw,2048,0,1024,1024,-1.088248940790029,0.04905709496337085,0.009775181485308305,1.0
0.735,synthetic_noise,6,uniform_filtered,2048,0,1024,1024,-1.1231418506638282,0.014164185089571735,0.008725081205882033,0.96435546875
0.735,synthetic_noise,6,adaptive_filtered,2048,256,128,1664,-1.138579316152403,-0.001273280399002985,0.013771235449518106,0.9748883928571429
0.735,synthetic_noise,7,uniform_raw,2048,0,1024,1024,-1.0869344431137034,0.050371592639696594,0.010263920286815519,1.0
0.735,synthetic_noise,7,uniform_filtered,2048,0,1024,1024,-1.119473618946726,0.017832416806673912,0.009394863431296124,0.966796875
0.735,synthetic_noise,7,adaptive_filtered,2048,256,809,983,-1.1286289380348116,0.008677097718588378,0.009371743854394326,0.9614955357142857
0.735,synthetic_noise,8,uniform_raw,2048,0,1024,1024,-1.0925039039737507,0.0448021317796492,0.00990723973003595,1.0
0.735,synthetic_noise,8,uniform_filtered,2048,0,1024,1024,-1.133172140711082,0.004133895042317981,0.008719472289984214,0.9599609375
0.735,synthetic_noise,8,adaptive_filtered,2048,256,960,832,-1.1182897175711295,0.019016318182270453,0.010020970637787067,0.96484375
0.735,synthetic_noise,9,uniform_raw,2048,0,1024,1024,-1.102704430972329,0.03460160478107088,0.009361832922199092,1.0
0.735,synthetic_noise,9,uniform_filtered,2048,0,1024,1024,-1.130070332702481,0.007235703050918918,0.008506602567913897,0.96826171875
0.735,synthetic_noise,9,adaptive_filtered,2048,256,816,976,-1.1101725513385308,0.02713348441486918,0.010210543656334553,0.9659598214285714
0.735,synthetic_noise,10,uniform_raw,2048,0,1024,1024,-1.0885517019483903,0.0487543338050096,0.010274971001211662,1.0
0.735,synthetic_noise,10,uniform_filtered,2048,0,1024,1024,-1.1272547037409302,0.010051332012469771,0.009268198624500129,0.96337890625
0.735,synthetic_noise,10,adaptive_filtered,2048,256,948,844,-1.1048746698398788,0.03243136591352114,0.010554797338682089,0.9642857142857143
0.735,synthetic_noise,11,uniform_raw,2048,0,1024,1024,-1.095043458992368,0.042262576761031845,0.010047950866800987,1.0
0.735,synthetic_noise,11,uniform_filtered,2048,0,1024,1024,-1.1240142127283228,0.013291823025077143,0.009233483262834116,0.9658203125
0.735,synthetic_noise,11,adaptive_filtered,2048,256,1106,686,-1.1184226658405265,0.018883369912873427,0.010037017418856072,0.9598214285714286
0.735,synthetic_noise,12,uniform_raw,2048,0,1024,1024,-1.0887938398489614,0.04851219590443856,0.010174758087499316,1.0
0.735,synthetic_noise,12,uniform_filtered,2048,0,1024,1024,-1.12285252617859,0.014453509574809953,0.009249023721563016,0.96875
0.735,synthetic_noise,12,adaptive_filtered,2048,256,1111,681,-1.1396081135468181,-0.002302077793418178,0.008913705310654836,0.9642857142857143
0.735,synthetic_noise,13,uniform_raw,2048,0,1024,1024,-1.098183314012617,0.03912272174078302,0.009626840008315948,1.0
0.735,synthetic_noise,13,uniform_filtered,2048,0,1024,1024,-1.1371874021089066,0.0001186336444933822,0.008406838725253841,0.95947265625
0.735,synthetic_noise,13,adaptive_filtered,2048,256,1062,730,-1.1180864017982275,0.019219633955172455,0.009695614177985026,0.9564732142857143
0.735,synthetic_noise,14,uniform_raw,2048,0,1024,1024,-1.0866251247713756,0.05068091098202432,0.010203127638766506,1.0
0.735,synthetic_noise,14,uniform_filtered,2048,0,1024,1024,-1.122146593590561,0.015159442162838932,0.009283177951048818,0.9609375
0.735,synthetic_noise,14,adaptive_filtered,2048,256,817,975,-1.0966722278081211,0.04063380794527882,0.012171241230460626,0.9609375
0.735,synthetic_noise,15,uniform_raw,2048,0,1024,1024,-1.0804008156735772,0.056905220079822794,0.010078462197460373,1.0
0.735,synthetic_noise,15,uniform_filtered,2048,0,1024,1024,-1.1183356296140237,0.018970406139376284,0.009036336745461874,0.962890625
0.735,synthetic_noise,15,adaptive_filtered,2048,256,1190,602,-1.1165007857646976,0.020805249988702368,0.010304647892474306,0.9559151785714286
0.735,synthetic_noise,16,uniform_raw,2048,0,1024,1024,-1.0816184378403317,0.05568759791306821,0.010613473499883263,1.0
0.735,synthetic_noise,16,uniform_filtered,2048,0,1024,1024,-1.12383493547578,0.013471100277619996,0.009582351313585253,0.95947265625
0.735,synthetic_noise,16,adaptive_filtered,2048,256,1043,749,-1.119598227435628,0.017707808317771967,0.010103704486121377,0.9654017857142857
0.735,synthetic_noise,17,uniform_raw,2048,0,1024,1024,-1.0743283261507455,0.06297770960265447,0.010446163233254632,1.0
0.735,synthetic_noise,17,uniform_filtered,2048,0,1024,1024,-1.1095832704908632,0.027722765262536697,0.009577126049729247,0.9638671875
0.735,synthetic_noise,17,adaptive_filtered,2048,256,1055,737,-1.1360825149977116,0.0012235207556883232,0.008170307245080966,0.9564732142857143
0.735,synthetic_noise,18,uniform_raw,2048,0,1024,1024,-1.0679268670830293,0.06937916867037064,0.011018891371874286,1.0
0.735,synthetic_noise,18,uniform_filtered,2048,0,1024,1024,-1.1135630830131373,0.023742952740262613,0.010024959840953808,0.95849609375
0.735,synthetic_noise,18,adaptive_filtered,2048,256,964,828,-1.1361571424819181,0.0011488932714818212,0.009326841856401862,0.96875
0.735,synthetic_noise,19,uniform_raw,2048,0,1024,1024,-1.0923926606247432,0.044913375128656785,0.009803181240616783,1.0
0.735,synthetic_noise,19,uniform_filtered,2048,0,1024,1024,-1.1308310937625534,0.006474941990846528,0.008700079209780824,0.9638671875
0.735,synthetic_noise,19,adaptive_filtered,2048,256,1193,599,-1.1154230140611698,0.02188302169223011,0.009790611152582564,0.9559151785714286
0.735,synthetic_noise,20,uniform_raw,2048,0,1024,1024,-1.0863685986820255,0.050937437071374436,0.010163330088751314,1.0
0.735,synthetic_noise,20,uniform_filtered,2048,0,1024,1024,-1.120161058374491,0.017144977378908965,0.009261110582979109,0.96728515625
0.735,synthetic_noise,20,adaptive_filtered,2048,256,128,1664,-1.0752496837328414,0.06205635202055859,0.032103915593826936,0.9715401785714286
0.735,synthetic_noise,21,uniform_raw,2048,0,1024,1024,-1.0915362507123803,0.045769785041019695,0.009826407162335696,1.0
0.735,synthetic_noise,21,uniform_filtered,2048,0,1024,1024,-1.1341630815242079,0.0031429542291920853,0.008566018052053155,0.96240234375
0.735,synthetic_noise,21,adaptive_filtered,2048,256,964,828,-1.1214363729392591,0.015869662814140817,0.009599632755508137,0.9626116071428571
0.735,synthetic_noise,22,uniform_raw,2048,0,1024,1024,-1.0844079821136754,0.05289805363972455,0.01025146958369577,1.0
0.735,synthetic_noise,22,uniform_filtered,2048,0,1024,1024,-1.121568298680781,0.01573773707261905,0.009299026511959598,0.95947265625
0.735,synthetic_noise,22,adaptive_filtered,2048,256,829,963,-1.119175424234951,0.01813061151844897,0.010637538604128374,0.9626116071428571
0.735,synthetic_noise,23,uniform_raw,2048,0,1024,1024,-1.0787386159400683,0.05856741981333169,0.00960922470498808,1.0
0.735,synthetic_noise,23,uniform_filtered,2048,0,1024,1024,-1.1218141412952578,0.015491894458142141,0.008174174445730794,0.96240234375
0.735,synthetic_noise,23,adaptive_filtered,2048,256,1150,642,-1.1064494386100772,0.030856597143322784,0.010473689606797282,0.9654017857142857
0.735,synthetic_noise,24,uniform_raw,2048,0,1024,1024,-1.075327826292348,0.061978209461051925,0.010819572251619643,1.0
0.735,synthetic_noise,24,uniform_filtered,2048,0,1024,1024,-1.1048230979585707,0.03248293779482925,0.010163794116325113,0.96630859375
0.735,synthetic_noise,24,adaptive_filtered,2048,256,946,846,-1.1243853464768385,0.012920689276561426,0.009771514636674363,0.9642857142857143
0.735,synthetic_noise,25,uniform_raw,2048,0,1024,1024,-1.082853539047882,0.054452496705517994,0.010358328459922284,1.0
0.735,synthetic_noise,25,uniform_filtered,2048,0,1024,1024,-1.118178479447335,0.019127556306064886,0.009437503262302957,0.9609375
0.735,synthetic_noise,25,adaptive_filtered,2048,256,975,817,-1.1161274345371233,0.021178601216276682,0.009451014257078246,0.9614955357142857
0.735,synthetic_noise,26,uniform_raw,2048,0,1024,1024,-1.0911475359012774,0.0461584998521225,0.009978345717836633,1.0
0.735,synthetic_noise,26,uniform_filtered,2048,0,1024,1024,-1.1259207283979165,0.011385307355483487,0.008968744514466373,0.97021484375
0.735,synthetic_noise,26,adaptive_filtered,2048,256,804,988,-1.1153302993017555,0.021975736451644412,0.010569636809032426,0.9693080357142857
0.735,synthetic_noise,27,uniform_raw,2048,0,1024,1024,-1.090083027479678,0.047223008273721945,0.009939660499830636,1.0
0.735,synthetic_noise,27,uniform_filtered,2048,0,1024,1024,-1.1285248412184945,0.008781194534905445,0.008858921216629055,0.96240234375
0.735,synthetic_noise,27,adaptive_filtered,2048,256,826,966,-1.1333427892467611,0.003963246506638818,0.008606574169009408,0.9637276785714286
0.735,synthetic_noise,28,uniform_raw,2048,0,1024,1024,-1.0784401991052275,0.058865836648172465,0.01016768396858025,1.0
0.735,synthetic_noise,28,uniform_filtered,2048,0,1024,1024,-1.1176321094969555,0.019673926256444485,0.009059224998075991,0.96142578125
0.735,synthetic_noise,28,adaptive_filtered,2048,256,976,816,-1.1113810362683023,0.025924999485097633,0.010193370886166741,0.9709821428571429
0.735,synthetic_noise,29,uniform_raw,2048,0,1024,1024,-1.081851846395176,0.05545418935822388,0.01043641430748746,1.0
0.735,synthetic_noise,29,uniform_filtered,2048,0,1024,1024,-1.125231132266813,0.012074903486587019,0.009327625281957049,0.95751953125
0.735,synthetic_noise,29,adaptive_filtered,2048,256,128,1664,-1.1413030014633505,-0.003996965709950562,0.013973599998665893,0.97265625
0.735,synthetic_noise,30,uniform_raw,2048,0,1024,1024,-1.0947131952772953,0.042592840476104676,0.010274410616109427,1.0
0.735,synthetic_noise,30,uniform_filtered,2048,0,1024,1024,-1.1264126700397563,0.010893365713643632,0.009483179804210085,0.96484375
0.735,synthetic_noise,30,adaptive_filtered,2048,256,1104,688,-1.1381868045924923,-0.0008807688390923829,0.00924180935490938,0.9654017857142857
0.735,synthetic_noise,31,uniform_raw,2048,0,1024,1024,-1.1016102478322582,0.0356957879211417,0.009547508118792448,1.0
0.735,synthetic_noise,31,uniform_filtered,2048,0,1024,1024,-1.136399159137949,0.0009068766154509689,0.008513255475848832,0.96435546875
0.735,synthetic_noise,31,adaptive_filtered,2048,256,128,1664,-1.1014857252199786,0.035820310533421384,0.026140428511398257,0.9765625
0.735,synthetic_noise,32,uniform_raw,2048,0,1024,1024,-1.1069109665759367,0.030395069177463263,0.009522447403839202,1.0
0.735,synthetic_noise,32,uniform_filtered,2048,0,1024,1024,-1.140296611522417,-0.0029905757690169565,0.00848783690514016,0.96533203125
0.735,synthetic_noise,32,adaptive_filtered,2048,256,128,1664,-1.132025552083626,0.005280483669773961,0.01965099996349272,0.9665178571428571
0.735,synthetic_noise,33,uniform_raw,2048,0,1024,1024,-1.0925863709452002,0.04471966480819978,0.009715964155268582,1.0
0.735,synthetic_noise,33,uniform_filtered,2048,0,1024,1024,-1.126814300483884,0.010491735269515967,0.008690905201176753,0.9677734375
0.735,synthetic_noise,33,adaptive_filtered,2048,256,1051,741,-1.1131017457358054,0.0242042900175945,0.009971600874379953,0.9564732142857143
0.735,synthetic_noise,34,uniform_raw,2048,0,1024,1024,-1.0896711951340698,0.0476348406193301,0.009855889573150693,1.0
0.735,synthetic_noise,34,uniform_filtered,2048,0,1024,1024,-1.1211498768920265,0.01615615886137345,0.008985629055163678,0.96484375
0.735,synthetic_noise,34,adaptive_filtered,2048,256,1038,754,-1.118683085803732,0.018622949949667955,0.00904028684673934,0.9642857142857143
0.735,synthetic_noise,35,uniform_raw,2048,0,1024,1024,-1.08555188700405,0.051754148749350026,0.01008032505237231,1.0
0.735,synthetic_noise,35,uniform_filtered,2048,0,1024,1024,-1.127033332928633,0.010272702824766888,0.008896003704922623,0.9599609375
0.735,synthetic_noise,35,adaptive_filtered,2048,256,792,1000,-1.1198421418410756,0.01746389391232439,0.010450379144572777,0.9587053571428571
0.735,synthetic_noise,36,uniform_raw,2048,0,1024,1024,-1.0832112849703242,0.054094750783075796,0.010398392297015786,1.0
0.735,synthetic_noise,36,uniform_filtered,2048,0,1024,1024,-1.1172360031064748,0.020070032646925196,0.009543719221236098,0.96435546875
0.735,synthetic_noise,36,adaptive_filtered,2048,256,1073,719,-1.1180003316880378,0.01930570406536214,0.00901856256694546,0.9654017857142857
0.735,synthetic_noise,37,uniform_raw,2048,0,1024,1024,-1.0986060682150547,0.03869996753834526,0.009291279416929699,1.0
0.735,synthetic_noise,37,uniform_filtered,2048,0,1024,1024,-1.1382760645015244,-0.0009700287481244629,0.007929618902586155,0.9638671875
0.735,synthetic_noise,37,adaptive_filtered,2048,256,1163,629,-1.1199432465776287,0.017362789175771276,0.009993522004725789,0.9592633928571429
0.735,synthetic_noise,38,uniform_raw,2048,0,1024,1024,-1.087308769736027,0.049997266017372866,0.009971514140048446,1.0
0.735,synthetic_noise,38,uniform_filtered,2048,0,1024,1024,-1.1222300224958226,0.015076013257577348,0.008989118088144803,0.9677734375
0.735,synthetic_noise,38,adaptive_filtered,2048,256,968,824,-1.134429934663388,0.0028761010900120176,0.009062631660604052,0.9659598214285714
0.735,synthetic_noise,39,uniform_raw,2048,0,1024,1024,-1.094071441058134,0.043234594695265915,0.00992498653815718,1.0
0.735,synthetic_noise,39,uniform_filtered,2048,0,1024,1024,-1.1281902887822848,0.009115746971115168,0.008964652915061664,0.96630859375
0.735,synthetic_noise,39,adaptive_filtered,2048,256,1003,789,-1.131146940953696,0.00615909479970389,0.00893097551528439,0.95703125
0.735,synthetic_noise,40,uniform_raw,2048,0,1024,1024,-1.0743195968050183,0.06298643894838163,0.010364605350515912,1.0
0.735,synthetic_noise,40,uniform_filtered,2048,0,1024,1024,-1.1136586026150082,0.023647433138391794,0.009337094252459457,0.9619140625
0.735,synthetic_noise,40,adaptive_filtered,2048,256,1042,750,-1.1041974706493218,0.033108565104078114,0.010620669974969948,0.9637276785714286
0.735,synthetic_noise,41,uniform_raw,2048,0,1024,1024,-1.094043958850765,0.04326207690263484,0.009644936208924903,1.0
0.735,synthetic_noise,41,uniform_filtered,2048,0,1024,1024,-1.1297795152444925,0.007526520508907453,0.008560603364529662,0.962890625
0.735,synthetic_noise,41,adaptive_filtered,2048,256,830,962,-1.1404626113554261,-0.0031565756020262015,0.008813021842807337,0.9564732142857143
0.735,synthetic_noise,42,uniform_raw,2048,0,1024,1024,-1.115520838955626,0.02178519679777402,0.00866053067592541,1.0
0.735,synthetic_noise,42,uniform_filtered,2048,0,1024,1024,-1.1410203281690396,-0.0037142924156396973,0.007710409307360392,0.9677734375
0.735,synthetic_noise,42,adaptive_filtered,2048,256,128,1664,-1.1555872735365043,-0.01828123778310431,0.004383734047668485,0.9776785714285714
0.735,synthetic_noise,43,uniform_raw,2048,0,1024,1024,-1.096873201358497,0.04043283439490297,0.009108871201683667,1.0
0.735,synthetic_noise,43,uniform_filtered,2048,0,1024,1024,-1.1301032648982896,0.007202770855110341,0.00795571134305414,0.962890625
0.735,synthetic_noise,43,adaptive_filtered,2048,256,1048,744,-1.1247434536370204,0.012562582116379506,0.009438691509857069,0.95703125
0.735,synthetic_noise,44,uniform_raw,2048,0,1024,1024,-1.0792547182721002,0.05805131748129977,0.01070791648236824,1.0
0.735,synthetic_noise,44,uniform_filtered,2048,0,1024,1024,-1.1127109252788197,0.024595110474580295,0.009931086562783192,0.96435546875
0.735,synthetic_noise,44,adaptive_filtered,2048,256,1101,691,-1.1296761747563244,0.007629860997075522,0.009508105706140833,0.9665178571428571
0.735,synthetic_noise,45,uniform_raw,2048,0,1024,1024,-1.0787373014205364,0.05856873433286358,0.010592951629285339,1.0
0.735,synthetic_noise,45,uniform_filtered,2048,0,1024,1024,-1.1111884020811438,0.02611763367225617,0.009811965739881114,0.9638671875
0.735,synthetic_noise,45,adaptive_filtered,2048,256,795,997,-1.1211588088532567,0.016147226900143252,0.010358875672117828,0.9503348214285714
0.735,synthetic_noise,46,uniform_raw,2048,0,1024,1024,-1.0870203764171023,0.050285659336297694,0.010595577648413762,1.0
0.735,synthetic_noise,46,uniform_filtered,2048,0,1024,1024,-1.1255337895329487,0.011772246220451255,0.009652326311724295,0.966796875
0.735,synthetic_noise,46,adaptive_filtered,2048,256,816,976,-1.1101517886081966,0.027154247145203314,0.010658143051715821,0.9698660714285714
0.735,synthetic_noise,47,uniform_raw,2048,0,1024,1024,-1.0970537973110215,0.04025223844237846,0.009950550077336832,1.0
0.735,synthetic_noise,47,uniform_filtered,2048,0,1024,1024,-1.1359813548062614,0.0013246809471385568,0.008828271460890854,0.96240234375
0.735,synthetic_noise,47,adaptive_filtered,2048,256,128,1664,-1.1503890858035244,-0.013083050050124445,0.013454144692433216,0.9760044642857143
0.735,synthetic_noise,48,uniform_raw,2048,0,1024,1024,-1.0869841648640066,0.05032187088939333,0.01025471589226836,1.0
0.735,synthetic_noise,48,uniform_filtered,2048,0,1024,1024,-1.1321917336510392,0.005114302102360746,0.009039847755525668,0.95556640625
0.735,synthetic_noise,48,adaptive_filtered,2048,256,801,991,-1.1160736327774203,0.021232402975979614,0.009895289703286953,0.9592633928571429
0.735,synthetic_noise,49,uniform_raw,2048,0,1024,1024,-1.0887750869873192,0.04853094876608077,0.009987521530968447,1.0
0.735,synthetic_noise,49,uniform_filtered,2048,0,1024,1024,-1.1196426204087002,0.01766341534469973,0.009128469717192689,0.96484375
0.735,synthetic_noise,49,adaptive_filtered,2048,256,1053,739,-1.1223540760698576,0.014951959683542349,0.009745893489605596,0.9642857142857143
0.735,synthetic_noise,50,uniform_raw,2048,0,1024,1024,-1.0776850090259562,0.05962102672744374,0.01019054366488148,1.0
0.735,synthetic_noise,50,uniform_filtered,2048,0,1024,1024,-1.1170011227459322,0.02030491300746773,0.00907403984114755,0.958984375
0.735,synthetic_noise,50,adaptive_filtered,2048,256,946,846,-1.1301070154980644,0.007199020255335586,0.008493195179499506,0.9659598214285714
0.735,synthetic_noise,51,uniform_raw,2048,0,1024,1024,-1.090621389703987,0.046684646049413026,0.009766653436560243,1.0
0.735,synthetic_noise,51,uniform_filtered,2048,0,1024,1024,-1.1302924170738846,0.007013618679515332,0.008579004523949956,0.96142578125
0.735,synthetic_noise,51,adaptive_filtered,2048,256,1043,749,-1.1190291257402913,0.018276910013108605,0.009422787147121687,0.9637276785714286
0.735,synthetic_noise,52,uniform_raw,2048,0,1024,1024,-1.0939095776179095,0.04339645813549042,0.010316859923752683,1.0
0.735,synthetic_noise,52,uniform_filtered,2048,0,1024,1024,-1.1261599112483265,0.011146124505073463,0.00950320116279488,0.9619140625
0.735,synthetic_noise,52,adaptive_filtered,2048,256,846,946,-1.1317258053614352,0.005580230391964758,0.009386648649807788,0.9637276785714286
0.735,synthetic_noise,53,uniform_raw,2048,0,1024,1024,-1.0862939830647313,0.0510120526886686,0.009927852581884338,1.0
0.735,synthetic_noise,53,uniform_filtered,2048,0,1024,1024,-1.132829514289163,0.004476521464237049,0.00846785865200226,0.95849609375
0.735,synthetic_noise,53,adaptive_filtered,2048,256,955,837,-1.1246946950810344,0.012611340672365579,0.00931015682948413,0.9614955357142857
0.735,synthetic_noise,54,uniform_raw,2048,0,1024,1024,-1.0884086117191507,0.04889742403424924,0.009860921279411438,1.0
0.735,synthetic_noise,54,uniform_filtered,2048,0,1024,1024,-1.12795662353551,0.009349412217889874,0.008727157291096767,0.9619140625
0.735,synthetic_noise,54,adaptive_filtered,2048,256,806,986,-1.1319313141527294,0.00537472160067054,0.009567939588929323,0.9592633928571429
0.735,synthetic_noise,55,uniform_raw,2048,0,1024,1024,-1.0952428485052201,0.04206318724817981,0.00894897570519991,1.0
0.735,synthetic_noise,55,uniform_filtered,2048,0,1024,1024,-1.1309654261027142,0.006340609650685725,0.007620817976923223,0.966796875
0.735,synthetic_noise,55,adaptive_filtered,2048,256,1053,739,-1.1234018963159373,0.013904139437462604,0.00970302131550412,0.9547991071428571
0.735,synthetic_noise,56,uniform_raw,2048,0,1024,1024,-1.0845755043969527,0.05273053135644723,0.009914303205342003,1.0
0.735,synthetic_noise,56,uniform_filtered,2048,0,1024,1024,-1.1319147685493798,0.005391267204020167,0.008465520925570213,0.95947265625
0.735,synthetic_noise,56,adaptive_filtered,2048,256,1167,625,-1.1134866581143905,0.02381937763900943,0.010084913044400139,0.9520089285714286
0.735,synthetic_noise,57,uniform_raw,2048,0,1024,1024,-1.0915428078963463,0.04576322785705367,0.009363131369931943,1.0
0.735,synthetic_noise,57,uniform_filtered,2048,0,1024,1024,-1.1291927106901531,0.008113325063246801,0.008118458534611211,0.96435546875
0.735,synthetic_noise,57,adaptive_filtered,2048,256,805,987,-1.125898840215127,0.011407195538272852,0.00976200207495448,0.9631696428571429
0.735,synthetic_noise,58,uniform_raw,2048,0,1024,1024,-1.0765323747898554,0.06077366096354453,0.010276402526015069,1.0
0.735,synthetic_noise,58,uniform_filtered,2048,0,1024,1024,-1.1167131617477204,0.02059287400567955,0.009198659681135276,0.96142578125
0.735,synthetic_noise,58,adaptive_filtered,2048,256,1049,743,-1.1488554977276109,-0.011549461974210917,0.008783454074415283,0.9547991071428571
0.735,synthetic_noise,59,uniform_raw,2048,0,1024,1024,-1.080428297880946,0.05687773787245387,0.010346738672506935,1.0
0.735,synthetic_noise,59,uniform_filtered,2048,0,1024,1024,-1.1149271554246418,0.02237888032875812,0.009452297850146375,0.958984375
0.735,synthetic_noise,59,adaptive_filtered,2048,256,1053,739,-1.1266016977248885,0.010704338028511451,0.009627923093113182,0.9609375
0.735,synthetic_noise,60,uniform_raw,2048,0,1024,1024,-1.0887476047799503,0.048558430973449696,0.009707125522985962,1.0
0.735,synthetic_noise,60,uniform_filtered,2048,0,1024,1024,-1.1208642406969558,0.016441795056444164,0.008707572922068479,0.96875
0.735,synthetic_noise,60,adaptive_filtered,2048,256,957,835,-1.128308414050104,0.008997621703295877,0.009141995609266432,0.9631696428571429
0.735,synthetic_noise,61,uniform_raw,2048,0,1024,1024,-1.0903748871305528,0.046931148622847196,0.009829035036990785,1.0
0.735,synthetic_noise,61,uniform_filtered,2048,0,1024,1024,-1.1342105205437352,0.0030955152096647787,0.008458353933012972,0.9560546875
0.735,synthetic_noise,61,adaptive_filtered,2048,256,996,796,-1.1330741195704706,0.004231916182929396,0.008764170735908516,0.9609375
0.735,synthetic_noise,62,uniform_raw,2048,0,1024,1024,-1.0905585739350938,0.046747461818306135,0.009635477970603453,1.0
0.735,synthetic_noise,62,uniform_filtered,2048,0,1024,1024,-1.123778536367574,0.01352749938582587,0.008579126499643331,0.9638671875
0.735,synthetic_noise,62,adaptive_filtered,2048,256,823,969,-1.1201902710992218,0.01711576465417819,0.009286719547692994,0.9676339285714286
0.735,synthetic_noise,63,uniform_raw,2048,0,1024,1024,-1.079553135106941,0.05775290064645899,0.010185330016040614,1.0
0.735,synthetic_noise,63,uniform_filtered,2048,0,1024,1024,-1.1161667693261585,0.0211392664272414,0.009189861978291424,0.9599609375
0.735,synthetic_noise,63,adaptive_filtered,2048,256,1096,696,-1.1304206229678093,0.006885412785590628,0.00921040784349086,0.9620535714285714
0.735,synthetic_noise,64,uniform_raw,2048,0,1024,1024,-1.082549879548607,0.054756156204792905,0.010349459119210633,1.0
0.735,synthetic_noise,64,uniform_filtered,2048,0,1024,1024,-1.129335863588841,0.007970172164558864,0.009069969622311975,0.95556640625
0.735,synthetic_noise,64,adaptive_filtered,2048,256,806,986,-1.1148465067635716,0.022459528989828392,0.009409308165717934,0.96484375
0.735,synthetic_noise,65,uniform_raw,2048,0,1024,1024,-1.0818418228792606,0.055464212874139385,0.010342018401243252,1.0
0.735,synthetic_noise,65,uniform_filtered,2048,0,1024,1024,-1.1166904317999533,0.020615603953446637,0.009425485601817796,0.96484375
0.735,synthetic_noise,65,adaptive_filtered,2048,256,940,852,-1.125770449452245,0.011535586301155032,0.009257548836367941,0.95703125
0.735,synthetic_noise,66,uniform_raw,2048,0,1024,1024,-1.1008153595185992,0.036490676234800734,0.009682880068253888,1.0
0.735,synthetic_noise,66,uniform_filtered,2048,0,1024,1024,-1.131051360667212,0.006254675086188044,0.008789193686163774,0.96875
0.735,synthetic_noise,66,adaptive_filtered,2048,256,988,804,-1.1432392057642207,-0.005933170010820721,0.008996965327839173,0.9609375
0.735,synthetic_noise,67,uniform_raw,2048,0,1024,1024,-1.0804064745166295,0.056899561236770424,0.010137356217863089,1.0
0.735,synthetic_noise,67,uniform_filtered,2048,0,1024,1024,-1.1263703349045784,0.010935700848821561,0.008789248309077086,0.9580078125
0.735,synthetic_noise,67,adaptive_filtered,2048,256,128,1664,-1.1210246334283402,0.016281402325059702,0.02213966205301113,0.9782366071428571
0.735,synthetic_noise,68,uniform_raw,2048,0,1024,1024,-1.0935583888794338,0.04374764687396615,0.009842051384011532,1.0
0.735,synthetic_noise,68,uniform_filtered,2048,0,1024,1024,-1.123622908854363,0.013683126899036946,0.008972060195926862,0.9658203125
0.735,synthetic_noise,68,adaptive_filtered,2048,256,1040,752,-1.1187571265228011,0.01854890923059882,0.009827973073818785,0.9598214285714286
0.735,synthetic_noise,69,uniform_raw,2048,0,1024,1024,-1.1024710224174847,0.03483501333591521,0.009565451147724707,1.0
0.735,synthetic_noise,69,uniform_filtered,2048,0,1024,1024,-1.127583856708236,0.009722179045164037,0.008779808729502653,0.97119140625
0.735,synthetic_noise,69,adaptive_filtered,2048,256,987,805,-1.1233542911446,0.013951744608799999,0.009576709483103322,0.9581473214285714
0.735,synthetic_noise,70,uniform_raw,2048,0,1024,1024,-1.1025447600432075,0.034761275710192496,0.009267849292626753,1.0
0.735,synthetic_noise,70,uniform_filtered,2048,0,1024,1024,-1.1268332902872928,0.010472745466107103,0.008498298591804773,0.97119140625
0.735,synthetic_noise,70,adaptive_filtered,2048,256,965,827,-1.1362181047984676,0.0010879309549323146,0.008857827489733438,0.9520089285714286
0.735,synthetic_noise,71,uniform_raw,2048,0,1024,1024,-1.0749958065941327,0.062310229159267205,0.0100684083503269,1.0
0.735,synthetic_noise,71,uniform_filtered,2048,0,1024,1024,-1.1313693880103575,0.005936647743042478,0.008379272762502539,0.951171875
0.735,synthetic_noise,71,adaptive_filtered,2048,256,1102,690,-1.1252414208232153,0.012064614930184625,0.00900618740587837,0.9631696428571429
0.735,synthetic_noise,72,uniform_raw,2048,0,1024,1024,-1.088099293376823,0.04920674237657696,0.00979755186411607,1.0
0.735,synthetic_noise,72,uniform_filtered,2048,0,1024,1024,-1.127509130965266,0.009796904788133887,0.008594493364052814,0.96142578125
0.735,synthetic_noise,72,adaptive_filtered,2048,256,1036,756,-1.1190382783728503,0.018267757380549643,0.010284637259635274,0.9598214285714286
0.735,synthetic_noise,73,uniform_raw,2048,0,1024,1024,-1.0810966766652474,0.0562093590881525,0.00944414162821756,1.0
0.735,synthetic_noise,73,uniform_filtered,2048,0,1024,1024,-1.1243403765048794,0.012965659248520556,0.008021189592575388,0.9580078125
0.735,synthetic_noise,73,adaptive_filtered,2048,256,1045,747,-1.1391347078232887,-0.0018286720698887926,0.008701242975674069,0.9581473214285714
0.735,synthetic_noise,74,uniform_raw,2048,0,1024,1024,-1.0892794098202927,0.04802662593310725,0.009984229343914172,1.0
0.735,synthetic_noise,74,uniform_filtered,2048,0,1024,1024,-1.126068715740605,0.011237320012794871,0.008878831084303799,0.9619140625
0.735,synthetic_noise,74,adaptive_filtered,2048,256,807,985,-1.1259960270013032,0.011310008752096756,0.009709322630132963,0.9698660714285714
0.735,synthetic_noise,75,uniform_raw,2048,0,1024,1024,-1.0740861882501744,0.06321984750322551,0.010545917247795349,1.0
0.735,synthetic_noise,75,uniform_filtered,2048,0,1024,1024,-1.1113522270912717,0.025953808662128264,0.009600904501447544,0.9619140625
0.735,synthetic_noise,75,adaptive_filtered,2048,256,1045,747,-1.1251051772941505,0.012200858459249453,0.009466902073603846,0.96875
0.735,synthetic_noise,76,uniform_raw,2048,0,1024,1024,-1.1041105207951056,0.033195514958294314,0.009286872924432095,1.0
0.735,synthetic_noise,76,uniform_filtered,2048,0,1024,1024,-1.1481995723311353,-0.010893536577735397,0.007740762393609141,0.9599609375
0.735,synthetic_noise,76,adaptive_filtered,2048,256,809,983,-1.1262085131253028,0.011097522628097156,0.009565648013552691,0.9642857142857143
0.735,synthetic_noise,77,uniform_raw,2048,0,1024,1024,-1.0870225689282051,0.0502834668251948,0.010139334140730484,1.0
0.735,synthetic_noise,77,uniform_filtered,2048,0,1024,1024,-1.1242413613707853,0.013064674382614605,0.00913010108354082,0.966796875
0.735,synthetic_noise,77,adaptive_filtered,2048,256,1067,725,-1.1239551616130328,0.013350874140367175,0.009113375645786273,0.9665178571428571
0.735,synthetic_noise,78,uniform_raw,2048,0,1024,1024,-1.0889447814323567,0.04836125432104321,0.010168906539701377,1.0
0.735,synthetic_noise,78,uniform_filtered,2048,0,1024,1024,-1.1315014400092287,0.005804595744171248,0.009017570042879368,0.95849609375
0.735,synthetic_noise,78,adaptive_filtered,2048,256,828,964,-1.112993155820841,0.02431287993255893,0.010986947807586266,0.9665178571428571
0.735,synthetic_noise,79,uniform_raw,2048,0,1024,1024,-1.089815599882841,0.04749043587055901,0.009256107103673191,1.0
0.735,synthetic_noise,79,uniform_filtered,2048,0,1024,1024,-1.130049765084797,0.007256270668603015,0.007821438776889086,0.96142578125
0.735,synthetic_noise,79,adaptive_filtered,2048,256,128,1664,-1.1266552897236548,0.01065074602974514,0.02247448365827571,0.97265625
0.735,synthetic_noise,80,uniform_raw,2048,0,1024,1024,-1.0839158753077207,0.053390160445679236,0.009875503510748724,1.0
0.735,synthetic_noise,80,uniform_filtered,2048,0,1024,1024,-1.1207347296015446,0.016571306151855314,0.008874027801575762,0.96337890625
0.735,synthetic_noise,80,adaptive_filtered,2048,256,128,1664,-1.147592772512565,-0.010286736759165027,0.013655092161637109,0.9754464285714286
0.735,synthetic_noise,81,uniform_raw,2048,0,1024,1024,-1.087260342155913,0.050045693597486895,0.009992801430394424,1.0
0.735,synthetic_noise,81,uniform_filtered,2048,0,1024,1024,-1.1221253499588704,0.01518068579452958,0.009017800018287595,0.9609375
0.735,synthetic_noise,81,adaptive_filtered,2048,256,1048,744,-1.1412886417959407,-0.003982606042540748,0.008633363000808966,0.9665178571428571
0.735,synthetic_noise,82,uniform_raw,2048,0,1024,1024,-1.0837156078032977,0.05359042795010227,0.010391032569437686,1.0
0.735,synthetic_noise,82,uniform_filtered,2048,0,1024,1024,-1.124016520049255,0.01328951570414505,0.009327957715590286,0.95654296875
0.735,synthetic_noise,82,adaptive_filtered,2048,256,953,839,-1.138973572666624,-0.001667536913223966,0.008588000474500763,0.9654017857142857
0.735,synthetic_noise,83,uniform_raw,2048,0,1024,1024,-1.0734588222197923,0.06384721353360767,0.01034432981935399,1.0
0.735,synthetic_noise,83,uniform_filtered,2048,0,1024,1024,-1.1204132358813812,0.01689279987201875,0.009092195432999073,0.9580078125
0.735,synthetic_noise,83,adaptive_filtered,2048,256,812,980,-1.1162437435834942,0.02106229216990574,0.010366216937934984,0.9637276785714286
0.735,synthetic_noise,84,uniform_raw,2048,0,1024,1024,-1.0764145742568818,0.06089146149651814,0.010595873121614656,1.0
0.735,synthetic_noise,84,uniform_filtered,2048,0,1024,1024,-1.1173266422314803,0.019979393521919686,0.009602811751501161,0.958984375
0.735,synthetic_noise,84,adaptive_filtered,2048,256,1065,727,-1.117886735233359,0.019419300520040927,0.00963692777766307,0.9642857142857143
0.735,synthetic_noise,85,uniform_raw,2048,0,1024,1024,-1.0906619659299461,0.046644069823453815,0.010169000923513426,1.0
0.735,synthetic_noise,85,uniform_filtered,2048,0,1024,1024,-1.1209229649280004,0.01638307082539958,0.009366678138350067,0.96826171875
0.735,synthetic_noise,85,adaptive_filtered,2048,256,1038,754,-1.1195221585779507,0.01778387717544927,0.010019762694111822,0.9626116071428571
0.735,synthetic_noise,86,uniform_raw,2048,0,1024,1024,-1.0945360656567202,0.04276997009667971,0.010025514646127914,1.0
0.735,synthetic_noise,86,uniform_filtered,2048,0,1024,1024,-1.1318788869842917,0.005427148769108214,0.008989352552098179,0.95947265625
0.735,synthetic_noise,86,adaptive_filtered,2048,256,128,1664,-1.1246498575442008,0.012656178209199176,0.01846998535489227,0.9782366071428571
0.735,synthetic_noise,87,uniform_raw,2048,0,1024,1024,-1.0852975534258027,0.05200848232759725,0.009542765452677716,1.0
0.735,synthetic_noise,87,uniform_filtered,2048,0,1024,1024,-1.1227367367044794,0.01456929904892057,0.008323374850188034,0.95849609375
0.735,synthetic_noise,87,adaptive_filtered,2048,256,1055,737,-1.1037523914893344,0.033553644264065596,0.010366101521362546,0.9559151785714286
0.735,synthetic_noise,88,uniform_raw,2048,0,1024,1024,-1.0886298042469766,0.048676231506423306,0.010051157393746367,1.0
0.735,synthetic_noise,88,uniform_filtered,2048,0,1024,1024,-1.1204884994424127,0.016817536310987258,0.009143700397245113,0.962890625
0.735,synthetic_noise,88,adaptive_filtered,2048,256,1165,627,-1.1222835775505628,0.015022458202837097,0.009783360683331497,0.9614955357142857
0.735,synthetic_noise,89,uniform_raw,2048,0,1024,1024,-1.1031140708068348,0.03419196494656518,0.009944304920469082,1.0
0.735,synthetic_noise,89,uniform_filtered,2048,0,1024,1024,-1.138369318631038,-0.0010632828776380165,0.008920547843870147,0.966796875
0.735,synthetic_noise,89,adaptive_filtered,2048,256,128,1664,-1.1014046043663286,0.03590143138707136,0.025539757811597914,0.9782366071428571
0.735,synthetic_noise,90,uniform_raw,2048,0,1024,1024,-1.0853922160749283,0.05191381967847164,0.009998810844770601,1.0
0.735,synthetic_noise,90,uniform_filtered,2048,0,1024,1024,-1.1236780332209335,0.013628002532466432,0.008878319071174472,0.96484375
0.735,synthetic_noise,90,adaptive_filtered,2048,256,952,840,-1.1476884287583693,-0.010382393004969348,0.008048718143049952,0.9637276785714286
0.735,synthetic_noise,91,uniform_raw,2048,0,1024,1024,-1.097409371071703,0.03989666468169695,0.00945425016122624,1.0
0.735,synthetic_noise,91,uniform_filtered,2048,0,1024,1024,-1.133342485131116,0.003963550622283929,0.008251573596396814,0.96435546875
0.735,synthetic_noise,91,adaptive_filtered,2048,256,978,814,-1.106313708356625,0.030992327396774932,0.009690986520942734,0.96875
0.735,synthetic_noise,92,uniform_raw,2048,0,1024,1024,-1.1062382434681148,0.031067792285285112,0.009346956430223992,1.0
0.735,synthetic_noise,92,uniform_filtered,2048,0,1024,1024,-1.1329764979252324,0.0043295378281675845,0.008469062736937675,0.974609375
0.735,synthetic_noise,92,adaptive_filtered,2048,256,1096,696,-1.1278874024953898,0.009418633258010178,0.009339870128537476,0.9620535714285714
0.735,synthetic_noise,93,uniform_raw,2048,0,1024,1024,-1.0835768822469212,0.05372915350647878,0.010025989588538576,1.0
0.735,synthetic_noise,93,uniform_filtered,2048,0,1024,1024,-1.1238638658535423,0.013442169899857692,0.008884664677827076,0.9638671875
0.735,synthetic_noise,93,adaptive_filtered,2048,256,974,818,-1.128908911392044,0.008397124361355868,0.009383535415645976,0.9614955357142857
0.735,synthetic_noise,94,uniform_raw,2048,0,1024,1024,-1.0838918594323013,0.05341417632109868,0.010143566622061752,1.0
0.735,synthetic_noise,94,uniform_filtered,2048,0,1024,1024,-1.1318439957235729,0.005462040029827087,0.00877294208479608,0.95654296875
0.735,synthetic_noise,94,adaptive_filtered,2048,256,1049,743,-1.1385371438431924,-0.001231108089792432,0.008719248461296875,0.9559151785714286
0.735,synthetic_noise,95,uniform_raw,2048,0,1024,1024,-1.09154934473097,0.04575669102242985,0.009955930214224437,1.0
0.735,synthetic_noise,95,uniform_filtered,2048,0,1024,1024,-1.1264109028095621,0.010895132943837815,0.008973090253702297,0.96728515625
0.735,synthetic_noise,95,adaptive_filtered,2048,256,1033,759,-1.1216831983624713,0.015622837390928623,0.00912869470144216,0.9693080357142857
0.735,synthetic_noise,96,uniform_raw,2048,0,1024,1024,-1.0952768675472129,0.04202916820618707,0.009856825540515483,1.0
0.735,synthetic_noise,96,uniform_filtered,2048,0,1024,1024,-1.1267577582385906,0.010548277514809357,0.008951556870695628,0.96875
0.735,synthetic_noise,96,adaptive_filtered,2048,256,794,998,-1.1277605757841802,0.009545459969219738,0.00968840685634206,0.9609375
0.735,synthetic_noise,97,uniform_raw,2048,0,1024,1024,-1.0860614728508007,0.05124456290259927,0.009604159281211156,1.0
0.735,synthetic_noise,97,uniform_filtered,2048,0,1024,1024,-1.1214706163792623,0.015835419374137683,0.008566853301535601,0.9677734375
0.735,synthetic_noise,97,adaptive_filtered,2048,256,799,993,-1.1326349571098322,0.00467107864356775,0.009422090106343773,0.9581473214285714
0.735,synthetic_noise,98,uniform_raw,2048,0,1024,1024,-1.0939855077547356,0.04332052799866437,0.009553701532959175,1.0
0.735,synthetic_noise,98,uniform_filtered,2048,0,1024,1024,-1.12293828407776,0.014367751675639973,0.008695487886443998,0.96484375
0.735,synthetic_noise,98,adaptive_filtered,2048,256,787,1005,-1.122376908202087,0.014929127551313037,0.009763425557396064,0.9564732142857143
0.735,synthetic_noise,99,uniform_raw,2048,0,1024,1024,-1.0798406300849521,0.05746540566844782,0.010036232899538745,1.0
0.735,synthetic_noise,99,uniform_filtered,2048,0,1024,1024,-1.1271647169817425,0.01014131877165747,0.008651391770509172,0.955078125
0.735,synthetic_noise,99,adaptive_filtered,2048,256,800,992,-1.146694781678387,-0.009388745924987063,0.008147256787549625,0.9626116071428571
0.735,synthetic_noise,100,uniform_raw,2048,0,1024,1024,-1.0812428170478188,0.056063218705581175,0.010876947686966103,1.0
0.735,synthetic_noise,100,uniform_filtered,2048,0,1024,1024,-1.1102266805026817,0.02707935525071825,0.010255757513296762,0.9658203125
0.735,synthetic_noise,100,adaptive_filtered,2048,256,1109,683,-1.1208973475823534,0.01640868817104657,0.009653504983306117,0.9536830357142857
0.735,synthetic_noise,101,uniform_raw,2048,0,1024,1024,-1.0855331341424077,0.05177290161099224,0.009892446657035387,1.0
0.735,synthetic_noise,101,uniform_filtered,2048,0,1024,1024,-1.1245267589680061,0.012779276785393812,0.00873072143400639,0.9658203125
0.735,synthetic_noise,101,adaptive_filtered,2048,256,1046,746,-1.130061055340433,0.007244980412966839,0.009416346028238884,0.9575892857142857
0.735,synthetic_noise,102,uniform_raw,2048,0,1024,1024,-1.1048303773128532,0.032475658440546784,0.009420704086435529,1.0
0.735,synthetic_noise,102,uniform_filtered,2048,0,1024,1024,-1.141922995494657,-0.004616959741257087,0.008202497012751754,0.96533203125
0.735,synthetic_noise,102,adaptive_filtered,2048,256,1156,636,-1.1145669300899468,0.022739105663453163,0.010055876183165249,0.9553571428571429
0.735,synthetic_noise,103,uniform_raw,2048,0,1024,1024,-1.1027881921139677,0.03451784363943222,0.009179630740928046,1.0
0.735,synthetic_noise,103,uniform_filtered,2048,0,1024,1024,-1.1358906492753924,0.001415386478007541,0.008057161030078735,0.96875
0.735,synthetic_noise,103,adaptive_filtered,2048,256,1040,752,-1.1207673104716216,0.016538725281778355,0.008658715936066121,0.9587053571428571
0.735,synthetic_noise,104,uniform_raw,2048,0,1024,1024,-1.0877633708186978,0.04954266493470216,0.009969554785722428,1.0
0.735,synthetic_noise,104,uniform_filtered,2048,0,1024,1024,-1.1179385261459176,0.019367509607482347,0.009124077523552694,0.966796875
0.735,synthetic_noise,104,adaptive_filtered,2048,256,128,1664,-1.1331641524089004,0.004141883344499497,0.018461622615426276,0.9743303571428571
0.735,synthetic_noise,105,uniform_raw,2048,0,1024,1024,-1.0962445208085834,0.04106151494481658,0.009938061561664482,1.0
0.735,synthetic_noise,105,uniform_filtered,2048,0,1024,1024,-1.1278150330757337,0.009491002677666227,0.00908582838988476,0.9658203125
0.735,synthetic_noise,105,adaptive_filtered,2048,256,971,821,-1.1279113194779677,0.009394716275432202,0.009003602684146175,0.95703125
0.735,synthetic_noise,106,uniform_raw,2048,0,1024,1024,-1.0833059476194498,0.054000088133950186,0.010806797005781233,1.0
0.735,synthetic_noise,106,uniform_filtered,2048,0,1024,1024,-1.1182431974940923,0.019062838259307657,0.010038471004374282,0.96240234375
0.735,synthetic_noise,106,adaptive_filtered,2048,256,1048,744,-1.105807104192595,0.031498931560804966,0.010207499760717999,0.9598214285714286
0.735,synthetic_noise,107,uniform_raw,2048,0,1024,1024,-1.0956996217496506,0.041606414003749315,0.009526883794307885,1.0
0.735,synthetic_noise,107,uniform_filtered,2048,0,1024,1024,-1.1271513873470718,0.010154648406328182,0.008546201722241258,0.9658203125
0.735,synthetic_noise,107,adaptive_filtered,2048,256,812,980,-1.1270635160297453,0.010242519723654642,0.009965112163521474,0.9620535714285714
0.735,synthetic_noise,108,uniform_raw,2048,0,1024,1024,-1.0731538685503281,0.06415216720307182,0.0103255054607628,1.0
0.735,synthetic_noise,108,uniform_filtered,2048,0,1024,1024,-1.1162304937849132,0.02107554196848671,0.009108610377128788,0.95654296875
0.735,synthetic_noise,108,adaptive_filtered,2048,256,1063,729,-1.128098342190499,0.009207693562900854,0.009341940029084799,0.9642857142857143
0.735,synthetic_noise,109,uniform_raw,2048,0,1024,1024,-1.0842539700276066,0.05305206572579335,0.010227356437437324,1.0
0.735,synthetic_noise,109,uniform_filtered,2048,0,1024,1024,-1.1278335264962047,0.009472509257195227,0.009055376064393647,0.955078125
0.735,synthetic_noise,109,adaptive_filtered,2048,256,975,817,-1.134265108452754,0.003040927300645979,0.008619065547095102,0.9614955357142857
0.735,synthetic_noise,110,uniform_raw,2048,0,1024,1024,-1.0824430008724626,0.054863034880937356,0.01029607315207608,1.0
0.735,synthetic_noise,110,uniform_filtered,2048,0,1024,1024,-1.1239437931227796,0.013362242630620358,0.009176583165138412,0.9619140625
0.735,synthetic_noise,110,adaptive_filtered,2048,256,965,827,-1.1228134051789915,0.014492630574408416,0.008962071318958039,0.9676339285714286
0.735,synthetic_noise,111,uniform_raw,2048,0,1024,1024,-1.0812100921760157,0.05609594357738423,0.010094306126377982,1.0
0.735,synthetic_noise,111,uniform_filtered,2048,0,1024,1024,-1.126798769785729,0.010507265967671042,0.00878582276852036,0.95654296875
0.735,synthetic_noise,111,adaptive_filtered,2048,256,965,827,-1.1232465021153812,0.014059533638018706,0.009983448389715703,0.9520089285714286
0.735,synthetic_noise,112,uniform_raw,2048,0,1024,1024,-1.0913412462217345,0.045964789531665495,0.009893248895384833,1.0
0.735,synthetic_noise,112,uniform_filtered,2048,0,1024,1024,-1.1216688394289545,0.01563719632444549,0.008996139744394494,0.96337890625
0.735,synthetic_noise,112,adaptive_filtered,2048,256,1074,718,-1.1145270891872414,0.02277894656615853,0.009939890279074944,0.9676339285714286
0.735,synthetic_noise,113,uniform_raw,2048,0,1024,1024,-1.076316424926464,0.06098961082693588,0.010621133323989184,1.0
0.735,synthetic_noise,113,uniform_filtered,2048,0,1024,1024,-1.1077186618862433,0.029587373867156597,0.009909390504595758,0.96875
0.735,synthetic_noise,113,adaptive_filtered,2048,256,1046,746,-1.1407057123600222,-0.003399676606622215,0.008822764098906056,0.9587053571428571
0.735,synthetic_noise,114,uniform_raw,2048,0,1024,1024,-1.0800221243783903,0.057283911375009655,0.010326699918484124,1.0
0.735,synthetic_noise,114,uniform_filtered,2048,0,1024,1024,-1.1171663776261664,0.020139658127233506,0.009320501578414702,0.9619140625
0.735,synthetic_noise,114,adaptive_filtered,2048,256,941,851,-1.1239284596375771,0.013377576115822798,0.009406305170583216,0.9559151785714286
0.735,synthetic_noise,115,uniform_raw,2048,0,1024,1024,-1.109368054623105,0.027937981130294887,0.009854947216384068,1.0
0.735,synthetic_noise,115,uniform_filtered,2048,0,1024,1024,-1.1404519349518578,-0.003145899198457869,0.00900743166014512,0.96728515625
0.735,synthetic_noise,115,adaptive_filtered,2048,256,1104,688,-1.1317307194176967,0.005575316335703295,0.009439848416157505,0.9592633928571429
0.735,synthetic_noise,116,uniform_raw,2048,0,1024,1024,-1.0848660698776382,0.05243996587576172,0.00978725920446029,1.0
0.735,synthetic_noise,116,uniform_filtered,2048,0,1024,1024,-1.12817709583805,0.00912893991535002,0.008475718469965495,0.95654296875
0.735,synthetic_noise,116,adaptive_filtered,2048,256,1128,664,-1.130081945082146,0.007224090671253958,0.009215626985888138,0.9620535714285714
0.735,synthetic_noise,117,uniform_raw,2048,0,1024,1024,-1.0872372246214073,0.050068811131992685,0.009756506361983545,1.0
0.735,synthetic_noise,117,uniform_filtered,2048,0,1024,1024,-1.1199716070468124,0.017334428706587524,0.008735423438614465,0.9638671875
0.735,synthetic_noise,117,adaptive_filtered,2048,256,1199,593,-1.1294637233206277,0.007842312432772225,0.009448333704159853,0.9564732142857143
0.735,synthetic_noise,118,uniform_raw,2048,0,1024,1024,-1.1081504324563505,0.02915560329704947,0.009268809127972448,1.0
0.735,synthetic_noise,118,uniform_filtered,2048,0,1024,1024,-1.133973512236453,0.003332523516947017,0.008466299004352428,0.9716796875
0.735,synthetic_noise,118,adaptive_filtered,2048,256,955,837,-1.1214204641295091,0.015885571623890815,0.009849382262818306,0.9559151785714286
0.735,synthetic_noise,119,uniform_raw,2048,0,1024,1024,-1.0848835285690912,0.05242250718430874,0.009958188390975436,1.0
0.735,synthetic_noise,119,uniform_filtered,2048,0,1024,1024,-1.1185780448269358,0.018727990926464155,0.00900281040216291,0.966796875
0.735,synthetic_noise,119,adaptive_filtered,2048,256,1191,601,-1.1282302528181463,0.009075782935253685,0.010019796217168406,0.9603794642857143
0.735,synthetic_noise,120,uniform_raw,2048,0,1024,1024,-1.1083498016198599,0.028956234133540093,0.00924672584749466,1.0
0.735,synthetic_noise,120,uniform_filtered,2048,0,1024,1024,-1.1405591798294075,-0.003253144076007519,0.008190677362432697,0.9658203125
0.735,synthetic_noise,120,adaptive_filtered,2048,256,128,1664,-1.1418001039666668,-0.004494068213266811,0.013375265803577235,0.9765625
0.735,synthetic_noise,121,uniform_raw,2048,0,1024,1024,-1.0941451786838572,0.04316085706954276,0.009643834272251312,1.0
0.735,synthetic_noise,121,uniform_filtered,2048,0,1024,1024,-1.1243636401923705,0.012942395561029496,0.008704199136405053,0.96435546875
0.735,synthetic_noise,121,adaptive_filtered,2048,256,1122,670,-1.116457551834003,0.020848483919396976,0.010161436395020535,0.9553571428571429
0.735,synthetic_noise,122,uniform_raw,2048,0,1024,1024,-1.0712063460005679,0.06609968975283209,0.010533315174376839,1.0
0.735,synthetic_noise,122,uniform_filtered,2048,0,1024,1024,-1.1125246263740767,0.02478140937932327,0.009475814546426679,0.96484375
0.735,synthetic_noise,122,adaptive_filtered,2048,256,1110,682,-1.1208898405338532,0.016416195219546736,0.009886518861240512,0.9637276785714286
0.735,synthetic_noise,123,uniform_raw,2048,0,1024,1024,-1.0952471928287406,0.042058842924659334,0.010065341690367107,1.0
0.735,synthetic_noise,123,uniform_filtered,2048,0,1024,1024,-1.1301589484849304,0.007147087268469576,0.009107905317061777,0.962890625
0.735,synthetic_noise,123,adaptive_filtered,2048,256,1109,683,-1.1323814478422594,0.004924587911140588,0.009097188801710983,0.9603794642857143
0.735,synthetic_noise,124,uniform_raw,2048,0,1024,1024,-1.0851841175656927,0.05212191818770728,0.009936289512071027,1.0
0.735,synthetic_noise,124,uniform_filtered,2048,0,1024,1024,-1.121724084897283,0.015581950856117022,0.008895097280668824,0.95947265625
0.735,synthetic_noise,124,adaptive_filtered,2048,256,1091,701,-1.1204166016487491,0.016889434104650825,0.009622125608840761,0.9592633928571429
0.735,synthetic_noise,125,uniform_raw,2048,0,1024,1024,-1.0877755868457162,0.049530448907683766,0.009578643216053584,1.0
0.735,synthetic_noise,125,uniform_filtered,2048,0,1024,1024,-1.1241190024534853,0.013187033299914663,0.008443980598845746,0.96240234375
0.735,synthetic_noise,125,adaptive_filtered,2048,256,128,1664,-1.1304788075020995,0.006827228251300443,0.019342813713563105,0.96484375
0.735,synthetic_noise,126,uniform_raw,2048,0,1024,1024,-1.0726957807863657,0.06461025496703421,0.010764412934632477,1.0
0.735,synthetic_noise,126,uniform_filtered,2048,0,1024,1024,-1.1100471628257162,0.027258872927683697,0.009873333995508644,0.95849609375
0.735,synthetic_noise,126,adaptive_filtered,2048,256,1037,755,-1.1288531678727929,0.008452867880607062,0.00943150354430103,0.9564732142857143
0.735,synthetic_noise,127,uniform_raw,2048,0,1024,1024,-1.0935121334610804,0.0437939022923195,0.010379817442957243,1.0
0.735,synthetic_noise,127,uniform_filtered,2048,0,1024,1024,-1.1264753164772983,0.010830719276101686,0.009607775698940894,0.96435546875
0.735,synthetic_noise,127,adaptive_filtered,2048,256,1065,727,-1.1470376273340066,-0.009731591580606658,0.00929697872259489,0.9665178571428571
0.735,synthetic_noise,128,uniform_raw,2048,0,1024,1024,-1.0943720300547355,0.04293400569866446,0.009901411648994784,1.0
0.735,synthetic_noise,128,uniform_filtered,2048,0,1024,1024,-1.1311805573405058,0.006125478412894125,0.008844414848891943,0.9619140625
0.735,synthetic_noise,128,adaptive_filtered,2048,256,996,796,-1.1402800659367034,-0.0029740301833034444,0.008529663953731495,0.9676339285714286
0.735,synthetic_noise,129,uniform_raw,2048,0,1024,1024,-1.0938402250143926,0.04346581073900735,0.009622509050506139,1.0
0.735,synthetic_noise,129,uniform_filtered,2048,0,1024,1024,-1.1251939468470433,0.012112088906356622,0.008690320382795883,0.96630859375
0.735,synthetic_noise,129,adaptive_filtered,2048,256,978,814,-1.1229863992207156,0.01431963653268431,0.010088234140465566,0.9631696428571429
0.735,synthetic_noise,130,uniform_raw,2048,0,1024,1024,-1.0824076673109384,0.05489836844246154,0.010440471564510804,1.0
0.735,synthetic_noise,130,uniform_filtered,2048,0,1024,1024,-1.117294204740424,0.02001183101297599,0.009546033049469705,0.96630859375
0.735,synthetic_noise,130,adaptive_filtered,2048,256,1144,648,-1.119998285127191,0.01730775062620893,0.010002779277548224,0.9587053571428571
0.735,synthetic_noise,131,uniform_raw,2048,0,1024,1024,-1.0880805405151803,0.04922549523821962,0.009600318054169645,1.0
0.735,synthetic_noise,131,uniform_filtered,2048,0,1024,1024,-1.1251003873768908,0.01220564837650917,0.00845058978076478,0.96044921875
0.735,synthetic_noise,131,adaptive_filtered,2048,256,1234,558,-1.1168738997132217,0.02043213604017824,0.010775840628584535,0.9559151785714286
0.735,synthetic_noise,132,uniform_raw,2048,0,1024,1024,-1.0831960187899736,0.05411001696342632,0.009749477113415485,1.0
0.735,synthetic_noise,132,uniform_filtered,2048,0,1024,1024,-1.1230644817948736,0.014241553958526332,0.00848266844795797,0.95849609375
0.735,synthetic_noise,132,adaptive_filtered,2048,256,945,847,-1.1075881736896132,0.029717862063786793,0.01101209469216404,0.9659598214285714
0.735,synthetic_noise,133,uniform_raw,2048,0,1024,1024,-1.0975943520464333,0.03971168370696665,0.009272496377549962,1.0
0.735,synthetic_noise,133,uniform_filtered,2048,0,1024,1024,-1.1355624637498756,0.001743572003524374,0.007946996706688208,0.96240234375
0.735,synthetic_noise,133,adaptive_filtered,2048,256,952,840,-1.112863335552582,0.024442700200817846,0.010454576319948585,0.953125
0.735,synthetic_noise,134,uniform_raw,2048,0,1024,1024,-1.0767051397375669,0.06060089601583307,0.010479100872574807,1.0
0.735,synthetic_noise,134,uniform_filtered,2048,0,1024,1024,-1.1115121749215664,0.02579386083183355,0.009593316211026277,0.9599609375
0.735,synthetic_noise,134,adaptive_filtered,2048,256,1148,644,-1.1163096690921792,0.020996366661220733,0.009999996719265027,0.9614955357142857
0.735,synthetic_noise,135,uniform_raw,2048,0,1024,1024,-1.0959077202588867,0.04139831549451323,0.009593477711119779,1.0
0.735,synthetic_noise,135,uniform_filtered,2048,0,1024,1024,-1.1284549098803138,0.008851125873086119,0.008560563438050043,0.962890625
0.735,synthetic_noise,135,adaptive_filtered,2048,256,840,952,-1.1353414001120963,0.001964635641303669,0.00918171387197759,0.9620535714285714
0.735,synthetic_noise,136,uniform_raw,2048,0,1024,1024,-1.099630878402266,0.037675157351134025,0.009444619608036777,1.0
0.735,synthetic_noise,136,uniform_filtered,2048,0,1024,1024,-1.1317552312667059,0.005550804486694094,0.008380144847910605,0.9677734375
0.735,synthetic_noise,136,adaptive_filtered,2048,256,1143,649,-1.136325494961965,0.0009805407914349473,0.00912966641364314,0.9559151785714286
0.735,synthetic_noise,137,uniform_raw,2048,0,1024,1024,-1.0888985463633452,0.04840748939005479,0.009708048055794142,1.0
0.735,synthetic_noise,137,uniform_filtered,2048,0,1024,1024,-1.1306502657545714,0.0066557699988285535,0.008443083470354025,0.9599609375
0.735,synthetic_noise,137,adaptive_filtered,2048,256,1043,749,-1.116528107408877,0.020777928344522856,0.009934604936856514,0.9603794642857143
0.735,synthetic_noise,138,uniform_raw,2048,0,1024,1024,-1.0883305094205644,0.04897552633283553,0.010089239600797714,1.0
0.735,synthetic_noise,138,uniform_filtered,2048,0,1024,1024,-1.1290924182639168,0.008213617489483127,0.008888455966771663,0.96044921875
0.735,synthetic_noise,138,adaptive_filtered,2048,256,1067,725,-1.1189132819379077,0.018392753815492213,0.009371505464359595,0.9659598214285714
0.735,synthetic_noise,139,uniform_raw,2048,0,1024,1024,-1.0971209981021204,0.040185037651279565,0.00906526052992698,1.0
0.735,synthetic_noise,139,uniform_filtered,2048,0,1024,1024,-1.1348858773139634,0.0024201584394365483,0.007657184654028712,0.9560546875
0.735,synthetic_noise,139,adaptive_filtered,2048,256,128,1664,-1.1183411832409624,0.018964852512437513,0.023197310704625877,0.97265625
0.735,synthetic_noise,140,uniform_raw,2048,0,1024,1024,-1.094410434118934,0.04289560163446593,0.009773545520144667,1.0
0.735,synthetic_noise,140,uniform_filtered,2048,0,1024,1024,-1.1225539529180968,0.01475208283530316,0.008956860096633492,0.96826171875
0.735,synthetic_noise,140,adaptive_filtered,2048,256,961,831,-1.1148435127972918,0.022462522956108177,0.009818530305403557,0.9614955357142857
0.735,synthetic_noise,141,uniform_raw,2048,0,1024,1024,-1.091831180865929,0.04547485488747105,0.0097406348465017,1.0
0.735,synthetic_noise,141,uniform_filtered,2048,0,1024,1024,-1.1285403176600304,0.008765718093369568,0.008702739753356108,0.96337890625
0.735,synthetic_noise,141,adaptive_filtered,2048,256,817,975,-1.1187829871214183,0.01852304863198162,0.01012957544810704,0.9670758928571429
0.735,synthetic_noise,142,uniform_raw,2048,0,1024,1024,-1.100409186016043,0.03689684973735696,0.009662411419057508,1.0
0.735,synthetic_noise,142,uniform_filtered,2048,0,1024,1024,-1.1333592308532974,0.003946804900102574,0.008678476891649347,0.9619140625
0.735,synthetic_noise,142,adaptive_filtered,2048,256,128,1664,-1.11725699507963,0.02004904067376989,0.023572975860759824,0.9732142857142857
0.735,synthetic_noise,143,uniform_raw,2048,0,1024,1024,-1.0940989232655034,0.04320711248789655,0.01019542595844108,1.0
0.735,synthetic_noise,143,uniform_filtered,2048,0,1024,1024,-1.1253249347957097,0.011981100957690227,0.009357253282598914,0.9677734375
0.735,synthetic_noise,143,adaptive_filtered,2048,256,800,992,-1.1258717393781446,0.011434296375255393,0.009793167154488084,0.9698660714285714
0.735,synthetic_noise,144,uniform_raw,2048,0,1024,1024,-1.096587000550675,0.04071903520272491,0.00929831227781798,1.0
0.735,synthetic_noise,144,uniform_filtered,2048,0,1024,1024,-1.1315481110963588,0.005757924657041169,0.008107788201266133,0.96337890625
0.735,synthetic_noise,144,adaptive_filtered,2048,256,1051,741,-1.1185741681523091,0.0187318676010908,0.009650110375659405,0.9637276785714286
0.735,synthetic_noise,145,uniform_raw,2048,0,1024,1024,-1.1084907196873393,0.028815316066060692,0.009130704587446487,1.0
0.735,synthetic_noise,145,uniform_filtered,2048,0,1024,1024,-1.1410929047639917,-0.0037868690105917757,0.008038922402054758,0.9658203125
0.735,synthetic_noise,145,adaptive_filtered,2048,256,1044,748,-1.1197951880749577,0.017510847678442243,0.009583175075822814,0.95703125
0.735,synthetic_noise,146,uniform_raw,2048,0,1024,1024,-1.0759268321237898,0.061379203629610135,0.010278583119028122,1.0
0.735,synthetic_noise,146,uniform_filtered,2048,0,1024,1024,-1.113650163429635,0.02365587232376498,0.009315220494443702,0.96337890625
0.735,synthetic_noise,146,adaptive_filtered,2048,256,975,817,-1.1224227105950084,0.014883325158391525,0.009547496342205522,0.9603794642857143
0.735,synthetic_noise,147,uniform_raw,2048,0,1024,1024,-1.10307656508355,0.03422947066985005,0.00956329991110494,1.0
0.735,synthetic_noise,147,uniform_filtered,2048,0,1024,1024,-1.1357560062178056,0.001550029535594355,0.008649516980535635,0.962890625
0.735,synthetic_noise,147,adaptive_filtered,2048,256,1061,731,-1.1270020195962847,0.010304016157115292,0.009895622218274272,0.9665178571428571
0.735,synthetic_noise,148,uniform_raw,2048,0,1024,1024,-1.104494454754728,0.032811580998671985,0.009601119523193423,1.0
0.735,synthetic_noise,148,uniform_filtered,2048,0,1024,1024,-1.1311911718163072,0.006114863937092707,0.00876777380522946,0.9716796875
0.735,synthetic_noise,148,adaptive_filtered,2048,256,786,1006,-1.1298933651526637,0.007412670600736249,0.009018515171245996,0.9642857142857143
0.735,synthetic_noise,149,uniform_raw,2048,0,1024,1024,-1.0773922713835105,0.05991376436988949,0.00978960516028696,1.0
0.735,synthetic_noise,149,uniform_filtered,2048,0,1024,1024,-1.12380887011865,0.013497165634750008,0.008343639045793693,0.958984375
0.735,synthetic_noise,149,adaptive_filtered,2048,256,942,850,-1.1132756711262468,0.024030364627153133,0.010259438530932707,0.9659598214285714
0.735,synthetic_noise,150,uniform_raw,2048,0,1024,1024,-1.0959077202588867,0.04139831549451323,0.009593477711119779,1.0
0.735,synthetic_noise,150,uniform_filtered,2048,0,1024,1024,-1.129975361609549,0.007330674143851024,0.008548181692652096,0.96435546875
0.735,synthetic_noise,150,adaptive_filtered,2048,256,1111,681,-1.1204095754630643,0.016896460290335646,0.009877082808012437,0.96484375
0.735,synthetic_noise,151,uniform_raw,2048,0,1024,1024,-1.1066841152050584,0.030621920548341564,0.009253574400624,1.0
0.735,synthetic_noise,151,uniform_filtered,2048,0,1024,1024,-1.1348985923307886,0.002407443422611344,0.008336590140667604,0.97021484375
0.735,synthetic_noise,151,adaptive_filtered,2048,256,962,830,-1.1168080397439444,0.020497996009455566,0.010428294699077485,0.9659598214285714
0.735,synthetic_noise,152,uniform_raw,2048,0,1024,1024,-1.0865810618641247,0.050724973889275216,0.01026522250774102,1.0
0.735,synthetic_noise,152,uniform_filtered,2048,0,1024,1024,-1.1217431758976497,0.015562859855750233,0.009396992227799121,0.96337890625
0.735,synthetic_noise,152,adaptive_filtered,2048,256,1197,595,-1.1210675946704995,0.0162384410829004,0.009823734580966388,0.9592633928571429
0.735,synthetic_noise,153,uniform_raw,2048,0,1024,1024,-1.0865426577999262,0.05076337795347374,0.010379372313694277,1.0
0.735,synthetic_noise,153,uniform_filtered,2048,0,1024,1024,-1.1282963217053448,0.009009714048055173,0.009291088743009875,0.96142578125
0.735,synthetic_noise,153,adaptive_filtered,2048,256,806,986,-1.1237565093533077,0.013549526400092216,0.010344944646558957,0.9681919642857143
0.735,synthetic_noise,154,uniform_raw,2048,0,1024,1024,-1.0663139729212059,0.07099206283219406,0.011049849136964036,1.0
0.735,synthetic_noise,154,uniform_filtered,2048,0,1024,1024,-1.105760747129223,0.03154528862417694,0.010237695880354563,0.9609375
0.735,synthetic_noise,154,adaptive_filtered,2048,256,1175,617,-1.1331015859344387,0.004204449818961287,0.00946226384323746,0.9564732142857143
0.735,synthetic_noise,155,uniform_raw,2048,0,1024,1024,-1.0913469050647868,0.045959130688613126,0.009952993443722085,1.0
0.735,synthetic_noise,155,uniform_filtered,2048,0,1024,1024,-1.1342937040427117,0.0030123317106882652,0.00871344450594365,0.9619140625
0.735,synthetic_noise,155,adaptive_filtered,2048,256,128,1664,-1.1245508221901743,0.01275521356322562,0.019045873933398128,0.9709821428571429
0.735,synthetic_noise,156,uniform_raw,2048,0,1024,1024,-1.102762882068359,0.034543153685040906,0.009453481582365933,1.0
0.735,synthetic_noise,156,uniform_filtered,2048,0,1024,1024,-1.1367328705539217,0.0005731651994782538,0.008365562895544368,0.9658203125
0.735,synthetic_noise,156,adaptive_filtered,2048,256,1034,758,-1.1345547369031999,0.00275129885020009,0.008265445854609168,0.9659598214285714
0.735,synthetic_noise,157,uniform_raw,2048,0,1024,1024,-1.0806529770900641,0.05665305866333581,0.0100773330526867,1.0
0.735,synthetic_noise,157,uniform_filtered,2048,0,1024,1024,-1.1214940609317696,0.015811974821630326,0.008906524083550757,0.96240234375
0.735,synthetic_noise,157,adaptive_filtered,2048,256,955,837,-1.1127025741804624,0.02460346157293758,0.009751398557230567,0.9693080357142857
0.735,synthetic_noise,158,uniform_raw,2048,0,1024,1024,-1.0962929483886974,0.04101308736470255,0.00991685370290565,1.0
0.735,synthetic_noise,158,uniform_filtered,2048,0,1024,1024,-1.1250825131914235,0.012223522561976452,0.009091192860151406,0.966796875
0.735,synthetic_noise,158,adaptive_filtered,2048,256,807,985,-1.1212244844066612,0.01608155134673872,0.009818697268452305,0.9654017857142857
0.735,synthetic_noise,159,uniform_raw,2048,0,1024,1024,-1.0953209304544638,0.041985105298936176,0.009792110769858052,1.0
0.735,synthetic_noise,159,uniform_filtered,2048,0,1024,1024,-1.1279196432329264,0.009386392520473574,0.008835462356623981,0.9638671875
0.735,synthetic_noise,159,adaptive_filtered,2048,256,1170,622,-1.123959610595442,0.01334642515795803,0.010143978629303572,0.9592633928571429
0.735,synthetic_noise,160,uniform_raw,2048,0,1024,1024,-1.0778577739736677,0.05944826177973228,0.010394947838803525,1.0
0.735,synthetic_noise,160,uniform_filtered,2048,0,1024,1024,-1.1131094639049213,0.024196571848478676,0.009465657368581935,0.95947265625
0.735,synthetic_noise,160,adaptive_filtered,2048,256,804,988,-1.1114474579553981,0.025858577798001825,0.010167192592516628,0.9559151785714286
0.735,synthetic_noise,161,uniform_raw,2048,0,1024,1024,-1.0843111269534473,0.05299490879995261,0.01029163755436585,1.0
0.735,synthetic_noise,161,uniform_filtered,2048,0,1024,1024,-1.1216760794250398,0.015629956328360173,0.00928666581173714,0.96533203125
0.735,synthetic_noise,161,adaptive_filtered,2048,256,1050,742,-1.1305161772081567,0.006789858545243277,0.009116248941436747,0.9620535714285714
0.735,synthetic_noise,162,uniform_raw,2048,0,1024,1024,-1.0865976425640067,0.05070839318939324,0.009931472491685514,1.0
0.735,synthetic_noise,162,uniform_filtered,2048,0,1024,1024,-1.123768917831272,0.013537117922127972,0.008888733987455027,0.958984375
0.735,synthetic_noise,162,adaptive_filtered,2048,256,1043,749,-1.1222051570678522,0.01510087868554777,0.009823345191570078,0.9564732142857143
0.735,synthetic_noise,163,uniform_raw,2048,0,1024,1024,-1.0903879811491426,0.04691805460425735,0.009959209735286462,1.0
0.735,synthetic_noise,163,uniform_filtered,2048,0,1024,1024,-1.1293590945635756,0.007946941189824308,0.008858560974033628,0.96240234375
0.735,synthetic_noise,163,adaptive_filtered,2048,256,959,833,-1.1204538112553797,0.016852224498020263,0.00963613208076607,0.9614955357142857
0.735,synthetic_noise,164,uniform_raw,2048,0,1024,1024,-1.0850541213550424,0.052251914398357524,0.0096265621132855,1.0
0.735,synthetic_noise,164,uniform_filtered,2048,0,1024,1024,-1.1166653487954492,0.020640686957950738,0.008714447553163113,0.96728515625
0.735,synthetic_noise,164,adaptive_filtered,2048,256,809,983,-1.125852837823376,0.011453197930023862,0.009855503458203949,0.9581473214285714
0.735,synthetic_noise,165,uniform_raw,2048,0,1024,1024,-1.1032030949622507,0.03410294079114928,0.009289252840247137,1.0
0.735,synthetic_noise,165,uniform_filtered,2048,0,1024,1024,-1.1293645279893174,0.007941507764082534,0.008510681624932457,0.9658203125
0.735,synthetic_noise,165,adaptive_filtered,2048,256,1051,741,-1.1183604317852942,0.01894560396810574,0.010044833705273403,0.9709821428571429
0.735,synthetic_noise,166,uniform_raw,2048,0,1024,1024,-1.0858005617392448,0.05150547401415517,0.01052642227419337,1.0
0.735,synthetic_noise,166,uniform_filtered,2048,0,1024,1024,-1.1224207833331672,0.014885252420232753,0.009646218157868527,0.96728515625
0.735,synthetic_noise,166,adaptive_filtered,2048,256,816,976,-1.1103587252432146,0.026947310510185396,0.01035023783153471,0.9659598214285714
0.735,synthetic_noise,167,uniform_raw,2048,0,1024,1024,-1.0942904614242002,0.04301557432919978,0.009575584134022016,1.0
0.735,synthetic_noise,167,uniform_filtered,2048,0,1024,1024,-1.1251783814957848,0.012127654257615195,0.008676782029946312,0.96826171875
0.735,synthetic_noise,167,adaptive_filtered,2048,256,823,969,-1.1295191578275783,0.007786877925821667,0.009216839563259,0.9670758928571429
0.735,synthetic_noise,168,uniform_raw,2048,0,1024,1024,-1.0835978276196663,0.05370820813373367,0.009726232141874062,1.0
0.735,synthetic_noise,168,uniform_filtered,2048,0,1024,1024,-1.124374034880534,0.012932000872865945,0.008484485360528343,0.9560546875
0.735,synthetic_noise,168,adaptive_filtered,2048,256,799,993,-1.12261642472005,0.01468961103334987,0.010212275320865797,0.9676339285714286
0.735,synthetic_noise,169,uniform_raw,2048,0,1024,1024,-1.0956027665894226,0.041703269163977374,0.009572362949811833,1.0
0.735,synthetic_noise,169,uniform_filtered,2048,0,1024,1024,-1.128331221556726,0.008974814196673897,0.008548882810475254,0.96533203125
0.735,synthetic_noise,169,adaptive_filtered,2048,256,128,1664,-1.143452866686678,-0.006146830933277947,0.014291452211190912,0.97265625
0.735,synthetic_noise,170,uniform_raw,2048,0,1024,1024,-1.0791788084846168,0.058127227268783166,0.01047114743554137,1.0
0.735,synthetic_noise,170,uniform_filtered,2048,0,1024,1024,-1.1176466862290355,0.019659349524364433,0.009575601570423161,0.95849609375
0.735,synthetic_noise,170,adaptive_filtered,2048,256,1052,740,-1.1311696021370414,0.0061364336163585165,0.008940614456358593,0.9681919642857143
0.735,synthetic_noise,171,uniform_raw,2048,0,1024,1024,-1.0982129887310883,0.039093047022311644,0.009405813260629087,1.0
0.735,synthetic_noise,171,uniform_filtered,2048,0,1024,1024,-1.1346951103097513,0.002610925443648604,0.008238048336314972,0.96484375
0.735,synthetic_noise,171,adaptive_filtered,2048,256,954,838,-1.1218933003161933,0.01541273543720667,0.010117831047377342,0.9547991071428571
0.735,synthetic_noise,172,uniform_raw,2048,0,1024,1024,-1.092480786439245,0.04482524931415499,0.009672620171200328,1.0
0.735,synthetic_noise,172,uniform_filtered,2048,0,1024,1024,-1.1325510370333292,0.004754998720070791,0.008423923677130057,0.9619140625
0.735,synthetic_noise,172,adaptive_filtered,2048,256,1171,621,-1.1304192966580047,0.006886739095395278,0.009350702134646992,0.9626116071428571
0.735,synthetic_noise,173,uniform_raw,2048,0,1024,1024,-1.0754722310411196,0.061833804712280394,0.010279591472079689,1.0
0.735,synthetic_noise,173,uniform_filtered,2048,0,1024,1024,-1.1159894369485834,0.02131659880481651,0.009201195726494816,0.96142578125
0.735,synthetic_noise,173,adaptive_filtered,2048,256,954,838,-1.1234700122423362,0.013836023511063722,0.00936354138734679,0.9581473214285714
0.735,synthetic_noise,174,uniform_raw,2048,0,1024,1024,-1.0991828345035621,0.03812320124983781,0.00895625326152372,1.0
0.735,synthetic_noise,174,uniform_filtered,2048,0,1024,1024,-1.132461850034939,0.004844185718460903,0.007795183268970309,0.9609375
0.735,synthetic_noise,174,adaptive_filtered,2048,256,128,1664,-1.091235499606837,0.04607053614656298,0.028573025982220873,0.9732142857142857
0.735,synthetic_noise,175,uniform_raw,2048,0,1024,1024,-1.0805264472113638,0.05677958854203613,0.010319518523057132,1.0
0.735,synthetic_noise,175,uniform_filtered,2048,0,1024,1024,-1.1259164447572272,0.01138959099617276,0.009072822596985665,0.95703125
0.735,synthetic_noise,175,adaptive_filtered,2048,256,1116,676,-1.1132648841551518,0.024041151598248156,0.010922298130560129,0.95703125
0.735,synthetic_noise,176,uniform_raw,2048,0,1024,1024,-1.0881664738185797,0.049139561934820275,0.009966175421267612,1.0
0.735,synthetic_noise,176,uniform_filtered,2048,0,1024,1024,-1.1299643433300282,0.007341692423371793,0.00873479681356829,0.9619140625
0.735,synthetic_noise,176,adaptive_filtered,2048,256,809,983,-1.1185439645889104,0.01876207116448958,0.009722193750954171,0.9709821428571429
0.735,synthetic_noise,177,uniform_raw,2048,0,1024,1024,-1.1000514400936012,0.03725459565979872,0.009619837446825225,1.0
0.735,synthetic_noise,177,uniform_filtered,2048,0,1024,1024,-1.134515646108138,0.0027903896452619037,0.008523152720296502,0.966796875
0.735,synthetic_noise,177,adaptive_filtered,2048,256,1127,665,-1.1076627478861898,0.029643287867210155,0.010143342377277093,0.9626116071428571
0.735,synthetic_noise,178,uniform_raw,2048,0,1024,1024,-1.08412833848982,0.053177697263580015,0.00998203054229558,1.0
0.735,synthetic_noise,178,uniform_filtered,2048,0,1024,1024,-1.1191873356526045,0.018118700100795415,0.009011315146021864,0.96484375
0.735,synthetic_noise,178,adaptive_filtered,2048,256,128,1664,-1.1322033596555934,0.005102676097806569,0.019033112836503666,0.9771205357142857
0.735,synthetic_noise,179,uniform_raw,2048,0,1024,1024,-1.0870072823985124,0.05029875335488754,0.010469978752611932,1.0
0.735,synthetic_noise,179,uniform_filtered,2048,0,1024,1024,-1.1326216532411277,0.004684382512272212,0.009310114404900744,0.95556640625
0.735,synthetic_noise,179,adaptive_filtered,2048,256,1105,687,-1.1242842621793563,0.01302177357404366,0.009709071862326077,0.9575892857142857
0.735,synthetic_noise,180,uniform_raw,2048,0,1024,1024,-1.0885813766668622,0.04872465908653778,0.010072072349052988,1.0
0.735,synthetic_noise,180,uniform_filtered,2048,0,1024,1024,-1.123857562291148,0.013448473462251975,0.009124986164383135,0.96533203125
0.735,synthetic_noise,180,adaptive_filtered,2048,256,1034,758,-1.125640698512202,0.011665337241197893,0.009207354238864245,0.9553571428571429
0.735,synthetic_noise,181,uniform_raw,2048,0,1024,1024,-1.087909947729229,0.04939608802417084,0.009925882890896362,1.0
0.735,synthetic_noise,181,uniform_filtered,2048,0,1024,1024,-1.127792840185501,0.009513195567898869,0.00873969719309727,0.96142578125
0.735,synthetic_noise,181,adaptive_filtered,2048,256,1099,693,-1.1155619947323205,0.021744041021079408,0.010413705537908616,0.953125
0.735,synthetic_noise,182,uniform_raw,2048,0,1024,1024,-1.0642211676311035,0.07308486812229642,0.011296877955657352,1.0
0.735,synthetic_noise,182,uniform_filtered,2048,0,1024,1024,-1.1010314830300483,0.03627455272335167,0.010573827259923054,0.9658203125
0.735,synthetic_noise,182,adaptive_filtered,2048,256,1148,644,-1.120170924085905,0.01713511166749493,0.00957618493462944,0.9642857142857143
0.735,synthetic_noise,183,uniform_raw,2048,0,1024,1024,-1.089437786579225,0.04786824917417487,0.010048517725544754,1.0
0.735,synthetic_noise,183,uniform_filtered,2048,0,1024,1024,-1.1191081829628469,0.018197852790553082,0.009238088113166017,0.96923828125
0.735,synthetic_noise,183,adaptive_filtered,2048,256,1036,756,-1.1225352480271389,0.014770787726261059,0.010072681845105671,0.9698660714285714
0.735,synthetic_noise,184,uniform_raw,2048,0,1024,1024,-1.0915196700124978,0.04578636574090211,0.010161224563455255,1.0
0.735,synthetic_noise,184,uniform_filtered,2048,0,1024,1024,-1.1287146133332535,0.008591422420146433,0.009122583351991176,0.96533203125
0.735,synthetic_noise,184,adaptive_filtered,2048,256,1052,740,-1.1413825060635876,-0.004076470310187652,0.008846302432236712,0.953125
0.735,synthetic_noise,185,uniform_raw,2048,0,1024,1024,-1.1006744414511198,0.036631594302280135,0.009791589026453315,1.0
0.735,synthetic_noise,185,uniform_filtered,2048,0,1024,1024,-1.129190234059005,0.008115801694394964,0.00894508005397403,0.96533203125
0.735,synthetic_noise,185,adaptive_filtered,2048,256,1100,692,-1.134406173282886,0.002899862470513881,0.00930084033292441,0.9609375
0.735,synthetic_noise,186,uniform_raw,2048,0,1024,1024,-1.0840986637713481,0.05320737198205183,0.010190572921841034,1.0
0.735,synthetic_noise,186,uniform_filtered,2048,0,1024,1024,-1.1227467910349147,0.014559244718485242,0.00915637521706865,0.96337890625
0.735,synthetic_noise,186,adaptive_filtered,2048,256,946,846,-1.131448342570411,0.00585769318298901,0.00958692277508575,0.9665178571428571
0.735,synthetic_noise,187,uniform_raw,2048,0,1024,1024,-1.0926932496213442,0.04461278613205577,0.00977963769579578,1.0
0.735,synthetic_noise,187,uniform_filtered,2048,0,1024,1024,-1.1329125554638053,0.004393480289594631,0.008560566945468815,0.9638671875
0.735,synthetic_noise,187,adaptive_filtered,2048,256,1056,736,-1.1285188176837262,0.008787218069673752,0.008854637549071556,0.9642857142857143
0.735,synthetic_noise,188,uniform_raw,2048,0,1024,1024,-1.0797359235705684,0.05757011218283159,0.010486001844604955,1.0
0.735,synthetic_noise,188,uniform_filtered,2048,0,1024,1024,-1.1183746256685896,0.018931410084810363,0.009451676990010162,0.96435546875
0.735,synthetic_noise,188,adaptive_filtered,2048,256,950,842,-1.1366505229491173,0.0006555128042826652,0.008477642895385969,0.9626116071428571
0.735,synthetic_noise,189,uniform_raw,2048,0,1024,1024,-1.0724558353968976,0.06485020035650235,0.010410036648486956,1.0
0.735,synthetic_noise,189,uniform_filtered,2048,0,1024,1024,-1.1124081357975397,0.024897899955860225,0.009379014765090342,0.95361328125
0.735,synthetic_noise,189,adaptive_filtered,2048,256,959,833,-1.1303040190306608,0.007002016722739146,0.00923867098315495,0.9659598214285714
0.735,synthetic_noise,190,uniform_raw,2048,0,1024,1024,-1.0673278816009302,0.06997815415246977,0.010624221726820994,1.0
0.735,synthetic_noise,190,uniform_filtered,2048,0,1024,1024,-1.1033249914754832,0.033981044277916705,0.009742686473393113,0.9619140625
0.735,synthetic_noise,190,adaptive_filtered,2048,256,817,975,-1.1318837363034535,0.005422299449946433,0.00909289733147104,0.9637276785714286
0.735,synthetic_noise,191,uniform_raw,2048,0,1024,1024,-1.0794353345739673,0.057870701179432604,0.010509092537521152,1.0
0.735,synthetic_noise,191,uniform_filtered,2048,0,1024,1024,-1.115593260227838,0.021712775525561945,0.009589439750706306,0.95947265625
0.735,synthetic_noise,191,adaptive_filtered,2048,256,816,976,-1.1144902059900401,0.02281582976335983,0.010615788594849844,0.9598214285714286
0.735,synthetic_noise,192,uniform_raw,2048,0,1024,1024,-1.0811769307762513,0.056129104977148625,0.010733887172946535,1.0
0.735,synthetic_noise,192,uniform_filtered,2048,0,1024,1024,-1.1201617376017943,0.017144298151605675,0.009829666172785488,0.95947265625
0.735,synthetic_noise,192,adaptive_filtered,2048,256,981,811,-1.1199339179833347,0.0173721177700652,0.010197348624078645,0.9637276785714286
0.735,synthetic_noise,193,uniform_raw,2048,0,1024,1024,-1.077918417580801,0.059387618172598966,0.010001809962806878,1.0
0.735,synthetic_noise,193,uniform_filtered,2048,0,1024,1024,-1.1203869420356893,0.01691909371771061,0.008794297434331796,0.95654296875
0.735,synthetic_noise,193,adaptive_filtered,2048,256,1179,613,-1.1153127436796355,0.021993292073764437,0.010292858359002946,0.9581473214285714
0.735,synthetic_noise,194,uniform_raw,2048,0,1024,1024,-1.1004070138542827,0.0368990218991172,0.009095862655407287,1.0
0.735,synthetic_noise,194,uniform_filtered,2048,0,1024,1024,-1.1336019249152685,0.0037041108381314913,0.007932445720252795,0.96484375
0.735,synthetic_noise,194,adaptive_filtered,2048,256,1064,728,-1.1072299688171858,0.03007606693621412,0.010171426143269808,0.9598214285714286
0.735,synthetic_noise,195,uniform_raw,2048,0,1024,1024,-1.0928769160765426,0.044429119676857365,0.010578964666951149,1.0
0.735,synthetic_noise,195,uniform_filtered,2048,0,1024,1024,-1.1240252370365065,0.013280798716893472,0.009851399833465807,0.96728515625
0.735,synthetic_noise,195,adaptive_filtered,2048,256,797,995,-1.1284855773939966,0.008820458359403371,0.009367860215798022,0.9681919642857143
0.735,synthetic_noise,196,uniform_raw,2048,0,1024,1024,-1.0790226242367873,0.05828341151661265,0.00993484685237928,1.0
0.735,synthetic_noise,196,uniform_filtered,2048,0,1024,1024,-1.121587406142707,0.015718629610693036,0.008665031575087148,0.953125
0.735,synthetic_noise,196,adaptive_filtered,2048,256,128,1664,-1.0979000678626205,0.039405967890779436,0.026561273018389016,0.9737723214285714
0.735,synthetic_noise,197,uniform_raw,2048,0,1024,1024,-1.100840669564208,0.03646536618919205,0.009415623461891025,1.0
0.735,synthetic_noise,197,uniform_filtered,2048,0,1024,1024,-1.1297442592755291,0.0075617764778708185,0.00853061452764348,0.9638671875
0.735,synthetic_noise,197,adaptive_filtered,2048,256,796,996,-1.136904976170368,0.00040105958303193745,0.008443704438234558,0.9642857142857143
0.735,synthetic_noise,198,uniform_raw,2048,0,1024,1024,-1.0836990474527584,0.05360698830064159,0.009724541768348307,1.0
0.735,synthetic_noise,198,uniform_filtered,2048,0,1024,1024,-1.1204316848962033,0.016874350857196685,0.008605935519679815,0.96240234375
0.735,synthetic_noise,198,adaptive_filtered,2048,256,1116,676,-1.1307367157295243,0.006569320023875669,0.008923555612815577,0.9553571428571429
0.735,synthetic_noise,199,uniform_raw,2048,0,1024,1024,-1.0672201045838725,0.07008593116952744,0.01102126187498538,1.0
0.735,synthetic_noise,199,uniform_filtered,2048,0,1024,1024,-1.1109586906962998,0.026347345057100124,0.010031780069318345,0.95947265625
0.735,synthetic_noise,199,adaptive_filtered,2048,256,1044,748,-1.1199424896415193,0.017363546111880623,0.009833925042038049,0.9575892857142857
1.4,ideal,0,uniform_raw,2048,0,1024,1024,-1.014710966875769,0.0007572824124759681,0.007987368573188677,1.0
1.4,ideal,0,uniform_filtered,2048,0,1024,1024,-1.014710966875769,0.0007572824124759681,0.007987368573188677,1.0
1.4,ideal,0,adaptive_filtered,2048,256,939,853,-1.0166001541422625,-0.0011319048540174848,0.008489168619259874,1.0
1.4,ideal,1,uniform_raw,2048,0,1024,1024,-1.0298806822338773,-0.014412432945632325,0.00757363053443135,1.0
1.4,ideal,1,uniform_filtered,2048,0,1024,1024,-1.0298806822338773,-0.014412432945632325,0.00757363053443135,1.0
1.4,ideal,1,adaptive_filtered,2048,256,922,870,-1.0050381730477502,0.010430076240494746,0.008691968982233376,1.0
1.4,ideal,2,uniform_raw,2048,0,1024,1024,-1.0063068752190225,0.009161374069222461,0.008086015015101436,1.0
1.4,ideal,2,uniform_filtered,2048,0,1024,1024,-1.0063068752190225,0.009161374069222461,0.008086015015101436,1.0
1.4,ideal,2,adaptive_filtered,2048,256,956,836,-1.0210276219751353,-0.005559372686890329,0.008345476404948225,1.0
1.4,ideal,3,uniform_raw,2048,0,1024,1024,-1.0118104964947925,0.0036577527934524845,0.008028634055402453,1.0
1.4,ideal,3,uniform_filtered,2048,0,1024,1024,-1.0118104964947925,0.0036577527934524845,0.008028634055402453,1.0
1.4,ideal,3,adaptive_filtered,2048,256,886,906,-1.0166591427178713,-0.0011908934296263052,0.008498580576680343,1.0
1.4,ideal,4,uniform_raw,2048,0,1024,1024,-1.0134457536688015,0.002022495619443454,0.007918711100999254,1.0
1.4,ideal,4,uniform_filtered,2048,0,1024,1024,-1.0134457536688015,0.002022495619443454,0.007918711100999254,1.0
1.4,ideal,4,adaptive_filtered,2048,256,883,909,-1.014029920745167,0.0014383285430779047,0.008512029063341225,1.0
1.4,ideal,5,uniform_raw,2048,0,1024,1024,-1.0326532712948646,-0.017185022006619644,0.007490659934113295,1.0
1.4,ideal,5,uniform_filtered,2048,0,1024,1024,-1.0326532712948646,-0.017185022006619644,0.007490659934113295,1.0
1.4,ideal,5,adaptive_filtered,2048,256,899,893,-1.0000482043652097,0.015420044923035281,0.008693524190771403,1.0
1.4,ideal,6,uniform_raw,2048,0,1024,1024,-1.0221575540232826,-0.006689304735037593,0.007773092096190923,1.0
1.4,ideal,6,uniform_filtered,2048,0,1024,1024,-1.0221575540232826,-0.006689304735037593,0.007773092096190923,1.0
1.4,ideal,6,adaptive_filtered,2048,256,962,830,-1.003491037189365,0.011977212098879919,0.008797826865337486,1.0
1.4,ideal,7,uniform_raw,2048,0,1024,1024,-1.013743073154985,0.0017251761332599536,0.00789770626161489,1.0
1.4,ideal,7,uniform_filtered,2048,0,1024,1024,-1.013743073154985,0.0017251761332599536,0.00789770626161489,1.0
1.4,ideal,7,adaptive_filtered,2048,256,910,882,-1.0153655077277788,0.00010274156046619076,0.008556985097277635,1.0
1.4,ideal,8,uniform_raw,2048,0,1024,1024,-1.0163462240497783,-0.0008779747615332845,0.007879407430318135,1.0
1.4,ideal,8,uniform_filtered,2048,0,1024,1024,-1.0163462240497783,-0.0008779747615332845,0.007879407430318135,1.0
1.4,ideal,8,adaptive_filtered,2048,256,899,893,-1.0171938441576933,-0.0017255948694483436,0.008342839923446477,1.0
1.4,ideal,9,uniform_raw,2048,0,1024,1024,-1.019149980745419,-0.0036817314571739868,0.007725317010775708,1.0
1.4,ideal,9,uniform_filtered,2048,0,1024,1024,-1.019149980745419,-0.0036817314571739868,0.007725317010775708,1.0
1.4,ideal,9,adaptive_filtered,2048,256,981,811,-1.0129700122982896,0.002498236989955327,0.008627882782035369,1.0
1.4,ideal,10,uniform_raw,2048,0,1024,1024,-1.019098034687663,-0.0036297853994180507,0.00784837645208491,1.0
1.4,ideal,10,uniform_filtered,2048,0,1024,1024,-1.019098034687663,-0.0036297853994180507,0.00784837645208491,1.0
1.4,ideal,10,adaptive_filtered,2048,256,936,856,-1.0173022328041983,-0.001833983515953319,0.008373048151195434,1.0
1.4,ideal,11,uniform_raw,2048,0,1024,1024,-1.0207021242270187,-0.005233874938773697,0.007805858101642511,1.0
1.4,ideal,11,uniform_filtered,2048,0,1024,1024,-1.0207021242270187,-0.005233874938773697,0.007805858101642511,1.0
1.4,ideal,11,adaptive_filtered,2048,256,979,813,-1.0170194810966153,-0.001551231808370357,0.008446482567784065,1.0
1.4,ideal,12,uniform_raw,2048,0,1024,1024,-1.0221471648117313,-0.006678915523486317,0.007795510872660834,1.0
1.4,ideal,12,uniform_filtered,2048,0,1024,1024,-1.0221471648117313,-0.006678915523486317,0.007795510872660834,1.0
1.4,ideal,12,adaptive_filtered,2048,256,881,911,-1.0163265540587545,-0.0008583047705095215,0.00829188127258341,1.0
1.4,ideal,13,uniform_raw,2048,0,1024,1024,-1.013732683943434,0.0017355653448110075,0.007922085616500015,1.0
1.4,ideal,13,uniform_filtered,2048,0,1024,1024,-1.013732683943434,0.0017355653448110075,0.007922085616500015,1.0
1.4,ideal,13,adaptive_filtered,2048,256,969,823,-1.022144512081531,-0.006676262793285925,0.008318080971417867,1.0
1.4,ideal,14,uniform_raw,2048,0,1024,1024,-1.0201490421008566,-0.004680792812611578,0.007751800357980335,1.0
1.4,ideal,14,uniform_filtered,2048,0,1024,1024,-1.0201490421008566,-0.004680792812611578,0.007751800357980335,1.0
1.4,ideal,14,adaptive_filtered,2048,256,920,872,-1.0087440452121954,0.006724204076049567,0.008596985789432559,1.0
1.4,ideal,15,uniform_raw,2048,0,1024,1024,-1.0278513918883487,-0.012383142600103758,0.007602319365873369,1.0
1.4,ideal,15,uniform_filtered,2048,0,1024,1024,-1.0278513918883487,-0.012383142600103758,0.007602319365873369,1.0
1.4,ideal,15,adaptive_filtered,2048,256,887,905,-1.015264385941005,0.00020386334723987432,0.008466468801200585,1.0
1.4,ideal,16,uniform_raw,2048,0,1024,1024,-1.0058608959897475,0.00960735329849749,0.008115907784796888,1.0
1.4,ideal,16,uniform_filtered,2048,0,1024,1024,-1.0058608959897475,0.00960735329849749,0.008115907784796888,1.0
1.4,ideal,16,adaptive_filtered,2048,256,859,933,-1.022512830260164,-0.007044580971919068,0.008290093769325801,1.0
1.4,ideal,17,uniform_raw,2048,0,1024,1024,-1.0126712873186894,0.002796961969555589,0.008035320255299716,1.0
1.4,ideal,17,uniform_filtered,2048,0,1024,1024,-1.0126712873186894,0.002796961969555589,0.008035320255299716,1.0
1.4,ideal,17,adaptive_filtered,2048,256,915,877,-1.0064793797162928,0.008988869571952218,0.008664087732863798,1.0
1.4,ideal,18,uniform_raw,2048,0,1024,1024,-1.0128511146964345,0.002617134591810455,0.007959771894199408,1.0
1.4,ideal,18,uniform_filtered,2048,0,1024,1024,-1.0128511146964345,0.002617134591810455,0.007959771894199408,1.0
1.4,ideal,18,adaptive_filtered,2048,256,881,911,-1.0246501007421136,-0.009181851453868628,0.008148047618628782,1.0
1.4,ideal,19,uniform_raw,2048,0,1024,1024,-0.9984766441115409,0.01699160517670406,0.008176358136607527,1.0
1.4,ideal,19,uniform_filtered,2048,0,1024,1024,-0.9984766441115409,0.01699160517670406,0.008176358136607527,1.0
1.4,ideal,19,adaptive_filtered,2048,256,813,979,-1.0081685348657583,0.0072997144224866695,0.008859124295454242,1.0
1.4,ideal,20,uniform_raw,2048,0,1024,1024,-1.020722902650121,-0.005254653361876027,0.007758582850472135,1.0
1.4,ideal,20,uniform_filtered,2048,0,1024,1024,-1.020722902650121,-0.005254653361876027,0.007758582850472135,1.0
1.4,ideal,20,adaptive_filtered,2048,256,920,872,-1.0345459272497814,-0.019077677961536477,0.008031262097913204,1.0
1.4,ideal,21,uniform_raw,2048,0,1024,1024,-1.0262473023489933,-0.010779053060748334,0.007646915178032224,1.0
1.4,ideal,21,uniform_filtered,2048,0,1024,1024,-1.0262473023489933,-0.010779053060748334,0.007646915178032224,1.0
1.4,ideal,21,adaptive_filtered,2048,256,881,911,-0.9984809447276763,0.016987304560568628,0.008866206696794615,1.0
1.4,ideal,22,uniform_raw,2048,0,1024,1024,-1.0195544031284893,-0.004086153840244355,0.0077943681531817315,1.0
1.4,ideal,22,uniform_filtered,2048,0,1024,1024,-1.0195544031284893,-0.004086153840244355,0.0077943681531817315,1.0
1.4,ideal,22,adaptive_filtered,2048,256,797,995,-1.0251354273327127,-0.009667178044467706,0.008225524478391697,1.0
1.4,ideal,23,uniform_raw,2048,0,1024,1024,-1.0185137849268473,-0.003045535638602326,0.007865767055032197,1.0
1.4,ideal,23,uniform_filtered,2048,0,1024,1024,-1.0185137849268473,-0.003045535638602326,0.007865767055032197,1.0
1.4,ideal,23,adaptive_filtered,2048,256,887,905,-1.004810187421817,0.010658061866428037,0.008700480108834004,1.0
1.4,ideal,24,uniform_raw,2048,0,1024,1024,-1.021742742428661,-0.006274493140415949,0.007733167952841295,1.0
1.4,ideal,24,uniform_filtered,2048,0,1024,1024,-1.021742742428661,-0.006274493140415949,0.007733167952841295,1.0
1.4,ideal,24,adaptive_filtered,2048,256,903,889,-1.026043620891222,-0.010575371602977057,0.008179069774506952,1.0
1.4,ideal,25,uniform_raw,2048,0,1024,1024,-1.0162391211528914,-0.0007708718646464163,0.007789812645199704,1.0
1.4,ideal,25,uniform_filtered,2048,0,1024,1024,-1.0162391211528914,-0.0007708718646464163,0.007789812645199704,1.0
1.4,ideal,25,adaptive_filtered,2048,256,890,902,-1.016220880189165,-0.0007526309009200371,0.008518568016186855,1.0
1.4,ideal,26,uniform_raw,2048,0,1024,1024,-1.031049181755509,-0.015580932467263997,0.00753635448651628,1.0
1.4,ideal,26,uniform_filtered,2048,0,1024,1024,-1.031049181755509,-0.015580932467263997,0.00753635448651628,1.0
1.4,ideal,26,adaptive_filtered,2048,256,887,905,-1.0171062304634253,-0.0016379811751803253,0.008414556294302945,1.0
1.4,ideal,27,uniform_raw,2048,0,1024,1024,-1.0144655934473414,0.0010026558409035324,0.007894258067042121,1.0
1.4,ideal,27,uniform_filtered,2048,0,1024,1024,-1.0144655934473414,0.0010026558409035324,0.007894258067042121,1.0
1.4,ideal,27,adaptive_filtered,2048,256,934,858,-1.0101956728052226,0.005272576483022373,0.008565432361841803,1.0
1.4,ideal,28,uniform_raw,2048,0,1024,1024,-1.0124155246787105,0.0030527246095344296,0.007966794129365086,1.0
1.4,ideal,28,uniform_filtered,2048,0,1024,1024,-1.0124155246787105,0.0030527246095344296,0.007966794129365086,1.0
1.4,ideal,28,adaptive_filtered,2048,256,829,963,-1.0201207336159874,-0.004652484327742457,0.00814263528242936,1.0
1.4,ideal,29,uniform_raw,2048,0,1024,1024,-1.0128199470617811,0.002648302226463839,0.008025984614071202,1.0
1.4,ideal,29,uniform_filtered,2048,0,1024,1024,-1.0128199470617811,0.002648302226463839,0.008025984614071202,1.0
1.4,ideal,29,adaptive_filtered,2048,256,833,959,-1.027381361020703,-0.011913111732458015,0.008171576159820606,1.0
1.4,ideal,30,uniform_raw,2048,0,1024,1024,-1.0252482409935557,-0.009779991705310742,0.007623133542706773,1.0
1.4,ideal,30,uniform_filtered,2048,0,1024,1024,-1.0252482409935557,-0.009779991705310742,0.007623133542706773,1.0
1.4,ideal,30,adaptive_filtered,2048,256,841,951,-1.0146779397608765,0.0007903095273684713,0.008512748818808194,1.0
1.4,ideal,31,uniform_raw,2048,0,1024,1024,-1.0195647923400406,-0.004096543051795631,0.007769836593282808,1.0
1.4,ideal,31,uniform_filtered,2048,0,1024,1024,-1.0195647923400406,-0.004096543051795631,0.007769836593282808,1.0
1.4,ideal,31,adaptive_filtered,2048,256,867,925,-1.0146362034827077,0.000832045805537307,0.008513554165993819,1.0
1.4,ideal,32,uniform_raw,2048,0,1024,1024,-1.0141578847496067,0.001310364538638309,0.007938527738706768,1.0
1.4,ideal,32,uniform_filtered,2048,0,1024,1024,-1.0141578847496067,0.001310364538638309,0.007938527738706768,1.0
1.4,ideal,32,adaptive_filtered,2048,256,887,905,-1.0297911378800857,-0.014322888591840721,0.008158432157766498,1.0
1.4,ideal,33,uniform_raw,2048,0,1024,1024,-1.025652663376626,-0.01018441408838111,0.007688712824976493,1.0
1.4,ideal,33,uniform_filtered,2048,0,1024,1024,-1.025652663376626,-0.01018441408838111,0.007688712824976493,1.0
1.4,ideal,33,adaptive_filtered,2048,256,881,911,-1.0100104421336877,0.005457807154557237,0.008640602675286723,1.0
1.4,ideal,34,uniform_raw,2048,0,1024,1024,-1.0059887773097367,0.009479471978508291,0.00815057216143364,1.0
1.4,ideal,34,uniform_filtered,2048,0,1024,1024,-1.0059887773097367,0.009479471978508291,0.00815057216143364,1.0
1.4,ideal,34,adaptive_filtered,2048,256,982,810,-1.0169241887624623,-0.0014559394742172937,0.008443559754988929,1.0
1.4,ideal,35,uniform_raw,2048,0,1024,1024,-1.0239206925172812,-0.008452443229036266,0.007695722113480799,1.0
1.4,ideal,35,uniform_filtered,2048,0,1024,1024,-1.0239206925172812,-0.008452443229036266,0.007695722113480799,1.0
1.4,ideal,35,adaptive_filtered,2048,256,853,939,-1.0290421241081946,-0.01357387481994965,0.00814559483714255,1.0
1.4,ideal,36,uniform_raw,2048,0,1024,1024,-1.007198833677573,0.00826941561067196,0.008024148817289575,1.0
1.4,ideal,36,uniform_filtered,2048,0,1024,1024,-1.007198833677573,0.00826941561067196,0.008024148817289575,1.0
1.4,ideal,36,adaptive_filtered,2048,256,883,909,-1.0124879850414459,0.0029802642467990914,0.008567334021111962,1.0
1.4,ideal,37,uniform_raw,2048,0,1024,1024,-1.0179399243775826,-0.002471675089337655,0.00786050195733565,1.0
1.4,ideal,37,uniform_filtered,2048,0,1024,1024,-1.0179399243775826,-0.002471675089337655,0.00786050195733565,1.0
1.4,ideal,37,adaptive_filtered,2048,256,917,875,-1.0167793771017974,-0.0013111278135524707,0.008379185348244571,1.0
1.4,ideal,38,uniform_raw,2048,0,1024,1024,-1.0313361120301412,-0.01586786274189622,0.007539014283392203,1.0
1.4,ideal,38,uniform_filtered,2048,0,1024,1024,-1.0313361120301412,-0.01586786274189622,0.007539014283392203,1.0
1.4,ideal,38,adaptive_filtered,2048,256,845,947,-1.011998065496166,0.0034701837920789735,0.008584425157803638,1.0
1.4,ideal,39,uniform_raw,2048,0,1024,1024,-1.0278617810999,-0.012393531811655034,0.007577450421248807,1.0
1.4,ideal,39,uniform_filtered,2048,0,1024,1024,-1.0278617810999,-0.012393531811655034,0.007577450421248807,1.0
1.4,ideal,39,adaptive_filtered,2048,256,912,880,-1.0108568031240999,0.0046114461641451054,0.008607001353384864,1.0
1.4,ideal,40,uniform_raw,2048,0,1024,1024,-1.0093663945546423,0.006101854733602696,0.008015129622624606,1.0
1.4,ideal,40,uniform_filtered,2048,0,1024,1024,-1.0093663945546423,0.006101854733602696,0.008015129622624606,1.0
1.4,ideal,40,adaptive_filtered,2048,256,943,849,-1.0256232724251069,-0.010155023136861896,0.008294097562264591,1.0
1.4,ideal,41,uniform_raw,2048,0,1024,1024,-1.0089411937484694,0.006527055539775617,0.007997569550656107,1.0
1.4,ideal,41,uniform_filtered,2048,0,1024,1024,-1.0089411937484694,0.006527055539775617,0.007997569550656107,1.0
1.4,ideal,41,adaptive_filtered,2048,256,829,963,-1.0140244312531637,0.0014438180350813123,0.008522541224156403,1.0
1.4,ideal,42,uniform_raw,2048,0,1024,1024,-1.0113645172655172,0.004103732022727735,0.008056999808989884,1.0
1.4,ideal,42,uniform_filtered,2048,0,1024,1024,-1.0113645172655172,0.004103732022727735,0.008056999808989884,1.0
1.4,ideal,42,adaptive_filtered,2048,256,838,954,-1.0081163571957448,0.007351892092500201,0.008695645189524962,1.0
1.4,ideal,43,uniform_raw,2048,0,1024,1024,-1.010918538036242,0.004549711252002986,0.008084688146057332,1.0
1.4,ideal,43,uniform_filtered,2048,0,1024,1024,-1.010918538036242,0.004549711252002986,0.008084688146057332,1.0
1.4,ideal,43,adaptive_filtered,2048,256,848,944,-1.0076580691392785,0.007810180148966506,0.008551404045420454,1.0
1.4,ideal,44,uniform_raw,2048,0,1024,1024,-1.0201490421008566,-0.004680792812611578,0.007751800357980335,1.0
1.4,ideal,44,uniform_filtered,2048,0,1024,1024,-1.0201490421008566,-0.004680792812611578,0.007751800357980335,1.0
1.4,ideal,44,adaptive_filtered,2048,256,867,925,-1.0240142681445765,-0.00854601885633155,0.008263046784984017,1.0
1.4,ideal,45,uniform_raw,2048,0,1024,1024,-1.0115651230663647,0.003903126221880271,0.007932094731632748,1.0
1.4,ideal,45,uniform_filtered,2048,0,1024,1024,-1.0115651230663647,0.003903126221880271,0.007932094731632748,1.0
1.4,ideal,45,adaptive_filtered,2048,256,860,932,-1.0096980331694172,0.005770216118827776,0.008573863132236782,1.0
1.4,ideal,46,uniform_raw,2048,0,1024,1024,-1.0064139781159096,0.00905427117233537,0.008164724454440615,1.0
1.4,ideal,46,uniform_filtered,2048,0,1024,1024,-1.0064139781159096,0.00905427117233537,0.008164724454440615,1.0
1.4,ideal,46,adaptive_filtered,2048,256,853,939,-1.0129137435896003,0.0025545056986446824,0.00844920310143475,1.0
1.4,ideal,47,uniform_raw,2048,0,1024,1024,-1.0087821447938266,0.006686104494418421,0.008032117650487265,1.0
1.4,ideal,47,uniform_filtered,2048,0,1024,1024,-1.0087821447938266,0.006686104494418421,0.008032117650487265,1.0
1.4,ideal,47,adaptive_filtered,2048,256,939,853,-1.0214027884841843,-0.005934539195939337,0.00832663529045556,1.0
1.4,ideal,48,uniform_raw,2048,0,1024,1024,-1.0158898556089517,-0.00042160632070675774,0.007932154587443323,1.0
1.4,ideal,48,uniform_filtered,2048,0,1024,1024,-1.0158898556089517,-0.00042160632070675774,0.007932154587443323,1.0
1.4,ideal,48,adaptive_filtered,2048,256,932,860,-1.0191745289504663,-0.003706279662221368,0.008330983724027673,1.0
1.4,ideal,49,uniform_raw,2048,0,1024,1024,-1.0173972314629716,-0.00192898217472659,0.007779999149428642,1.0
1.4,ideal,49,uniform_filtered,2048,0,1024,1024,-1.0173972314629716,-0.00192898217472659,0.007779999149428642,1.0
1.4,ideal,49,adaptive_filtered,2048,256,813,979,-1.0187856589397706,-0.0033174096515256046,0.008439969446260373,1.0
1.4,ideal,50,uniform_raw,2048,0,1024,1024,-1.0210306113478558,-0.005562362059610804,0.007711766467039503,1.0
1.4,ideal,50,uniform_filtered,2048,0,1024,1024,-1.0210306113478558,-0.005562362059610804,0.007711766467039503,1.0
1.4,ideal,50,adaptive_filtered,2048,256,945,847,-1.0305377566393015,-0.0150695073510565,0.00811275469073038,1.0
1.4,ideal,51,uniform_raw,2048,0,1024,1024,-1.0071780552544707,0.00829019403377429,0.008072608414040916,1.0
1.4,ideal,51,uniform_filtered,2048,0,1024,1024,-1.0071780552544707,0.00829019403377429,0.008072608414040916,1.0
1.4,ideal,51,adaptive_filtered,2048,256,1000,792,-1.0062599980471418,0.009208251241103138,0.008749767540223266,1.0
1.4,ideal,52,uniform_raw,2048,0,1024,1024,-1.0294554814277046,-0.013987232139459627,0.007557259252499593,1.0
1.4,ideal,52,uniform_filtered,2048,0,1024,1024,-1.0294554814277046,-0.013987232139459627,0.007557259252499593,1.0
1.4,ideal,52,adaptive_filtered,2048,256,881,911,-1.0139742416132989,0.0014940076749461184,0.008495756337961423,1.0
1.4,ideal,53,uniform_raw,2048,0,1024,1024,-1.0186832230930414,-0.003214973804796406,0.0078089650718067855,1.0
1.4,ideal,53,uniform_filtered,2048,0,1024,1024,-1.0186832230930414,-0.003214973804796406,0.0078089650718067855,1.0
1.4,ideal,53,adaptive_filtered,2048,256,870,922,-1.0213654834399897,-0.005897234151744701,0.0082622389195049,1.0
1.4,ideal,54,uniform_raw,2048,0,1024,1024,-1.0274158018706248,-0.011947552582379783,0.007610085801590643,1.0
1.4,ideal,54,uniform_filtered,2048,0,1024,1024,-1.0274158018706248,-0.011947552582379783,0.007610085801590643,1.0
1.4,ideal,54,adaptive_filtered,2048,256,956,836,-1.0114960375875037,0.003972211700741246,0.008559987667711984,1.0
1.4,ideal,55,uniform_raw,2048,0,1024,1024,-1.0106627753962631,0.004805473891981826,0.008017832619310954,1.0
1.4,ideal,55,uniform_filtered,2048,0,1024,1024,-1.0106627753962631,0.004805473891981826,0.008017832619310954,1.0
1.4,ideal,55,adaptive_filtered,2048,256,899,893,-1.004380615704221,0.011087633584023981,0.008694672643734937,1.0
1.4,ideal,56,uniform_raw,2048,0,1024,1024,-1.0252586302051068,-0.009790380916861796,0.007596960985367212,1.0
1.4,ideal,56,uniform_filtered,2048,0,1024,1024,-1.0252586302051068,-0.009790380916861796,0.007596960985367212,1.0
1.4,ideal,56,adaptive_filtered,2048,256,906,886,-1.0032862437033552,0.012182005584889799,0.008724318533052805,1.0
1.4,ideal,57,uniform_raw,2048,0,1024,1024,-1.0173452854052156,-0.001877036116970654,0.007900306714617144,1.0
1.4,ideal,57,uniform_filtered,2048,0,1024,1024,-1.0173452854052156,-0.001877036116970654,0.007900306714617144,1.0
1.4,ideal,57,adaptive_filtered,2048,256,1077,715,-1.0166248801127802,-0.0011566308245352097,0.00858825181266094,1.0
1.4,ideal,58,uniform_raw,2048,0,1024,1024,-1.014168273961158,0.001299975327087033,0.007915047148863742,1.0
1.4,ideal,58,uniform_filtered,2048,0,1024,1024,-1.014168273961158,0.001299975327087033,0.007915047148863742,1.0
1.4,ideal,58,adaptive_filtered,2048,256,854,938,-1.0199850828732064,-0.004516833584961466,0.00830588011259928,1.0
1.4,ideal,59,uniform_raw,2048,0,1024,1024,-1.0176529941029504,-0.0021847448147054305,0.007857662766786146,1.0
1.4,ideal,59,uniform_filtered,2048,0,1024,1024,-1.0176529941029504,-0.0021847448147054305,0.007857662766786146,1.0
1.4,ideal,59,adaptive_filtered,2048,256,823,969,-1.0145991854935468,0.0008690637946981994,0.00852585796191019,1.0
1.4,ideal,60,uniform_raw,2048,0,1024,1024,-1.0138397868403208,0.0016284624479241394,0.008002030637890907,1.0
1.4,ideal,60,uniform_filtered,2048,0,1024,1024,-1.0138397868403208,0.0016284624479241394,0.008002030637890907,1.0
1.4,ideal,60,adaptive_filtered,2048,256,866,926,-1.0067240593224756,0.008744189965769422,0.008728753043934862,1.0
1.4,ideal,61,uniform_raw,2048,0,1024,1024,-1.0149011834650656,0.0005670658231793357,0.007887218282019206,1.0
1.4,ideal,61,uniform_filtered,2048,0,1024,1024,-1.0149011834650656,0.0005670658231793357,0.007887218282019206,1.0
1.4,ideal,61,adaptive_filtered,2048,256,755,1037,-1.0135899062390346,0.001878343049210418,0.008624400757368998,1.0
1.4,ideal,62,uniform_raw,2048,0,1024,1024,-1.0074545963175519,0.00801365297069312,0.008098557856496966,1.0
1.4,ideal,62,uniform_filtered,2048,0,1024,1024,-1.0074545963175519,0.00801365297069312,0.008098557856496966,1.0
1.4,ideal,62,adaptive_filtered,2048,256,846,946,-1.020699745125291,-0.005231495837046074,0.008280052208881316,1.0
1.4,ideal,63,uniform_raw,2048,0,1024,1024,-1.0187695475668261,-0.003301298278581166,0.0079305831397278,1.0
1.4,ideal,63,uniform_filtered,2048,0,1024,1024,-1.0187695475668261,-0.003301298278581166,0.0079305831397278,1.0
1.4,ideal,63,adaptive_filtered,2048,256,896,896,-1.0211149929655081,-0.005646743677263144,0.008342348856163771,1.0
1.4,ideal,64,uniform_raw,2048,0,1024,1024,-1.0157204174427577,-0.0002521681545126775,0.007983692656744886,1.0
1.4,ideal,64,uniform_filtered,2048,0,1024,1024,-1.0157204174427577,-0.0002521681545126775,0.007983692656744886,1.0
1.4,ideal,64,adaptive_filtered,2048,256,823,969,-1.0120058615459144,0.0034623877423305416,0.008666818160634275,1.0
1.4,ideal,65,uniform_raw,2048,0,1024,1024,-1.0253449546788915,-0.009876705390646556,0.007731280625497208,1.0
1.4,ideal,65,uniform_filtered,2048,0,1024,1024,-1.0253449546788915,-0.009876705390646556,0.007731280625497208,1.0
1.4,ideal,65,adaptive_filtered,2048,256,823,969,-1.0101646059085585,0.0053036433796864735,0.008696720783143807,1.0
1.4,ideal,66,uniform_raw,2048,0,1024,1024,-1.0226243116756601,-0.007156062387415174,0.007693408304164889,1.0
1.4,ideal,66,uniform_filtered,2048,0,1024,1024,-1.0226243116756601,-0.007156062387415174,0.007693408304164889,1.0
1.4,ideal,66,adaptive_filtered,2048,256,826,966,-1.0135400481912369,0.0019282010970080865,0.008371182205360629,1.0
1.4,ideal,67,uniform_raw,2048,0,1024,1024,-1.0183859036068579,-0.0029176543186129056,0.007829819447512786,1.0
1.4,ideal,67,uniform_filtered,2048,0,1024,1024,-1.0183859036068579,-0.0029176543186129056,0.007829819447512786,1.0
1.4,ideal,67,adaptive_filtered,2048,256,912,880,-1.0280912191697478,-0.012622969881502799,0.008143048619142257,1.0
1.4,ideal,68,uniform_raw,2048,0,1024,1024,-1.0177912646344909,-0.0023230153462459047,0.007870570960894392,1.0
1.4,ideal,68,uniform_filtered,2048,0,1024,1024,-1.0177912646344909,-0.0023230153462459047,0.007870570960894392,1.0
1.4,ideal,68,adaptive_filtered,2048,256,703,1089,-1.022794235665456,-0.007325986377211047,0.008423953098178087,1.0
1.4,ideal,69,uniform_raw,2048,0,1024,1024,-1.025047635192708,-0.009579385904463056,0.007750860734572009,1.0
1.4,ideal,69,uniform_filtered,2048,0,1024,1024,-1.025047635192708,-0.009579385904463056,0.007750860734572009,1.0
1.4,ideal,69,adaptive_filtered,2048,256,954,838,-1.0029778679259675,0.012490381362277425,0.008716739764679744,1.0
1.4,ideal,70,uniform_raw,2048,0,1024,1024,-1.0118001072832412,0.0036681420050037605,0.008049802819243303,1.0
1.4,ideal,70,uniform_filtered,2048,0,1024,1024,-1.0118001072832412,0.0036681420050037605,0.008049802819243303,1.0
1.4,ideal,70,adaptive_filtered,2048,256,896,896,-1.011292926398602,0.004175322889643063,0.008590424412358293,1.0
1.4,ideal,71,uniform_raw,2048,0,1024,1024,-1.0046923964681158,0.010775852820129161,0.008148895988610317,1.0
1.4,ideal,71,uniform_filtered,2048,0,1024,1024,-1.0046923964681158,0.010775852820129161,0.008148895988610317,1.0
1.4,ideal,71,adaptive_filtered,2048,256,860,932,-1.014222403392741,0.0012458458955040275,0.008488195167582537,1.0
1.4,ideal,72,uniform_raw,2048,0,1024,1024,-1.0159210232436053,-0.0004527739553603638,0.007862577689182911,1.0
1.4,ideal,72,uniform_filtered,2048,0,1024,1024,-1.0159210232436053,-0.0004527739553603638,0.007862577689182911,1.0
1.4,ideal,72,adaptive_filtered,2048,256,772,1020,-1.019657042267033,-0.004188792978788047,0.008492303934086773,1.0
1.4,ideal,73,uniform_raw,2048,0,1024,1024,-1.0220400619148444,-0.006571812626599449,0.007711667648707023,1.0
1.4,ideal,73,uniform_filtered,2048,0,1024,1024,-1.0220400619148444,-0.006571812626599449,0.007711667648707023,1.0
1.4,ideal,73,adaptive_filtered,2048,256,928,864,-1.0192386645449463,-0.0037704152567012983,0.00843132700574147,1.0
1.4,ideal,74,uniform_raw,2048,0,1024,1024,-1.0143169337042497,0.0011513155839952827,0.007904692280220931,1.0
1.4,ideal,74,uniform_filtered,2048,0,1024,1024,-1.0143169337042497,0.0011513155839952827,0.007904692280220931,1.0
1.4,ideal,74,adaptive_filtered,2048,256,968,824,-1.0342534638030612,-0.018785214514816184,0.008050057182021068,1.0
1.4,ideal,75,uniform_raw,2048,0,1024,1024,-1.0154646548027788,3.594485466162922e-06,0.007917015738176715,1.0
1.4,ideal,75,uniform_filtered,2048,0,1024,1024,-1.0154646548027788,3.594485466162922e-06,0.007917015738176715,1.0
1.4,ideal,75,adaptive_filtered,2048,256,877,915,-1.0159427981303017,-0.0004745488420567767,0.008393228025868917,1.0
1.4,ideal,76,uniform_raw,2048,0,1024,1024,-1.012553795210251,0.0029144540779939554,0.007979832730574439,1.0
1.4,ideal,76,uniform_filtered,2048,0,1024,1024,-1.012553795210251,0.0029144540779939554,0.007979832730574439,1.0
1.4,ideal,76,adaptive_filtered,2048,256,977,815,-1.0166378626892656,-0.0011696134010206194,0.0084471616233804,1.0
1.4,ideal,77,uniform_raw,2048,0,1024,1024,-1.007198833677573,0.00826941561067196,0.008024148817289575,1.0
1.4,ideal,77,uniform_filtered,2048,0,1024,1024,-1.007198833677573,0.00826941561067196,0.008024148817289575,1.0
1.4,ideal,77,adaptive_filtered,2048,256,968,824,-1.0195695662949142,-0.0041013170066692695,0.00844416497218372,1.0
1.4,ideal,78,uniform_raw,2048,0,1024,1024,-1.0197030628715813,-0.004234813583336328,0.0077838480725317275,1.0
1.4,ideal,78,uniform_filtered,2048,0,1024,1024,-1.0197030628715813,-0.004234813583336328,0.0077838480725317275,1.0
1.4,ideal,78,adaptive_filtered,2048,256,912,880,-1.0090681179387044,0.006400131349540539,0.008596635429223978,1.0
1.4,ideal,79,uniform_raw,2048,0,1024,1024,-1.0317717020478652,-0.016303452759620196,0.007530952907045993,1.0
1.4,ideal,79,uniform_filtered,2048,0,1024,1024,-1.0317717020478652,-0.016303452759620196,0.007530952907045993,1.0
1.4,ideal,79,adaptive_filtered,2048,256,871,921,-1.0180980688209649,-0.0026298195327199014,0.008362988584584598,1.0
1.4,ideal,80,uniform_raw,2048,0,1024,1024,-1.0096013787715186,0.005866870516726408,0.008126189376535527,1.0
1.4,ideal,80,uniform_filtered,2048,0,1024,1024,-1.0096013787715186,0.005866870516726408,0.008126189376535527,1.0
1.4,ideal,80,adaptive_filtered,2048,256,890,902,-1.0017411273956975,0.013727121892547434,0.008746095774436396,1.0
1.4,ideal,81,uniform_raw,2048,0,1024,1024,-1.0169200845990427,-0.0014518353107977333,0.007885214987587149,1.0
1.4,ideal,81,uniform_filtered,2048,0,1024,1024,-1.0169200845990427,-0.0014518353107977333,0.007885214987587149,1.0
1.4,ideal,81,adaptive_filtered,2048,256,890,902,-1.0202927963224642,-0.004824547034219195,0.008363670983087731,1.0
1.4,ideal,82,uniform_raw,2048,0,1024,1024,-1.011959156237884,0.0035090930503609563,0.008019027029658279,1.0
1.4,ideal,82,uniform_filtered,2048,0,1024,1024,-1.011959156237884,0.0035090930503609563,0.008019027029658279,1.0
1.4,ideal,82,adaptive_filtered,2048,256,805,987,-1.0179273947860263,-0.0024591454977813676,0.008386677023234855,1.0
1.4,ideal,83,uniform_raw,2048,0,1024,1024,-1.0174939451483076,-0.0020256958600626263,0.007890473042368729,1.0
1.4,ideal,83,uniform_filtered,2048,0,1024,1024,-1.0174939451483076,-0.0020256958600626263,0.007890473042368729,1.0
1.4,ideal,83,adaptive_filtered,2048,256,908,884,-0.9962683482626478,0.01919990102559721,0.00891233008765485,1.0
1.4,ideal,84,uniform_raw,2048,0,1024,1024,-0.9955657845190129,0.019902464769232076,0.008233684295452997,1.0
1.4,ideal,84,uniform_filtered,2048,0,1024,1024,-0.9955657845190129,0.019902464769232076,0.008233684295452997,1.0
1.4,ideal,84,adaptive_filtered,2048,256,969,823,-1.0233932424017482,-0.007924993113503254,0.008322481063496763,1.0
1.4,ideal,85,uniform_raw,2048,0,1024,1024,-1.0280000516314407,-0.01253180234319573,0.007591538182177304,1.0
1.4,ideal,85,uniform_filtered,2048,0,1024,1024,-1.0280000516314407,-0.01253180234319573,0.007591538182177304,1.0
1.4,ideal,85,adaptive_filtered,2048,256,805,987,-1.0229285166343862,-0.007460267346141247,0.00834795370539282,1.0
1.4,ideal,86,uniform_raw,2048,0,1024,1024,-1.0154334871681254,3.4762120119546935e-05,0.007981910205864707,1.0
1.4,ideal,86,uniform_filtered,2048,0,1024,1024,-1.0154334871681254,3.4762120119546935e-05,0.007981910205864707,1.0
1.4,ideal,86,adaptive_filtered,2048,256,829,963,-1.0131951285256189,0.0022731207626260908,0.008597641674451212,1.0
1.4,ideal,87,uniform_raw,2048,0,1024,1024,-1.0160800721982481,-0.000611822910003168,0.007826917022389116,1.0
1.4,ideal,87,uniform_filtered,2048,0,1024,1024,-1.0160800721982481,-0.000611822910003168,0.007826917022389116,1.0
1.4,ideal,87,adaptive_filtered,2048,256,920,872,-1.0163216354522102,-0.0008533861639652418,0.008437911080913846,1.0
1.4,ideal,88,uniform_raw,2048,0,1024,1024,-1.0129997744395263,0.0024684748487187047,0.007949624536372586,1.0
1.4,ideal,88,uniform_filtered,2048,0,1024,1024,-1.0129997744395263,0.0024684748487187047,0.007949624536372586,1.0
1.4,ideal,88,adaptive_filtered,2048,256,881,911,-1.0184915211662073,-0.0030232718779623635,0.008435525045415415,1.0
1.4,ideal,89,uniform_raw,2048,0,1024,1024,-1.0185137849268473,-0.003045535638602326,0.007865767055032197,1.0
1.4,ideal,89,uniform_filtered,2048,0,1024,1024,-1.0185137849268473,-0.003045535638602326,0.007865767055032197,1.0
1.4,ideal,89,adaptive_filtered,2048,256,768,1024,-1.0116722259632518,0.0037960233249931807,0.008676453028817432,1.0
1.4,ideal,90,uniform_raw,2048,0,1024,1024,-1.0162079535182378,-0.0007397042299928103,0.007865919650760523,1.0
1.4,ideal,90,uniform_filtered,2048,0,1024,1024,-1.0162079535182378,-0.0007397042299928103,0.007865919650760523,1.0
1.4,ideal,90,adaptive_filtered,2048,256,871,921,-1.014461098025508,0.0010071512627369827,0.008490010662118814,1.0
1.4,ideal,91,uniform_raw,2048,0,1024,1024,-1.0114268525348242,0.004041396753420745,0.007917389765588981,1.0
1.4,ideal,91,uniform_filtered,2048,0,1024,1024,-1.0114268525348242,0.004041396753420745,0.007917389765588981,1.0
1.4,ideal,91,adaptive_filtered,2048,256,828,964,-1.0181517467126655,-0.0026834974244205334,0.008480878338319968,1.0
1.4,ideal,92,uniform_raw,2048,0,1024,1024,-1.0195647923400406,-0.004096543051795631,0.007769836593282808,1.0
1.4,ideal,92,uniform_filtered,2048,0,1024,1024,-1.0195647923400406,-0.004096543051795631,0.007769836593282808,1.0
1.4,ideal,92,adaptive_filtered,2048,256,865,927,-1.0194334305533144,-0.003965181265069395,0.00841196618920301,1.0
1.4,ideal,93,uniform_raw,2048,0,1024,1024,-1.0326428820833133,-0.017174632795068367,0.007514730167964373,1.0
1.4,ideal,93,uniform_filtered,2048,0,1024,1024,-1.0326428820833133,-0.017174632795068367,0.007514730167964373,1.0
1.4,ideal,93,adaptive_filtered,2048,256,1018,774,-1.0333269317652254,-0.017858682476980414,0.00806484704577917,1.0
1.4,ideal,94,uniform_raw,2048,0,1024,1024,-1.006541859435899,0.00892638985234595,0.00819565369643935,1.0
1.4,ideal,94,uniform_filtered,2048,0,1024,1024,-1.006541859435899,0.00892638985234595,0.00819565369643935,1.0
1.4,ideal,94,adaptive_filtered,2048,256,773,1019,-1.016252090480484,-0.0007838411922389543,0.008558870391851527,1.0
1.4,ideal,95,uniform_raw,2048,0,1024,1024,-1.011841664129446,0.0036265851587988784,0.00796029116330066,1.0
1.4,ideal,95,uniform_filtered,2048,0,1024,1024,-1.011841664129446,0.0036265851587988784,0.00796029116330066,1.0
1.4,ideal,95,adaptive_filtered,2048,256,1012,780,-1.0178723742115996,-0.0024041249233546225,0.008478109082308057,1.0
1.4,ideal,96,uniform_raw,2048,0,1024,1024,-1.0173764530398692,-0.00190820375162426,0.007830631793086986,1.0
1.4,ideal,96,uniform_filtered,2048,0,1024,1024,-1.0173764530398692,-0.00190820375162426,0.007830631793086986,1.0
1.4,ideal,96,adaptive_filtered,2048,256,818,974,-1.012023209440903,0.003445039847342013,0.00855141895966036,1.0
1.4,ideal,97,uniform_raw,2048,0,1024,1024,-1.0103758451216307,0.005092404166614273,0.008014794499420608,1.0
1.4,ideal,97,uniform_filtered,2048,0,1024,1024,-1.0103758451216307,0.005092404166614273,0.008014794499420608,1.0
1.4,ideal,97,adaptive_filtered,2048,256,801,991,-1.010373828878684,0.005094420409560874,0.008557798811112967,1.0
1.4,ideal,98,uniform_raw,2048,0,1024,1024,-1.016069682986697,-0.000601433698452114,0.007852026143289524,1.0
1.4,ideal,98,uniform_filtered,2048,0,1024,1024,-1.016069682986697,-0.000601433698452114,0.007852026143289524,1.0
1.4,ideal,98,adaptive_filtered,2048,256,872,920,-1.0078556840190522,0.007612565269192739,0.008709491612549318,1.0
1.4,ideal,99,uniform_raw,2048,0,1024,1024,-1.0164741053697675,-0.0010058560815224826,0.00791503632388963,1.0
1.4,ideal,99,uniform_filtered,2048,0,1024,1024,-1.0164741053697675,-0.0010058560815224826,0.00791503632388963,1.0
1.4,ideal,99,adaptive_filtered,2048,256,872,920,-1.0158142349076438,-0.0003459856193988031,0.008561972684385665,1.0
1.4,ideal,100,uniform_raw,2048,0,1024,1024,-1.014762912933525,0.000705336354720032,0.007873150342822793,1.0
1.4,ideal,100,uniform_filtered,2048,0,1024,1024,-1.014762912933525,0.000705336354720032,0.007873150342822793,1.0
1.4,ideal,100,adaptive_filtered,2048,256,903,889,-1.0183954334482308,-0.0029271841599858295,0.008385976117923747,1.0
1.4,ideal,101,uniform_raw,2048,0,1024,1024,-1.0165156622159723,-0.0010474129277273647,0.007819887768456733,1.0
1.4,ideal,101,uniform_filtered,2048,0,1024,1024,-1.0165156622159723,-0.0010474129277273647,0.007819887768456733,1.0
1.4,ideal,101,adaptive_filtered,2048,256,763,1029,-1.026490628733783,-0.011022379445537966,0.008204067431938127,1.0
1.4,ideal,102,uniform_raw,2048,0,1024,1024,-1.0373480478044934,-0.02187979851624844,0.007282130859629885,1.0
1.4,ideal,102,uniform_filtered,2048,0,1024,1024,-1.0373480478044934,-0.02187979851624844,0.007282130859629885,1.0
1.4,ideal,102,adaptive_filtered,2048,256,923,869,-0.9999461853779326,0.015522063910312411,0.00883167466645738,1.0
1.4,ideal,103,uniform_raw,2048,0,1024,1024,-1.0128407254848835,0.002627523803361509,0.007982651814748236,1.0
1.4,ideal,103,uniform_filtered,2048,0,1024,1024,-1.0128407254848835,0.002627523803361509,0.007982651814748236,1.0
1.4,ideal,103,adaptive_filtered,2048,256,813,979,-1.024848054324275,-0.009379805036030087,0.008240471651163315,1.0
1.4,ideal,104,uniform_raw,2048,0,1024,1024,-1.0078694079121735,0.007598841376071475,0.008134557717141595,1.0
1.4,ideal,104,uniform_filtered,2048,0,1024,1024,-1.0078694079121735,0.007598841376071475,0.008134557717141595,1.0
1.4,ideal,104,adaptive_filtered,2048,256,914,878,-1.0165511382762284,-0.0010828889879834769,0.00837537387540982,1.0
1.4,ideal,105,uniform_raw,2048,0,1024,1024,-1.0207021242270187,-0.005233874938773697,0.007805858101642511,1.0
1.4,ideal,105,uniform_filtered,2048,0,1024,1024,-1.0207021242270187,-0.005233874938773697,0.007805858101642511,1.0
1.4,ideal,105,adaptive_filtered,2048,256,933,859,-1.0125303056039097,0.002937943684335309,0.008475656914308865,1.0
1.4,ideal,106,uniform_raw,2048,0,1024,1024,-1.023474713288006,-0.008006463999761015,0.007727152804690938,1.0
1.4,ideal,106,uniform_filtered,2048,0,1024,1024,-1.023474713288006,-0.008006463999761015,0.007727152804690938,1.0
1.4,ideal,106,adaptive_filtered,2048,256,979,813,-1.0221581813051548,-0.006689932016909816,0.00826975886754836,1.0
1.4,ideal,107,uniform_raw,2048,0,1024,1024,-1.0160904614097994,-0.000622212121554444,0.007800961757835848,1.0
1.4,ideal,107,uniform_filtered,2048,0,1024,1024,-1.0160904614097994,-0.000622212121554444,0.007800961757835848,1.0
1.4,ideal,107,adaptive_filtered,2048,256,750,1042,-1.007291371839437,0.008176877448808018,0.008884696095759573,1.0
1.4,ideal,108,uniform_raw,2048,0,1024,1024,-1.0061478262643797,0.009320423023865265,0.008118972119922628,1.0
1.4,ideal,108,uniform_filtered,2048,0,1024,1024,-1.0061478262643797,0.009320423023865265,0.008118972119922628,1.0
1.4,ideal,108,adaptive_filtered,2048,256,973,819,-1.0242910029380958,-0.008822753649850856,0.008210291066230661,1.0
1.4,ideal,109,uniform_raw,2048,0,1024,1024,-1.0058505067781962,0.009617742510048766,0.008138340038298069,1.0
1.4,ideal,109,uniform_filtered,2048,0,1024,1024,-1.0058505067781962,0.009617742510048766,0.008138340038298069,1.0
1.4,ideal,109,adaptive_filtered,2048,256,853,939,-1.0160794749883153,-0.0006112257000703281,0.008479151564423353,1.0
1.4,ideal,110,uniform_raw,2048,0,1024,1024,-1.0241972335803624,-0.008728984292117437,0.007722158666880876,1.0
1.4,ideal,110,uniform_filtered,2048,0,1024,1024,-1.0241972335803624,-0.008728984292117437,0.007722158666880876,1.0
1.4,ideal,110,adaptive_filtered,2048,256,946,846,-1.0133141180622594,0.0021541312259856227,0.008468684083226426,1.0
1.4,ideal,111,uniform_raw,2048,0,1024,1024,-1.025704609434382,-0.010236360146137047,0.007562518500858913,1.0
1.4,ideal,111,uniform_filtered,2048,0,1024,1024,-1.025704609434382,-0.010236360146137047,0.007562518500858913,1.0
1.4,ideal,111,adaptive_filtered,2048,256,865,927,-1.0246654728723108,-0.009197223584065828,0.008113130697302772,1.0
1.4,ideal,112,uniform_raw,2048,0,1024,1024,-1.0167818140675022,-0.0013135647792572591,0.007872189443417861,1.0
1.4,ideal,112,uniform_filtered,2048,0,1024,1024,-1.0167818140675022,-0.0013135647792572591,0.007872189443417861,1.0
1.4,ideal,112,adaptive_filtered,2048,256,899,893,-1.0363374421949676,-0.020869192906722622,0.007911357328780294,1.0
1.4,ideal,113,uniform_raw,2048,0,1024,1024,-1.0073474934206648,0.00812075586758021,0.008013564611893866,1.0
1.4,ideal,113,uniform_filtered,2048,0,1024,1024,-1.0073474934206648,0.00812075586758021,0.008013564611893866,1.0
1.4,ideal,113,adaptive_filtered,2048,256,825,967,-1.0168698019728055,-0.0014015526845605475,0.008484183184119086,1.0
1.4,ideal,114,uniform_raw,2048,0,1024,1024,-1.0188111044130308,-0.0033428551247858262,0.007845764524896546,1.0
1.4,ideal,114,uniform_filtered,2048,0,1024,1024,-1.0188111044130308,-0.0033428551247858262,0.007845764524896546,1.0
1.4,ideal,114,adaptive_filtered,2048,256,887,905,-1.0212307849433881,-0.005762535655143175,0.008330655955951111,1.0
1.4,ideal,115,uniform_raw,2048,0,1024,1024,-1.0257909339081668,-0.010322684619921807,0.007701311569731326,1.0
1.4,ideal,115,uniform_filtered,2048,0,1024,1024,-1.0257909339081668,-0.010322684619921807,0.007701311569731326,1.0
1.4,ideal,115,adaptive_filtered,2048,256,943,849,-1.0130540835980957,0.0024141656901492947,0.008465368047458283,1.0
1.4,ideal,116,uniform_raw,2048,0,1024,1024,-1.0143169337042497,0.0011513155839952827,0.007904692280220931,1.0
1.4,ideal,116,uniform_filtered,2048,0,1024,1024,-1.0143169337042497,0.0011513155839952827,0.007904692280220931,1.0
1.4,ideal,116,adaptive_filtered,2048,256,871,921,-1.0072314227975239,0.008236826490721105,0.008682627032311143,1.0
1.4,ideal,117,uniform_raw,2048,0,1024,1024,-1.0263751836689825,-0.010906934380737532,0.007683331616604665,1.0
1.4,ideal,117,uniform_filtered,2048,0,1024,1024,-1.0263751836689825,-0.010906934380737532,0.007683331616604665,1.0
1.4,ideal,117,adaptive_filtered,2048,256,807,985,-1.0049093321719624,0.01055891711628254,0.008753856385536033,1.0
1.4,ideal,118,uniform_raw,2048,0,1024,1024,-1.0144240366011368,0.0010442126871081925,0.007985271108241137,1.0
1.4,ideal,118,uniform_filtered,2048,0,1024,1024,-1.0144240366011368,0.0010442126871081925,0.007985271108241137,1.0
1.4,ideal,118,adaptive_filtered,2048,256,951,841,-1.0087041068245883,0.006764142463656642,0.008557834314892643,1.0
1.4,ideal,119,uniform_raw,2048,0,1024,1024,-1.0175906588336432,-0.0021224095453982184,0.007982858611622472,1.0
1.4,ideal,119,uniform_filtered,2048,0,1024,1024,-1.0175906588336432,-0.0021224095453982184,0.007982858611622472,1.0
1.4,ideal,119,adaptive_filtered,2048,256,969,823,-1.013774688429449,0.0016935608587960171,0.008450485873069501,1.0
1.4,ideal,120,uniform_raw,2048,0,1024,1024,-1.0087717555822753,0.006696493705969697,0.008055404617883765,1.0
1.4,ideal,120,uniform_filtered,2048,0,1024,1024,-1.0087717555822753,0.006696493705969697,0.008055404617883765,1.0
1.4,ideal,120,adaptive_filtered,2048,256,914,878,-1.02322383611897,-0.007755586830725081,0.0082792764217055,1.0
1.4,ideal,121,uniform_raw,2048,0,1024,1024,-1.016930473810594,-0.0014622245223490093,0.007861919675421556,1.0
1.4,ideal,121,uniform_filtered,2048,0,1024,1024,-1.016930473810594,-0.0014622245223490093,0.007861919675421556,1.0
1.4,ideal,121,adaptive_filtered,2048,256,843,949,-1.0174470125173496,-0.0019787632291046187,0.008485230175555584,1.0
1.4,ideal,122,uniform_raw,2048,0,1024,1024,-1.009356005343091,0.006112243945153972,0.008038590331259055,1.0
1.4,ideal,122,uniform_filtered,2048,0,1024,1024,-1.009356005343091,0.006112243945153972,0.008038590331259055,1.0
1.4,ideal,122,adaptive_filtered,2048,256,910,882,-1.0292223982167994,-0.013754148928554422,0.008057030063102646,1.0
1.4,ideal,123,uniform_raw,2048,0,1024,1024,-1.0198309441915707,-0.004362694903325748,0.007820813027914878,1.0
1.4,ideal,123,uniform_filtered,2048,0,1024,1024,-1.0198309441915707,-0.004362694903325748,0.007820813027914878,1.0
1.4,ideal,123,adaptive_filtered,2048,256,881,911,-1.019185510243007,-0.0037172609547619917,0.008278310706058067,1.0
1.4,ideal,124,uniform_raw,2048,0,1024,1024,-1.0258117123312693,-0.010343463043024359,0.007654612136567016,1.0
1.4,ideal,124,uniform_filtered,2048,0,1024,1024,-1.0258117123312693,-0.010343463043024359,0.007654612136567016,1.0
1.4,ideal,124,adaptive_filtered,2048,256,954,838,-1.0175389136302377,-0.0020706643419927673,0.008439976634377497,1.0
1.4,ideal,125,uniform_raw,2048,0,1024,1024,-1.0048514454227588,0.010616803865486135,0.008115996322334305,1.0
1.4,ideal,125,uniform_filtered,2048,0,1024,1024,-1.0048514454227588,0.010616803865486135,0.008115996322334305,1.0
1.4,ideal,125,adaptive_filtered,2048,256,948,844,-1.0121664871127762,0.0033017621754687365,0.008527209247132189,1.0
1.4,ideal,126,uniform_raw,2048,0,1024,1024,-1.0220088942801908,-0.006540644991945843,0.007783193113317927,1.0
1.4,ideal,126,uniform_filtered,2048,0,1024,1024,-1.0220088942801908,-0.006540644991945843,0.007783193113317927,1.0
1.4,ideal,126,adaptive_filtered,2048,256,859,933,-1.0187174867402864,-0.0032492374520414202,0.008495413638469047,1.0
1.4,ideal,127,uniform_raw,2048,0,1024,1024,-1.0154854332258814,-1.7183937636389146e-05,0.007869663084583561,1.0
1.4,ideal,127,uniform_filtered,2048,0,1024,1024,-1.0154854332258814,-1.7183937636389146e-05,0.007869663084583561,1.0
1.4,ideal,127,adaptive_filtered,2048,256,853,939,-1.0136820589703517,0.001786190317893288,0.008496652402939734,1.0
1.4,ideal,128,uniform_raw,2048,0,1024,1024,-1.020287312632397,-0.0048190633441520525,0.007765930312146258,1.0
1.4,ideal,128,uniform_filtered,2048,0,1024,1024,-1.020287312632397,-0.0048190633441520525,0.007765930312146258,1.0
1.4,ideal,128,adaptive_filtered,2048,256,995,797,-1.0159496090670541,-0.0004813597788091428,0.008501739361791553,1.0
1.4,ideal,129,uniform_raw,2048,0,1024,1024,-1.017950313589134,-0.002482064300888931,0.007837100123522806,1.0
1.4,ideal,129,uniform_filtered,2048,0,1024,1024,-1.017950313589134,-0.002482064300888931,0.007837100123522806,1.0
1.4,ideal,129,adaptive_filtered,2048,256,920,872,-1.0072530783326121,0.008215170955632844,0.008587238014504022,1.0
1.4,ideal,130,uniform_raw,2048,0,1024,1024,-1.0103550666985284,0.005113182589716603,0.008059491728994108,1.0
1.4,ideal,130,uniform_filtered,2048,0,1024,1024,-1.0103550666985284,0.005113182589716603,0.008059491728994108,1.0
1.4,ideal,130,adaptive_filtered,2048,256,915,877,-1.017595767054803,-0.0021275177665580625,0.008442191155368714,1.0
1.4,ideal,131,uniform_raw,2048,0,1024,1024,-1.0365839706659323,-0.021115721377687358,0.007392349976017196,1.0
1.4,ideal,131,uniform_filtered,2048,0,1024,1024,-1.0365839706659323,-0.021115721377687358,0.007392349976017196,1.0
1.4,ideal,131,adaptive_filtered,2048,256,908,884,-1.0240788112272998,-0.00861056193905485,0.008258465495154332,1.0
1.4,ideal,132,uniform_raw,2048,0,1024,1024,-1.00805962450147,0.007408624786775064,0.008035409610769392,1.0
1.4,ideal,132,uniform_filtered,2048,0,1024,1024,-1.00805962450147,0.007408624786775064,0.008035409610769392,1.0
1.4,ideal,132,adaptive_filtered,2048,256,871,921,-1.0133690689439838,0.0020991803442611534,0.00853956263628577,1.0
1.4,ideal,133,uniform_raw,2048,0,1024,1024,-1.0167714248559512,-0.0013031755677062051,0.007895233703231962,1.0
1.4,ideal,133,uniform_filtered,2048,0,1024,1024,-1.0167714248559512,-0.0013031755677062051,0.007895233703231962,1.0
1.4,ideal,133,adaptive_filtered,2048,256,741,1051,-1.0206525647715197,-0.005184315483274693,0.008279467680967673,1.0
1.4,ideal,134,uniform_raw,2048,0,1024,1024,-1.0100889148469987,0.005379334441246275,0.008011620978034937,1.0
1.4,ideal,134,uniform_filtered,2048,0,1024,1024,-1.0100889148469987,0.005379334441246275,0.008011620978034937,1.0
1.4,ideal,134,adaptive_filtered,2048,256,860,932,-1.006787166903931,0.008681082384313976,0.008718100269423358,1.0
1.4,ideal,135,uniform_raw,2048,0,1024,1024,-1.0138917328980768,0.0015765163901682033,0.007887084131878046,1.0
1.4,ideal,135,uniform_filtered,2048,0,1024,1024,-1.0138917328980768,0.0015765163901682033,0.007887084131878046,1.0
1.4,ideal,135,adaptive_filtered,2048,256,927,865,-1.0017265340584247,0.013741715229820262,0.008806532702188905,1.0
1.4,ideal,136,uniform_raw,2048,0,1024,1024,-1.0217219640055586,-0.006253714717313619,0.007780664236241354,1.0
1.4,ideal,136,uniform_filtered,2048,0,1024,1024,-1.0217219640055586,-0.006253714717313619,0.007780664236241354,1.0
1.4,ideal,136,adaptive_filtered,2048,256,948,844,-1.029986026168592,-0.014517776880347055,0.00808017334441858,1.0
1.4,ideal,137,uniform_raw,2048,0,1024,1024,-1.0122253080894141,0.00324294119883084,0.008062876012438604,1.0
1.4,ideal,137,uniform_filtered,2048,0,1024,1024,-1.0122253080894141,0.00324294119883084,0.008062876012438604,1.0
1.4,ideal,137,adaptive_filtered,2048,256,906,886,-1.008948235307369,0.006520013980875872,0.008594435648436021,1.0
1.4,ideal,138,uniform_raw,2048,0,1024,1024,-1.0074857639522055,0.007982485336039513,0.008028038147301676,1.0
1.4,ideal,138,uniform_filtered,2048,0,1024,1024,-1.0074857639522055,0.007982485336039513,0.008028038147301676,1.0
1.4,ideal,138,adaptive_filtered,2048,256,823,969,-1.0167800059859238,-0.0013117566976788009,0.008451107722255314,1.0
1.4,ideal,139,uniform_raw,2048,0,1024,1024,-0.9923887730749554,0.02307947621328954,0.0082320726646308,1.0
1.4,ideal,139,uniform_filtered,2048,0,1024,1024,-0.9923887730749554,0.02307947621328954,0.0082320726646308,1.0
1.4,ideal,139,adaptive_filtered,2048,256,890,902,-1.002691515474728,0.01277673381351696,0.00875955433376037,1.0
1.4,ideal,140,uniform_raw,2048,0,1024,1024,-1.0074649855291031,0.008003263759141843,0.008075859065767492,1.0
1.4,ideal,140,uniform_filtered,2048,0,1024,1024,-1.0074649855291031,0.008003263759141843,0.008075859065767492,1.0
1.4,ideal,140,adaptive_filtered,2048,256,935,857,-1.0266859742884065,-0.011217725000161494,0.008257584471115154,1.0
1.4,ideal,141,uniform_raw,2048,0,1024,1024,-1.0204048047408352,-0.004936555452590197,0.007825905705194692,1.0
1.4,ideal,141,uniform_filtered,2048,0,1024,1024,-1.0204048047408352,-0.004936555452590197,0.007825905705194692,1.0
1.4,ideal,141,adaptive_filtered,2048,256,714,1078,-1.0164846818780995,-0.0010164325898545101,0.00858065372807787,1.0
1.4,ideal,142,uniform_raw,2048,0,1024,1024,-0.9952684650328296,0.020199784255415354,0.008254580514108583,1.0
1.4,ideal,142,uniform_filtered,2048,0,1024,1024,-0.9952684650328296,0.020199784255415354,0.008254580514108583,1.0
1.4,ideal,142,adaptive_filtered,2048,256,821,971,-1.014126101286649,0.001342148001596044,0.008624945190214364,1.0
1.4,ideal,143,uniform_raw,2048,0,1024,1024,-1.0173972314629716,-0.00192898217472659,0.007779999149428642,1.0
1.4,ideal,143,uniform_filtered,2048,0,1024,1024,-1.0173972314629716,-0.00192898217472659,0.007779999149428642,1.0
1.4,ideal,143,adaptive_filtered,2048,256,741,1051,-1.018178749764846,-0.002710500476601041,0.00855099070471096,1.0
1.4,ideal,144,uniform_raw,2048,0,1024,1024,-1.020117874466203,-0.004649625177957972,0.007823428521214704,1.0
1.4,ideal,144,uniform_filtered,2048,0,1024,1024,-1.020117874466203,-0.004649625177957972,0.007823428521214704,1.0
1.4,ideal,144,adaptive_filtered,2048,256,898,894,-1.014238796703723,0.0012294525845220061,0.00845439778156493,1.0
1.4,ideal,145,uniform_raw,2048,0,1024,1024,-1.0061478262643797,0.009320423023865265,0.008118972119922628,1.0
1.4,ideal,145,uniform_filtered,2048,0,1024,1024,-1.0061478262643797,0.009320423023865265,0.008118972119922628,1.0
1.4,ideal,145,adaptive_filtered,2048,256,875,917,-1.009941288602405,0.00552696068583991,0.00866002645750686,1.0
1.4,ideal,146,uniform_raw,2048,0,1024,1024,-1.010109693270101,0.005358556018143945,0.00796303274077429,1.0
1.4,ideal,146,uniform_filtered,2048,0,1024,1024,-1.010109693270101,0.005358556018143945,0.00796303274077429,1.0
1.4,ideal,146,adaptive_filtered,2048,256,859,933,-1.0161207292432168,-0.000652479954971863,0.008435160919956932,1.0
1.4,ideal,147,uniform_raw,2048,0,1024,1024,-1.0128407254848835,0.002627523803361509,0.007982651814748236,1.0
1.4,ideal,147,uniform_filtered,2048,0,1024,1024,-1.0128407254848835,0.002627523803361509,0.007982651814748236,1.0
1.4,ideal,147,adaptive_filtered,2048,256,792,1000,-1.00384800801339,0.011620241274854948,0.008720853469248606,1.0
1.4,ideal,148,uniform_raw,2048,0,1024,1024,-1.0139988357949639,0.0014694134932811131,0.007970968202575535,1.0
1.4,ideal,148,uniform_filtered,2048,0,1024,1024,-1.0139988357949639,0.0014694134932811131,0.007970968202575535,1.0
1.4,ideal,148,adaptive_filtered,2048,256,934,858,-0.9999933222772657,0.0154749270109793,0.008793404471298607,1.0
1.4,ideal,149,uniform_raw,2048,0,1024,1024,-1.0122876433587213,0.0031806059295236278,0.007929012375421422,1.0
1.4,ideal,149,uniform_filtered,2048,0,1024,1024,-1.0122876433587213,0.0031806059295236278,0.007929012375421422,1.0
1.4,ideal,149,adaptive_filtered,2048,256,934,858,-1.02547599052002,-0.010007741231774947,0.008233384283207329,1.0
1.4,ideal,150,uniform_raw,2048,0,1024,1024,-1.0140403926411687,0.001427856647076231,0.00787638176574249,1.0
1.4,ideal,150,uniform_filtered,2048,0,1024,1024,-1.0140403926411687,0.001427856647076231,0.00787638176574249,1.0
1.4,ideal,150,adaptive_filtered,2048,256,871,921,-1.009741476577398,0.0057267727108469835,0.008535888126620685,1.0
1.4,ideal,151,uniform_raw,2048,0,1024,1024,-1.0081875058214593,0.007280743466785644,0.008072142544284032,1.0
1.4,ideal,151,uniform_filtered,2048,0,1024,1024,-1.0081875058214593,0.007280743466785644,0.008072142544284032,1.0
1.4,ideal,151,adaptive_filtered,2048,256,802,990,-1.023570697151806,-0.008102447863560958,0.008358499852267902,1.0
1.4,ideal,152,uniform_raw,2048,0,1024,1024,-1.016930473810594,-0.0014622245223490093,0.007861919675421556,1.0
1.4,ideal,152,uniform_filtered,2048,0,1024,1024,-1.016930473810594,-0.0014622245223490093,0.007861919675421556,1.0
1.4,ideal,152,adaptive_filtered,2048,256,890,902,-1.0020193000195872,0.013448949268657806,0.008779637809422581,1.0
1.4,ideal,153,uniform_raw,2048,0,1024,1024,-1.020276923420846,-0.0048086741326009985,0.00779005997713758,1.0
1.4,ideal,153,uniform_filtered,2048,0,1024,1024,-1.020276923420846,-0.0048086741326009985,0.00779005997713758,1.0
1.4,ideal,153,adaptive_filtered,2048,256,933,859,-1.0104532663575796,0.005014982930665379,0.008511693649481624,1.0
1.4,ideal,154,uniform_raw,2048,0,1024,1024,-1.0098123737839173,0.005655875504327668,0.007984107356611331,1.0
1.4,ideal,154,uniform_filtered,2048,0,1024,1024,-1.0098123737839173,0.005655875504327668,0.007984107356611331,1.0
1.4,ideal,154,adaptive_filtered,2048,256,933,859,-1.0156772256746178,-0.00020897638637285,0.008451643892966211,1.0
1.4,ideal,155,uniform_raw,2048,0,1024,1024,-1.0128095578502299,0.002658691438015115,0.008046450563279161,1.0
1.4,ideal,155,uniform_filtered,2048,0,1024,1024,-1.0128095578502299,0.002658691438015115,0.008046450563279161,1.0
1.4,ideal,155,adaptive_filtered,2048,256,860,932,-1.025792291648843,-0.010324042360597918,0.008206839248182095,1.0
1.4,ideal,156,uniform_raw,2048,0,1024,1024,-1.030464931994693,-0.01499668270644805,0.007555037583132838,1.0
1.4,ideal,156,uniform_filtered,2048,0,1024,1024,-1.030464931994693,-0.01499668270644805,0.007555037583132838,1.0
1.4,ideal,156,adaptive_filtered,2048,256,809,983,-1.024421510598743,-0.008953261310498117,0.008211804090530293,1.0
1.4,ideal,157,uniform_raw,2048,0,1024,1024,-1.0240797414719243,-0.008611492183679292,0.007660161546727024,1.0
1.4,ideal,157,uniform_filtered,2048,0,1024,1024,-1.0240797414719243,-0.008611492183679292,0.007660161546727024,1.0
1.4,ideal,157,adaptive_filtered,2048,256,761,1031,-1.0185021038888877,-0.0030338546006427602,0.008478630213539461,1.0
1.4,ideal,158,uniform_raw,2048,0,1024,1024,-1.0100473580007938,0.005420891287451157,0.008099082432131895,1.0
1.4,ideal,158,uniform_filtered,2048,0,1024,1024,-1.0100473580007938,0.005420891287451157,0.008099082432131895,1.0
1.4,ideal,158,adaptive_filtered,2048,256,729,1063,-1.0140136244436255,0.0014546248446194454,0.008695491630423983,1.0
1.4,ideal,159,uniform_raw,2048,0,1024,1024,-1.0009311352632424,0.014537114025002573,0.008174301343759263,1.0
1.4,ideal,159,uniform_filtered,2048,0,1024,1024,-1.0009311352632424,0.014537114025002573,0.008174301343759263,1.0
1.4,ideal,159,adaptive_filtered,2048,256,779,1013,-1.0223408411571149,-0.006872591868869904,0.008247110370059737,1.0
1.4,ideal,160,uniform_raw,2048,0,1024,1024,-1.0139884465834128,0.0014798027048321671,0.007992572618164554,1.0
1.4,ideal,160,uniform_filtered,2048,0,1024,1024,-1.0139884465834128,0.0014798027048321671,0.007992572618164554,1.0
1.4,ideal,160,adaptive_filtered,2048,256,853,939,-1.0143388048616433,0.0011294444266016779,0.008426109859451414,1.0
1.4,ideal,161,uniform_raw,2048,0,1024,1024,-1.0116826151748028,0.0037856341134421267,0.007993905392777782,1.0
1.4,ideal,161,uniform_filtered,2048,0,1024,1024,-1.0116826151748028,0.0037856341134421267,0.007993905392777782,1.0
1.4,ideal,161,adaptive_filtered,2048,256,833,959,-1.027839886793366,-0.012371637505121047,0.008009699987799478,1.0
1.4,ideal,162,uniform_raw,2048,0,1024,1024,-1.0138917328980768,0.0015765163901682033,0.007887084131878046,1.0
1.4,ideal,162,uniform_filtered,2048,0,1024,1024,-1.0138917328980768,0.0015765163901682033,0.007887084131878046,1.0
1.4,ideal,162,adaptive_filtered,2048,256,913,879,-1.0270852274169564,-0.01161697812871143,0.008244460792403754,1.0
1.4,ideal,163,uniform_raw,2048,0,1024,1024,-1.0128615039079858,0.002606745380259179,0.007936073712564726,1.0
1.4,ideal,163,uniform_filtered,2048,0,1024,1024,-1.0128615039079858,0.002606745380259179,0.007936073712564726,1.0
1.4,ideal,163,adaptive_filtered,2048,256,968,824,-1.0111387150427356,0.004329534245509414,0.008592407952600863,1.0
1.4,ideal,164,uniform_raw,2048,0,1024,1024,-1.019257083642306,-0.003788834354061077,0.007815166550558573,1.0
1.4,ideal,164,uniform_filtered,2048,0,1024,1024,-1.019257083642306,-0.003788834354061077,0.007815166550558573,1.0
1.4,ideal,164,adaptive_filtered,2048,256,846,946,-1.0060834002201966,0.009384849068048373,0.008565209088590974,1.0
1.4,ideal,165,uniform_raw,2048,0,1024,1024,-1.0241005198950266,-0.008632270606781622,0.007607722671008653,1.0
1.4,ideal,165,uniform_filtered,2048,0,1024,1024,-1.0241005198950266,-0.008632270606781622,0.007607722671008653,1.0
1.4,ideal,165,adaptive_filtered,2048,256,921,871,-1.0207689999291416,-0.005300750640896634,0.008231632385974933,1.0
1.4,ideal,166,uniform_raw,2048,0,1024,1024,-1.0162079535182378,-0.0007397042299928103,0.007865919650760523,1.0
1.4,ideal,166,uniform_filtered,2048,0,1024,1024,-1.0162079535182378,-0.0007397042299928103,0.007865919650760523,1.0
1.4,ideal,166,adaptive_filtered,2048,256,975,817,-1.0108030164918997,0.004665232796345231,0.008549113230068349,1.0
1.4,ideal,167,uniform_raw,2048,0,1024,1024,-1.0237720327741895,-0.008303783485944516,0.0077062806212291795,1.0
1.4,ideal,167,uniform_filtered,2048,0,1024,1024,-1.0237720327741895,-0.008303783485944516,0.0077062806212291795,1.0
1.4,ideal,167,adaptive_filtered,2048,256,897,895,-1.0232554465840629,-0.007787197295817894,0.00826448473736316,1.0
1.4,ideal,168,uniform_raw,2048,0,1024,1024,-1.0154646548027788,3.594485466162922e-06,0.007917015738176715,1.0
1.4,ideal,168,uniform_filtered,2048,0,1024,1024,-1.0154646548027788,3.594485466162922e-06,0.007917015738176715,1.0
1.4,ideal,168,adaptive_filtered,2048,256,879,913,-1.0092863775795209,0.006181871708724085,0.008692126707774651,1.0
1.4,ideal,169,uniform_raw,2048,0,1024,1024,-1.010545283287825,0.0049229660004199705,0.007956286928309549,1.0
1.4,ideal,169,uniform_filtered,2048,0,1024,1024,-1.010545283287825,0.0049229660004199705,0.007956286928309549,1.0
1.4,ideal,169,adaptive_filtered,2048,256,899,893,-1.026848641307342,-0.01138039201909713,0.008127367759269723,1.0
1.4,ideal,170,uniform_raw,2048,0,1024,1024,-1.0179191459544803,-0.002450896666235325,0.007904832232613278,1.0
1.4,ideal,170,uniform_filtered,2048,0,1024,1024,-1.0179191459544803,-0.002450896666235325,0.007904832232613278,1.0
1.4,ideal,170,adaptive_filtered,2048,256,960,832,-1.02288472997038,-0.007416480682135074,0.008231531139687245,1.0
1.4,ideal,171,uniform_raw,2048,0,1024,1024,-1.0161767858835842,-0.0007085365953392042,0.007934527813275478,1.0
1.4,ideal,171,uniform_filtered,2048,0,1024,1024,-1.0161767858835842,-0.0007085365953392042,0.007934527813275478,1.0
1.4,ideal,171,adaptive_filtered,2048,256,814,978,-1.0043764505340524,0.011091798754192528,0.008846786866652972,1.0
1.4,ideal,172,uniform_raw,2048,0,1024,1024,-1.0124259138902618,0.0030423353979831536,0.007943023497443838,1.0
1.4,ideal,172,uniform_filtered,2048,0,1024,1024,-1.0124259138902618,0.0030423353979831536,0.007943023497443838,1.0
1.4,ideal,172,adaptive_filtered,2048,256,848,944,-1.019457689813932,-0.00398944052568706,0.008310894997692577,1.0
1.4,ideal,173,uniform_raw,2048,0,1024,1024,-0.9989881693914984,0.016480079896746602,0.008320990652251647,1.0
1.4,ideal,173,uniform_filtered,2048,0,1024,1024,-0.9989881693914984,0.016480079896746602,0.008320990652251647,1.0
1.4,ideal,173,adaptive_filtered,2048,256,908,884,-1.0210807848272667,-0.005612535539021746,0.00821896868472427,1.0
1.4,ideal,174,uniform_raw,2048,0,1024,1024,-1.0211377142447429,-0.005669464956497894,0.007798334208489484,1.0
1.4,ideal,174,uniform_filtered,2048,0,1024,1024,-1.0211377142447429,-0.005669464956497894,0.007798334208489484,1.0
1.4,ideal,174,adaptive_filtered,2048,256,917,875,-1.0166367190250527,-0.0011684697368077313,0.008390743801664565,1.0
1.4,ideal,175,uniform_raw,2048,0,1024,1024,-1.0179399243775826,-0.002471675089337655,0.00786050195733565,1.0
1.4,ideal,175,uniform_filtered,2048,0,1024,1024,-1.0179399243775826,-0.002471675089337655,0.00786050195733565,1.0
1.4,ideal,175,adaptive_filtered,2048,256,1005,787,-1.0183152072173451,-0.002846957929100169,0.008450321762289407,1.0
1.4,ideal,176,uniform_raw,2048,0,1024,1024,-1.0128511146964345,0.002617134591810455,0.007959771894199408,1.0
1.4,ideal,176,uniform_filtered,2048,0,1024,1024,-1.0128511146964345,0.002617134591810455,0.007959771894199408,1.0
1.4,ideal,176,adaptive_filtered,2048,256,887,905,-1.0262114509553857,-0.010743201667140712,0.008208707062588973,1.0
1.4,ideal,177,uniform_raw,2048,0,1024,1024,-1.0278410026767977,-0.012372753388552704,0.007626324366716462,1.0
1.4,ideal,177,uniform_filtered,2048,0,1024,1024,-1.0278410026767977,-0.012372753388552704,0.007626324366716462,1.0
1.4,ideal,177,adaptive_filtered,2048,256,975,817,-1.0214514572201556,-0.00598320793191065,0.008368501624760827,1.0
1.4,ideal,178,uniform_raw,2048,0,1024,1024,-1.016940863022145,-0.0014726137339000633,0.007837793395878883,1.0
1.4,ideal,178,uniform_filtered,2048,0,1024,1024,-1.016940863022145,-0.0014726137339000633,0.007837793395878883,1.0
1.4,ideal,178,adaptive_filtered,2048,256,846,946,-1.0013702941662672,0.014097955121977757,0.008914194090245128,1.0
1.4,ideal,179,uniform_raw,2048,0,1024,1024,-1.002642327699485,0.012825921588760059,0.008216771630693544,1.0
1.4,ideal,179,uniform_filtered,2048,0,1024,1024,-1.002642327699485,0.012825921588760059,0.008216771630693544,1.0
1.4,ideal,179,adaptive_filtered,2048,256,880,912,-1.0259677221152805,-0.01049947282703556,0.00813621689336244,1.0
1.4,ideal,180,uniform_raw,2048,0,1024,1024,-1.0150394539966061,0.00042879529163886154,0.007900880978673136,1.0
1.4,ideal,180,uniform_filtered,2048,0,1024,1024,-1.0150394539966061,0.00042879529163886154,0.007900880978673136,1.0
1.4,ideal,180,adaptive_filtered,2048,256,904,888,-1.0179468722986174,-0.0024786230103723828,0.008296311341990636,1.0
1.4,ideal,181,uniform_raw,2048,0,1024,1024,-1.0246328235980864,-0.009164574309841411,0.007714456974958616,1.0
1.4,ideal,181,uniform_filtered,2048,0,1024,1024,-1.0246328235980864,-0.009164574309841411,0.007714456974958616,1.0
1.4,ideal,181,adaptive_filtered,2048,256,848,944,-1.0039040136822128,0.011564235606032147,0.008707227702497131,1.0
1.4,ideal,182,uniform_raw,2048,0,1024,1024,-1.0102064069554366,0.005261842332808353,0.008068990858545597,1.0
1.4,ideal,182,uniform_filtered,2048,0,1024,1024,-1.0102064069554366,0.005261842332808353,0.008068990858545597,1.0
1.4,ideal,182,adaptive_filtered,2048,256,920,872,-1.0195731123819676,-0.004104863093722599,0.008335997896993661,1.0
1.4,ideal,183,uniform_raw,2048,0,1024,1024,-1.0231566153787202,-0.007688366090475185,0.007791920179160112,1.0
1.4,ideal,183,uniform_filtered,2048,0,1024,1024,-1.0231566153787202,-0.007688366090475185,0.007791920179160112,1.0
1.4,ideal,183,adaptive_filtered,2048,256,922,870,-1.0107098788611806,0.004758370427064396,0.008561794420058798,1.0
1.4,ideal,184,uniform_raw,2048,0,1024,1024,-1.0070293955113792,0.008438853776865818,0.008082619818047037,1.0
1.4,ideal,184,uniform_filtered,2048,0,1024,1024,-1.0070293955113792,0.008438853776865818,0.008082619818047037,1.0
1.4,ideal,184,adaptive_filtered,2048,256,849,943,-1.0196378237591779,-0.004169574470932913,0.00824162589177477,1.0
1.4,ideal,185,uniform_raw,2048,0,1024,1024,-1.0154854332258814,-1.7183937636389146e-05,0.007869663084583561,1.0
1.4,ideal,185,uniform_filtered,2048,0,1024,1024,-1.0154854332258814,-1.7183937636389146e-05,0.007869663084583561,1.0
1.4,ideal,185,adaptive_filtered,2048,256,807,985,-1.004540565891947,0.010927683396297905,0.008688934365648908,1.0
1.4,ideal,186,uniform_raw,2048,0,1024,1024,-1.0202665342092947,-0.0047982849210497225,0.00781335101176697,1.0
1.4,ideal,186,uniform_filtered,2048,0,1024,1024,-1.0202665342092947,-0.0047982849210497225,0.00781335101176697,1.0
1.4,ideal,186,adaptive_filtered,2048,256,903,889,-1.0127928621963078,0.0026753870919371536,0.008597362783995716,1.0
1.4,ideal,187,uniform_raw,2048,0,1024,1024,-1.0179710920122362,-0.002502842723991261,0.00778778590165265,1.0
1.4,ideal,187,uniform_filtered,2048,0,1024,1024,-1.0179710920122362,-0.002502842723991261,0.00778778590165265,1.0
1.4,ideal,187,adaptive_filtered,2048,256,845,947,-1.0079929985256515,0.007475250762593477,0.00866066996148389,1.0
1.4,ideal,188,uniform_raw,2048,0,1024,1024,-1.0156652606036265,-0.0001970113153815234,0.007781007918281348,1.0
1.4,ideal,188,uniform_filtered,2048,0,1024,1024,-1.0156652606036265,-0.0001970113153815234,0.007781007918281348,1.0
1.4,ideal,188,adaptive_filtered,2048,256,920,872,-1.0129829809640774,0.002485268324167622,0.008598323545574759,1.0
1.4,ideal,189,uniform_raw,2048,0,1024,1024,-1.0102687422247438,0.005199507063501141,0.007926588499425347,1.0
1.4,ideal,189,uniform_filtered,2048,0,1024,1024,-1.0102687422247438,0.005199507063501141,0.007926588499425347,1.0
1.4,ideal,189,adaptive_filtered,2048,256,914,878,-1.0096342706146209,0.005833978673624118,0.008634753357368118,1.0
1.4,ideal,190,uniform_raw,2048,0,1024,1024,-1.0045333475134728,0.010934901774772188,0.008180444008564311,1.0
1.4,ideal,190,uniform_filtered,2048,0,1024,1024,-1.0045333475134728,0.010934901774772188,0.008180444008564311,1.0
1.4,ideal,190,adaptive_filtered,2048,256,985,807,-1.019581142858476,-0.004112893570231035,0.008386798997501214,1.0
1.4,ideal,191,uniform_raw,2048,0,1024,1024,-1.015900244820503,-0.0004319955322580338,0.00790978517328298,1.0
1.4,ideal,191,uniform_filtered,2048,0,1024,1024,-1.015900244820503,-0.0004319955322580338,0.00790978517328298,1.0
1.4,ideal,191,adaptive_filtered,2048,256,867,925,-1.0226424097233888,-0.00717416043514385,0.00823154630899011,1.0
1.4,ideal,192,uniform_raw,2048,0,1024,1024,-1.01472135608732,0.0007468932009249141,0.00796615510397123,1.0
1.4,ideal,192,uniform_filtered,2048,0,1024,1024,-1.01472135608732,0.0007468932009249141,0.00796615510397123,1.0
1.4,ideal,192,adaptive_filtered,2048,256,934,858,-1.0247611758485153,-0.009292926560270365,0.008191767453000258,1.0
1.4,ideal,193,uniform_raw,2048,0,1024,1024,-1.0068495681336336,0.008618681154611396,0.008157758920012751,1.0
1.4,ideal,193,uniform_filtered,2048,0,1024,1024,-1.0068495681336336,0.008618681154611396,0.008157758920012751,1.0
1.4,ideal,193,adaptive_filtered,2048,256,894,898,-1.0289676498157325,-0.013499400527487548,0.008175977875929365,1.0
1.4,ideal,194,uniform_raw,2048,0,1024,1024,-1.0004747668224159,0.0149934824658291,0.008227557410501808,1.0
1.4,ideal,194,uniform_filtered,2048,0,1024,1024,-1.0004747668224159,0.0149934824658291,0.008227557410501808,1.0
1.4,ideal,194,adaptive_filtered,2048,256,841,951,-1.0286475294156716,-0.01317928012742664,0.008056462902787909,1.0
1.4,ideal,195,uniform_raw,2048,0,1024,1024,-1.026938655006696,-0.011470405718450927,0.007709322818396857,1.0
1.4,ideal,195,uniform_filtered,2048,0,1024,1024,-1.026938655006696,-0.011470405718450927,0.007709322818396857,1.0
1.4,ideal,195,adaptive_filtered,2048,256,914,878,-1.0238784004024222,-0.0084101511141772,0.00825824921866761,1.0
1.4,ideal,196,uniform_raw,2048,0,1024,1024,-1.0079109647583784,0.0075572845298665925,0.008045637828067347,1.0
1.4,ideal,196,uniform_filtered,2048,0,1024,1024,-1.0079109647583784,0.0075572845298665925,0.008045637828067347,1.0
1.4,ideal,196,adaptive_filtered,2048,256,807,985,-1.0282160916261691,-0.012747842337924142,0.008120861135452963,1.0
1.4,ideal,197,uniform_raw,2048,0,1024,1024,-1.0140300034296175,0.001438245858627507,0.007901268106090466,1.0
1.4,ideal,197,uniform_filtered,2048,0,1024,1024,-1.0140300034296175,0.001438245858627507,0.007901268106090466,1.0
1.4,ideal,197,adaptive_filtered,2048,256,887,905,-1.0134489231404449,0.0020193261478000935,0.008404096573553618,1.0
1.4,ideal,198,uniform_raw,2048,0,1024,1024,-1.014061171064271,0.001407078223973901,0.007824082696692877,1.0
1.4,ideal,198,uniform_filtered,2048,0,1024,1024,-1.014061171064271,0.001407078223973901,0.007824082696692877,1.0
1.4,ideal,198,adaptive_filtered,2048,256,913,879,-1.010255641794221,0.005212607494023969,0.008592346413668375,1.0
1.4,ideal,199,uniform_raw,2048,0,1024,1024,-1.0131588233941693,0.0023094258940756784,0.007915199262059787,1.0
1.4,ideal,199,uniform_filtered,2048,0,1024,1024,-1.0131588233941693,0.0023094258940756784,0.007915199262059787,1.0
1.4,ideal,199,adaptive_filtered,2048,256,979,813,-1.0272208700022472,-0.011752620714002182,0.008155083467557856,1.0
1.4,synthetic_noise,0,uniform_raw,2048,0,1024,1024,-0.9897281420428408,0.02574010724540421,0.008211283426465673,1.0
1.4,synthetic_noise,0,uniform_filtered,2048,0,1024,1024,-1.0013025318506996,0.014165717437545355,0.008302640248981405,0.9638671875
1.4,synthetic_noise,0,adaptive_filtered,2048,256,784,1008,-0.9949272971502772,0.020540952137967805,0.00908571102127143,0.9620535714285714
1.4,synthetic_noise,1,uniform_raw,2048,0,1024,1024,-0.9881922654226611,0.02727598386558383,0.008227290720332254,1.0
1.4,synthetic_noise,1,uniform_filtered,2048,0,1024,1024,-1.0037007557128985,0.011767493575346455,0.008292138404123527,0.9619140625
1.4,synthetic_noise,1,adaptive_filtered,2048,256,786,1006,-1.007242850176894,0.008225399111351006,0.008887796423040873,0.9676339285714286
1.4,synthetic_noise,2,uniform_raw,2048,0,1024,1024,-1.007337328680534,0.008130920607710923,0.007839054376741159,1.0
1.4,synthetic_noise,2,uniform_filtered,2048,0,1024,1024,-1.0179597367880102,-0.0024914874997652436,0.007922604039826642,0.9619140625
1.4,synthetic_noise,2,adaptive_filtered,2048,256,914,878,-0.9893244560329819,0.02614379325526306,0.009205496633738925,0.9665178571428571
1.4,synthetic_noise,3,uniform_raw,2048,0,1024,1024,-0.9917967334537328,0.023671515834512213,0.00816729102512724,1.0
1.4,synthetic_noise,3,uniform_filtered,2048,0,1024,1024,-1.0034535334636483,0.012014715824596678,0.008273889453704723,0.9619140625
1.4,synthetic_noise,3,adaptive_filtered,2048,256,893,899,-1.0110746427437018,0.004393606544543127,0.008699581970845596,0.96484375
1.4,synthetic_noise,4,uniform_raw,2048,0,1024,1024,-0.9892463645183467,0.026221884769898285,0.008296992582983206,1.0
1.4,synthetic_noise,4,uniform_filtered,2048,0,1024,1024,-1.0002819410628059,0.015186308225439094,0.008402331740102088,0.9658203125
1.4,synthetic_noise,4,adaptive_filtered,2048,256,826,966,-1.0108847382618342,0.004583511026410747,0.008739629482636046,0.97265625
1.4,synthetic_noise,5,uniform_raw,2048,0,1024,1024,-1.0050396307026346,0.010428618585610394,0.007884335845651567,1.0
1.4,synthetic_noise,5,uniform_filtered,2048,0,1024,1024,-1.017430775005973,-0.0019625257177280364,0.007950754371203184,0.96240234375
1.4,synthetic_noise,5,adaptive_filtered,2048,256,846,946,-1.0095860305894853,0.005882218698759711,0.008739554208998508,0.9642857142857143
1.4,synthetic_noise,6,uniform_raw,2048,0,1024,1024,-1.0047730677634519,0.010695181524793096,0.007962166206818918,1.0
1.4,synthetic_noise,6,uniform_filtered,2048,0,1024,1024,-1.012566721474066,0.0029015278141790724,0.008067538550426908,0.96630859375
1.4,synthetic_noise,6,adaptive_filtered,2048,256,971,821,-1.0038548397849183,0.011613409503326677,0.008986752166696168,0.9553571428571429
1.4,synthetic_noise,7,uniform_raw,2048,0,1024,1024,-0.9848111454076109,0.03065710388063403,0.008316164629877797,1.0
1.4,synthetic_noise,7,uniform_filtered,2048,0,1024,1024,-0.9972261350072997,0.018242114280945243,0.00844107913600218,0.958984375
1.4,synthetic_noise,7,adaptive_filtered,2048,256,802,990,-1.0099751047002148,0.0054931445880301855,0.008923565806727901,0.9670758928571429
1.4,synthetic_noise,8,uniform_raw,2048,0,1024,1024,-0.9997559737716246,0.015712275516620355,0.008069806465944523,1.0
1.4,synthetic_noise,8,uniform_filtered,2048,0,1024,1024,-1.0115685678925428,0.0038996813957021814,0.008167289252061352,0.962890625
1.4,synthetic_noise,8,adaptive_filtered,2048,256,895,897,-0.9959015312085278,0.019566718079717216,0.009077015174341443,0.9609375
1.4,synthetic_noise,9,uniform_raw,2048,0,1024,1024,-1.0073142944765905,0.008153954811654485,0.007942138188434242,1.0
1.4,synthetic_noise,9,uniform_filtered,2048,0,1024,1024,-1.017374912754882,-0.0019066634666369264,0.00806166478414139,0.96533203125
1.4,synthetic_noise,9,adaptive_filtered,2048,256,772,1020,-1.0047436662565365,0.010724583031708423,0.00896258320725175,0.9704241071428571
1.4,synthetic_noise,10,uniform_raw,2048,0,1024,1024,-0.9897374033639714,0.02573084592427355,0.008222455900195713,1.0
1.4,synthetic_noise,10,uniform_filtered,2048,0,1024,1024,-1.000842054590352,0.014626194697892947,0.008333394618297721,0.962890625
1.4,synthetic_noise,10,adaptive_filtered,2048,256,879,913,-1.0108700822983976,0.004598166989847385,0.008750535245488241,0.9587053571428571
1.4,synthetic_noise,11,uniform_raw,2048,0,1024,1024,-0.9982080498629375,0.017260199425307432,0.00812959967453544,1.0
1.4,synthetic_noise,11,uniform_filtered,2048,0,1024,1024,-1.0071700825126637,0.008298166775581262,0.008237363208102439,0.96435546875
1.4,synthetic_noise,11,adaptive_filtered,2048,256,911,881,-1.0023839423577614,0.013084306930483569,0.008901964126746903,0.9553571428571429
1.4,synthetic_noise,12,uniform_raw,2048,0,1024,1024,-1.0001811745777975,0.015287074710447435,0.008082364919229042,1.0
1.4,synthetic_noise,12,uniform_filtered,2048,0,1024,1024,-1.0108876127936797,0.004580636494565304,0.008196976989102617,0.96435546875
1.4,synthetic_noise,12,adaptive_filtered,2048,256,941,851,-1.0222466346022707,-0.006778385314025748,0.008401332822246024,0.9547991071428571
1.4,synthetic_noise,13,uniform_raw,2048,0,1024,1024,-1.0030207295686573,0.012447519719587685,0.00788508301431823,1.0
1.4,synthetic_noise,13,uniform_filtered,2048,0,1024,1024,-1.0168237517166498,-0.0013555024284048756,0.007930617473494857,0.96044921875
1.4,synthetic_noise,13,adaptive_filtered,2048,256,954,838,-1.0099449444153534,0.0055233048728915435,0.008723027837477323,0.9637276785714286
1.4,synthetic_noise,14,uniform_raw,2048,0,1024,1024,-0.9927426017621108,0.02272564752613415,0.008194277675915383,1.0
1.4,synthetic_noise,14,uniform_filtered,2048,0,1024,1024,-1.0049234841562011,0.010544765132043832,0.00826767391803152,0.96484375
1.4,synthetic_noise,14,adaptive_filtered,2048,256,910,882,-1.0075077005251873,0.007960548763057629,0.008783604265863413,0.95703125
1.4,synthetic_noise,15,uniform_raw,2048,0,1024,1024,-0.9926170953218456,0.022851153966399362,0.008227122268926489,1.0
1.4,synthetic_noise,15,uniform_filtered,2048,0,1024,1024,-1.0050175300019546,0.010450719286290377,0.008338790772512787,0.96044921875
1.4,synthetic_noise,15,adaptive_filtered,2048,256,851,941,-0.9977759445758507,0.017692304712394247,0.009016301822209319,0.9609375
1.4,synthetic_noise,16,uniform_raw,2048,0,1024,1024,-0.9946914452837237,0.02077680400452131,0.008156454197534626,1.0
1.4,synthetic_noise,16,uniform_filtered,2048,0,1024,1024,-1.0065903834599212,0.008877865828323728,0.008262703428845653,0.9638671875
1.4,synthetic_noise,16,adaptive_filtered,2048,256,898,894,-1.0052715724516177,0.010196676836627283,0.008884534722409477,0.9592633928571429
1.4,synthetic_noise,17,uniform_raw,2048,0,1024,1024,-0.982783699755271,0.03268454953297395,0.00839160856872625,1.0
1.4,synthetic_noise,17,uniform_filtered,2048,0,1024,1024,-0.9906120982256021,0.02485615106264283,0.008501523450673293,0.96875
1.4,synthetic_noise,17,adaptive_filtered,2048,256,888,904,-1.0122412582763272,0.0032269910119178125,0.00868732451473027,0.9581473214285714
1.4,synthetic_noise,18,uniform_raw,2048,0,1024,1024,-0.9974408810418844,0.01802736824636053,0.008060450040309811,1.0
1.4,synthetic_noise,18,uniform_filtered,2048,0,1024,1024,-1.008836829171329,0.006631420116915976,0.008143890712128945,0.9638671875
1.4,synthetic_noise,18,adaptive_filtered,2048,256,818,974,-1.001503684390166,0.013964564898079068,0.00895481779996232,0.9637276785714286
1.4,synthetic_noise,19,uniform_raw,2048,0,1024,1024,-1.0005582240851287,0.01491002520311624,0.007990310938792482,1.0
1.4,synthetic_noise,19,uniform_filtered,2048,0,1024,1024,-1.0135542804799778,0.001913968808267219,0.008071541539085788,0.962890625
1.4,synthetic_noise,19,adaptive_filtered,2048,256,927,865,-1.0208796921640664,-0.005411442875821404,0.00847510383555452,0.9536830357142857
1.4,synthetic_noise,20,uniform_raw,2048,0,1024,1024,-1.0004449515496032,0.01502329773864175,0.008062286229711566,1.0
1.4,synthetic_noise,20,uniform_filtered,2048,0,1024,1024,-1.0117881305589127,0.0036801187293322712,0.008136412373651265,0.96630859375
1.4,synthetic_noise,20,adaptive_filtered,2048,256,958,834,-1.0035031135959176,0.011965135692327378,0.008846938024200059,0.9598214285714286
1.4,synthetic_noise,21,uniform_raw,2048,0,1024,1024,-0.9830868968913236,0.032381352396921415,0.008472612750951342,1.0
1.4,synthetic_noise,21,uniform_filtered,2048,0,1024,1024,-0.9931767257122548,0.02229152357599018,0.008604668012520474,0.9658203125
1.4,synthetic_noise,21,adaptive_filtered,2048,256,915,877,-1.0166119087613885,-0.0011436594731435434,0.008662648159287602,0.96484375
1.4,synthetic_noise,22,uniform_raw,2048,0,1024,1024,-0.9871331245787578,0.02833512470948718,0.008270791586433164,1.0
1.4,synthetic_noise,22,uniform_filtered,2048,0,1024,1024,-0.9994401994303759,0.016028049857869098,0.00836944105207562,0.9638671875
1.4,synthetic_noise,22,adaptive_filtered,2048,256,898,894,-1.0109246993968906,0.004543549891354415,0.008663030497593175,0.9614955357142857
1.4,synthetic_noise,23,uniform_raw,2048,0,1024,1024,-0.9888750735620013,0.026593175726243645,0.008361489114876558,1.0
1.4,synthetic_noise,23,uniform_filtered,2048,0,1024,1024,-0.9981974073858757,0.01727084190236927,0.008467493299470658,0.96875
1.4,synthetic_noise,23,adaptive_filtered,2048,256,770,1022,-1.0086348779220078,0.006833371366237184,0.00868334165521165,0.9681919642857143
1.4,synthetic_noise,24,uniform_raw,2048,0,1024,1024,-1.002435351917421,0.013032897370824026,0.007937211987035283,1.0
1.4,synthetic_noise,24,uniform_filtered,2048,0,1024,1024,-1.0152642119960056,0.0002040372922393896,0.008018817618950094,0.95947265625
1.4,synthetic_noise,24,adaptive_filtered,2048,256,846,946,-1.0239218353472417,-0.00845358605899671,0.008418511810458261,0.9609375
1.4,synthetic_noise,25,uniform_raw,2048,0,1024,1024,-0.9884984351423227,0.026969814145922255,0.008335815915209037,1.0
1.4,synthetic_noise,25,uniform_filtered,2048,0,1024,1024,-0.9980964451580587,0.01737180413018624,0.008459599016471286,0.96728515625
1.4,synthetic_noise,25,adaptive_filtered,2048,256,865,927,-1.0085746735109034,0.006893575777341621,0.00872709858683665,0.9642857142857143
1.4,synthetic_noise,26,uniform_raw,2048,0,1024,1024,-0.9886435921152696,0.02682465717297533,0.008292993766546186,1.0
1.4,synthetic_noise,26,uniform_filtered,2048,0,1024,1024,-0.9996663134363342,0.01580193585191081,0.00838483597852429,0.96533203125
1.4,synthetic_noise,26,adaptive_filtered,2048,256,947,845,-1.0012634394660704,0.014204809822174536,0.009107648415479196,0.9547991071428571
1.4,synthetic_noise,27,uniform_raw,2048,0,1024,1024,-0.9922311955810366,0.02323705370720841,0.008192069847165301,1.0
1.4,synthetic_noise,27,uniform_filtered,2048,0,1024,1024,-1.0038195235186325,0.011648725769612511,0.008318639622622956,0.9609375
1.4,synthetic_noise,27,adaptive_filtered,2048,256,888,904,-1.0134583914313637,0.0020098578568812364,0.008655264005191567,0.9614955357142857
1.4,synthetic_noise,28,uniform_raw,2048,0,1024,1024,-0.9807028744396393,0.034765374848605646,0.00840104847579128,1.0
1.4,synthetic_noise,28,uniform_filtered,2048,0,1024,1024,-0.9918236265668099,0.023644622721435082,0.008526663176976671,0.9619140625
1.4,synthetic_noise,28,adaptive_filtered,2048,256,928,864,-1.0019006179586514,0.013567631329593599,0.008850700970130809,0.9598214285714286
1.4,synthetic_noise,29,uniform_raw,2048,0,1024,1024,-0.9884919597885689,0.02697628949967612,0.008272837340634193,1.0
1.4,synthetic_noise,29,uniform_filtered,2048,0,1024,1024,-1.0013465549947291,0.01412169429351584,0.008421078513135732,0.95947265625
1.4,synthetic_noise,29,adaptive_filtered,2048,256,895,897,-1.00906097145667,0.006407277831574909,0.008735189747902154,0.96484375
1.4,synthetic_noise,30,uniform_raw,2048,0,1024,1024,-0.9926502267485706,0.022818022539674354,0.008336634349050038,1.0
1.4,synthetic_noise,30,uniform_filtered,2048,0,1024,1024,-1.0025441506758086,0.012924098612436374,0.008459259434387741,0.966796875
1.4,synthetic_noise,30,adaptive_filtered,2048,256,815,977,-0.9933548846375382,0.02211336465070679,0.009109474441661396,0.9631696428571429
1.4,synthetic_noise,31,uniform_raw,2048,0,1024,1024,-0.998946001115063,0.01652224817318193,0.00798544419691659,1.0
1.4,synthetic_noise,31,uniform_filtered,2048,0,1024,1024,-1.012136627900223,0.0033316213880218992,0.008041538554651792,0.96337890625
1.4,synthetic_noise,31,adaptive_filtered,2048,256,891,901,-1.0139963466314836,0.001471902656761337,0.008658139294638479,0.9620535714285714
1.4,synthetic_noise,32,uniform_raw,2048,0,1024,1024,-1.0056835488642637,0.009784700423981274,0.007925597471068684,1.0
1.4,synthetic_noise,32,uniform_filtered,2048,0,1024,1024,-1.017232157122047,-0.001763907833802092,0.00798294686486971,0.96484375
1.4,synthetic_noise,32,adaptive_filtered,2048,256,939,853,-1.0156677197968502,-0.0001994705086052484,0.008599271503113418,0.9670758928571429
1.4,synthetic_noise,33,uniform_raw,2048,0,1024,1024,-0.994214179320912,0.021254069967332923,0.00811474191902248,1.0
1.4,synthetic_noise,33,uniform_filtered,2048,0,1024,1024,-1.0054396004557717,0.01002864883247323,0.008194687980519741,0.96337890625
1.4,synthetic_noise,33,adaptive_filtered,2048,256,889,903,-0.994742160312218,0.020726088976027013,0.009171723608540353,0.9681919642857143
1.4,synthetic_noise,34,uniform_raw,2048,0,1024,1024,-1.0020744501726266,0.013393799115618332,0.007984978283547384,1.0
1.4,synthetic_noise,34,uniform_filtered,2048,0,1024,1024,-1.0126016244155016,0.002866624872743362,0.008071914978768526,0.96435546875
1.4,synthetic_noise,34,adaptive_filtered,2048,256,963,829,-1.005193783800094,0.01027446548815103,0.008818602175129015,0.9581473214285714
1.4,synthetic_noise,35,uniform_raw,2048,0,1024,1024,-1.0152595237139033,0.00020872557434170602,0.007685712765144358,1.0
1.4,synthetic_noise,35,uniform_filtered,2048,0,1024,1024,-1.0252133387510285,-0.009745089462783518,0.007713976235375651,0.9697265625
1.4,synthetic_noise,35,adaptive_filtered,2048,256,1017,775,-1.0050069548819593,0.010461294406285626,0.008943714495211351,0.9587053571428571
1.4,synthetic_noise,36,uniform_raw,2048,0,1024,1024,-0.9812605872263667,0.03420766206187831,0.008451906437611779,1.0
1.4,synthetic_noise,36,uniform_filtered,2048,0,1024,1024,-0.9927024152296131,0.022765834058631862,0.008587318640756849,0.96240234375
1.4,synthetic_noise,36,adaptive_filtered,2048,256,825,967,-1.011357186432599,0.004111062855645997,0.008640598464033549,0.9637276785714286
1.4,synthetic_noise,37,uniform_raw,2048,0,1024,1024,-0.9998995917664986,0.01556865752174641,0.008171995811143012,1.0
1.4,synthetic_noise,37,uniform_filtered,2048,0,1024,1024,-1.0076256848785665,0.007842564409678454,0.008287995692936648,0.96826171875
1.4,synthetic_noise,37,adaptive_filtered,2048,256,915,877,-1.0091628820480754,0.006305367240169613,0.008647935428314818,0.9709821428571429
1.4,synthetic_noise,38,uniform_raw,2048,0,1024,1024,-1.0028659001869271,0.012602349101317856,0.00804723076450369,1.0
1.4,synthetic_noise,38,uniform_filtered,2048,0,1024,1024,-1.01258108036812,0.0028871689201250827,0.008117010690139731,0.970703125
1.4,synthetic_noise,38,adaptive_filtered,2048,256,932,860,-0.9994815673149686,0.01598668197327635,0.009110321076438032,0.9481026785714286
1.4,synthetic_noise,39,uniform_raw,2048,0,1024,1024,-0.9938775587693647,0.021590690518880296,0.008156507592475144,1.0
1.4,synthetic_noise,39,uniform_filtered,2048,0,1024,1024,-1.0033615875270905,0.012106661761154491,0.00822895659088396,0.97021484375
1.4,synthetic_noise,39,adaptive_filtered,2048,256,883,909,-0.9923322744709833,0.023135974817261706,0.009112262515765898,0.9642857142857143
1.4,synthetic_noise,40,uniform_raw,2048,0,1024,1024,-0.9906971636540454,0.024771085634199608,0.008264167869988315,1.0
1.4,synthetic_noise,40,uniform_filtered,2048,0,1024,1024,-0.9997925068873523,0.015675742400892645,0.00839026594952424,0.96630859375
1.4,synthetic_noise,40,adaptive_filtered,2048,256,851,941,-1.0060011742284387,0.009467075059806263,0.008795026628820625,0.9654017857142857
1.4,synthetic_noise,41,uniform_raw,2048,0,1024,1024,-0.9853052759357279,0.030162973352517053,0.008393437693795263,1.0
1.4,synthetic_noise,41,uniform_filtered,2048,0,1024,1024,-0.996281571608419,0.01918667767982596,0.008525289632922935,0.9619140625
1.4,synthetic_noise,41,adaptive_filtered,2048,256,918,874,-1.0124764658395515,0.0029917834486934414,0.008613802011876262,0.96484375
1.4,synthetic_noise,42,uniform_raw,2048,0,1024,1024,-0.9987788187297102,0.01668943055853478,0.00797005039757867,1.0
1.4,synthetic_noise,42,uniform_filtered,2048,0,1024,1024,-1.01098019093828,0.004488058349964907,0.00802085662254345,0.96484375
1.4,synthetic_noise,42,adaptive_filtered,2048,256,911,881,-0.9991455275109138,0.016322721777331184,0.009091874774422689,0.9587053571428571
1.4,synthetic_noise,43,uniform_raw,2048,0,1024,1024,-0.9895221887786598,0.025946060509585145,0.008232053273434561,1.0
1.4,synthetic_noise,43,uniform_filtered,2048,0,1024,1024,-1.0040879968746572,0.011380252413587755,0.008349639664552924,0.95849609375
1.4,synthetic_noise,43,adaptive_filtered,2048,256,900,892,-1.014576018254144,0.0008922310341010764,0.008551757707383095,0.9614955357142857
1.4,synthetic_noise,44,uniform_raw,2048,0,1024,1024,-0.993712034460968,0.021756214827276965,0.008126333634001247,1.0
1.4,synthetic_noise,44,uniform_filtered,2048,0,1024,1024,-1.006160205050644,0.00930804423760101,0.008222724857889312,0.962890625
1.4,synthetic_noise,44,adaptive_filtered,2048,256,924,868,-1.0191796311479868,-0.003711381859741847,0.008585230493524705,0.9631696428571429
1.4,synthetic_noise,45,uniform_raw,2048,0,1024,1024,-0.9877393997519794,0.027728849536265532,0.008306928429329695,1.0
1.4,synthetic_noise,45,uniform_filtered,2048,0,1024,1024,-0.9990236648490061,0.016444584439238907,0.008468223090229616,0.9619140625
1.4,synthetic_noise,45,adaptive_filtered,2048,256,872,920,-1.0165237055441465,-0.0010554562559015324,0.008536676136972043,0.9654017857142857
1.4,synthetic_noise,46,uniform_raw,2048,0,1024,1024,-1.0056396171383348,0.009828632149910144,0.00794270651991646,1.0
1.4,synthetic_noise,46,uniform_filtered,2048,0,1024,1024,-1.013912696506106,0.0015555527821389248,0.008009547352120493,0.97265625
1.4,synthetic_noise,46,adaptive_filtered,2048,256,914,878,-1.0017027030483576,0.01376554623988735,0.008889730869682035,0.96484375
1.4,synthetic_noise,47,uniform_raw,2048,0,1024,1024,-0.9981391201409937,0.017329129147251265,0.00806237976982652,1.0
1.4,synthetic_noise,47,uniform_filtered,2048,0,1024,1024,-1.0089481925639312,0.006520056724313772,0.008140369516596241,0.9658203125
1.4,synthetic_noise,47,adaptive_filtered,2048,256,893,899,-1.003140124775256,0.012328124512988925,0.008916151259401128,0.9609375
1.4,synthetic_noise,48,uniform_raw,2048,0,1024,1024,-0.9994933246902395,0.015974924598005424,0.008061109850687576,1.0
1.4,synthetic_noise,48,uniform_filtered,2048,0,1024,1024,-1.0118887976581603,0.0035794516300846624,0.008184864131666704,0.9560546875
1.4,synthetic_noise,48,adaptive_filtered,2048,256,856,936,-1.0251328352378546,-0.009664585949609616,0.00828748974552662,0.9676339285714286
1.4,synthetic_noise,49,uniform_raw,2048,0,1024,1024,-0.9981772933159365,0.017290955972308453,0.008072420476631837,1.0
1.4,synthetic_noise,49,uniform_filtered,2048,0,1024,1024,-1.0091895182515584,0.0062787310366865245,0.008166740760329532,0.96630859375
1.4,synthetic_noise,49,adaptive_filtered,2048,256,886,906,-0.9960565326292115,0.019411716659033518,0.008953565108044178,0.9654017857142857
1.4,synthetic_noise,50,uniform_raw,2048,0,1024,1024,-0.9911297810881603,0.024338468200084673,0.008225340543677925,1.0
1.4,synthetic_noise,50,uniform_filtered,2048,0,1024,1024,-1.007099128751961,0.008369120536283914,0.00834665082959641,0.95654296875
1.4,synthetic_noise,50,adaptive_filtered,2048,256,906,886,-1.0091455144543005,0.006322734833944521,0.008771542244517148,0.9614955357142857
1.4,synthetic_noise,51,uniform_raw,2048,0,1024,1024,-0.9817180835576138,0.033750165730631165,0.00837445611466039,1.0
1.4,synthetic_noise,51,uniform_filtered,2048,0,1024,1024,-0.9904529343007686,0.025015314987476334,0.008542159002817452,0.95849609375
1.4,synthetic_noise,51,adaptive_filtered,2048,256,906,886,-1.0040271851965286,0.011441064091716413,0.008894950267032343,0.9732142857142857
1.4,synthetic_noise,52,uniform_raw,2048,0,1024,1024,-1.001763238704747,0.013705010583497934,0.007987591942516158,1.0
1.4,synthetic_noise,52,uniform_filtered,2048,0,1024,1024,-1.0115626095261414,0.0039056397621035632,0.00808138331855396,0.96337890625
1.4,synthetic_noise,52,adaptive_filtered,2048,256,846,946,-1.001691863097659,0.013776386190585965,0.009054853455827334,0.9587053571428571
1.4,synthetic_noise,53,uniform_raw,2048,0,1024,1024,-1.0003840361594865,0.015084213128758517,0.007889391094081969,1.0
1.4,synthetic_noise,53,uniform_filtered,2048,0,1024,1024,-1.0124864601323433,0.0029817891559016374,0.007925156207561013,0.96484375
1.4,synthetic_noise,53,adaptive_filtered,2048,256,886,906,-1.0153917720691539,7.647721909109784e-05,0.008616414454105508,0.9698660714285714
1.4,synthetic_noise,54,uniform_raw,2048,0,1024,1024,-0.991519781302999,0.02394846798524597,0.008263327972473792,1.0
1.4,synthetic_noise,54,uniform_filtered,2048,0,1024,1024,-1.001971996905459,0.013496252382785956,0.008367460186514446,0.96240234375
1.4,synthetic_noise,54,adaptive_filtered,2048,256,936,856,-1.012133910440083,0.003334338848161922,0.008661335107927031,0.9592633928571429
1.4,synthetic_noise,55,uniform_raw,2048,0,1024,1024,-0.994024373819268,0.02144387546897697,0.008090825931762278,1.0
1.4,synthetic_noise,55,uniform_filtered,2048,0,1024,1024,-1.0066862599349957,0.008781989353249253,0.008201660682743795,0.95751953125
1.4,synthetic_noise,55,adaptive_filtered,2048,256,908,884,-1.004681282864454,0.010786966423790956,0.00895286762255291,0.9587053571428571
1.4,synthetic_noise,56,uniform_raw,2048,0,1024,1024,-0.9803447586622218,0.03512349062602316,0.008395494087344448,1.0
1.4,synthetic_noise,56,uniform_filtered,2048,0,1024,1024,-0.9948108809580625,0.020657368330182502,0.008510845330767963,0.96044921875
1.4,synthetic_noise,56,adaptive_filtered,2048,256,876,916,-1.022865971190066,-0.007397721901821086,0.008397933152883908,0.9654017857142857
1.4,synthetic_noise,57,uniform_raw,2048,0,1024,1024,-0.9826216782170192,0.032846571071225794,0.008397112791886874,1.0
1.4,synthetic_noise,57,uniform_filtered,2048,0,1024,1024,-0.9965033000323789,0.018964949255866115,0.008536876790242044,0.955078125
1.4,synthetic_noise,57,adaptive_filtered,2048,256,807,985,-1.0042976125336076,0.011170636754637364,0.008959139924927752,0.9676339285714286
1.4,synthetic_noise,58,uniform_raw,2048,0,1024,1024,-0.996962606287535,0.018505643000710004,0.008177251437102677,1.0
1.4,synthetic_noise,58,uniform_filtered,2048,0,1024,1024,-1.0095502076040455,0.005918041684199515,0.008286234098669206,0.9609375
1.4,synthetic_noise,58,adaptive_filtered,2048,256,891,901,-1.013331545532496,0.0021367037557489255,0.008751202402115327,0.9559151785714286
1.4,synthetic_noise,59,uniform_raw,2048,0,1024,1024,-0.992235415153949,0.023232834134296,0.00830969336938919,1.0
1.4,synthetic_noise,59,uniform_filtered,2048,0,1024,1024,-1.001743290282956,0.013724959005289028,0.008421860689176568,0.96923828125
1.4,synthetic_noise,59,adaptive_filtered,2048,256,782,1010,-0.9920785938962431,0.023389655392001885,0.009271145026615316,0.9592633928571429
1.4,synthetic_noise,60,uniform_raw,2048,0,1024,1024,-0.989790596411031,0.02567765287721402,0.008216059466986659,1.0
1.4,synthetic_noise,60,uniform_filtered,2048,0,1024,1024,-1.002398825523798,0.013069423764446864,0.008332567089596035,0.96142578125
1.4,synthetic_noise,60,adaptive_filtered,2048,256,899,893,-0.9993045246699885,0.016163724618256436,0.009044741075898623,0.9614955357142857
1.4,synthetic_noise,61,uniform_raw,2048,0,1024,1024,-0.9995534041787055,0.015914845109539444,0.007997173118723857,1.0
1.4,synthetic_noise,61,uniform_filtered,2048,0,1024,1024,-1.012403349863841,0.0030648994244040217,0.00809183433894492,0.96044921875
1.4,synthetic_noise,61,adaptive_filtered,2048,256,790,1002,-0.9961952360236805,0.01927301326456443,0.00913136677741668,0.9676339285714286
1.4,synthetic_noise,62,uniform_raw,2048,0,1024,1024,-1.001331151457168,0.014137097831077083,0.008032455760975898,1.0
1.4,synthetic_noise,62,uniform_filtered,2048,0,1024,1024,-1.0124109053941357,0.0030573438941092768,0.008114487019577815,0.96533203125
1.4,synthetic_noise,62,adaptive_filtered,2048,256,932,860,-1.004966077355016,0.010502171933228999,0.008830166757368512,0.9536830357142857
1.4,synthetic_noise,63,uniform_raw,2048,0,1024,1024,-0.9936669748446185,0.02180127444362645,0.00817419225520976,1.0
1.4,synthetic_noise,63,uniform_filtered,2048,0,1024,1024,-1.0051968381978567,0.010271411090388316,0.008293320557877064,0.96142578125
1.4,synthetic_noise,63,adaptive_filtered,2048,256,771,1021,-1.01246082547544,0.0030074238128050546,0.008657800019058798,0.96875
1.4,synthetic_noise,64,uniform_raw,2048,0,1024,1024,-0.9960809179416528,0.019387331346592207,0.008084129676621891,1.0
1.4,synthetic_noise,64,uniform_filtered,2048,0,1024,1024,-1.007178502663234,0.008289746625010919,0.008139919081098637,0.96728515625
1.4,synthetic_noise,64,adaptive_filtered,2048,256,833,959,-0.9845089959735811,0.03095925331466387,0.009285844712710975,0.9676339285714286
1.4,synthetic_noise,65,uniform_raw,2048,0,1024,1024,-0.9953672478827742,0.020101001405470775,0.008222511782727761,1.0
1.4,synthetic_noise,65,uniform_filtered,2048,0,1024,1024,-1.004527493787041,0.010940755501203991,0.008278220913734072,0.97216796875
1.4,synthetic_noise,65,adaptive_filtered,2048,256,884,908,-0.9954353705015293,0.02003287878671567,0.009140664488637543,0.9642857142857143
1.4,synthetic_noise,66,uniform_raw,2048,0,1024,1024,-1.0024846311066828,0.012983618181562129,0.008016001308111457,1.0
1.4,synthetic_noise,66,uniform_filtered,2048,0,1024,1024,-1.0130103404773507,0.0024579088108942493,0.00809977061774059,0.96630859375
1.4,synthetic_noise,66,adaptive_filtered,2048,256,850,942,-1.0228191509621796,-0.007350901673934596,0.00828319138600174,0.96484375
1.4,synthetic_noise,67,uniform_raw,2048,0,1024,1024,-0.9986371645269077,0.016831084761337323,0.008059274755961136,1.0
1.4,synthetic_noise,67,uniform_filtered,2048,0,1024,1024,-1.0109091877521412,0.004559061536103748,0.008174785105809908,0.95849609375
1.4,synthetic_noise,67,adaptive_filtered,2048,256,936,856,-1.0154907701809581,-2.2520892713151497e-05,0.008581282622217119,0.9559151785714286
1.4,synthetic_noise,68,uniform_raw,2048,0,1024,1024,-0.9736461008907322,0.04182214839751275,0.008537826418873004,1.0
1.4,synthetic_noise,68,uniform_filtered,2048,0,1024,1024,-0.9863187377033444,0.029149511584900534,0.008697928849021945,0.96044921875
1.4,synthetic_noise,68,adaptive_filtered,2048,256,707,1085,-0.9994516271166196,0.01601662217162536,0.009297581249473401,0.96875
1.4,synthetic_noise,69,uniform_raw,2048,0,1024,1024,-1.0049599006814867,0.010508348606758311,0.007962096997403665,1.0
1.4,synthetic_noise,69,uniform_filtered,2048,0,1024,1024,-1.0147564610147248,0.000711788273520142,0.008072315966650548,0.9619140625
1.4,synthetic_noise,69,adaptive_filtered,2048,256,932,860,-1.010411657603654,0.00505659168459105,0.008737723658929948,0.9737723214285714
1.4,synthetic_noise,70,uniform_raw,2048,0,1024,1024,-1.0084538821444098,0.007014367143835187,0.007912997219983337,1.0
1.4,synthetic_noise,70,uniform_filtered,2048,0,1024,1024,-1.0197708741644678,-0.004302624876222794,0.007997477471622366,0.9638671875
1.4,synthetic_noise,70,adaptive_filtered,2048,256,804,988,-1.0003207363628424,0.015147512925402618,0.00901934766950928,0.96484375
1.4,synthetic_noise,71,uniform_raw,2048,0,1024,1024,-0.9893491287434382,0.026119120544806806,0.00810246715022097,1.0
1.4,synthetic_noise,71,uniform_filtered,2048,0,1024,1024,-1.0013339470632463,0.014134302224998674,0.008159200517286403,0.96533203125
1.4,synthetic_noise,71,adaptive_filtered,2048,256,829,963,-1.0000957890828828,0.015372460205362204,0.008945279406150449,0.9631696428571429
1.4,synthetic_noise,72,uniform_raw,2048,0,1024,1024,-0.9949667393575012,0.020501509930743733,0.008077283051243642,1.0
1.4,synthetic_noise,72,uniform_filtered,2048,0,1024,1024,-1.0056334402039162,0.009834809084328766,0.008154215770263568,0.9658203125
1.4,synthetic_noise,72,adaptive_filtered,2048,256,1000,792,-1.002597295849272,0.012870953438973043,0.008907428906039815,0.9626116071428571
1.4,synthetic_noise,73,uniform_raw,2048,0,1024,1024,-0.9922173035993405,0.023250945688904512,0.008177183658267358,1.0
1.4,synthetic_noise,73,uniform_filtered,2048,0,1024,1024,-1.0029326852076945,0.012535564080550454,0.008292418488059165,0.96337890625
1.4,synthetic_noise,73,adaptive_filtered,2048,256,869,923,-1.003582655782746,0.011885593505498893,0.008948541582073883,0.9709821428571429
1.4,synthetic_noise,74,uniform_raw,2048,0,1024,1024,-0.9955695117605783,0.019898737527666688,0.008085269161290331,1.0
1.4,synthetic_noise,74,uniform_filtered,2048,0,1024,1024,-1.0070786302251187,0.008389619063126297,0.008183070606335,0.96142578125
1.4,synthetic_noise,74,adaptive_filtered,2048,256,888,904,-0.9999776617962743,0.015490587491970631,0.008922428466369717,0.9659598214285714
1.4,synthetic_noise,75,uniform_raw,2048,0,1024,1024,-0.9862723337548609,0.029195915533384076,0.008261266287540111,1.0
1.4,synthetic_noise,75,uniform_filtered,2048,0,1024,1024,-1.00037085681305,0.015097392475194926,0.008348061119258628,0.95947265625
1.4,synthetic_noise,75,adaptive_filtered,2048,256,883,909,-1.0020942179783416,0.013374031309903334,0.00900324237105458,0.9670758928571429
1.4,synthetic_noise,76,uniform_raw,2048,0,1024,1024,-0.9962093294481777,0.019258919840067223,0.008125402861607426,1.0
1.4,synthetic_noise,76,uniform_filtered,2048,0,1024,1024,-1.010179798230225,0.005288451058020005,0.008267804411048196,0.955078125
1.4,synthetic_noise,76,adaptive_filtered,2048,256,873,919,-0.9924284437268498,0.023039805561395177,0.009143301613379121,0.9620535714285714
1.4,synthetic_noise,77,uniform_raw,2048,0,1024,1024,-1.0156539679730754,-0.00018571868483041598,0.007642630340021295,1.0
1.4,synthetic_noise,77,uniform_filtered,2048,0,1024,1024,-1.0275372572863217,-0.012069007998076753,0.007697933446797485,0.9609375
1.4,synthetic_noise,77,adaptive_filtered,2048,256,905,887,-1.0086035021813875,0.006864747106857472,0.008739425447407655,0.9575892857142857
1.4,synthetic_noise,78,uniform_raw,2048,0,1024,1024,-0.9836022169301952,0.031866032358049745,0.008397389428110344,1.0
1.4,synthetic_noise,78,uniform_filtered,2048,0,1024,1024,-0.9967280407067189,0.01874020858152603,0.008526331470383338,0.95751953125
1.4,synthetic_noise,78,adaptive_filtered,2048,256,869,923,-0.9931841280780997,0.022284121210145225,0.009035757045107746,0.9670758928571429
1.4,synthetic_noise,79,uniform_raw,2048,0,1024,1024,-1.0034801896919758,0.01198805959626914,0.007998906133345855,1.0
1.4,synthetic_noise,79,uniform_filtered,2048,0,1024,1024,-1.0133583593623003,0.00210988992594463,0.0080768362249404,0.9677734375
1.4,synthetic_noise,79,adaptive_filtered,2048,256,797,995,-1.0082801523868072,0.007188096901437735,0.00891363105898847,0.9575892857142857
1.4,synthetic_noise,80,uniform_raw,2048,0,1024,1024,-0.9825384454257264,0.032929803862518536,0.008435267334901644,1.0
1.4,synthetic_noise,80,uniform_filtered,2048,0,1024,1024,-0.9930164599999249,0.022451789288320034,0.008555841250267308,0.9658203125
1.4,synthetic_noise,80,adaptive_filtered,2048,256,965,827,-1.0043677495982188,0.011100499690026133,0.008869954653620742,0.9603794642857143
1.4,synthetic_noise,81,uniform_raw,2048,0,1024,1024,-0.9970052910241605,0.018462958264084506,0.008067039776810824,1.0
1.4,synthetic_noise,81,uniform_filtered,2048,0,1024,1024,-1.0092257812504837,0.006242468037761295,0.008129518351230483,0.9658203125
1.4,synthetic_noise,81,adaptive_filtered,2048,256,934,858,-1.0098613368989133,0.005606912389331642,0.00887169136092166,0.9564732142857143
1.4,synthetic_noise,82,uniform_raw,2048,0,1024,1024,-0.9909979859103737,0.024470263377871282,0.008279243169410627,1.0
1.4,synthetic_noise,82,uniform_filtered,2048,0,1024,1024,-1.0025725763544264,0.012895672933818547,0.008387398062226622,0.96533203125
1.4,synthetic_noise,82,adaptive_filtered,2048,256,976,816,-1.0055590498466265,0.0099091994416185,0.008916458267921435,0.9581473214285714
1.4,synthetic_noise,83,uniform_raw,2048,0,1024,1024,-0.976647796518727,0.038820452769517955,0.008478757108906672,1.0
1.4,synthetic_noise,83,uniform_filtered,2048,0,1024,1024,-0.9893673991554204,0.026100850132824593,0.008600185904600181,0.96142578125
1.4,synthetic_noise,83,adaptive_filtered,2048,256,840,952,-1.008407259078426,0.007060990209818874,0.008810378600327722,0.9603794642857143
1.4,synthetic_noise,84,uniform_raw,2048,0,1024,1024,-1.0002755133834091,0.01519273590483583,0.008110851811771659,1.0
1.4,synthetic_noise,84,uniform_filtered,2048,0,1024,1024,-1.0116469353626336,0.003821313925611358,0.008221479991330114,0.95947265625
1.4,synthetic_noise,84,adaptive_filtered,2048,256,871,921,-1.018857965809084,-0.00338971652083897,0.008481064603379423,0.9547991071428571
1.4,synthetic_noise,85,uniform_raw,2048,0,1024,1024,-0.9903936745292232,0.02507457475902175,0.00841372861469079,1.0
1.4,synthetic_noise,85,uniform_filtered,2048,0,1024,1024,-0.9987719849978365,0.01669626429040849,0.00851375790084235,0.97216796875
1.4,synthetic_noise,85,adaptive_filtered,2048,256,959,833,-0.9990583630463239,0.01640988624192108,0.008991955563611828,0.9592633928571429
1.4,synthetic_noise,86,uniform_raw,2048,0,1024,1024,-0.9956026431873033,0.01986560610094168,0.008208475329121336,1.0
1.4,synthetic_noise,86,uniform_filtered,2048,0,1024,1024,-1.0062614180102611,0.009206831277983829,0.008298886311711698,0.96728515625
1.4,synthetic_noise,86,adaptive_filtered,2048,256,854,938,-0.9923598338975572,0.023108415390687753,0.00912283140896109,0.96875
1.4,synthetic_noise,87,uniform_raw,2048,0,1024,1024,-1.009908184050253,0.005560065237991907,0.007907954058657558,1.0
1.4,synthetic_noise,87,uniform_filtered,2048,0,1024,1024,-1.020282697549926,-0.004814448261680981,0.008016506235870623,0.96533203125
1.4,synthetic_noise,87,adaptive_filtered,2048,256,982,810,-0.993044269638661,0.02242397964958398,0.009086907290471806,0.9614955357142857
1.4,synthetic_noise,88,uniform_raw,2048,0,1024,1024,-0.9989848910927739,0.016483358195471087,0.008087172320177038,1.0
1.4,synthetic_noise,88,uniform_filtered,2048,0,1024,1024,-1.0087986648784115,0.006669584409833451,0.00818943130895383,0.96484375
1.4,synthetic_noise,88,adaptive_filtered,2048,256,1062,730,-1.0045649095261526,0.010903339762092346,0.00895116837830223,0.9564732142857143
1.4,synthetic_noise,89,uniform_raw,2048,0,1024,1024,-0.9992302645212017,0.0162379847670433,0.008166435283029266,1.0
1.4,synthetic_noise,89,uniform_filtered,2048,0,1024,1024,-1.0101372810502596,0.005330968237985401,0.008251411644225097,0.96923828125
1.4,synthetic_noise,89,adaptive_filtered,2048,256,893,899,-1.0111699608504672,0.0042982884377777975,0.008729955382739773,0.9698660714285714
1.4,synthetic_noise,90,uniform_raw,2048,0,1024,1024,-0.9997617323226107,0.0157065169656343,0.008044483997764154,1.0
1.4,synthetic_noise,90,uniform_filtered,2048,0,1024,1024,-1.01302105343491,0.0024471958533349714,0.008100920060849275,0.96484375
1.4,synthetic_noise,90,adaptive_filtered,2048,256,1015,777,-1.0117457610095648,0.0037224882786801583,0.008801596550030023,0.9620535714285714
1.4,synthetic_noise,91,uniform_raw,2048,0,1024,1024,-1.007825700657665,0.007642548630580004,0.007947842136662883,1.0
1.4,synthetic_noise,91,uniform_filtered,2048,0,1024,1024,-1.017226149589415,-0.0017579003011700678,0.008029189749025684,0.9697265625
1.4,synthetic_noise,91,adaptive_filtered,2048,256,992,800,-0.9986843043085716,0.016783944979673393,0.009149196070845817,0.953125
1.4,synthetic_noise,92,uniform_raw,2048,0,1024,1024,-0.9918564018545462,0.023611847433698818,0.008223304716227583,1.0
1.4,synthetic_noise,92,uniform_filtered,2048,0,1024,1024,-1.0039845681676045,0.011483681120640465,0.008310249283604269,0.9619140625
1.4,synthetic_noise,92,adaptive_filtered,2048,256,980,812,-1.0092625550896543,0.006205694198590628,0.008705044771082573,0.9598214285714286
1.4,synthetic_noise,93,uniform_raw,2048,0,1024,1024,-1.0114455996485059,0.004022649639739084,0.007741357959940322,1.0
1.4,synthetic_noise,93,uniform_filtered,2048,0,1024,1024,-1.0250671472132828,-0.009598897925037875,0.0077827629556850055,0.96044921875
1.4,synthetic_noise,93,adaptive_filtered,2048,256,779,1013,-1.0176058441501523,-0.0021375948619073437,0.008617834448530889,0.9709821428571429
1.4,synthetic_noise,94,uniform_raw,2048,0,1024,1024,-0.9846155813549813,0.03085266793326369,0.008313932074468337,1.0
1.4,synthetic_noise,94,uniform_filtered,2048,0,1024,1024,-1.0000261950638163,0.01544205422442868,0.008445066146162373,0.9580078125
1.4,synthetic_noise,94,adaptive_filtered,2048,256,915,877,-0.9971394034188785,0.01832884586936645,0.009071203000916978,0.9626116071428571
1.4,synthetic_noise,95,uniform_raw,2048,0,1024,1024,-0.994929096369094,0.020539152919150983,0.008082619135910516,1.0
1.4,synthetic_noise,95,uniform_filtered,2048,0,1024,1024,-1.0097594333104811,0.005708815977763848,0.008175307045791058,0.9580078125
1.4,synthetic_noise,95,adaptive_filtered,2048,256,917,875,-0.9977106050493336,0.017757644238911352,0.009029141098289267,0.9631696428571429
1.4,synthetic_noise,96,uniform_raw,2048,0,1024,1024,-0.9897720737687699,0.025696175519475117,0.008195106494765006,1.0
1.4,synthetic_noise,96,uniform_filtered,2048,0,1024,1024,-1.0031337101773676,0.01233453911087734,0.008296517541612675,0.9580078125
1.4,synthetic_noise,96,adaptive_filtered,2048,256,931,861,-1.0128645183421865,0.00260373094605848,0.00869027998654064,0.9609375
1.4,synthetic_noise,97,uniform_raw,2048,0,1024,1024,-0.9880940127592521,0.027374236528992846,0.008281583732452902,1.0
1.4,synthetic_noise,97,uniform_filtered,2048,0,1024,1024,-0.9986682491501253,0.016800000138119664,0.008369171595582559,0.96923828125
1.4,synthetic_noise,97,adaptive_filtered,2048,256,834,958,-1.0119200324936681,0.0035482167945768417,0.00878865290115272,0.9559151785714286
1.4,synthetic_noise,98,uniform_raw,2048,0,1024,1024,-0.9821779547685849,0.033290294519660035,0.008363335945183074,1.0
1.4,synthetic_noise,98,uniform_filtered,2048,0,1024,1024,-0.9941766136638326,0.021291635624412386,0.008457451611645307,0.966796875
1.4,synthetic_noise,98,adaptive_filtered,2048,256,955,837,-1.0078171368711926,0.007651112417052408,0.008819600647064501,0.9603794642857143
1.4,synthetic_noise,99,uniform_raw,2048,0,1024,1024,-0.9969190856492589,0.018549163638986066,0.008080259717512578,1.0
1.4,synthetic_noise,99,uniform_filtered,2048,0,1024,1024,-1.009863474701932,0.005604774586313033,0.008180389777480758,0.9619140625
1.4,synthetic_noise,99,adaptive_filtered,2048,256,880,912,-1.0108787785982,0.0045894706900448945,0.008780907277885223,0.9575892857142857
1.4,synthetic_noise,100,uniform_raw,2048,0,1024,1024,-0.9898109637464807,0.025657285541764274,0.00829255460369263,1.0
1.4,synthetic_noise,100,uniform_filtered,2048,0,1024,1024,-1.001662683363378,0.013805565924867036,0.008377049575022662,0.96630859375
1.4,synthetic_noise,100,adaptive_filtered,2048,256,886,906,-1.0116878536468257,0.0037803956414192985,0.008686656718436415,0.9654017857142857
1.4,synthetic_noise,101,uniform_raw,2048,0,1024,1024,-1.0049094936018041,0.010558755686440824,0.007914954266791702,1.0
1.4,synthetic_noise,101,uniform_filtered,2048,0,1024,1024,-1.017255131738692,-0.0017868824504470027,0.00799110914414136,0.96533203125
1.4,synthetic_noise,101,adaptive_filtered,2048,256,897,895,-1.015170221983667,0.0002980273045780635,0.008621618429930668,0.9670758928571429
1.4,synthetic_noise,102,uniform_raw,2048,0,1024,1024,-1.0000371454952712,0.015431103792973744,0.00809488979641178,1.0
1.4,synthetic_noise,102,uniform_filtered,2048,0,1024,1024,-1.012293050501782,0.003175198786462996,0.008211819829618222,0.958984375
1.4,synthetic_noise,102,adaptive_filtered,2048,256,948,844,-0.9992555351932921,0.01621271409495284,0.008950370604334158,0.9587053571428571
1.4,synthetic_noise,103,uniform_raw,2048,0,1024,1024,-1.0002823998248156,0.01518584946342938,0.008056559744486293,1.0
1.4,synthetic_noise,103,uniform_filtered,2048,0,1024,1024,-1.0105410916844058,0.004927157603839216,0.008120625825501776,0.97021484375
1.4,synthetic_noise,103,adaptive_filtered,2048,256,910,882,-1.00204574113953,0.013422508148714929,0.008825388206177405,0.9654017857142857
1.4,synthetic_noise,104,uniform_raw,2048,0,1024,1024,-1.0025447105951488,0.012923538693096148,0.007950021772279716,1.0
1.4,synthetic_noise,104,uniform_filtered,2048,0,1024,1024,-1.0138181431640307,0.0016501061242142345,0.008033727420650139,0.962890625
1.4,synthetic_noise,104,adaptive_filtered,2048,256,854,938,-1.023045765286475,-0.007577515998230089,0.008447953123574556,0.9581473214285714
1.4,synthetic_noise,105,uniform_raw,2048,0,1024,1024,-0.9965442919227687,0.01892395736547625,0.008112188616521744,1.0
1.4,synthetic_noise,105,uniform_filtered,2048,0,1024,1024,-1.007686254291249,0.0077819949969959445,0.008211462982950828,0.96240234375
1.4,synthetic_noise,105,adaptive_filtered,2048,256,904,888,-1.002370913130731,0.013097336157513961,0.00888581742809003,0.9626116071428571
1.4,synthetic_noise,106,uniform_raw,2048,0,1024,1024,-0.9796484833551842,0.0358197659330608,0.008553459888260154,1.0
1.4,synthetic_noise,106,uniform_filtered,2048,0,1024,1024,-0.9906760718414134,0.024792177446831598,0.008753499649218437,0.95849609375
1.4,synthetic_noise,106,adaptive_filtered,2048,256,950,842,-0.992502607105703,0.022965642182541934,0.00912496268579767,0.9626116071428571
1.4,synthetic_noise,107,uniform_raw,2048,0,1024,1024,-0.9882743703235333,0.027193878964711704,0.008219043773849757,1.0
1.4,synthetic_noise,107,uniform_filtered,2048,0,1024,1024,-1.0044672052154462,0.011001044072798782,0.00834109906138215,0.95458984375
1.4,synthetic_noise,107,adaptive_filtered,2048,256,968,824,-1.0023854345144176,0.013082814773827334,0.008844579781691581,0.9654017857142857
1.4,synthetic_noise,108,uniform_raw,2048,0,1024,1024,-0.9911755575072778,0.024292691780967157,0.00826772267118953,1.0
1.4,synthetic_noise,108,uniform_filtered,2048,0,1024,1024,-1.0015623955200783,0.013905853768166665,0.008421764148305212,0.9619140625
1.4,synthetic_noise,108,adaptive_filtered,2048,256,864,928,-0.9839073434260204,0.0315609058622246,0.009352565073344307,0.9575892857142857
1.4,synthetic_noise,109,uniform_raw,2048,0,1024,1024,-0.9900867880067938,0.025381461281451134,0.008227649421245322,1.0
1.4,synthetic_noise,109,uniform_filtered,2048,0,1024,1024,-1.0043189474650083,0.011149301823236701,0.008337700043356601,0.9599609375
1.4,synthetic_noise,109,adaptive_filtered,2048,256,900,892,-1.003237171820793,0.01223107746745189,0.008807820436301255,0.9587053571428571
1.4,synthetic_noise,110,uniform_raw,2048,0,1024,1024,-1.007439084114088,0.008029165174157082,0.007820696192256678,1.0
1.4,synthetic_noise,110,uniform_filtered,2048,0,1024,1024,-1.0211217276492246,-0.005653478360979625,0.007905261684188428,0.9580078125
1.4,synthetic_noise,110,adaptive_filtered,2048,256,994,798,-1.0024221812282856,0.013046068059959337,0.008976999382555246,0.9592633928571429
1.4,synthetic_noise,111,uniform_raw,2048,0,1024,1024,-0.9909440760605461,0.024524173227698842,0.008200789882248214,1.0
1.4,synthetic_noise,111,uniform_filtered,2048,0,1024,1024,-1.0040520757472646,0.011416173540980346,0.008308604984983354,0.9609375
1.4,synthetic_noise,111,adaptive_filtered,2048,256,901,891,-1.014060120427828,0.0014081288604170794,0.008592407043531149,0.9715401785714286
1.4,synthetic_noise,112,uniform_raw,2048,0,1024,1024,-1.0015052202839272,0.013963029004317784,0.007984740484812267,1.0
1.4,synthetic_noise,112,uniform_filtered,2048,0,1024,1024,-1.0135323409118906,0.0019359083763543783,0.008042608382595122,0.9658203125
1.4,synthetic_noise,112,adaptive_filtered,2048,256,963,829,-1.0052730076035072,0.010195241684737733,0.008794272537764223,0.96875
1.4,synthetic_noise,113,uniform_raw,2048,0,1024,1024,-0.9926853082410219,0.022782941047223115,0.008202590175505602,1.0
1.4,synthetic_noise,113,uniform_filtered,2048,0,1024,1024,-1.0063586749365934,0.009109574351651606,0.008317238033230683,0.9609375
1.4,synthetic_noise,113,adaptive_filtered,2048,256,745,1047,-1.0013046245775856,0.01416362471065935,0.009045989195488047,0.9709821428571429
1.4,synthetic_noise,114,uniform_raw,2048,0,1024,1024,-0.991043762329491,0.024424486958753988,0.008320555217706091,1.0
1.4,synthetic_noise,114,uniform_filtered,2048,0,1024,1024,-0.9996509325518936,0.01581731673635134,0.00842220284304322,0.97021484375
1.4,synthetic_noise,114,adaptive_filtered,2048,256,917,875,-0.990736800043837,0.024731449244407955,0.00909121243701487,0.9575892857142857
1.4,synthetic_noise,115,uniform_raw,2048,0,1024,1024,-0.9931446492654572,0.02232360002278777,0.008182238957802014,1.0
1.4,synthetic_noise,115,uniform_filtered,2048,0,1024,1024,-1.0038241109452715,0.011644138342973509,0.008260745310837621,0.96533203125
1.4,synthetic_noise,115,adaptive_filtered,2048,256,921,871,-1.0088815354787872,0.006586713809457745,0.008761861858037588,0.9665178571428571
1.4,synthetic_noise,116,uniform_raw,2048,0,1024,1024,-0.9899700127011237,0.025498236587121248,0.008263178552757006,1.0
1.4,synthetic_noise,116,uniform_filtered,2048,0,1024,1024,-1.0007881412093345,0.014680108078910514,0.008361868099819883,0.96533203125
1.4,synthetic_noise,116,adaptive_filtered,2048,256,946,846,-1.005069731092721,0.010398518195523954,0.008879499898119049,0.9587053571428571
1.4,synthetic_noise,117,uniform_raw,2048,0,1024,1024,-0.9932367322902278,0.022231516998017176,0.008272511234610527,1.0
1.4,synthetic_noise,117,uniform_filtered,2048,0,1024,1024,-1.0038220831211762,0.011646166167068817,0.008347678455326479,0.96923828125
1.4,synthetic_noise,117,adaptive_filtered,2048,256,783,1009,-1.0151303386959838,0.00033791059226118136,0.008577696378605828,0.9676339285714286
1.4,synthetic_noise,118,uniform_raw,2048,0,1024,1024,-0.9898456341512789,0.025622615136966065,0.008266253128146708,1.0
1.4,synthetic_noise,118,uniform_filtered,2048,0,1024,1024,-1.0018829109483702,0.013585338339874742,0.00837928753442126,0.9599609375
1.4,synthetic_noise,118,adaptive_filtered,2048,256,915,877,-1.0026960387042456,0.012772210583999355,0.00893824069057141,0.9659598214285714
1.4,synthetic_noise,119,uniform_raw,2048,0,1024,1024,-0.9875529779215975,0.02791527136664751,0.008192252323233229,1.0
1.4,synthetic_noise,119,uniform_filtered,2048,0,1024,1024,-1.0031250723373901,0.01234317695085485,0.008306306898371387,0.9541015625
1.4,synthetic_noise,119,adaptive_filtered,2048,256,880,912,-0.9969445412034639,0.0185237080847811,0.009077607957449229,0.96484375
1.4,synthetic_noise,120,uniform_raw,2048,0,1024,1024,-0.9987580403066079,0.01671020898163711,0.008017836989978086,1.0
1.4,synthetic_noise,120,uniform_filtered,2048,0,1024,1024,-1.0091853904018824,0.006282858886362597,0.008104361938001096,0.96533203125
1.4,synthetic_noise,120,adaptive_filtered,2048,256,944,848,-1.0094566616025522,0.006011587685692765,0.008616466649646673,0.9547991071428571
1.4,synthetic_noise,121,uniform_raw,2048,0,1024,1024,-0.9859612413858643,0.0295070079023807,0.008382395965514596,1.0
1.4,synthetic_noise,121,uniform_filtered,2048,0,1024,1024,-0.9999068209272739,0.015561428360971075,0.00853146338576984,0.95751953125
1.4,synthetic_noise,121,adaptive_filtered,2048,256,904,888,-0.9994151113576619,0.01605313793058305,0.009087825561595757,0.9609375
1.4,synthetic_noise,122,uniform_raw,2048,0,1024,1024,-0.9933210929719407,0.022147156316304262,0.008204632547423148,1.0
1.4,synthetic_noise,122,uniform_filtered,2048,0,1024,1024,-1.0026738260514936,0.012794423236751395,0.00832821007839447,0.96484375
1.4,synthetic_noise,122,adaptive_filtered,2048,256,847,945,-1.0065566289215186,0.008911620366726325,0.008888409566365291,0.9592633928571429
1.4,synthetic_noise,123,uniform_raw,2048,0,1024,1024,-0.9947568722355229,0.02071137705272208,0.008186708913966112,1.0
1.4,synthetic_noise,123,uniform_filtered,2048,0,1024,1024,-1.0064545048840796,0.009013744404165358,0.008271677119413486,0.9638671875
1.4,synthetic_noise,123,adaptive_filtered,2048,256,980,812,-1.0072806307753466,0.008187618512898398,0.008881739102966359,0.9642857142857143
1.4,synthetic_noise,124,uniform_raw,2048,0,1024,1024,-0.9986575318623574,0.016810717425887578,0.008136846980539068,1.0
1.4,synthetic_noise,124,uniform_filtered,2048,0,1024,1024,-1.0100156905753757,0.005452558712869315,0.008216166073109942,0.96484375
1.4,synthetic_noise,124,adaptive_filtered,2048,256,872,920,-1.0064798733809248,0.008988375907320156,0.008901411748964177,0.9547991071428571
1.4,synthetic_noise,125,uniform_raw,2048,0,1024,1024,-0.9871712977537008,0.028296951534544146,0.008279665741369593,1.0
1.4,synthetic_noise,125,uniform_filtered,2048,0,1024,1024,-0.9986671281628909,0.016801121125354035,0.00843211258330403,0.95947265625
1.4,synthetic_noise,125,adaptive_filtered,2048,256,1003,789,-0.9949106443331133,0.020557604955131703,0.009201987773346581,0.9553571428571429
1.4,synthetic_noise,126,uniform_raw,2048,0,1024,1024,-0.9972679401055455,0.018200309182699437,0.00807557368334423,1.0
1.4,synthetic_noise,126,uniform_filtered,2048,0,1024,1024,-1.0090069767625396,0.006461272525705386,0.008147827920267376,0.9638671875
1.4,synthetic_noise,126,adaptive_filtered,2048,256,881,911,-1.004701669447785,0.010766579840459922,0.008944524511626844,0.9620535714285714
1.4,synthetic_noise,127,uniform_raw,2048,0,1024,1024,-0.9859731695754888,0.029495079712756223,0.008223916137877969,1.0
1.4,synthetic_noise,127,uniform_filtered,2048,0,1024,1024,-1.0027806703524678,0.01268757893577721,0.008335404917345888,0.95361328125
1.4,synthetic_noise,127,adaptive_filtered,2048,256,904,888,-1.0208712135481122,-0.005402964259867193,0.008425600229469655,0.9654017857142857
1.4,synthetic_noise,128,uniform_raw,2048,0,1024,1024,-0.9938213931386961,0.021646856149548865,0.00813900632668175,1.0
1.4,synthetic_noise,128,uniform_filtered,2048,0,1024,1024,-1.0074770475970043,0.00799120169124068,0.008201505868179354,0.96435546875
1.4,synthetic_noise,128,adaptive_filtered,2048,256,854,938,-1.0075507398282486,0.007917509459996364,0.00870081130861608,0.9704241071428571
1.4,synthetic_noise,129,uniform_raw,2048,0,1024,1024,-0.9959947125667512,0.019473536721493767,0.008100844265183803,1.0
1.4,synthetic_noise,129,uniform_filtered,2048,0,1024,1024,-1.009204510587689,0.006263738700555965,0.008168903691776542,0.96337890625
1.4,synthetic_noise,129,adaptive_filtered,2048,256,885,907,-1.0024151203836693,0.013053128904575662,0.008961369159902059,0.9676339285714286
1.4,synthetic_noise,130,uniform_raw,2048,0,1024,1024,-0.9918325317489518,0.023635717539293166,0.008104460591625909,1.0
1.4,synthetic_noise,130,uniform_filtered,2048,0,1024,1024,-1.004193004554752,0.01127524473349295,0.008192304816153415,0.9609375
1.4,synthetic_noise,130,adaptive_filtered,2048,256,890,902,-1.0078625550831843,0.007605694205060631,0.008824868918141136,0.9581473214285714
1.4,synthetic_noise,131,uniform_raw,2048,0,1024,1024,-0.9924364320424495,0.023031817245795505,0.00807703780909458,1.0
1.4,synthetic_noise,131,uniform_filtered,2048,0,1024,1024,-1.004627812047058,0.010840437241186995,0.008167375985612844,0.9609375
1.4,synthetic_noise,131,adaptive_filtered,2048,256,932,860,-1.0056227400897773,0.009845509198467717,0.008778010596475993,0.9654017857142857
1.4,synthetic_noise,132,uniform_raw,2048,0,1024,1024,-0.9866571056052496,0.02881114368299542,0.008329177572045704,1.0
1.4,synthetic_noise,132,uniform_filtered,2048,0,1024,1024,-0.9973000688684863,0.01816818041975865,0.008458259294443715,0.9638671875
1.4,synthetic_noise,132,adaptive_filtered,2048,256,877,915,-1.0005798151929755,0.01488843409526952,0.009040577823633085,0.9637276785714286
1.4,synthetic_noise,133,uniform_raw,2048,0,1024,1024,-1.0003871278419785,0.015081121446266499,0.008063888746024149,1.0
1.4,synthetic_noise,133,uniform_filtered,2048,0,1024,1024,-1.0100529574030088,0.005415291885236151,0.008111704022872146,0.97314453125
1.4,synthetic_noise,133,adaptive_filtered,2048,256,841,951,-1.019764714060638,-0.004296464772393094,0.00851952695896625,0.9681919642857143
1.4,synthetic_noise,134,uniform_raw,2048,0,1024,1024,-0.9966836903447298,0.01878455894351516,0.008091826898053892,1.0
1.4,synthetic_noise,134,uniform_filtered,2048,0,1024,1024,-1.0073893521770811,0.00807889711116383,0.008165056136758563,0.9677734375
1.4,synthetic_noise,134,adaptive_filtered,2048,256,827,965,-1.009945667159216,0.005522582129029008,0.008857028912469658,0.9559151785714286
1.4,synthetic_noise,135,uniform_raw,2048,0,1024,1024,-1.0018610802805035,0.013607169007741504,0.008054555203352081,1.0
1.4,synthetic_noise,135,uniform_filtered,2048,0,1024,1024,-1.0104466029157315,0.005021646372513455,0.008156457343766941,0.9677734375
1.4,synthetic_noise,135,adaptive_filtered,2048,256,918,874,-1.0118385173943794,0.0036297318938656176,0.00871040345357603,0.9659598214285714
1.4,synthetic_noise,136,uniform_raw,2048,0,1024,1024,-0.9994505208547311,0.0160177284335139,0.008047816199184862,1.0
1.4,synthetic_noise,136,uniform_filtered,2048,0,1024,1024,-1.0097759863146427,0.005692262973602258,0.008145471662691276,0.9638671875
1.4,synthetic_noise,136,adaptive_filtered,2048,256,924,868,-1.0045111859426512,0.010957063345593765,0.008888335445037192,0.9659598214285714
1.4,synthetic_noise,137,uniform_raw,2048,0,1024,1024,-0.9925053617643933,0.02296288752385167,0.008147139963611504,1.0
1.4,synthetic_noise,137,uniform_filtered,2048,0,1024,1024,-1.0043204484420136,0.011147800846231348,0.008235844797060913,0.962890625
1.4,synthetic_noise,137,adaptive_filtered,2048,256,867,925,-1.0009787033503117,0.01448954593793328,0.00895946262479387,0.9681919642857143
1.4,synthetic_noise,138,uniform_raw,2048,0,1024,1024,-0.9851612468532016,0.030307002435043362,0.008405782983696309,1.0
1.4,synthetic_noise,138,uniform_filtered,2048,0,1024,1024,-0.9966834083464431,0.018784840941801884,0.00853944429600372,0.9609375
1.4,synthetic_noise,138,adaptive_filtered,2048,256,805,987,-1.0166706788162199,-0.0012024295279748909,0.008547657898928234,0.9642857142857143
1.4,synthetic_noise,139,uniform_raw,2048,0,1024,1024,-0.9865662695697828,0.0289019797184622,0.008332882676830671,1.0
1.4,synthetic_noise,139,uniform_filtered,2048,0,1024,1024,-0.9992838130076833,0.016184436280561654,0.00849863859909567,0.955078125
1.4,synthetic_noise,139,adaptive_filtered,2048,256,997,795,-0.9905365425785326,0.024931706709712342,0.00920518867421064,0.9592633928571429
1.4,synthetic_noise,140,uniform_raw,2048,0,1024,1024,-0.9874547252581884,0.028013524030056525,0.008246773643103115,1.0
1.4,synthetic_noise,140,uniform_filtered,2048,0,1024,1024,-0.9999700710285249,0.015498178259720108,0.008363653041125556,0.9599609375
1.4,synthetic_noise,140,adaptive_filtered,2048,256,866,926,-1.00355791710679,0.011910332181454875,0.00890723801149526,0.9681919642857143
1.4,synthetic_noise,141,uniform_raw,2048,0,1024,1024,-0.9908007637807876,0.024667485507457343,0.008301191490532777,1.0
1.4,synthetic_noise,141,uniform_filtered,2048,0,1024,1024,-1.002219372888983,0.013248876399261977,0.008375606224485363,0.9697265625
1.4,synthetic_noise,141,adaptive_filtered,2048,256,957,835,-0.9986586377809832,0.01680961150726179,0.008979695061172707,0.9581473214285714
1.4,synthetic_noise,142,uniform_raw,2048,0,1024,1024,-0.9913073526850644,0.02416089660318055,0.008213004443854555,1.0
1.4,synthetic_noise,142,uniform_filtered,2048,0,1024,1024,-1.006812300417502,0.008655948870742947,0.008364424856219936,0.95458984375
1.4,synthetic_noise,142,adaptive_filtered,2048,256,875,917,-1.0053236134592978,0.010144635828947202,0.00869942089888659,0.9620535714285714
1.4,synthetic_noise,143,uniform_raw,2048,0,1024,1024,-0.9898313310819304,0.02563691820631453,0.008367957742609258,1.0
1.4,synthetic_noise,143,uniform_filtered,2048,0,1024,1024,-0.9974640312084464,0.018004218079798573,0.008467679027103553,0.97119140625
1.4,synthetic_noise,143,adaptive_filtered,2048,256,830,962,-1.022747331914606,-0.007279082626361122,0.008514053601862281,0.9665178571428571
1.4,synthetic_noise,144,uniform_raw,2048,0,1024,1024,-0.9960428638655927,0.019425385422652264,0.00820565171944464,1.0
1.4,synthetic_noise,144,uniform_filtered,2048,0,1024,1024,-1.0067403178878163,0.008727931400428712,0.008315430759077256,0.96337890625
1.4,synthetic_noise,144,adaptive_filtered,2048,256,906,886,-0.9966148965440387,0.018853352744206298,0.008940167003032332,0.9637276785714286
1.4,synthetic_noise,145,uniform_raw,2048,0,1024,1024,-1.0024121986145942,0.013056050673650788,0.007907060729708213,1.0
1.4,synthetic_noise,145,uniform_filtered,2048,0,1024,1024,-1.0131298454545408,0.0023384038337042057,0.00797350033506863,0.9658203125
1.4,synthetic_noise,145,adaptive_filtered,2048,256,860,932,-0.9984670870798371,0.01700116220840786,0.008989092664564368,0.9592633928571429
1.4,synthetic_noise,146,uniform_raw,2048,0,1024,1024,-0.9880917569784111,0.027376492309833855,0.008339576265461215,1.0
1.4,synthetic_noise,146,uniform_filtered,2048,0,1024,1024,-0.9992995353722081,0.016168713916036914,0.008473821724678426,0.96240234375
1.4,synthetic_noise,146,adaptive_filtered,2048,256,878,914,-1.007638272975644,0.007829976312601072,0.008829516342289451,0.9637276785714286
1.4,synthetic_noise,147,uniform_raw,2048,0,1024,1024,-0.9858398354196289,0.029628413868616033,0.008418608807951061,1.0
1.4,synthetic_noise,147,uniform_filtered,2048,0,1024,1024,-0.9942438917913934,0.021224357496851587,0.008542871864539961,0.97119140625
1.4,synthetic_noise,147,adaptive_filtered,2048,256,771,1021,-0.9850090235995728,0.03045922568867221,0.009543724208723079,0.96484375
1.4,synthetic_noise,148,uniform_raw,2048,0,1024,1024,-0.9968265915368355,0.01864165775140947,0.008109705485486937,1.0
1.4,synthetic_noise,148,uniform_filtered,2048,0,1024,1024,-1.0084554465724833,0.007012802715761657,0.008200547924196364,0.9619140625
1.4,synthetic_noise,148,adaptive_filtered,2048,256,892,900,-1.0016090806854983,0.013859168602746719,0.008940861558666538,0.9609375
1.4,synthetic_noise,149,uniform_raw,2048,0,1024,1024,-1.0011817749113083,0.014286474376936642,0.007951411859750752,1.0
1.4,synthetic_noise,149,uniform_filtered,2048,0,1024,1024,-1.0146377730044265,0.0008304762838184931,0.008040051907308875,0.96044921875
1.4,synthetic_noise,149,adaptive_filtered,2048,256,969,823,-1.0159734624137866,-0.000505213125541637,0.008642431598961862,0.9654017857142857
1.4,synthetic_noise,150,uniform_raw,2048,0,1024,1024,-0.9988169919046532,0.016651257383591744,0.007984174642067755,1.0
1.4,synthetic_noise,150,uniform_filtered,2048,0,1024,1024,-1.0112833963800858,0.004184852908159176,0.008066884524214698,0.9609375
1.4,synthetic_noise,150,adaptive_filtered,2048,256,969,823,-1.0024606816554418,0.013007567632803196,0.008965453573405958,0.95703125
1.4,synthetic_noise,151,uniform_raw,2048,0,1024,1024,-0.9901371950864766,0.0253310542017684,0.008273197614241506,1.0
1.4,synthetic_noise,151,uniform_filtered,2048,0,1024,1024,-1.0014879889811044,0.013980260307140613,0.008376363275066587,0.96630859375
1.4,synthetic_noise,151,adaptive_filtered,2048,256,785,1007,-1.0039718652510976,0.011496384037147367,0.008933066597345288,0.9559151785714286
1.4,synthetic_noise,152,uniform_raw,2048,0,1024,1024,-0.998837359240103,0.016630890048142,0.00806427767631862,1.0
1.4,synthetic_noise,152,uniform_filtered,2048,0,1024,1024,-1.0100176881136602,0.005450561174584756,0.008130007436438448,0.9658203125
1.4,synthetic_noise,152,adaptive_filtered,2048,256,860,932,-0.9907093024992895,0.024758946788955516,0.009082326599685664,0.9642857142857143
1.4,synthetic_noise,153,uniform_raw,2048,0,1024,1024,-0.9949020292084698,0.020566220079775155,0.008139901950082263,1.0
1.4,synthetic_noise,153,uniform_filtered,2048,0,1024,1024,-1.0049788775121997,0.010489371776045253,0.008228827585007687,0.96484375
1.4,synthetic_noise,153,adaptive_filtered,2048,256,891,901,-1.0131923983711766,0.0022758509170683894,0.00869359349083321,0.9592633928571429
1.4,synthetic_noise,154,uniform_raw,2048,0,1024,1024,-0.9978221501221283,0.017646099166116702,0.00809270594890525,1.0
1.4,synthetic_noise,154,uniform_filtered,2048,0,1024,1024,-1.0065964736041022,0.008871775684142769,0.008201581872619141,0.9658203125
1.4,synthetic_noise,154,adaptive_filtered,2048,256,871,921,-1.013173857883472,0.002294391404773055,0.008647798230163078,0.9614955357142857
1.4,synthetic_noise,155,uniform_raw,2048,0,1024,1024,-0.9859049566563127,0.029563292631932248,0.008246012481165202,1.0
1.4,synthetic_noise,155,uniform_filtered,2048,0,1024,1024,-1.0007432857831795,0.01472496350506547,0.008343317110928245,0.958984375
1.4,synthetic_noise,155,adaptive_filtered,2048,256,951,841,-1.0039324978814022,0.01153575140684282,0.008921019358137241,0.9587053571428571
1.4,synthetic_noise,156,uniform_raw,2048,0,1024,1024,-1.0124511363576971,0.0030171129305478495,0.007827076761108526,1.0
1.4,synthetic_noise,156,uniform_filtered,2048,0,1024,1024,-1.019427139890376,-0.00395889060213106,0.007926312314514402,0.96826171875
1.4,synthetic_noise,156,adaptive_filtered,2048,256,918,874,-0.9998867321473299,0.015581517140915047,0.008990009097125454,0.9637276785714286
1.4,synthetic_noise,157,uniform_raw,2048,0,1024,1024,-0.9953700338501512,0.02009821543809376,0.008169344172256204,1.0
1.4,synthetic_noise,157,uniform_filtered,2048,0,1024,1024,-1.0068592782337447,0.008608971054500314,0.008253701075026992,0.9677734375
1.4,synthetic_noise,157,adaptive_filtered,2048,256,970,822,-1.002131276070142,0.01333697321810301,0.008990749466657767,0.9547991071428571
1.4,synthetic_noise,158,uniform_raw,2048,0,1024,1024,-0.9972371835585445,0.018231065729700457,0.008018386834480997,1.0
1.4,synthetic_noise,158,uniform_filtered,2048,0,1024,1024,-1.0109476632520893,0.004520586036155683,0.008077092608672239,0.96484375
1.4,synthetic_noise,158,adaptive_filtered,2048,256,1011,781,-1.0092619186183387,0.006206330669906279,0.008786694458319946,0.9665178571428571
1.4,synthetic_noise,159,uniform_raw,2048,0,1024,1024,-0.9887391779101848,0.026729071378060132,0.008403972570065102,1.0
1.4,synthetic_noise,159,uniform_filtered,2048,0,1024,1024,-0.9989337522045081,0.016534497083736888,0.008536834115357642,0.9658203125
1.4,synthetic_noise,159,adaptive_filtered,2048,256,894,898,-1.0098955106886869,0.005572738599558091,0.008685369246407372,0.9676339285714286
1.4,synthetic_noise,160,uniform_raw,2048,0,1024,1024,-0.996964862068376,0.018503387219868994,0.00812162002074154,1.0
1.4,synthetic_noise,160,uniform_filtered,2048,0,1024,1024,-1.0086962497292193,0.006771999559025632,0.008201374857956011,0.96484375
1.4,synthetic_noise,160,adaptive_filtered,2048,256,865,927,-0.9971443021548942,0.018323947133350726,0.009126878164071936,0.9693080357142857
1.4,synthetic_noise,161,uniform_raw,2048,0,1024,1024,-0.9969787540500721,0.018489495238172893,0.008135635249168514,1.0
1.4,synthetic_noise,161,uniform_filtered,2048,0,1024,1024,-1.009435872081214,0.006032377207030981,0.008221373353505538,0.9638671875
1.4,synthetic_noise,161,adaptive_filtered,2048,256,923,869,-1.0078341108323237,0.007634138455921313,0.00882088829938561,0.9581473214285714
1.4,synthetic_noise,162,uniform_raw,2048,0,1024,1024,-0.9863632888892107,0.02910496039903432,0.00837678316245684,1.0
1.4,synthetic_noise,162,uniform_filtered,2048,0,1024,1024,-0.9982189911601249,0.01724925812812006,0.008520706401347876,0.96142578125
1.4,synthetic_noise,162,adaptive_filtered,2048,256,864,928,-0.9972592440419319,0.01820900524631308,0.009029218145614712,0.9603794642857143
1.4,synthetic_noise,163,uniform_raw,2048,0,1024,1024,-0.9962792679616592,0.019188981326585752,0.008027236058234069,1.0
1.4,synthetic_noise,163,uniform_filtered,2048,0,1024,1024,-1.0069629644180524,0.008505284870192531,0.008108176417815062,0.962890625
1.4,synthetic_noise,163,adaptive_filtered,2048,256,998,794,-1.0059244741234716,0.009543775164773338,0.008764820226788091,0.96484375
1.4,synthetic_noise,164,uniform_raw,2048,0,1024,1024,-0.9773726916908074,0.038095557597437546,0.008534418022588922,1.0
1.4,synthetic_noise,164,uniform_filtered,2048,0,1024,1024,-0.9905682945611116,0.024899954727133355,0.008684887169658977,0.96142578125
1.4,synthetic_noise,164,adaptive_filtered,2048,256,922,870,-1.0267154879099951,-0.011247238621750144,0.008269791719129423,0.9659598214285714
1.4,synthetic_noise,165,uniform_raw,2048,0,1024,1024,-1.0022555245396756,0.013212724748569382,0.00800982830100081,1.0
1.4,synthetic_noise,165,uniform_filtered,2048,0,1024,1024,-1.013948090029942,0.0015201592583029555,0.008120644419321373,0.96142578125
1.4,synthetic_noise,165,adaptive_filtered,2048,256,940,852,-0.986435238302134,0.029033010986110996,0.009341721244276437,0.9581473214285714
1.4,synthetic_noise,166,uniform_raw,2048,0,1024,1024,-1.0122289162320963,0.003239333056148652,0.00776147918950064,1.0
1.4,synthetic_noise,166,uniform_filtered,2048,0,1024,1024,-1.0211357376902241,-0.0056674884019791705,0.007844117037973516,0.96484375
1.4,synthetic_noise,166,adaptive_filtered,2048,256,903,889,-0.9971803580660517,0.01828789122219332,0.009006166214249005,0.9676339285714286
1.4,synthetic_noise,167,uniform_raw,2048,0,1024,1024,-0.9980066081604388,0.017461641127806127,0.008019599137171611,1.0
1.4,synthetic_noise,167,uniform_filtered,2048,0,1024,1024,-1.0090424214439855,0.006425827844259491,0.008091279461866314,0.9638671875
1.4,synthetic_noise,167,adaptive_filtered,2048,256,847,945,-1.0110081745188937,0.0044600747693512854,0.008749417547788777,0.9676339285714286
1.4,synthetic_noise,168,uniform_raw,2048,0,1024,1024,-0.9901198003346359,0.025348448953609104,0.008221066494538137,1.0
1.4,synthetic_noise,168,uniform_filtered,2048,0,1024,1024,-1.0003168159757148,0.015151433312530216,0.008306736678142168,0.96728515625
1.4,synthetic_noise,168,adaptive_filtered,2048,256,949,843,-0.9875847203058883,0.027883528982356687,0.009308558460437917,0.9598214285714286
1.4,synthetic_noise,169,uniform_raw,2048,0,1024,1024,-0.9956754867670445,0.019792762521200435,0.008187286941212488,1.0
1.4,synthetic_noise,169,uniform_filtered,2048,0,1024,1024,-1.00876589336195,0.006702355926294867,0.00829621524278517,0.96044921875
1.4,synthetic_noise,169,adaptive_filtered,2048,256,870,922,-1.0193453832128507,-0.003877133924605758,0.008484484438221328,0.96875
1.4,synthetic_noise,170,uniform_raw,2048,0,1024,1024,-1.001287219731239,0.014181029557005953,0.008049774920271039,1.0
1.4,synthetic_noise,170,uniform_filtered,2048,0,1024,1024,-1.012098651285359,0.003369598002886054,0.008123296987765047,0.96533203125
1.4,synthetic_noise,170,adaptive_filtered,2048,256,993,799,-1.0180503056654353,-0.0025820563771903338,0.008635438227709841,0.95703125
1.4,synthetic_noise,171,uniform_raw,2048,0,1024,1024,-1.0027103540024287,0.012757895285816279,0.008105357506656261,1.0
1.4,synthetic_noise,171,uniform_filtered,2048,0,1024,1024,-1.0133992527230393,0.0020689965652056497,0.008187811216618046,0.96923828125
1.4,synthetic_noise,171,adaptive_filtered,2048,256,858,934,-1.0050851350714223,0.010383114216822698,0.008909031838353185,0.9564732142857143
1.4,synthetic_noise,172,uniform_raw,2048,0,1024,1024,-0.9991127724127635,0.016355476875481445,0.008118915261121875,1.0
1.4,synthetic_noise,172,uniform_filtered,2048,0,1024,1024,-1.0086261573720254,0.006842091916219539,0.008219246910749385,0.96826171875
1.4,synthetic_noise,172,adaptive_filtered,2048,256,837,955,-1.0035138340109584,0.011954415277286579,0.009046997875166303,0.9626116071428571
1.4,synthetic_noise,173,uniform_raw,2048,0,1024,1024,-0.9925562990306118,0.02291195025763315,0.008200153921823121,1.0
1.4,synthetic_noise,173,uniform_filtered,2048,0,1024,1024,-1.0054072083936119,0.010061040894633111,0.008346482939272239,0.9580078125
1.4,synthetic_noise,173,adaptive_filtered,2048,256,904,888,-1.0116498939902072,0.0038183552980377566,0.008508445371432815,0.9693080357142857
1.4,synthetic_noise,174,uniform_raw,2048,0,1024,1024,-1.0035634224832684,0.01190482680497662,0.007958911327654099,1.0
1.4,synthetic_noise,174,uniform_filtered,2048,0,1024,1024,-1.0151791663389984,0.0002890829492465663,0.008055483209689523,0.96142578125
1.4,synthetic_noise,174,adaptive_filtered,2048,256,862,930,-1.0082645247018251,0.007203724586419824,0.008952508692875387,0.9670758928571429
1.4,synthetic_noise,175,uniform_raw,2048,0,1024,1024,-0.9837195899397504,0.03174865934849458,0.00831850606311734,1.0
1.4,synthetic_noise,175,uniform_filtered,2048,0,1024,1024,-0.9927739752850238,0.022694274003221215,0.008451764707351359,0.96044921875
1.4,synthetic_noise,175,adaptive_filtered,2048,256,875,917,-1.0030847963487188,0.01238345293952614,0.008825453914034944,0.9542410714285714
1.4,synthetic_noise,176,uniform_raw,2048,0,1024,1024,-0.99846647937141,0.017001769916834997,0.008008295936621359,1.0
1.4,synthetic_noise,176,uniform_filtered,2048,0,1024,1024,-1.0096762420548075,0.005792007233437424,0.008072813511318768,0.96630859375
1.4,synthetic_noise,176,adaptive_filtered,2048,256,879,913,-1.0134812070411343,0.0019870422471106597,0.008641448441163622,0.9575892857142857
1.4,synthetic_noise,177,uniform_raw,2048,0,1024,1024,-0.9836148619225875,0.03185338736565746,0.00831295148807583,1.0
1.4,synthetic_noise,177,uniform_filtered,2048,0,1024,1024,-0.9967201998981001,0.01874804939014485,0.00839868935142276,0.9609375
1.4,synthetic_noise,177,adaptive_filtered,2048,256,856,936,-1.0043249978929778,0.011143251395267173,0.008984931627911561,0.9581473214285714
1.4,synthetic_noise,178,uniform_raw,2048,0,1024,1024,-0.9882461752724885,0.027222074015756492,0.008307833928147452,1.0
1.4,synthetic_noise,178,uniform_filtered,2048,0,1024,1024,-0.9987502938776918,0.01671795541055321,0.008423579813516652,0.966796875
1.4,synthetic_noise,178,adaptive_filtered,2048,256,869,923,-1.000279329142286,0.015188920145958962,0.008984140647032587,0.9631696428571429
1.4,synthetic_noise,179,uniform_raw,2048,0,1024,1024,-0.9912482819881361,0.02421996730010889,0.008120702607677133,1.0
1.4,synthetic_noise,179,uniform_filtered,2048,0,1024,1024,-1.0038593776314149,0.011608871656830111,0.008191800902275066,0.96435546875
1.4,synthetic_noise,179,adaptive_filtered,2048,256,986,806,-1.0196754753591533,-0.004207226070908288,0.008591437467117198,0.9547991071428571
1.4,synthetic_noise,180,uniform_raw,2048,0,1024,1024,-1.0010661274960584,0.014402121792186584,0.007949623843144021,1.0
1.4,synthetic_noise,180,uniform_filtered,2048,0,1024,1024,-1.0125184829724432,0.002949766315801794,0.008002443934297027,0.96533203125
1.4,synthetic_noise,180,adaptive_filtered,2048,256,986,806,-1.009469469690814,0.005998779597431003,0.00881068045274514,0.9631696428571429
1.4,synthetic_noise,181,uniform_raw,2048,0,1024,1024,-0.9852039315898267,0.030264317698418308,0.008292772039681554,1.0
1.4,synthetic_noise,181,uniform_filtered,2048,0,1024,1024,-0.9968398770258646,0.018628372262380344,0.00837449852176478,0.9658203125
1.4,synthetic_noise,181,adaptive_filtered,2048,256,920,872,-1.002661429255455,0.01280682003278999,0.00894052849312286,0.9631696428571429
1.4,synthetic_noise,182,uniform_raw,2048,0,1024,1024,-1.0067369311571812,0.008731318131063759,0.00790596600929337,1.0
1.4,synthetic_noise,182,uniform_filtered,2048,0,1024,1024,-1.0220933240355625,-0.00662507474731755,0.007934345531401682,0.95947265625
1.4,synthetic_noise,182,adaptive_filtered,2048,256,902,890,-0.9885374895353449,0.026930759752900046,0.00929977484618578,0.9508928571428571
1.4,synthetic_noise,183,uniform_raw,2048,0,1024,1024,-0.998316280650245,0.017151968637999948,0.008172192915872315,1.0
1.4,synthetic_noise,183,uniform_filtered,2048,0,1024,1024,-1.0082571420972024,0.007211107191042565,0.008258322653943075,0.9658203125
1.4,synthetic_noise,183,adaptive_filtered,2048,256,949,843,-1.0219271101942287,-0.006458860905983688,0.008557018627259678,0.9581473214285714
1.4,synthetic_noise,184,uniform_raw,2048,0,1024,1024,-0.9779569414516232,0.03751130783662182,0.008520332966685532,1.0
1.4,synthetic_noise,184,uniform_filtered,2048,0,1024,1024,-0.9910529005447666,0.024415348743478393,0.008682175056553613,0.95849609375
1.4,synthetic_noise,184,adaptive_filtered,2048,256,1015,777,-1.0031131454908855,0.01235510379735949,0.008999722440434826,0.9698660714285714
1.4,synthetic_noise,185,uniform_raw,2048,0,1024,1024,-0.9960232133329108,0.0194450359553342,0.008216560606379842,1.0
1.4,synthetic_noise,185,uniform_filtered,2048,0,1024,1024,-1.004493285444949,0.010974963843295882,0.008333182553288727,0.96923828125
1.4,synthetic_noise,185,adaptive_filtered,2048,256,944,848,-1.0170008862722808,-0.001532636984035829,0.008552275650198359,0.9637276785714286
1.4,synthetic_noise,186,uniform_raw,2048,0,1024,1024,-0.9942277655874925,0.021240483700752488,0.007911479450287194,1.0
1.4,synthetic_noise,186,uniform_filtered,2048,0,1024,1024,-1.014421571166467,0.0010466781217779442,0.007925985778226521,0.951171875
1.4,synthetic_noise,186,adaptive_filtered,2048,256,812,980,-0.999688841484087,0.015779407804157985,0.008859901251833417,0.9587053571428571
1.4,synthetic_noise,187,uniform_raw,2048,0,1024,1024,-0.990023205748183,0.02544504354006194,0.008255816863167505,1.0
1.4,synthetic_noise,187,uniform_filtered,2048,0,1024,1024,-1.0021618929065321,0.013306356381712847,0.008357230900244782,0.96533203125
1.4,synthetic_noise,187,adaptive_filtered,2048,256,860,932,-1.0138788324118906,0.0015894168763543881,0.00860241867502331,0.9720982142857143
1.4,synthetic_noise,188,uniform_raw,2048,0,1024,1024,-1.0041291496018228,0.011339099686422216,0.007920957796588073,1.0
1.4,synthetic_noise,188,uniform_filtered,2048,0,1024,1024,-1.0150867795779104,0.0003814697103345921,0.007996313745604111,0.96435546875
1.4,synthetic_noise,188,adaptive_filtered,2048,256,812,980,-1.000992566032123,0.014475683256121918,0.009034607706139992,0.9681919642857143
1.4,synthetic_noise,189,uniform_raw,2048,0,1024,1024,-0.9966987102168463,0.018769539071398667,0.008074957514430115,1.0
1.4,synthetic_noise,189,uniform_filtered,2048,0,1024,1024,-1.0074167617746308,0.008051487513614175,0.00816411847720865,0.9638671875
1.4,synthetic_noise,189,adaptive_filtered,2048,256,867,925,-1.0104340501104325,0.005034199177812448,0.008640728801628604,0.9609375
1.4,synthetic_noise,190,uniform_raw,2048,0,1024,1024,-1.0016735305597009,0.013794718728544098,0.007963681327682614,1.0
1.4,synthetic_noise,190,uniform_filtered,2048,0,1024,1024,-1.0146185873937705,0.0008496618944744405,0.008022936929654034,0.96240234375
1.4,synthetic_noise,190,adaptive_filtered,2048,256,812,980,-0.9999237912631824,0.015544458025062546,0.009017301575941682,0.9654017857142857
1.4,synthetic_noise,191,uniform_raw,2048,0,1024,1024,-0.9860254213483599,0.029442827939885063,0.008324724472780006,1.0
1.4,synthetic_noise,191,uniform_filtered,2048,0,1024,1024,-0.9953557698525313,0.020112479435713704,0.008419042968254225,0.9697265625
1.4,synthetic_noise,191,adaptive_filtered,2048,256,1035,757,-1.0170240148801535,-0.001555765591908509,0.00866054921911049,0.9581473214285714
1.4,synthetic_noise,192,uniform_raw,2048,0,1024,1024,-0.9907700072337866,0.024698242054458364,0.008244839375776176,1.0
1.4,synthetic_noise,192,uniform_filtered,2048,0,1024,1024,-1.0042604889473008,0.011207760340944173,0.008346724792399082,0.962890625
1.4,synthetic_noise,192,adaptive_filtered,2048,256,970,822,-0.9972787205170868,0.018189528771158203,0.009044819212486059,0.9503348214285714
1.4,synthetic_noise,193,uniform_raw,2048,0,1024,1024,-0.9973222610430257,0.01814598824521929,0.008036298361268476,1.0
1.4,synthetic_noise,193,uniform_filtered,2048,0,1024,1024,-1.0105599795077358,0.004908269780509178,0.00809524201784351,0.962890625
1.4,synthetic_noise,193,adaptive_filtered,2048,256,820,972,-1.008747247862828,0.006721001425416873,0.00891576726365061,0.9626116071428571
1.4,synthetic_noise,194,uniform_raw,2048,0,1024,1024,-1.0045132046494434,0.010955044638801592,0.007899424802488703,1.0
1.4,synthetic_noise,194,uniform_filtered,2048,0,1024,1024,-1.0184305274855041,-0.0029622781972591383,0.007980953853865214,0.95947265625
1.4,synthetic_noise,194,adaptive_filtered,2048,256,902,890,-1.009526344010367,0.005941905277877968,0.008824343386400505,0.9631696428571429
1.4,synthetic_noise,195,uniform_raw,2048,0,1024,1024,-0.99878695216042,0.016681297127824957,0.008018156065620312,1.0
1.4,synthetic_noise,195,uniform_filtered,2048,0,1024,1024,-1.0114238918132896,0.004044357474955351,0.008100987889741038,0.9609375
1.4,synthetic_noise,195,adaptive_filtered,2048,256,895,897,-1.0014844997967534,0.013983749491491615,0.00900504462428523,0.9609375
1.4,synthetic_noise,196,uniform_raw,2048,0,1024,1024,-0.9877058572376018,0.027762392050643125,0.00830574943196074,1.0
1.4,synthetic_noise,196,uniform_filtered,2048,0,1024,1024,-0.9986648764930439,0.016803372795201055,0.008463064345988956,0.958984375
1.4,synthetic_noise,196,adaptive_filtered,2048,256,912,880,-1.0009734441709828,0.0144948051172622,0.008831298645626524,0.9676339285714286
1.4,synthetic_noise,197,uniform_raw,2048,0,1024,1024,-0.9883647952713472,0.027103454016897732,0.00832942295991152,1.0
1.4,synthetic_noise,197,uniform_filtered,2048,0,1024,1024,-0.9982882036174923,0.01718004567075271,0.008450136947618245,0.96728515625
1.4,synthetic_noise,197,adaptive_filtered,2048,256,955,837,-1.011961908240445,0.00350634104780001,0.00877229211617071,0.9693080357142857
1.4,synthetic_noise,198,uniform_raw,2048,0,1024,1024,-0.9880215802671635,0.027446669021081505,0.008171144180099675,1.0
1.4,synthetic_noise,198,uniform_filtered,2048,0,1024,1024,-0.9977623426803142,0.01770590660793081,0.008267976455887895,0.9658203125
1.4,synthetic_noise,198,adaptive_filtered,2048,256,867,925,-1.0080041379214584,0.007464111366786597,0.008808962179275577,0.9637276785714286
1.4,synthetic_noise,199,uniform_raw,2048,0,1024,1024,-1.0052641066090768,0.010204142679168138,0.007880021252881415,1.0
1.4,synthetic_noise,199,uniform_filtered,2048,0,1024,1024,-1.0147167718472474,0.0007514774409975722,0.007939957563397783,0.96923828125
1.4,synthetic_noise,199,adaptive_filtered,2048,256,1014,778,-1.0073878835530496,0.008080365735195327,0.00893364627624908,0.9564732142857143
2.2,ideal,0,uniform_raw,2048,0,1024,1024,-0.9457188080007382,-0.004494774307476357,0.0036317317611723,1.0
2.2,ideal,0,uniform_filtered,2048,0,1024,1024,-0.9457188080007382,-0.004494774307476357,0.0036317317611723,1.0
2.2,ideal,0,adaptive_filtered,2048,256,1664,128,-0.9491156048069069,-0.007891571113645135,0.0046890808972456085,1.0
2.2,ideal,1,uniform_raw,2048,0,1024,1024,-0.9434499089983353,-0.0022258753050734548,0.0037443270434360694,1.0
2.2,ideal,1,uniform_filtered,2048,0,1024,1024,-0.9434499089983353,-0.0022258753050734548,0.0037443270434360694,1.0
2.2,ideal,1,adaptive_filtered,2048,256,797,995,-0.9449198601048725,-0.003695826411610703,0.003908528715423897,1.0
2.2,ideal,2,uniform_raw,2048,0,1024,1024,-0.9356264959022789,0.005597537790982932,0.003980047726437114,1.0
2.2,ideal,2,uniform_filtered,2048,0,1024,1024,-0.9356264959022789,0.005597537790982932,0.003980047726437114,1.0
2.2,ideal,2,adaptive_filtered,2048,256,908,884,-0.9461829915698583,-0.004958957876596504,0.003968440773224296,1.0
2.2,ideal,3,uniform_raw,2048,0,1024,1024,-0.947849524178987,-0.0066254904857252495,0.0033444589192628653,1.0
2.2,ideal,3,uniform_filtered,2048,0,1024,1024,-0.947849524178987,-0.0066254904857252495,0.0033444589192628653,1.0
2.2,ideal,3,adaptive_filtered,2048,256,1139,653,-0.9436790726516244,-0.002455038958362632,0.004234697067956946,1.0
2.2,ideal,4,uniform_raw,2048,0,1024,1024,-0.9498621097851356,-0.008638076091873836,0.0036257249236022835,1.0
2.2,ideal,4,uniform_filtered,2048,0,1024,1024,-0.9498621097851356,-0.008638076091873836,0.0036257249236022835,1.0
2.2,ideal,4,adaptive_filtered,2048,256,1141,651,-0.9448708387095666,-0.003646805016304766,0.0041621556307258065,1.0
2.2,ideal,5,uniform_raw,2048,0,1024,1024,-0.9375981826848265,0.0036258510084352658,0.0036580763186387245,1.0
2.2,ideal,5,uniform_filtered,2048,0,1024,1024,-0.9375981826848265,0.0036258510084352658,0.0036580763186387245,1.0
2.2,ideal,5,adaptive_filtered,2048,256,905,887,-0.9455195726341918,-0.004295538940930044,0.0038527415814793276,1.0
2.2,ideal,6,uniform_raw,2048,0,1024,1024,-0.941561608501976,-0.00033757480871421386,0.003696244819059278,1.0
2.2,ideal,6,uniform_filtered,2048,0,1024,1024,-0.941561608501976,-0.00033757480871421386,0.003696244819059278,1.0
2.2,ideal,6,adaptive_filtered,2048,256,757,1035,-0.9427651559412535,-0.0015411222479917441,0.0040660682152503045,1.0
2.2,ideal,7,uniform_raw,2048,0,1024,1024,-0.945912581682351,-0.004688547989089242,0.0035325268447140186,1.0
2.2,ideal,7,uniform_filtered,2048,0,1024,1024,-0.945912581682351,-0.004688547989089242,0.0035325268447140186,1.0
2.2,ideal,7,adaptive_filtered,2048,256,807,985,-0.9368656830438322,0.0043583506494295765,0.0042494287628538725,1.0
2.2,ideal,8,uniform_raw,2048,0,1024,1024,-0.9433603681744578,-0.0021363344811959895,0.0033435103866543197,1.0
2.2,ideal,8,uniform_filtered,2048,0,1024,1024,-0.9433603681744578,-0.0021363344811959895,0.0033435103866543197,1.0
2.2,ideal,8,adaptive_filtered,2048,256,999,793,-0.941584029885661,-0.00035999619239923675,0.004056768553909903,1.0
2.2,ideal,9,uniform_raw,2048,0,1024,1024,-0.9429172299537731,-0.0016931962605113426,0.0038094281694074994,1.0
2.2,ideal,9,uniform_filtered,2048,0,1024,1024,-0.9429172299537731,-0.0016931962605113426,0.0038094281694074994,1.0
2.2,ideal,9,adaptive_filtered,2048,256,1015,777,-0.9361359541555185,0.005088079537743262,0.00422383990561278,1.0
2.2,ideal,10,uniform_raw,2048,0,1024,1024,-0.9372245330359654,0.003999500657296373,0.003788750029047273,1.0
2.2,ideal,10,uniform_filtered,2048,0,1024,1024,-0.9372245330359654,0.003999500657296373,0.003788750029047273,1.0
2.2,ideal,10,adaptive_filtered,2048,256,882,910,-0.9411894819423134,3.455175094835283e-05,0.004163568227864226,1.0
2.2,ideal,11,uniform_raw,2048,0,1024,1024,-0.9291656531152017,0.01205838057806008,0.0042700284046686895,1.0
2.2,ideal,11,uniform_filtered,2048,0,1024,1024,-0.9291656531152017,0.01205838057806008,0.0042700284046686895,1.0
2.2,ideal,11,adaptive_filtered,2048,256,948,844,-0.9436055737784788,-0.00238154008521696,0.003914510632915797,1.0
2.2,ideal,12,uniform_raw,2048,0,1024,1024,-0.9468050126614098,-0.00558097896814802,0.003388588144255868,1.0
2.2,ideal,12,uniform_filtered,2048,0,1024,1024,-0.9468050126614098,-0.00558097896814802,0.003388588144255868,1.0
2.2,ideal,12,adaptive_filtered,2048,256,738,1054,-0.9383471224473836,0.0028769112458781887,0.004157516064992984,1.0
2.2,ideal,13,uniform_raw,2048,0,1024,1024,-0.9386287964880391,0.0025952372052227,0.003684316877458706,1.0
2.2,ideal,13,uniform_filtered,2048,0,1024,1024,-0.9386287964880391,0.0025952372052227,0.003684316877458706,1.0
2.2,ideal,13,adaptive_filtered,2048,256,919,873,-0.9448198113379529,-0.0035957776446911005,0.0039131862541153485,1.0
2.2,ideal,14,uniform_raw,2048,0,1024,1024,-0.9377155189374335,0.0035085147558282515,0.00390747603009856,1.0
2.2,ideal,14,uniform_filtered,2048,0,1024,1024,-0.9377155189374335,0.0035085147558282515,0.00390747603009856,1.0
2.2,ideal,14,adaptive_filtered,2048,256,748,1044,-0.9401858457189769,0.0010381879742848987,0.004010105421254776,1.0
2.2,ideal,15,uniform_raw,2048,0,1024,1024,-0.9472890497056954,-0.006065016012433588,0.0035537302523654243,1.0
2.2,ideal,15,uniform_filtered,2048,0,1024,1024,-0.9472890497056954,-0.006065016012433588,0.0035537302523654243,1.0
2.2,ideal,15,adaptive_filtered,2048,256,819,973,-0.9440655569683816,-0.0028415232751197728,0.0038569810363298707,1.0
2.2,ideal,16,uniform_raw,2048,0,1024,1024,-0.9457257568579205,-0.004501723164658689,0.003599582452678175,1.0
2.2,ideal,16,uniform_filtered,2048,0,1024,1024,-0.9457257568579205,-0.004501723164658689,0.003599582452678175,1.0
2.2,ideal,16,adaptive_filtered,2048,256,922,870,-0.9460303570542465,-0.004806323360984743,0.003987057475827531,1.0
2.2,ideal,17,uniform_raw,2048,0,1024,1024,-0.945047946132022,-0.0038239124387602352,0.0035395742047527948,1.0
2.2,ideal,17,uniform_filtered,2048,0,1024,1024,-0.945047946132022,-0.0038239124387602352,0.0035395742047527948,1.0
2.2,ideal,17,adaptive_filtered,2048,256,896,896,-0.9413285809618885,-0.00010454726862674235,0.003757004088665188,1.0
2.2,ideal,18,uniform_raw,2048,0,1024,1024,-0.9375564895417323,0.003667544151529478,0.0038483599957017463,1.0
2.2,ideal,18,uniform_filtered,2048,0,1024,1024,-0.9375564895417323,0.003667544151529478,0.0038483599957017463,1.0
2.2,ideal,18,adaptive_filtered,2048,256,864,928,-0.943717393756714,-0.0024933600634522435,0.0038404888609110985,1.0
2.2,ideal,19,uniform_raw,2048,0,1024,1024,-0.940171242764267,0.0010527909289947956,0.0037377999729783754,1.0
2.2,ideal,19,uniform_filtered,2048,0,1024,1024,-0.940171242764267,0.0010527909289947956,0.0037377999729783754,1.0
2.2,ideal,19,adaptive_filtered,2048,256,808,984,-0.9471025929297063,-0.005878559236444536,0.0036947031119042195,1.0
2.2,ideal,20,uniform_raw,2048,0,1024,1024,-0.9399844179398364,0.0012396157534253494,0.003801217523828746,1.0
2.2,ideal,20,uniform_filtered,2048,0,1024,1024,-0.9399844179398364,0.0012396157534253494,0.003801217523828746,1.0
2.2,ideal,20,adaptive_filtered,2048,256,988,804,-0.945631969600097,-0.004407935906835192,0.003858763942323946,1.0
2.2,ideal,21,uniform_raw,2048,0,1024,1024,-0.9453938003521536,-0.004169766658891794,0.0035367817409039464,1.0
2.2,ideal,21,uniform_filtered,2048,0,1024,1024,-0.9453938003521536,-0.004169766658891794,0.0035367817409039464,1.0
2.2,ideal,21,adaptive_filtered,2048,256,910,882,-0.9378257644943693,0.003398269198892523,0.004153738733979856,1.0
2.2,ideal,22,uniform_raw,2048,0,1024,1024,-0.9413956302490925,-0.00017159655583065536,0.003665480957604494,1.0
2.2,ideal,22,uniform_filtered,2048,0,1024,1024,-0.9413956302490925,-0.00017159655583065536,0.003665480957604494,1.0
2.2,ideal,22,adaptive_filtered,2048,256,890,902,-0.9399702893684578,0.0012537443248039626,0.00396330701021866,1.0
2.2,ideal,23,uniform_raw,2048,0,1024,1024,-0.9457257568579205,-0.004501723164658689,0.003599582452678175,1.0
2.2,ideal,23,uniform_filtered,2048,0,1024,1024,-0.9457257568579205,-0.004501723164658689,0.003599582452678175,1.0
2.2,ideal,23,adaptive_filtered,2048,256,812,980,-0.9424203993049016,-0.001196365611639827,0.003966350430441382,1.0
2.2,ideal,24,uniform_raw,2048,0,1024,1024,-0.9357924741551622,0.005431559538099595,0.0040079664320391,1.0
2.2,ideal,24,uniform_filtered,2048,0,1024,1024,-0.9357924741551622,0.005431559538099595,0.0040079664320391,1.0
2.2,ideal,24,adaptive_filtered,2048,256,1009,783,-0.9371522681701483,0.004071765523113502,0.004347102524951198,1.0
2.2,ideal,25,uniform_raw,2048,0,1024,1024,-0.9393135560711201,0.001910477622141693,0.0037119925277896457,1.0
2.2,ideal,25,uniform_filtered,2048,0,1024,1024,-0.9393135560711201,0.001910477622141693,0.0037119925277896457,1.0
2.2,ideal,25,adaptive_filtered,2048,256,713,1079,-0.9492199011483049,-0.007995867455043104,0.0038010631124855603,1.0
2.2,ideal,26,uniform_raw,2048,0,1024,1024,-0.9399635713682892,0.0012604623249725666,0.003891640528080139,1.0
2.2,ideal,26,uniform_filtered,2048,0,1024,1024,-0.9399635713682892,0.0012604623249725666,0.003891640528080139,1.0
2.2,ideal,26,adaptive_filtered,2048,256,910,882,-0.9414081937170644,-0.00018416002380261531,0.004011319106146457,1.0
2.2,ideal,27,uniform_raw,2048,0,1024,1024,-0.9429519742396848,-0.0017279405464230013,0.0036539432066595512,1.0
2.2,ideal,27,uniform_filtered,2048,0,1024,1024,-0.9429519742396848,-0.0017279405464230013,0.0036539432066595512,1.0
2.2,ideal,27,adaptive_filtered,2048,256,999,793,-0.9486103197779361,-0.007386286084674287,0.0035818139942688752,1.0
2.2,ideal,28,uniform_raw,2048,0,1024,1024,-0.9365328245957021,0.004691209097559712,0.003793037327538367,1.0
2.2,ideal,28,uniform_filtered,2048,0,1024,1024,-0.9365328245957021,0.004691209097559712,0.003793037327538367,1.0
2.2,ideal,28,adaptive_filtered,2048,256,795,997,-0.950333091943528,-0.0091090582502662,0.003789716121522946,1.0
2.2,ideal,29,uniform_raw,2048,0,1024,1024,-0.939645512576887,0.001578521116374798,0.0037727299936532086,1.0
2.2,ideal,29,uniform_filtered,2048,0,1024,1024,-0.939645512576887,0.001578521116374798,0.0037727299936532086,1.0
2.2,ideal,29,adaptive_filtered,2048,256,1141,651,-0.9396984269945265,0.001525606698735249,0.00426593430483574,1.0
2.2,ideal,30,uniform_raw,2048,0,1024,1024,-0.9370446570687174,0.004179376624544373,0.0038209718558326537,1.0
2.2,ideal,30,uniform_filtered,2048,0,1024,1024,-0.9370446570687174,0.004179376624544373,0.0038209718558326537,1.0
2.2,ideal,30,adaptive_filtered,2048,256,886,906,-0.9463201128111798,-0.005096079117917984,0.0037520924403376256,1.0
2.2,ideal,31,uniform_raw,2048,0,1024,1024,-0.9476835459261035,-0.006459512232841691,0.0033100108473586207,1.0
2.2,ideal,31,uniform_filtered,2048,0,1024,1024,-0.9476835459261035,-0.006459512232841691,0.0033100108473586207,1.0
2.2,ideal,31,adaptive_filtered,2048,256,913,879,-0.9423642608028147,-0.0011402271095528604,0.003967462627865287,1.0
2.2,ideal,32,uniform_raw,2048,0,1024,1024,-0.9411810099959323,4.302369732944733e-05,0.0038528814954702853,1.0
2.2,ideal,32,uniform_filtered,2048,0,1024,1024,-0.9411810099959323,4.302369732944733e-05,0.0038528814954702853,1.0
2.2,ideal,32,adaptive_filtered,2048,256,797,995,-0.9446976802294555,-0.003473646536193753,0.003910685973664147,1.0
2.2,ideal,33,uniform_raw,2048,0,1024,1024,-0.9439964857572622,-0.0027724520640004524,0.0036136041138134884,1.0
2.2,ideal,33,uniform_filtered,2048,0,1024,1024,-0.9439964857572622,-0.0027724520640004524,0.0036136041138134884,1.0
2.2,ideal,33,adaptive_filtered,2048,256,978,814,-0.9392835704280398,0.0019404632652220144,0.00408201660076413,1.0
2.2,ideal,34,uniform_raw,2048,0,1024,1024,-0.9271252720803238,0.014098761612937993,0.004142008089594637,1.0
2.2,ideal,34,uniform_filtered,2048,0,1024,1024,-0.9271252720803238,0.014098761612937993,0.004142008089594637,1.0
2.2,ideal,34,adaptive_filtered,2048,256,882,910,-0.9416846553321787,-0.00046062163891691377,0.003788589711454396,1.0
2.2,ideal,35,uniform_raw,2048,0,1024,1024,-0.9327075816027068,0.00851645209055496,0.003907697695747127,1.0
2.2,ideal,35,uniform_filtered,2048,0,1024,1024,-0.9327075816027068,0.00851645209055496,0.003907697695747127,1.0
2.2,ideal,35,adaptive_filtered,2048,256,840,952,-0.9271739402226038,0.014050093470657998,0.004666254974330325,1.0
2.2,ideal,36,uniform_raw,2048,0,1024,1024,-0.9375217452558207,0.003702288437441137,0.00399635319659162,1.0
2.2,ideal,36,uniform_filtered,2048,0,1024,1024,-0.9375217452558207,0.003702288437441137,0.00399635319659162,1.0
2.2,ideal,36,adaptive_filtered,2048,256,988,804,-0.9466126868169622,-0.005388653123700404,0.003748646153215852,1.0
2.2,ideal,37,uniform_raw,2048,0,1024,1024,-0.9363668463428187,0.0048571873504430485,0.003762493744819104,1.0
2.2,ideal,37,uniform_filtered,2048,0,1024,1024,-0.9363668463428187,0.0048571873504430485,0.003762493744819104,1.0
2.2,ideal,37,adaptive_filtered,2048,256,783,1009,-0.9397723871471151,0.001451646546146712,0.003861336236094963,1.0
2.2,ideal,38,uniform_raw,2048,0,1024,1024,-0.9460716110780523,-0.004847577384790469,0.0035966740340205696,1.0
2.2,ideal,38,uniform_filtered,2048,0,1024,1024,-0.9460716110780523,-0.004847577384790469,0.0035966740340205696,1.0
2.2,ideal,38,adaptive_filtered,2048,256,988,804,-0.9392844840897432,0.0019395496035186088,0.004193087679012288,1.0
2.2,ideal,39,uniform_raw,2048,0,1024,1024,-0.9341048961975982,0.007119137495663619,0.003838424337897236,1.0
2.2,ideal,39,uniform_filtered,2048,0,1024,1024,-0.9341048961975982,0.007119137495663619,0.003838424337897236,1.0
2.2,ideal,39,adaptive_filtered,2048,256,882,910,-0.9401106506383228,0.0011133830549390211,0.0039176375744824155,1.0
2.2,ideal,40,uniform_raw,2048,0,1024,1024,-0.9377155189374335,0.0035085147558282515,0.00390747603009856,1.0
2.2,ideal,40,uniform_filtered,2048,0,1024,1024,-0.9377155189374335,0.0035085147558282515,0.00390747603009856,1.0
2.2,ideal,40,adaptive_filtered,2048,256,896,896,-0.9424587760020238,-0.0012347423087619713,0.004025559152266385,1.0
2.2,ideal,41,uniform_raw,2048,0,1024,1024,-0.9488940356965643,-0.0076700020033024785,0.0032995779716964943,1.0
2.2,ideal,41,uniform_filtered,2048,0,1024,1024,-0.9488940356965643,-0.0076700020033024785,0.0032995779716964943,1.0
2.2,ideal,41,adaptive_filtered,2048,256,1006,786,-0.9398789883844869,0.0013450453087748837,0.003928218249610858,1.0
2.2,ideal,42,uniform_raw,2048,0,1024,1024,-0.9422533169422393,-0.0010292832489775527,0.003691116604492777,1.0
2.2,ideal,42,uniform_filtered,2048,0,1024,1024,-0.9422533169422393,-0.0010292832489775527,0.003691116604492777,1.0
2.2,ideal,42,adaptive_filtered,2048,256,858,934,-0.9377423793820083,0.003481654311253468,0.004475519653481072,1.0
2.2,ideal,43,uniform_raw,2048,0,1024,1024,-0.9443353911202115,-0.003111357426949679,0.003643111182060488,1.0
2.2,ideal,43,uniform_filtered,2048,0,1024,1024,-0.9443353911202115,-0.003111357426949679,0.003643111182060488,1.0
2.2,ideal,43,adaptive_filtered,2048,256,902,890,-0.9406084599957603,0.0006155736975015369,0.004008637844472161,1.0
2.2,ideal,44,uniform_raw,2048,0,1024,1024,-0.9417692798979536,-0.0005452462046917628,0.003530570971427223,1.0
2.2,ideal,44,uniform_filtered,2048,0,1024,1024,-0.9417692798979536,-0.0005452462046917628,0.003530570971427223,1.0
2.2,ideal,44,adaptive_filtered,2048,256,845,947,-0.9442115901205546,-0.002987556427292759,0.0037926281202187474,1.0
2.2,ideal,45,uniform_raw,2048,0,1024,1024,-0.9474689256729436,-0.00624489197968181,0.0035192827945839176,1.0
2.2,ideal,45,uniform_filtered,2048,0,1024,1024,-0.9474689256729436,-0.00624489197968181,0.0035192827945839176,1.0
2.2,ideal,45,adaptive_filtered,2048,256,1011,781,-0.9403111962053246,0.0009128374879372458,0.004038293379485224,1.0
2.2,ideal,46,uniform_raw,2048,0,1024,1024,-0.9427720982724368,-0.0015480645791750014,0.0036871825214409735,1.0
2.2,ideal,46,uniform_filtered,2048,0,1024,1024,-0.9427720982724368,-0.0015480645791750014,0.0036871825214409735,1.0
2.2,ideal,46,adaptive_filtered,2048,256,748,1044,-0.9433477731297155,-0.00212373943645372,0.003926636848207598,1.0
2.2,ideal,47,uniform_raw,2048,0,1024,1024,-0.9374044090032136,0.003819624690048151,0.003756148750274176,1.0
2.2,ideal,47,uniform_filtered,2048,0,1024,1024,-0.9374044090032136,0.003819624690048151,0.003756148750274176,1.0
2.2,ideal,47,adaptive_filtered,2048,256,1664,128,-0.9276607305792428,0.013563303114018987,0.010308628037879436,1.0
2.2,ideal,48,uniform_raw,2048,0,1024,1024,-0.9384419716636088,0.002782062029653032,0.003749512371405358,1.0
2.2,ideal,48,uniform_filtered,2048,0,1024,1024,-0.9384419716636088,0.002782062029653032,0.003749512371405358,1.0
2.2,ideal,48,adaptive_filtered,2048,256,1006,786,-0.9411494653780521,7.456831520968876e-05,0.00402314735443678,1.0
2.2,ideal,49,uniform_raw,2048,0,1024,1024,-0.9392718629280259,0.0019521707652359055,0.0038966548772924616,1.0
2.2,ideal,49,uniform_filtered,2048,0,1024,1024,-0.9392718629280259,0.0019521707652359055,0.0038966548772924616,1.0
2.2,ideal,49,adaptive_filtered,2048,256,1003,789,-0.9395836574220902,0.0016403762711716396,0.003977113989471756,1.0
2.2,ideal,50,uniform_raw,2048,0,1024,1024,-0.9396177171481577,0.001606316545104125,0.0038941635227746404,1.0
2.2,ideal,50,uniform_filtered,2048,0,1024,1024,-0.9396177171481577,0.001606316545104125,0.0038941635227746404,1.0
2.2,ideal,50,adaptive_filtered,2048,256,902,890,-0.9398072585618149,0.0014167751314468902,0.004053154976022868,1.0
2.2,ideal,51,uniform_raw,2048,0,1024,1024,-0.9373418692885724,0.003882164404689359,0.004026110557849121,1.0
2.2,ideal,51,uniform_filtered,2048,0,1024,1024,-0.9373418692885724,0.003882164404689359,0.004026110557849121,1.0
2.2,ideal,51,adaptive_filtered,2048,256,899,893,-0.9364642732608617,0.0047597604324001175,0.004185732809158763,1.0
2.2,ideal,52,uniform_raw,2048,0,1024,1024,-0.9427651494152542,-0.0015411157219924476,0.0037186886481452735,1.0
2.2,ideal,52,uniform_filtered,2048,0,1024,1024,-0.9427651494152542,-0.0015411157219924476,0.0037186886481452735,1.0
2.2,ideal,52,adaptive_filtered,2048,256,915,877,-0.9445989971335813,-0.0033749634403195117,0.0036989224517674935,1.0
2.2,ideal,53,uniform_raw,2048,0,1024,1024,-0.9386357453452217,0.0025882883480401464,0.0036516459525057204,1.0
2.2,ideal,53,uniform_filtered,2048,0,1024,1024,-0.9386357453452217,0.0025882883480401464,0.0036516459525057204,1.0
2.2,ideal,53,adaptive_filtered,2048,256,1141,651,-0.9327678909751067,0.00845614271815509,0.004440567189450523,1.0
2.2,ideal,54,uniform_raw,2048,0,1024,1024,-0.940876848918895,0.0003471847743667933,0.003669175413580889,1.0
2.2,ideal,54,uniform_filtered,2048,0,1024,1024,-0.940876848918895,0.0003471847743667933,0.003669175413580889,1.0
2.2,ideal,54,adaptive_filtered,2048,256,910,882,-0.936897621786142,0.004326411907119798,0.0037936398244345685,1.0
2.2,ideal,55,uniform_raw,2048,0,1024,1024,-0.940192089335814,0.0010319443574478004,0.003641437302674694,1.0
2.2,ideal,55,uniform_filtered,2048,0,1024,1024,-0.940192089335814,0.0010319443574478004,0.003641437302674694,1.0
2.2,ideal,55,adaptive_filtered,2048,256,919,873,-0.940079909633956,0.0011441240593057511,0.003866209455047064,1.0
2.2,ideal,56,uniform_raw,2048,0,1024,1024,-0.9385454102018507,0.002678623491411125,0.0040456241033214905,1.0
2.2,ideal,56,uniform_filtered,2048,0,1024,1024,-0.9385454102018507,0.002678623491411125,0.0040456241033214905,1.0
2.2,ideal,56,adaptive_filtered,2048,256,1152,640,-0.9491411235699911,-0.007917089876729344,0.003690229701888845,1.0
2.2,ideal,57,uniform_raw,2048,0,1024,1024,-0.9410567248861432,0.00016730880711857132,0.003635472033804555,1.0
2.2,ideal,57,uniform_filtered,2048,0,1024,1024,-0.9410567248861432,0.00016730880711857132,0.003635472033804555,1.0
2.2,ideal,57,adaptive_filtered,2048,256,917,875,-0.9450961375600919,-0.0038721038668301233,0.0036960267681558035,1.0
2.2,ideal,58,uniform_raw,2048,0,1024,1024,-0.9435054998557943,-0.0022814661625325527,0.0034839093664899177,1.0
2.2,ideal,58,uniform_filtered,2048,0,1024,1024,-0.9435054998557943,-0.0022814661625325527,0.0034839093664899177,1.0
2.2,ideal,58,adaptive_filtered,2048,256,908,884,-0.9444517527574918,-0.003227719064230028,0.003944765898873849,1.0
2.2,ideal,59,uniform_raw,2048,0,1024,1024,-0.9420803898321735,-0.0008563561389116625,0.0036924112008229364,1.0
2.2,ideal,59,uniform_filtered,2048,0,1024,1024,-0.9420803898321735,-0.0008563561389116625,0.0036924112008229364,1.0
2.2,ideal,59,adaptive_filtered,2048,256,815,977,-0.9403584982431188,0.0008655354501430068,0.0038206600674079287,1.0
2.2,ideal,60,uniform_raw,2048,0,1024,1024,-0.9420873386893558,-0.0008633049960939942,0.0036604374168776183,1.0
2.2,ideal,60,uniform_filtered,2048,0,1024,1024,-0.9420873386893558,-0.0008633049960939942,0.0036604374168776183,1.0
2.2,ideal,60,adaptive_filtered,2048,256,852,940,-0.9422362920036287,-0.001012258310366887,0.0038835265911675563,1.0
2.2,ideal,61,uniform_raw,2048,0,1024,1024,-0.9405101481272162,0.000713885566045569,0.003766623428578317,1.0
2.2,ideal,61,uniform_filtered,2048,0,1024,1024,-0.9405101481272162,0.000713885566045569,0.003766623428578317,1.0
2.2,ideal,61,adaptive_filtered,2048,256,815,977,-0.944471003889561,-0.0032469701962991593,0.003852558028407991,1.0
2.2,ideal,62,uniform_raw,2048,0,1024,1024,-0.9439895369000799,-0.0027655032068181207,0.003645870311812434,1.0
2.2,ideal,62,uniform_filtered,2048,0,1024,1024,-0.9439895369000799,-0.0027655032068181207,0.003645870311812434,1.0
2.2,ideal,62,adaptive_filtered,2048,256,1664,128,-0.949647688222494,-0.008423654529232216,0.0046872688732780545,1.0
2.2,ideal,63,uniform_raw,2048,0,1024,1024,-0.9440312300431741,-0.002807196349912333,0.0034454257584189676,1.0
2.2,ideal,63,uniform_filtered,2048,0,1024,1024,-0.9440312300431741,-0.002807196349912333,0.0034454257584189676,1.0
2.2,ideal,63,adaptive_filtered,2048,256,997,795,-0.9436426291980358,-0.0024185955047739682,0.0037832307456825737,1.0
2.2,ideal,64,uniform_raw,2048,0,1024,1024,-0.9476279550686446,-0.006403921375382815,0.003583153139686241,1.0
2.2,ideal,64,uniform_filtered,2048,0,1024,1024,-0.9476279550686446,-0.006403921375382815,0.003583153139686241,1.0
2.2,ideal,64,adaptive_filtered,2048,256,1014,778,-0.9421468504159762,-0.0009228167227144368,0.0037044155080154656,1.0
2.2,ideal,65,uniform_raw,2048,0,1024,1024,-0.9413747836775452,-0.0001507499842834381,0.003760312610319902,1.0
2.2,ideal,65,uniform_filtered,2048,0,1024,1024,-0.9413747836775452,-0.0001507499842834381,0.003760312610319902,1.0
2.2,ideal,65,adaptive_filtered,2048,256,994,798,-0.9398717812038189,0.0013522524894429289,0.003960240881713825,1.0
2.2,ideal,66,uniform_raw,2048,0,1024,1024,-0.940309425588421,0.0009146081048407861,0.0038890858316304793,1.0
2.2,ideal,66,uniform_filtered,2048,0,1024,1024,-0.940309425588421,0.0009146081048407861,0.0038890858316304793,1.0
2.2,ideal,66,adaptive_filtered,2048,256,910,882,-0.9321644300259533,0.009059603667308513,0.0044810003711804,1.0
2.2,ideal,67,uniform_raw,2048,0,1024,1024,-0.93807527087193,0.0031487628213318075,0.0038449289520789344,1.0
2.2,ideal,67,uniform_filtered,2048,0,1024,1024,-0.93807527087193,0.0031487628213318075,0.0038449289520789344,1.0
2.2,ideal,67,adaptive_filtered,2048,256,1664,128,-0.9475701803858037,-0.006346146692541854,0.00626974147257329,1.0
2.2,ideal,68,uniform_raw,2048,0,1024,1024,-0.9405379435559458,0.00068609013731602,0.0036390764666034583,1.0
2.2,ideal,68,uniform_filtered,2048,0,1024,1024,-0.9405379435559458,0.00068609013731602,0.0036390764666034583,1.0
2.2,ideal,68,adaptive_filtered,2048,256,1150,642,-0.9403956469728898,0.0008283867203719986,0.003989850318029151,1.0
2.2,ideal,69,uniform_raw,2048,0,1024,1024,-0.9394586877524564,0.0017653459408053518,0.00383542916998146,1.0
2.2,ideal,69,uniform_filtered,2048,0,1024,1024,-0.9394586877524564,0.0017653459408053518,0.00383542916998146,1.0
2.2,ideal,69,adaptive_filtered,2048,256,1154,638,-0.9347890519753332,0.006434981717928556,0.00468718176919525,1.0
2.2,ideal,70,uniform_raw,2048,0,1024,1024,-0.9405309946987632,0.0006930389944985738,0.003671596511653428,1.0
2.2,ideal,70,uniform_filtered,2048,0,1024,1024,-0.9405309946987632,0.0006930389944985738,0.003671596511653428,1.0
2.2,ideal,70,adaptive_filtered,2048,256,908,884,-0.938649045696097,0.0025749879971648237,0.003908523476249108,1.0
2.2,ideal,71,uniform_raw,2048,0,1024,1024,-0.9403233233027857,0.0009007103904761227,0.003829231749654291,1.0
2.2,ideal,71,uniform_filtered,2048,0,1024,1024,-0.9403233233027857,0.0009007103904761227,0.003829231749654291,1.0
2.2,ideal,71,adaptive_filtered,2048,256,902,890,-0.9405287801144462,0.0006952535788156133,0.004196002377832718,1.0
2.2,ideal,72,uniform_raw,2048,0,1024,1024,-0.9490878093781774,-0.007863775684915586,0.003187112512157658,1.0
2.2,ideal,72,uniform_filtered,2048,0,1024,1024,-0.9490878093781774,-0.007863775684915586,0.003187112512157658,1.0
2.2,ideal,72,adaptive_filtered,2048,256,869,923,-0.9456033527423715,-0.004379319049109709,0.003788921336486543,1.0
2.2,ideal,73,uniform_raw,2048,0,1024,1024,-0.9436506315371307,-0.002426597843868894,0.0036163049246206265,1.0
2.2,ideal,73,uniform_filtered,2048,0,1024,1024,-0.9436506315371307,-0.002426597843868894,0.0036163049246206265,1.0
2.2,ideal,73,adaptive_filtered,2048,256,834,958,-0.9452354078014049,-0.004011374108143118,0.0037811117746833094,1.0
2.2,ideal,74,uniform_raw,2048,0,1024,1024,-0.9426200177339181,-0.0013959840406563284,0.0035913970506111816,1.0
2.2,ideal,74,uniform_filtered,2048,0,1024,1024,-0.9426200177339181,-0.0013959840406563284,0.0035913970506111816,1.0
2.2,ideal,74,adaptive_filtered,2048,256,1001,791,-0.939802460281481,0.001421573411780841,0.004217289643905736,1.0
2.2,ideal,75,uniform_raw,2048,0,1024,1024,-0.9406969729516468,0.0005270607416150153,0.003702467463019495,1.0
2.2,ideal,75,uniform_filtered,2048,0,1024,1024,-0.9406969729516468,0.0005270607416150153,0.003702467463019495,1.0
2.2,ideal,75,adaptive_filtered,2048,256,1003,789,-0.9447607170556667,-0.003536683362404869,0.003673033654548157,1.0
2.2,ideal,76,uniform_raw,2048,0,1024,1024,-0.9375217452558207,0.003702288437441137,0.00399635319659162,1.0
2.2,ideal,76,uniform_filtered,2048,0,1024,1024,-0.9375217452558207,0.003702288437441137,0.00399635319659162,1.0
2.2,ideal,76,adaptive_filtered,2048,256,1664,128,-0.9423001720555906,-0.0010761383623287823,0.007515183795905022,1.0
2.2,ideal,77,uniform_raw,2048,0,1024,1024,-0.9464452607269134,-0.0052212270336515765,0.003460796803817038,1.0
2.2,ideal,77,uniform_filtered,2048,0,1024,1024,-0.9464452607269134,-0.0052212270336515765,0.003460796803817038,1.0
2.2,ideal,77,adaptive_filtered,2048,256,837,955,-0.9485168197244238,-0.007292786031162013,0.003605774560425133,1.0
2.2,ideal,78,uniform_raw,2048,0,1024,1024,-0.9432978284598166,-0.002073794766554782,0.003651286248279495,1.0
2.2,ideal,78,uniform_filtered,2048,0,1024,1024,-0.9432978284598166,-0.002073794766554782,0.003651286248279495,1.0
2.2,ideal,78,adaptive_filtered,2048,256,899,893,-0.9461875070322756,-0.004963473339013813,0.003881182429461101,1.0
2.2,ideal,79,uniform_raw,2048,0,1024,1024,-0.9405170969843986,0.0007069367088632372,0.0037353591802997484,1.0
2.2,ideal,79,uniform_filtered,2048,0,1024,1024,-0.9405170969843986,0.0007069367088632372,0.0037353591802997484,1.0
2.2,ideal,79,adaptive_filtered,2048,256,856,936,-0.943066893392217,-0.001842859698955257,0.0040180672944626575,1.0
2.2,ideal,80,uniform_raw,2048,0,1024,1024,-0.9404962504128516,0.0007277832804102324,0.0038279681527819656,1.0
2.2,ideal,80,uniform_filtered,2048,0,1024,1024,-0.9404962504128516,0.0007277832804102324,0.0038279681527819656,1.0
2.2,ideal,80,adaptive_filtered,2048,256,910,882,-0.9437166797557264,-0.0024926460624645763,0.004031371408271778,1.0
2.2,ideal,81,uniform_raw,2048,0,1024,1024,-0.9387878258837403,0.0024362078095214734,0.003747235227423719,1.0
2.2,ideal,81,uniform_filtered,2048,0,1024,1024,-0.9387878258837403,0.0024362078095214734,0.003747235227423719,1.0
2.2,ideal,81,adaptive_filtered,2048,256,1154,638,-0.9323339065929082,0.00889012710035364,0.004698947943747654,1.0
2.2,ideal,82,uniform_raw,2048,0,1024,1024,-0.9396385637197047,0.0015854699735571298,0.003803662166012063,1.0
2.2,ideal,82,uniform_filtered,2048,0,1024,1024,-0.9396385637197047,0.0015854699735571298,0.003803662166012063,1.0
2.2,ideal,82,adaptive_filtered,2048,256,1156,636,-0.9427666288097074,-0.0015425951164456109,0.0038282937077268224,1.0
2.2,ideal,83,uniform_raw,2048,0,1024,1024,-0.9349695317479274,0.00625450194533439,0.0038335282664121693,1.0
2.2,ideal,83,uniform_filtered,2048,0,1024,1024,-0.9349695317479274,0.00625450194533439,0.0038335282664121693,1.0
2.2,ideal,83,adaptive_filtered,2048,256,985,807,-0.9453726822543678,-0.004148648561105972,0.003905864431725525,1.0
2.2,ideal,84,uniform_raw,2048,0,1024,1024,-0.9410775714576902,0.00014646223557157612,0.0035353367630608047,1.0
2.2,ideal,84,uniform_filtered,2048,0,1024,1024,-0.9410775714576902,0.00014646223557157612,0.0035353367630608047,1.0
2.2,ideal,84,adaptive_filtered,2048,256,921,871,-0.9397515532642822,0.0014724804289796278,0.004116490812765843,1.0
2.2,ideal,85,uniform_raw,2048,0,1024,1024,-0.9420803898321735,-0.0008563561389116625,0.0036924112008229364,1.0
2.2,ideal,85,uniform_filtered,2048,0,1024,1024,-0.9420803898321735,-0.0008563561389116625,0.0036924112008229364,1.0
2.2,ideal,85,adaptive_filtered,2048,256,999,793,-0.9401358492960845,0.001088184397177283,0.0040172158804639944,1.0
2.2,ideal,86,uniform_raw,2048,0,1024,1024,-0.9464313630125485,-0.005207329319286691,0.003528192252152207,1.0
2.2,ideal,86,uniform_filtered,2048,0,1024,1024,-0.9464313630125485,-0.005207329319286691,0.003528192252152207,1.0
2.2,ideal,86,adaptive_filtered,2048,256,725,1067,-0.9483150409911678,-0.007091007297906016,0.0038301158234644228,1.0
2.2,ideal,87,uniform_raw,2048,0,1024,1024,-0.9457188080007382,-0.004494774307476357,0.0036317317611723,1.0
2.2,ideal,87,uniform_filtered,2048,0,1024,1024,-0.9457188080007382,-0.004494774307476357,0.0036317317611723,1.0
2.2,ideal,87,adaptive_filtered,2048,256,991,801,-0.9446980601402066,-0.0034740264469448334,0.0036604968823635143,1.0
2.2,ideal,88,uniform_raw,2048,0,1024,1024,-0.941015031743049,0.00020900195021278378,0.0038241289935917696,1.0
2.2,ideal,88,uniform_filtered,2048,0,1024,1024,-0.941015031743049,0.00020900195021278378,0.0038241289935917696,1.0
2.2,ideal,88,adaptive_filtered,2048,256,1664,128,-0.9349526558886874,0.0062713778045744295,0.009479970957644093,1.0
2.2,ideal,89,uniform_raw,2048,0,1024,1024,-0.9438235586471964,-0.002599524953934562,0.0036149588145737367,1.0
2.2,ideal,89,uniform_filtered,2048,0,1024,1024,-0.9438235586471964,-0.002599524953934562,0.0036149588145737367,1.0
2.2,ideal,89,adaptive_filtered,2048,256,1003,789,-0.9387486675915429,0.0024753661017189454,0.004083529687825425,1.0
2.2,ideal,90,uniform_raw,2048,0,1024,1024,-0.9458778373964392,-0.004653803703177362,0.0036932746610788495,1.0
2.2,ideal,90,uniform_filtered,2048,0,1024,1024,-0.9458778373964392,-0.004653803703177362,0.0036932746610788495,1.0
2.2,ideal,90,adaptive_filtered,2048,256,837,955,-0.9358981262215693,0.0053259074716924815,0.004060928762588263,1.0
2.2,ideal,91,uniform_raw,2048,0,1024,1024,-0.940717819523194,0.000506214170067798,0.003604935677267269,1.0
2.2,ideal,91,uniform_filtered,2048,0,1024,1024,-0.940717819523194,0.000506214170067798,0.003604935677267269,1.0
2.2,ideal,91,adaptive_filtered,2048,256,854,938,-0.9425283363719872,-0.0013043026787253886,0.0036962486693105077,1.0
2.2,ideal,92,uniform_raw,2048,0,1024,1024,-0.9424331929094873,-0.0012091592162255527,0.003657865090663495,1.0
2.2,ideal,92,uniform_filtered,2048,0,1024,1024,-0.9424331929094873,-0.0012091592162255527,0.003657865090663495,1.0
2.2,ideal,92,adaptive_filtered,2048,256,921,871,-0.9411799797443268,4.405394893503001e-05,0.004026277886925318,1.0
2.2,ideal,93,uniform_raw,2048,0,1024,1024,-0.9441694128673281,-0.0029453791740663426,0.0036122408126745406,1.0
2.2,ideal,93,uniform_filtered,2048,0,1024,1024,-0.9441694128673281,-0.0029453791740663426,0.0036122408126745406,1.0
2.2,ideal,93,adaptive_filtered,2048,256,878,914,-0.9404668185137657,0.0007572151794961179,0.0038740044558078332,1.0
2.2,ideal,94,uniform_raw,2048,0,1024,1024,-0.9440034346144446,-0.002779400921182784,0.003580898285291913,1.0
2.2,ideal,94,uniform_filtered,2048,0,1024,1024,-0.9440034346144446,-0.002779400921182784,0.003580898285291913,1.0
2.2,ideal,94,adaptive_filtered,2048,256,924,868,-0.9383958289106862,0.0028282047825756162,0.003925049095642038,1.0
2.2,ideal,95,uniform_raw,2048,0,1024,1024,-0.9384350228064262,0.0027890108868355856,0.0037809379174267195,1.0
2.2,ideal,95,uniform_filtered,2048,0,1024,1024,-0.9384350228064262,0.0027890108868355856,0.0037809379174267195,1.0
2.2,ideal,95,adaptive_filtered,2048,256,1150,642,-0.9379820252781987,0.003242008415063058,0.004449758935637386,1.0
2.2,ideal,96,uniform_raw,2048,0,1024,1024,-0.9359584524080458,0.005265581285216037,0.004035509159070847,1.0
2.2,ideal,96,uniform_filtered,2048,0,1024,1024,-0.9359584524080458,0.005265581285216037,0.004035509159070847,1.0
2.2,ideal,96,adaptive_filtered,2048,256,1664,128,-0.9515631885186078,-0.010339154825345975,0.004680438618964963,1.0
2.2,ideal,97,uniform_raw,2048,0,1024,1024,-0.9391197823895072,0.0021042513037545785,0.003807268603048412,1.0
2.2,ideal,97,uniform_filtered,2048,0,1024,1024,-0.9391197823895072,0.0021042513037545785,0.003807268603048412,1.0
2.2,ideal,97,adaptive_filtered,2048,256,978,814,-0.9412123561255803,1.1677567681500634e-05,0.004022050224640342,1.0
2.2,ideal,98,uniform_raw,2048,0,1024,1024,-0.9448472235932266,-0.003623189899964796,0.003670687390275893,1.0
2.2,ideal,98,uniform_filtered,2048,0,1024,1024,-0.9448472235932266,-0.003623189899964796,0.003670687390275893,1.0
2.2,ideal,98,adaptive_filtered,2048,256,982,810,-0.9428533379452431,-0.0016293042519812673,0.003718115963362198,1.0
2.2,ideal,99,uniform_raw,2048,0,1024,1024,-0.9411949077102972,2.9125982964561814e-05,0.0037924060762871904,1.0
2.2,ideal,99,uniform_filtered,2048,0,1024,1024,-0.9411949077102972,2.9125982964561814e-05,0.0037924060762871904,1.0
2.2,ideal,99,adaptive_filtered,2048,256,978,814,-0.941086592208225,0.00013744148503680442,0.003927483209734671,1.0
2.2,ideal,100,uniform_raw,2048,0,1024,1024,-0.9399913667970188,0.0012326668962430176,0.0037703118137447206,1.0
2.2,ideal,100,uniform_filtered,2048,0,1024,1024,-0.9399913667970188,0.0012326668962430176,0.0037703118137447206,1.0
2.2,ideal,100,adaptive_filtered,2048,256,994,798,-0.9387766125757318,0.0024474211175300464,0.004162317239690194,1.0
2.2,ideal,101,uniform_raw,2048,0,1024,1024,-0.9417275867548593,-0.0005035530615975503,0.0037265567366191296,1.0
2.2,ideal,101,uniform_filtered,2048,0,1024,1024,-0.9417275867548593,-0.0005035530615975503,0.0037265567366191296,1.0
2.2,ideal,101,adaptive_filtered,2048,256,858,934,-0.9389230661693893,0.0023009675238725436,0.004121658061305425,1.0
2.2,ideal,102,uniform_raw,2048,0,1024,1024,-0.9414095279634573,-0.00018549427019554088,0.0036001321068112133,1.0
2.2,ideal,102,uniform_filtered,2048,0,1024,1024,-0.9414095279634573,-0.00018549427019554088,0.0036001321068112133,1.0
2.2,ideal,102,adaptive_filtered,2048,256,919,873,-0.9395787113216789,0.0016453223715828802,0.003995163026890716,1.0
2.2,ideal,103,uniform_raw,2048,0,1024,1024,-0.9434429601411529,-0.002218926447891123,0.003774980890467321,1.0
2.2,ideal,103,uniform_filtered,2048,0,1024,1024,-0.9434429601411529,-0.002218926447891123,0.003774980890467321,1.0
2.2,ideal,103,adaptive_filtered,2048,256,856,936,-0.9391161019568277,0.0021079317364340877,0.0038729521051470987,1.0
2.2,ideal,104,uniform_raw,2048,0,1024,1024,-0.9404962504128516,0.0007277832804102324,0.0038279681527819656,1.0
2.2,ideal,104,uniform_filtered,2048,0,1024,1024,-0.9404962504128516,0.0007277832804102324,0.0038279681527819656,1.0
2.2,ideal,104,adaptive_filtered,2048,256,890,902,-0.9413632413023894,-0.00013920760912755625,0.004101291998127171,1.0
2.2,ideal,105,uniform_raw,2048,0,1024,1024,-0.942585273448006,-0.0013612397547442256,0.0037511323502382437,1.0
2.2,ideal,105,uniform_filtered,2048,0,1024,1024,-0.942585273448006,-0.0013612397547442256,0.0037511323502382437,1.0
2.2,ideal,105,adaptive_filtered,2048,256,770,1022,-0.939779626507949,0.0014444071853128015,0.004228872323137622,1.0
2.2,ideal,106,uniform_raw,2048,0,1024,1024,-0.9406205355226407,0.0006034981706211084,0.00402981281951694,1.0
2.2,ideal,106,uniform_filtered,2048,0,1024,1024,-0.9406205355226407,0.0006034981706211084,0.00402981281951694,1.0
2.2,ideal,106,adaptive_filtered,2048,256,1006,786,-0.9373728191463162,0.0038512145469455916,0.004291757859006121,1.0
2.2,ideal,107,uniform_raw,2048,0,1024,1024,-0.9323617273825751,0.00886230631068674,0.0039095374612018565,1.0
2.2,ideal,107,uniform_filtered,2048,0,1024,1024,-0.9323617273825751,0.00886230631068674,0.0039095374612018565,1.0
2.2,ideal,107,adaptive_filtered,2048,256,710,1082,-0.9402902774373807,0.0009337562558811019,0.004095436941488898,1.0
2.2,ideal,108,uniform_raw,2048,0,1024,1024,-0.940192089335814,0.0010319443574478004,0.003641437302674694,1.0
2.2,ideal,108,uniform_filtered,2048,0,1024,1024,-0.940192089335814,0.0010319443574478004,0.003641437302674694,1.0
2.2,ideal,108,adaptive_filtered,2048,256,776,1016,-0.9380594058471321,0.0031646278461296973,0.0040833216789634705,1.0
2.2,ideal,109,uniform_raw,2048,0,1024,1024,-0.9398184396869529,0.0014055940063089079,0.003771524972792643,1.0
2.2,ideal,109,uniform_filtered,2048,0,1024,1024,-0.9398184396869529,0.0014055940063089079,0.003771524972792643,1.0
2.2,ideal,109,adaptive_filtered,2048,256,913,879,-0.9355147692297212,0.0057092644635405865,0.004095495213728821,1.0
2.2,ideal,110,uniform_raw,2048,0,1024,1024,-0.935315385968059,0.005908647725202831,0.0038315146818933042,1.0
2.2,ideal,110,uniform_filtered,2048,0,1024,1024,-0.935315385968059,0.005908647725202831,0.0038315146818933042,1.0
2.2,ideal,110,adaptive_filtered,2048,256,915,877,-0.9484967180654931,-0.007272684372231275,0.0038753181288900475,1.0
2.2,ideal,111,uniform_raw,2048,0,1024,1024,-0.9462514870453005,-0.005027453352038691,0.0035626520236408574,1.0
2.2,ideal,111,uniform_filtered,2048,0,1024,1024,-0.9462514870453005,-0.005027453352038691,0.0035626520236408574,1.0
2.2,ideal,111,adaptive_filtered,2048,256,908,884,-0.9395762747644463,0.0016477589288155237,0.0039832442009198835,1.0
2.2,ideal,112,uniform_raw,2048,0,1024,1024,-0.9365328245957021,0.004691209097559712,0.003793037327538367,1.0
2.2,ideal,112,uniform_filtered,2048,0,1024,1024,-0.9365328245957021,0.004691209097559712,0.003793037327538367,1.0
2.2,ideal,112,adaptive_filtered,2048,256,850,942,-0.9436715928941868,-0.002447559200924987,0.0036484381087430284,1.0
2.2,ideal,113,uniform_raw,2048,0,1024,1024,-0.9399774690826539,0.0012465646106079031,0.0038317348070403823,1.0
2.2,ideal,113,uniform_filtered,2048,0,1024,1024,-0.9399774690826539,0.0012465646106079031,0.0038317348070403823,1.0
2.2,ideal,113,adaptive_filtered,2048,256,859,933,-0.9427699609109477,-0.0015459272176858718,0.0039887198172698785,1.0
2.2,ideal,114,uniform_raw,2048,0,1024,1024,-0.9415407619304288,-0.0003167282371669966,0.0037898153391883456,1.0
2.2,ideal,114,uniform_filtered,2048,0,1024,1024,-0.9415407619304288,-0.0003167282371669966,0.0037898153391883456,1.0
2.2,ideal,114,adaptive_filtered,2048,256,915,877,-0.9388747146138334,0.002349319079428369,0.0043376737761006146,1.0
2.2,ideal,115,uniform_raw,2048,0,1024,1024,-0.9459056328251687,-0.004681599131906911,0.003565555400844155,1.0
2.2,ideal,115,uniform_filtered,2048,0,1024,1024,-0.9459056328251687,-0.004681599131906911,0.003565555400844155,1.0
2.2,ideal,115,adaptive_filtered,2048,256,899,893,-0.9408334614460474,0.00039057224721439354,0.004041940657927484,1.0
2.2,ideal,116,uniform_raw,2048,0,1024,1024,-0.9446742964831609,-0.003450262789899128,0.0036721085971120303,1.0
2.2,ideal,116,uniform_filtered,2048,0,1024,1024,-0.9446742964831609,-0.003450262789899128,0.0036721085971120303,1.0
2.2,ideal,116,adaptive_filtered,2048,256,797,995,-0.9423791882493582,-0.0011551545560963827,0.003962718171704481,1.0
2.2,ideal,117,uniform_raw,2048,0,1024,1024,-0.9398253885441352,0.0013986451491265761,0.0037402079111261287,1.0
2.2,ideal,117,uniform_filtered,2048,0,1024,1024,-0.9398253885441352,0.0013986451491265761,0.0037402079111261287,1.0
2.2,ideal,117,adaptive_filtered,2048,256,1139,653,-0.950802149494983,-0.009578115801721188,0.0037298020680669158,1.0
2.2,ideal,118,uniform_raw,2048,0,1024,1024,-0.9385871033449449,0.0026369303483169126,0.003871670185572333,1.0
2.2,ideal,118,uniform_filtered,2048,0,1024,1024,-0.9385871033449449,0.0026369303483169126,0.003871670185572333,1.0
2.2,ideal,118,adaptive_filtered,2048,256,999,793,-0.940727900476042,0.0004961332172197519,0.00411144769869025,1.0
2.2,ideal,119,uniform_raw,2048,0,1024,1024,-0.9386635407739512,0.0025604929193105974,0.003516413253923943,1.0
2.2,ideal,119,uniform_filtered,2048,0,1024,1024,-0.9386635407739512,0.0025604929193105974,0.003516413253923943,1.0
2.2,ideal,119,adaptive_filtered,2048,256,958,834,-0.9384460298363149,0.002778003856946931,0.004349721968389753,1.0
2.2,ideal,120,uniform_raw,2048,0,1024,1024,-0.9405170969843986,0.0007069367088632372,0.0037353591802997484,1.0
2.2,ideal,120,uniform_filtered,2048,0,1024,1024,-0.9405170969843986,0.0007069367088632372,0.0037353591802997484,1.0
2.2,ideal,120,adaptive_filtered,2048,256,991,801,-0.9350754988353249,0.0061485348579368715,0.004179023174334139,1.0
2.2,ideal,121,uniform_raw,2048,0,1024,1024,-0.934063203054504,0.007160830638757831,0.004018818816075368,1.0
2.2,ideal,121,uniform_filtered,2048,0,1024,1024,-0.934063203054504,0.007160830638757831,0.004018818816075368,1.0
2.2,ideal,121,adaptive_filtered,2048,256,1006,786,-0.9373153266056977,0.003908707087564078,0.004147926067822829,1.0
2.2,ideal,122,uniform_raw,2048,0,1024,1024,-0.9375703872560972,0.0036536464371645927,0.0037865582409778898,1.0
2.2,ideal,122,uniform_filtered,2048,0,1024,1024,-0.9375703872560972,0.0036536464371645927,0.0037865582409778898,1.0
2.2,ideal,122,adaptive_filtered,2048,256,991,801,-0.9417376061929326,-0.0005135724996707669,0.0039922314324812806,1.0
2.2,ideal,123,uniform_raw,2048,0,1024,1024,-0.9342708744504817,0.00695315924278006,0.0038684403362836384,1.0
2.2,ideal,123,uniform_filtered,2048,0,1024,1024,-0.9342708744504817,0.00695315924278006,0.0038684403362836384,1.0
2.2,ideal,123,adaptive_filtered,2048,256,813,979,-0.9393171137755367,0.0019069199177250695,0.004024160945245657,1.0
2.2,ideal,124,uniform_raw,2048,0,1024,1024,-0.9407247683803763,0.0004992653128854663,0.0035715347074123747,1.0
2.2,ideal,124,uniform_filtered,2048,0,1024,1024,-0.9407247683803763,0.0004992653128854663,0.0035715347074123747,1.0
2.2,ideal,124,adaptive_filtered,2048,256,762,1030,-0.9380220768601628,0.0032019568330989845,0.004082017751684498,1.0
2.2,ideal,125,uniform_raw,2048,0,1024,1024,-0.9391545266754191,0.0020695070178426977,0.0036483183547651745,1.0
2.2,ideal,125,uniform_filtered,2048,0,1024,1024,-0.9391545266754191,0.0020695070178426977,0.0036483183547651745,1.0
2.2,ideal,125,adaptive_filtered,2048,256,921,871,-0.9344506555046317,0.006773378188630108,0.004071432088459972,1.0
2.2,ideal,126,uniform_raw,2048,0,1024,1024,-0.9492120944879665,-0.00798806079470471,0.0034366571128118697,1.0
2.2,ideal,126,uniform_filtered,2048,0,1024,1024,-0.9492120944879665,-0.00798806079470471,0.0034366571128118697,1.0
2.2,ideal,126,adaptive_filtered,2048,256,864,928,-0.9442940452061073,-0.003070011512845472,0.0035621958555059107,1.0
2.2,ideal,127,uniform_raw,2048,0,1024,1024,-0.9442180548676047,-0.002994021174342887,0.0033734254554788103,1.0
2.2,ideal,127,uniform_filtered,2048,0,1024,1024,-0.9442180548676047,-0.002994021174342887,0.0033734254554788103,1.0
2.2,ideal,127,adaptive_filtered,2048,256,908,884,-0.942819800004328,-0.0015957663110661713,0.004074620565226104,1.0
2.2,ideal,128,uniform_raw,2048,0,1024,1024,-0.9415894039307053,-0.0003653702374435408,0.003565575463984562,1.0
2.2,ideal,128,uniform_filtered,2048,0,1024,1024,-0.9415894039307053,-0.0003653702374435408,0.003565575463984562,1.0
2.2,ideal,128,adaptive_filtered,2048,256,999,793,-0.9402262802970685,0.000997753396193346,0.004162819837670842,1.0
2.2,ideal,129,uniform_raw,2048,0,1024,1024,-0.9481814806847539,-0.006957446991492144,0.003411663154462899,1.0
2.2,ideal,129,uniform_filtered,2048,0,1024,1024,-0.9481814806847539,-0.006957446991492144,0.003411663154462899,1.0
2.2,ideal,129,adaptive_filtered,2048,256,681,1111,-0.9433243029564091,-0.002100269263147325,0.003964183363318012,1.0
2.2,ideal,130,uniform_raw,2048,0,1024,1024,-0.9421081852609028,-0.0008841515676409895,0.0035618966532111286,1.0
2.2,ideal,130,uniform_filtered,2048,0,1024,1024,-0.9421081852609028,-0.0008841515676409895,0.0035618966532111286,1.0
2.2,ideal,130,adaptive_filtered,2048,256,899,893,-0.9493987434166107,-0.008174709723348883,0.003647705909839407,1.0
2.2,ideal,131,uniform_raw,2048,0,1024,1024,-0.9433047773169989,-0.0020807436237371135,0.0036189714108579014,1.0
2.2,ideal,131,uniform_filtered,2048,0,1024,1024,-0.9433047773169989,-0.0020807436237371135,0.0036189714108579014,1.0
2.2,ideal,131,adaptive_filtered,2048,256,971,821,-0.948146611136808,-0.006922577443546185,0.0035614615667568005,1.0
2.2,ideal,132,uniform_raw,2048,0,1024,1024,-0.9422324703706921,-0.0010084366774303355,0.003784535858654165,1.0
2.2,ideal,132,uniform_filtered,2048,0,1024,1024,-0.9422324703706921,-0.0010084366774303355,0.003784535858654165,1.0
2.2,ideal,132,adaptive_filtered,2048,256,902,890,-0.9437973297552786,-0.002573296062016839,0.0038648988031810636,1.0
2.2,ideal,133,uniform_raw,2048,0,1024,1024,-0.9492259922023314,-0.008001958509069595,0.0033676300881411887,1.0
2.2,ideal,133,uniform_filtered,2048,0,1024,1024,-0.9492259922023314,-0.008001958509069595,0.0033676300881411887,1.0
2.2,ideal,133,adaptive_filtered,2048,256,1160,632,-0.9405155838906478,0.0007084498026139752,0.004100150460060188,1.0
2.2,ideal,134,uniform_raw,2048,0,1024,1024,-0.9420734409749911,-0.0008494072817293308,0.003723967285902225,1.0
2.2,ideal,134,uniform_filtered,2048,0,1024,1024,-0.9420734409749911,-0.0008494072817293308,0.003723967285902225,1.0
2.2,ideal,134,adaptive_filtered,2048,256,840,952,-0.9430076964542795,-0.0017836627610177125,0.0036546888173372644,1.0
2.2,ideal,135,uniform_raw,2048,0,1024,1024,-0.9393135560711201,0.001910477622141693,0.0037119925277896457,1.0
2.2,ideal,135,uniform_filtered,2048,0,1024,1024,-0.9393135560711201,0.001910477622141693,0.0037119925277896457,1.0
2.2,ideal,135,adaptive_filtered,2048,256,786,1006,-0.936834511569512,0.004389522123749767,0.004123924334109135,1.0
2.2,ideal,136,uniform_raw,2048,0,1024,1024,-0.9415755062163407,-0.00035147252307887733,0.0036317915855746735,1.0
2.2,ideal,136,uniform_filtered,2048,0,1024,1024,-0.9415755062163407,-0.00035147252307887733,0.0036317915855746735,1.0
2.2,ideal,136,adaptive_filtered,2048,256,834,958,-0.9436118433341971,-0.0023878096409353233,0.003830444260613083,1.0
2.2,ideal,137,uniform_raw,2048,0,1024,1024,-0.945732705715103,-0.004508672021841242,0.0035669939107842493,1.0
2.2,ideal,137,uniform_filtered,2048,0,1024,1024,-0.945732705715103,-0.004508672021841242,0.0035669939107842493,1.0
2.2,ideal,137,adaptive_filtered,2048,256,845,947,-0.9428071592820431,-0.0015831255887812645,0.004077533669567727,1.0
2.2,ideal,138,uniform_raw,2048,0,1024,1024,-0.9396524614340696,0.0015715722591922443,0.003741399579608121,1.0
2.2,ideal,138,uniform_filtered,2048,0,1024,1024,-0.9396524614340696,0.0015715722591922443,0.003741399579608121,1.0
2.2,ideal,138,adaptive_filtered,2048,256,778,1014,-0.9372827599696485,0.003941273723613303,0.0040025121719906385,1.0
2.2,ideal,139,uniform_raw,2048,0,1024,1024,-0.9373488181457548,0.003875215547507027,0.003997548944029135,1.0
2.2,ideal,139,uniform_filtered,2048,0,1024,1024,-0.9373488181457548,0.003875215547507027,0.003997548944029135,1.0
2.2,ideal,139,adaptive_filtered,2048,256,1012,780,-0.9433094480221504,-0.002085414328888646,0.0039149292353891476,1.0
2.2,ideal,140,uniform_raw,2048,0,1024,1024,-0.9351355100008107,0.006088523692451053,0.0038634309814638244,1.0
2.2,ideal,140,uniform_filtered,2048,0,1024,1024,-0.9351355100008107,0.006088523692451053,0.0038634309814638244,1.0
2.2,ideal,140,adaptive_filtered,2048,256,988,804,-0.9429908738170802,-0.0017668401238184472,0.003928969914778303,1.0
2.2,ideal,141,uniform_raw,2048,0,1024,1024,-0.9389329575650767,0.002291076128185132,0.003869268511768196,1.0
2.2,ideal,141,uniform_filtered,2048,0,1024,1024,-0.9389329575650767,0.002291076128185132,0.003869268511768196,1.0
2.2,ideal,141,adaptive_filtered,2048,256,1154,638,-0.9400812978302195,0.0011427358630422546,0.0038379403400414253,1.0
2.2,ideal,142,uniform_raw,2048,0,1024,1024,-0.9354674665065779,0.005756567186683936,0.003921988222536348,1.0
2.2,ideal,142,uniform_filtered,2048,0,1024,1024,-0.9354674665065779,0.005756567186683936,0.003921988222536348,1.0
2.2,ideal,142,adaptive_filtered,2048,256,802,990,-0.9452035203466049,-0.003979486653343134,0.003844214568551397,1.0
2.2,ideal,143,uniform_raw,2048,0,1024,1024,-0.9440312300431741,-0.002807196349912333,0.0034454257584189676,1.0
2.2,ideal,143,uniform_filtered,2048,0,1024,1024,-0.9440312300431741,-0.002807196349912333,0.0034454257584189676,1.0
2.2,ideal,143,adaptive_filtered,2048,256,1015,777,-0.9359714689367313,0.0052525647565304645,0.00432215155046633,1.0
2.2,ideal,144,uniform_raw,2048,0,1024,1024,-0.9403233233027857,0.0009007103904761227,0.003829231749654291,1.0
2.2,ideal,144,uniform_filtered,2048,0,1024,1024,-0.9403233233027857,0.0009007103904761227,0.003829231749654291,1.0
2.2,ideal,144,adaptive_filtered,2048,256,783,1009,-0.9446028293113424,-0.0033787956180806322,0.0037888175968223987,1.0
2.2,ideal,145,uniform_raw,2048,0,1024,1024,-0.9392996583567554,0.0019243753365063565,0.0037751156519322524,1.0
2.2,ideal,145,uniform_filtered,2048,0,1024,1024,-0.9392996583567554,0.0019243753365063565,0.0037751156519322524,1.0
2.2,ideal,145,adaptive_filtered,2048,256,843,949,-0.9441950616092682,-0.0029710279160064523,0.003965015557207808,1.0
2.2,ideal,146,uniform_raw,2048,0,1024,1024,-0.9392718629280259,0.0019521707652359055,0.0038966548772924616,1.0
2.2,ideal,146,uniform_filtered,2048,0,1024,1024,-0.9392718629280259,0.0019521707652359055,0.0038966548772924616,1.0
2.2,ideal,146,adaptive_filtered,2048,256,840,952,-0.9463505300801651,-0.005126496386903323,0.003942523671798179,1.0
2.2,ideal,147,uniform_raw,2048,0,1024,1024,-0.938780877026558,0.002443156666703805,0.003778633295811762,1.0
2.2,ideal,147,uniform_filtered,2048,0,1024,1024,-0.938780877026558,0.002443156666703805,0.003778633295811762,1.0
2.2,ideal,147,adaptive_filtered,2048,256,896,896,-0.9486409273303864,-0.007416893637124611,0.003695252833301711,1.0
2.2,ideal,148,uniform_raw,2048,0,1024,1024,-0.9386148987736744,0.0026091349195873637,0.003748377871552618,1.0
2.2,ideal,148,uniform_filtered,2048,0,1024,1024,-0.9386148987736744,0.0026091349195873637,0.003748377871552618,1.0
2.2,ideal,148,adaptive_filtered,2048,256,978,814,-0.9414411284202513,-0.0002170947269894974,0.0037754303532565423,1.0
2.2,ideal,149,uniform_raw,2048,0,1024,1024,-0.9386079499164921,0.0026160837767696954,0.0037797896490794234,1.0
2.2,ideal,149,uniform_filtered,2048,0,1024,1024,-0.9386079499164921,0.0026160837767696954,0.0037797896490794234,1.0
2.2,ideal,149,adaptive_filtered,2048,256,908,884,-0.9474727726138381,-0.006248738920576313,0.003755408406977271,1.0
2.2,ideal,150,uniform_raw,2048,0,1024,1024,-0.9421151341180853,-0.0008911004248235432,0.003528135950436282,1.0
2.2,ideal,150,uniform_filtered,2048,0,1024,1024,-0.9421151341180853,-0.0008911004248235432,0.003528135950436282,1.0
2.2,ideal,150,adaptive_filtered,2048,256,1146,646,-0.9308647117217428,0.010359321971519009,0.004861617860467379,1.0
2.2,ideal,151,uniform_raw,2048,0,1024,1024,-0.941015031743049,0.00020900195021278378,0.0038241289935917696,1.0
2.2,ideal,151,uniform_filtered,2048,0,1024,1024,-0.941015031743049,0.00020900195021278378,0.0038241289935917696,1.0
2.2,ideal,151,adaptive_filtered,2048,256,1146,646,-0.9429344765406567,-0.0017104428473948552,0.003883629924972864,1.0
2.2,ideal,152,uniform_raw,2048,0,1024,1024,-0.9407108706660114,0.0005131630272503518,0.00363788342111728,1.0
2.2,ideal,152,uniform_filtered,2048,0,1024,1024,-0.9407108706660114,0.0005131630272503518,0.00363788342111728,1.0
2.2,ideal,152,adaptive_filtered,2048,256,854,938,-0.9507891077109851,-0.00956507401772333,0.003422717969228359,1.0
2.2,ideal,153,uniform_raw,2048,0,1024,1024,-0.9441416174385986,-0.0029175837453367937,0.003738733148400009,1.0
2.2,ideal,153,uniform_filtered,2048,0,1024,1024,-0.9441416174385986,-0.0029175837453367937,0.003738733148400009,1.0
2.2,ideal,153,adaptive_filtered,2048,256,1165,627,-0.9403236253001073,0.0009004083931545281,0.004036208334978302,1.0
2.2,ideal,154,uniform_raw,2048,0,1024,1024,-0.942813791415531,-0.0015897577222692139,0.003488973499432212,1.0
2.2,ideal,154,uniform_filtered,2048,0,1024,1024,-0.942813791415531,-0.0015897577222692139,0.003488973499432212,1.0
2.2,ideal,154,adaptive_filtered,2048,256,797,995,-0.943142421101536,-0.0019183874082742136,0.003925311249426983,1.0
2.2,ideal,155,uniform_raw,2048,0,1024,1024,-0.9419213604364722,-0.0006973267432104358,0.0036292956086202955,1.0
2.2,ideal,155,uniform_filtered,2048,0,1024,1024,-0.9419213604364722,-0.0006973267432104358,0.0036292956086202955,1.0
2.2,ideal,155,adaptive_filtered,2048,256,878,914,-0.9423301004720586,-0.001106066778796766,0.00397203498006322,1.0
2.2,ideal,156,uniform_raw,2048,0,1024,1024,-0.9377294166517982,0.003494617041463588,0.003847224252554931,1.0
2.2,ideal,156,uniform_filtered,2048,0,1024,1024,-0.9377294166517982,0.003494617041463588,0.003847224252554931,1.0
2.2,ideal,156,adaptive_filtered,2048,256,985,807,-0.9420847524450211,-0.000860718751759304,0.0038812401904715094,1.0
2.2,ideal,157,uniform_raw,2048,0,1024,1024,-0.941015031743049,0.00020900195021278378,0.0038241289935917696,1.0
2.2,ideal,157,uniform_filtered,2048,0,1024,1024,-0.941015031743049,0.00020900195021278378,0.0038241289935917696,1.0
2.2,ideal,157,adaptive_filtered,2048,256,1146,646,-0.9444796542082605,-0.003255620514998725,0.00387406087349568,1.0
2.2,ideal,158,uniform_raw,2048,0,1024,1024,-0.9410636737433256,0.0001603599499362396,0.003602550920904628,1.0
2.2,ideal,158,uniform_filtered,2048,0,1024,1024,-0.9410636737433256,0.0001603599499362396,0.003602550920904628,1.0
2.2,ideal,158,adaptive_filtered,2048,256,1009,783,-0.9396980570748565,0.0015259766184052559,0.004038496646112152,1.0
2.2,ideal,159,uniform_raw,2048,0,1024,1024,-0.9383037888394545,0.0029202448538072634,0.0035870842717574958,1.0
2.2,ideal,159,uniform_filtered,2048,0,1024,1024,-0.9383037888394545,0.0029202448538072634,0.0035870842717574958,1.0
2.2,ideal,159,adaptive_filtered,2048,256,776,1016,-0.9402755836941439,0.0009484499991179174,0.004174426407070065,1.0
2.2,ideal,160,uniform_raw,2048,0,1024,1024,-0.9356612401881907,0.005562793505071051,0.0038294695055650467,1.0
2.2,ideal,160,uniform_filtered,2048,0,1024,1024,-0.9356612401881907,0.005562793505071051,0.0038294695055650467,1.0
2.2,ideal,160,adaptive_filtered,2048,256,764,1028,-0.9389161589310917,0.0023078747621700924,0.004047089611284886,1.0
2.2,ideal,161,uniform_raw,2048,0,1024,1024,-0.9445222159446423,-0.003298182251380455,0.003576818460488796,1.0
2.2,ideal,161,uniform_filtered,2048,0,1024,1024,-0.9445222159446423,-0.003298182251380455,0.003576818460488796,1.0
2.2,ideal,161,adaptive_filtered,2048,256,807,985,-0.9435440516689353,-0.002320017975673494,0.003985246872461343,1.0
2.2,ideal,162,uniform_raw,2048,0,1024,1024,-0.9397975931154057,0.001426440577856125,0.003863125378599129,1.0
2.2,ideal,162,uniform_filtered,2048,0,1024,1024,-0.9397975931154057,0.001426440577856125,0.003863125378599129,1.0
2.2,ideal,162,adaptive_filtered,2048,256,759,1033,-0.9428450420879331,-0.001621008394671275,0.0037222282195530127,1.0
2.2,ideal,163,uniform_raw,2048,0,1024,1024,-0.9415685573591583,-0.0003445236658965456,0.0036642326895307315,1.0
2.2,ideal,163,uniform_filtered,2048,0,1024,1024,-0.9415685573591583,-0.0003445236658965456,0.0036642326895307315,1.0
2.2,ideal,163,adaptive_filtered,2048,256,899,893,-0.9400694526056135,0.001154581087648321,0.003970738824584395,1.0
2.2,ideal,164,uniform_raw,2048,0,1024,1024,-0.9424609883382169,-0.0012369546449551017,0.0035256660836703027,1.0
2.2,ideal,164,uniform_filtered,2048,0,1024,1024,-0.9424609883382169,-0.0012369546449551017,0.0035256660836703027,1.0
2.2,ideal,164,adaptive_filtered,2048,256,789,1003,-0.9332357696031282,0.007988264090133645,0.004426461770025979,1.0
2.2,ideal,165,uniform_raw,2048,0,1024,1024,-0.9448611213075915,-0.0036370876143296815,0.003606701408356889,1.0
2.2,ideal,165,uniform_filtered,2048,0,1024,1024,-0.9448611213075915,-0.0036370876143296815,0.003606701408356889,1.0
2.2,ideal,165,adaptive_filtered,2048,256,994,798,-0.9449620945903361,-0.0037380608970742912,0.0038217620983208266,1.0
2.2,ideal,166,uniform_raw,2048,0,1024,1024,-0.9434777044270648,-0.0022536707338030038,0.0036176424535438664,1.0
2.2,ideal,166,uniform_filtered,2048,0,1024,1024,-0.9434777044270648,-0.0022536707338030038,0.0036176424535438664,1.0
2.2,ideal,166,adaptive_filtered,2048,256,754,1038,-0.9402759322722316,0.0009481014210301897,0.0040626879728579484,1.0
2.2,ideal,167,uniform_raw,2048,0,1024,1024,-0.9399635713682892,0.0012604623249725666,0.003891640528080139,1.0
2.2,ideal,167,uniform_filtered,2048,0,1024,1024,-0.9399635713682892,0.0012604623249725666,0.003891640528080139,1.0
2.2,ideal,167,adaptive_filtered,2048,256,848,944,-0.9388010217606029,0.002423011932658925,0.0042417938311707995,1.0
2.2,ideal,168,uniform_raw,2048,0,1024,1024,-0.9448472235932266,-0.003623189899964796,0.003670687390275893,1.0
2.2,ideal,168,uniform_filtered,2048,0,1024,1024,-0.9448472235932266,-0.003623189899964796,0.003670687390275893,1.0
2.2,ideal,168,adaptive_filtered,2048,256,902,890,-0.9418022941585467,-0.0005782604652848633,0.003960439961340179,1.0
2.2,ideal,169,uniform_raw,2048,0,1024,1024,-0.9429311276681378,-0.0017070939748760061,0.0037484351051412994,1.0
2.2,ideal,169,uniform_filtered,2048,0,1024,1024,-0.9429311276681378,-0.0017070939748760061,0.0037484351051412994,1.0
2.2,ideal,169,adaptive_filtered,2048,256,840,952,-0.936412561652995,0.004811472040266773,0.004313248752062874,1.0
2.2,ideal,170,uniform_raw,2048,0,1024,1024,-0.9436297849655835,-0.0024057512723216767,0.003711902610560092,1.0
2.2,ideal,170,uniform_filtered,2048,0,1024,1024,-0.9436297849655835,-0.0024057512723216767,0.003711902610560092,1.0
2.2,ideal,170,adaptive_filtered,2048,256,893,899,-0.9436898828062379,-0.002465849112976093,0.0040851127785744065,1.0
2.2,ideal,171,uniform_raw,2048,0,1024,1024,-0.9457118591435558,-0.004487825450294025,0.003663453400005111,1.0
2.2,ideal,171,uniform_filtered,2048,0,1024,1024,-0.9457118591435558,-0.004487825450294025,0.003663453400005111,1.0
2.2,ideal,171,adaptive_filtered,2048,256,1159,633,-0.9393056815848768,0.0019183521083849797,0.004333814434692457,1.0
2.2,ideal,172,uniform_raw,2048,0,1024,1024,-0.9419074627221076,-0.0006834290288457723,0.003693697429546649,1.0
2.2,ideal,172,uniform_filtered,2048,0,1024,1024,-0.9419074627221076,-0.0006834290288457723,0.003693697429546649,1.0
2.2,ideal,172,adaptive_filtered,2048,256,843,949,-0.9423473307067767,-0.001123297013514879,0.0037716209707444777,1.0
2.2,ideal,173,uniform_raw,2048,0,1024,1024,-0.9389468552794413,0.0022771784138204687,0.0038084546390165456,1.0
2.2,ideal,173,uniform_filtered,2048,0,1024,1024,-0.9389468552794413,0.0022771784138204687,0.0038084546390165456,1.0
2.2,ideal,173,adaptive_filtered,2048,256,985,807,-0.9390568143588878,0.0021672193343740265,0.004096048095296901,1.0
2.2,ideal,174,uniform_raw,2048,0,1024,1024,-0.9410080828858665,0.00021595080739533756,0.0038541900150939213,1.0
2.2,ideal,174,uniform_filtered,2048,0,1024,1024,-0.9410080828858665,0.00021595080739533756,0.0038541900150939213,1.0
2.2,ideal,174,adaptive_filtered,2048,256,807,985,-0.9444217585373735,-0.003197724844111738,0.003976873905012013,1.0
2.2,ideal,175,uniform_raw,2048,0,1024,1024,-0.9358689115841683,0.005355122109093502,0.003668131082262217,1.0
2.2,ideal,175,uniform_filtered,2048,0,1024,1024,-0.9358689115841683,0.005355122109093502,0.003668131082262217,1.0
2.2,ideal,175,adaptive_filtered,2048,256,845,947,-0.9394854562783581,0.0017385774149036859,0.004232850581673155,1.0
2.2,ideal,176,uniform_raw,2048,0,1024,1024,-0.9385732056305802,0.002650828062681576,0.003931052984803919,1.0
2.2,ideal,176,uniform_filtered,2048,0,1024,1024,-0.9385732056305802,0.002650828062681576,0.003931052984803919,1.0
2.2,ideal,176,adaptive_filtered,2048,256,902,890,-0.9398550664906031,0.0013689672026586663,0.003935516806575982,1.0
2.2,ideal,177,uniform_raw,2048,0,1024,1024,-0.9386079499164921,0.0026160837767696954,0.0037797896490794234,1.0
2.2,ideal,177,uniform_filtered,2048,0,1024,1024,-0.9386079499164921,0.0026160837767696954,0.0037797896490794234,1.0
2.2,ideal,177,adaptive_filtered,2048,256,896,896,-0.9394387204005792,0.001785313292682611,0.004301049417687699,1.0
2.2,ideal,178,uniform_raw,2048,0,1024,1024,-0.9444874716587301,-0.003263437965468352,0.003735886113196295,1.0
2.2,ideal,178,uniform_filtered,2048,0,1024,1024,-0.9444874716587301,-0.003263437965468352,0.003735886113196295,1.0
2.2,ideal,178,adaptive_filtered,2048,256,757,1035,-0.9417800599799764,-0.0005560262867145838,0.0038528286333442056,1.0
2.2,ideal,179,uniform_raw,2048,0,1024,1024,-0.9369960150684407,0.004228018624821139,0.004028505801013026,1.0
2.2,ideal,179,uniform_filtered,2048,0,1024,1024,-0.9369960150684407,0.004228018624821139,0.004028505801013026,1.0
2.2,ideal,179,adaptive_filtered,2048,256,848,944,-0.9431947825035003,-0.0019707488102385096,0.0038381678754108484,1.0
2.2,ideal,180,uniform_raw,2048,0,1024,1024,-0.9384211250920615,0.002802908601200249,0.003842601851861389,1.0
2.2,ideal,180,uniform_filtered,2048,0,1024,1024,-0.9384211250920615,0.002802908601200249,0.003842601851861389,1.0
2.2,ideal,180,adaptive_filtered,2048,256,1012,780,-0.9440190796812091,-0.002795045987947331,0.00396227392307123,1.0
2.2,ideal,181,uniform_raw,2048,0,1024,1024,-0.9405518412703104,0.0006721924229513565,0.003572700817708788,1.0
2.2,ideal,181,uniform_filtered,2048,0,1024,1024,-0.9405518412703104,0.0006721924229513565,0.003572700817708788,1.0
2.2,ideal,181,adaptive_filtered,2048,256,899,893,-0.9348168701779946,0.006407163515267156,0.0044090399196220235,1.0
2.2,ideal,182,uniform_raw,2048,0,1024,1024,-0.9419352581508371,-0.0007112244575753213,0.0035631315493749155,1.0
2.2,ideal,182,uniform_filtered,2048,0,1024,1024,-0.9419352581508371,-0.0007112244575753213,0.0035631315493749155,1.0
2.2,ideal,182,adaptive_filtered,2048,256,807,985,-0.9414453516096564,-0.00022131791639457,0.003778948874673813,1.0
2.2,ideal,183,uniform_raw,2048,0,1024,1024,-0.939057242674866,0.002166791018395786,0.00406954845281874,1.0
2.2,ideal,183,uniform_filtered,2048,0,1024,1024,-0.939057242674866,0.002166791018395786,0.00406954845281874,1.0
2.2,ideal,183,adaptive_filtered,2048,256,988,804,-0.935114912153244,0.006109121540017748,0.004172921812974747,1.0
2.2,ideal,184,uniform_raw,2048,0,1024,1024,-0.9447159896262551,-0.0034919559329933403,0.0034747055042359176,1.0
2.2,ideal,184,uniform_filtered,2048,0,1024,1024,-0.9447159896262551,-0.0034919559329933403,0.0034747055042359176,1.0
2.2,ideal,184,adaptive_filtered,2048,256,1664,128,-0.9526273553497822,-0.01140332165652036,0.00467643586336946,1.0
2.2,ideal,185,uniform_raw,2048,0,1024,1024,-0.930950515073319,0.010273518619942745,0.004036455076012542,1.0
2.2,ideal,185,uniform_filtered,2048,0,1024,1024,-0.930950515073319,0.010273518619942745,0.004036455076012542,1.0
2.2,ideal,185,adaptive_filtered,2048,256,999,793,-0.9313068695835878,0.009917164109674026,0.004402049859952428,1.0
2.2,ideal,186,uniform_raw,2048,0,1024,1024,-0.9452139243849054,-0.003989890691643572,0.003571256853165224,1.0
2.2,ideal,186,uniform_filtered,2048,0,1024,1024,-0.9452139243849054,-0.003989890691643572,0.003571256853165224,1.0
2.2,ideal,186,adaptive_filtered,2048,256,1001,791,-0.9339499079277302,0.007274125765531547,0.004525276968669045,1.0
2.2,ideal,187,uniform_raw,2048,0,1024,1024,-0.9389746507081709,0.0022493829850909197,0.00368207880267194,1.0
2.2,ideal,187,uniform_filtered,2048,0,1024,1024,-0.9389746507081709,0.0022493829850909197,0.00368207880267194,1.0
2.2,ideal,187,adaptive_filtered,2048,256,1148,644,-0.9373111526441189,0.003912881049142891,0.004445472845981211,1.0
2.2,ideal,188,uniform_raw,2048,0,1024,1024,-0.9387669793121931,0.0024570543810686907,0.0038402428940925255,1.0
2.2,ideal,188,uniform_filtered,2048,0,1024,1024,-0.9387669793121931,0.0024570543810686907,0.0038402428940925255,1.0
2.2,ideal,188,adaptive_filtered,2048,256,999,793,-0.9443863526771852,-0.0031623189839233845,0.003671308710205396,1.0
2.2,ideal,189,uniform_raw,2048,0,1024,1024,-0.9413817325347278,-0.0001576988414659919,0.0037291130345322933,1.0
2.2,ideal,189,uniform_filtered,2048,0,1024,1024,-0.9413817325347278,-0.0001576988414659919,0.0037291130345322933,1.0
2.2,ideal,189,adaptive_filtered,2048,256,905,887,-0.9424686596759497,-0.0012446259826879302,0.0037102995014167634,1.0
2.2,ideal,190,uniform_raw,2048,0,1024,1024,-0.9431249013497507,-0.0019008676564888916,0.0036526189704985646,1.0
2.2,ideal,190,uniform_filtered,2048,0,1024,1024,-0.9431249013497507,-0.0019008676564888916,0.0036526189704985646,1.0
2.2,ideal,190,adaptive_filtered,2048,256,734,1058,-0.9475248817923865,-0.0063008480991246785,0.0037801412672514604,1.0
2.2,ideal,191,uniform_raw,2048,0,1024,1024,-0.9415963527878879,-0.0003723190946260946,0.0035317754373205925,1.0
2.2,ideal,191,uniform_filtered,2048,0,1024,1024,-0.9415963527878879,-0.0003723190946260946,0.0035317754373205925,1.0
2.2,ideal,191,adaptive_filtered,2048,256,1148,644,-0.9401274807441571,0.0010965529491047121,0.00421528086326066,1.0
2.2,ideal,192,uniform_raw,2048,0,1024,1024,-0.93547441536376,0.005749618329501827,0.003891866851115316,1.0
2.2,ideal,192,uniform_filtered,2048,0,1024,1024,-0.93547441536376,0.005749618329501827,0.003891866851115316,1.0
2.2,ideal,192,adaptive_filtered,2048,256,1003,789,-0.9431623605304116,-0.0019383268371497842,0.004052944565237258,1.0
2.2,ideal,193,uniform_raw,2048,0,1024,1024,-0.936318204342542,0.004905829350719815,0.003975579762399311,1.0
2.2,ideal,193,uniform_filtered,2048,0,1024,1024,-0.936318204342542,0.004905829350719815,0.003975579762399311,1.0
2.2,ideal,193,adaptive_filtered,2048,256,1159,633,-0.9397843453584742,0.001439688334787581,0.004179450814297364,1.0
2.2,ideal,194,uniform_raw,2048,0,1024,1024,-0.93547441536376,0.005749618329501827,0.003891866851115316,1.0
2.2,ideal,194,uniform_filtered,2048,0,1024,1024,-0.93547441536376,0.005749618329501827,0.003891866851115316,1.0
2.2,ideal,194,adaptive_filtered,2048,256,922,870,-0.9451763277444465,-0.0039522940511846905,0.0036984420872094477,1.0
2.2,ideal,195,uniform_raw,2048,0,1024,1024,-0.9373488181457548,0.003875215547507027,0.003997548944029135,1.0
2.2,ideal,195,uniform_filtered,2048,0,1024,1024,-0.9373488181457548,0.003875215547507027,0.003997548944029135,1.0
2.2,ideal,195,adaptive_filtered,2048,256,1664,128,-0.93692374704226,0.0043002866510017945,0.008565617994529326,1.0
2.2,ideal,196,uniform_raw,2048,0,1024,1024,-0.9364772337382432,0.004746799955018588,0.00403204162478838,1.0
2.2,ideal,196,uniform_filtered,2048,0,1024,1024,-0.9364772337382432,0.004746799955018588,0.00403204162478838,1.0
2.2,ideal,196,adaptive_filtered,2048,256,699,1093,-0.9475432869016125,-0.006319253208350695,0.0039754277189577875,1.0
2.2,ideal,197,uniform_raw,2048,0,1024,1024,-0.9355022107924895,0.005721822900772278,0.0037675597191576308,1.0
2.2,ideal,197,uniform_filtered,2048,0,1024,1024,-0.9355022107924895,0.005721822900772278,0.0037675597191576308,1.0
2.2,ideal,197,adaptive_filtered,2048,256,896,896,-0.9452335513141426,-0.004009517620880754,0.003963890182590533,1.0
2.2,ideal,198,uniform_raw,2048,0,1024,1024,-0.9452347709564526,-0.004010737263190789,0.0034706271846321247,1.0
2.2,ideal,198,uniform_filtered,2048,0,1024,1024,-0.9452347709564526,-0.004010737263190789,0.0034706271846321247,1.0
2.2,ideal,198,adaptive_filtered,2048,256,1664,128,-0.9321349963019756,0.009089037391286192,0.008573788710557865,1.0
2.2,ideal,199,uniform_raw,2048,0,1024,1024,-0.9408421046329831,0.000381929060278674,0.0038254167828156113,1.0
2.2,ideal,199,uniform_filtered,2048,0,1024,1024,-0.9408421046329831,0.000381929060278674,0.0038254167828156113,1.0
2.2,ideal,199,adaptive_filtered,2048,256,766,1026,-0.9435529261928579,-0.0023288924995961136,0.004059535627924518,1.0
2.2,synthetic_noise,0,uniform_raw,2048,0,1024,1024,-0.9311319878236726,0.010092045869589228,0.004271318536383033,1.0
2.2,synthetic_noise,0,uniform_filtered,2048,0,1024,1024,-0.9333243826474888,0.007899651045772949,0.004320952448213422,0.96435546875
2.2,synthetic_noise,0,adaptive_filtered,2048,256,911,881,-0.9325354489250106,0.008688584768251184,0.0047020872076529085,0.9581473214285714
2.2,synthetic_noise,1,uniform_raw,2048,0,1024,1024,-0.9298116751631138,0.011412358530147992,0.004466105586227201,1.0
2.2,synthetic_noise,1,uniform_filtered,2048,0,1024,1024,-0.9346765186894712,0.006547515003790583,0.004444225113739184,0.953125
2.2,synthetic_noise,1,adaptive_filtered,2048,256,818,974,-0.9307315729658272,0.010492460727434594,0.004751091326726312,0.9654017857142857
2.2,synthetic_noise,2,uniform_raw,2048,0,1024,1024,-0.9379661537125696,0.0032578799806921577,0.003913162484427548,1.0
2.2,synthetic_noise,2,uniform_filtered,2048,0,1024,1024,-0.9391333069463743,0.0020907267468874835,0.0040404796472951355,0.96484375
2.2,synthetic_noise,2,adaptive_filtered,2048,256,840,952,-0.9309955944665129,0.010228439226748876,0.004390615800617469,0.9642857142857143
2.2,synthetic_noise,3,uniform_raw,2048,0,1024,1024,-0.9313996971948282,0.009824336498433617,0.00428796039623039,1.0
2.2,synthetic_noise,3,uniform_filtered,2048,0,1024,1024,-0.9350799190520211,0.00614411464124065,0.004274740208200295,0.962890625
2.2,synthetic_noise,3,adaptive_filtered,2048,256,784,1008,-0.9178517406820081,0.023372293011253653,0.00512794417453288,0.9670758928571429
2.2,synthetic_noise,4,uniform_raw,2048,0,1024,1024,-0.9292189581433739,0.012005075549887945,0.004377949185090741,1.0
2.2,synthetic_noise,4,uniform_filtered,2048,0,1024,1024,-0.9311756537549818,0.010048379938280005,0.0044692093993869845,0.9609375
2.2,synthetic_noise,4,adaptive_filtered,2048,256,695,1097,-0.9368778720067608,0.004346161686501038,0.0043178905523232145,0.9693080357142857
2.2,synthetic_noise,5,uniform_raw,2048,0,1024,1024,-0.9266250514923864,0.01459898220087541,0.004393051430340885,1.0
2.2,synthetic_noise,5,uniform_filtered,2048,0,1024,1024,-0.9295320454480889,0.011691988245172924,0.004424732616372586,0.96142578125
2.2,synthetic_noise,5,adaptive_filtered,2048,256,695,1097,-0.9190005120747307,0.02222352161853114,0.005097734804887936,0.9665178571428571
2.2,synthetic_noise,6,uniform_raw,2048,0,1024,1024,-0.9290256742823224,0.012198359410939386,0.004389365267993998,1.0
2.2,synthetic_noise,6,uniform_filtered,2048,0,1024,1024,-0.9317650222419855,0.009459011451276256,0.004397812975242504,0.9677734375
2.2,synthetic_noise,6,adaptive_filtered,2048,256,764,1028,-0.9267303376053668,0.01449369608789497,0.004729414306686313,0.9737723214285714
2.2,synthetic_noise,7,uniform_raw,2048,0,1024,1024,-0.926675400912633,0.01454863278062879,0.004475979577362889,1.0
2.2,synthetic_noise,7,uniform_filtered,2048,0,1024,1024,-0.9297128391145886,0.011511194578673223,0.004492378399759284,0.96142578125
2.2,synthetic_noise,7,adaptive_filtered,2048,256,1007,785,-0.9356956033859074,0.005528430307354393,0.004731518718628531,0.9609375
2.2,synthetic_noise,8,uniform_raw,2048,0,1024,1024,-0.9231217499031856,0.018102283790076168,0.004520876884534172,1.0
2.2,synthetic_noise,8,uniform_filtered,2048,0,1024,1024,-0.9261012416467256,0.015122792046536215,0.004525789174094506,0.96435546875
2.2,synthetic_noise,8,adaptive_filtered,2048,256,743,1049,-0.934099797450685,0.0071242362425767425,0.004565966358297484,0.9659598214285714
2.2,synthetic_noise,9,uniform_raw,2048,0,1024,1024,-0.9220991392830433,0.019124894410218474,0.004802128846936134,1.0
2.2,synthetic_noise,9,uniform_filtered,2048,0,1024,1024,-0.9268581024572338,0.014365931236028029,0.004763330998260417,0.958984375
2.2,synthetic_noise,9,adaptive_filtered,2048,256,703,1089,-0.92084541532932,0.020378618363941836,0.0049497028288286804,0.9581473214285714
2.2,synthetic_noise,10,uniform_raw,2048,0,1024,1024,-0.9261252680883545,0.015098765604907305,0.004598531287207117,1.0
2.2,synthetic_noise,10,uniform_filtered,2048,0,1024,1024,-0.9298055190962349,0.011418514597026919,0.004593688412577689,0.9609375
2.2,synthetic_noise,10,adaptive_filtered,2048,256,811,981,-0.9270397773447008,0.01418425634856102,0.004777663518773027,0.9620535714285714
2.2,synthetic_noise,11,uniform_raw,2048,0,1024,1024,-0.9356467420163999,0.00557729167686194,0.003945906300854854,1.0
2.2,synthetic_noise,11,uniform_filtered,2048,0,1024,1024,-0.9390388897975708,0.002185143895691022,0.003984480582169809,0.95361328125
2.2,synthetic_noise,11,adaptive_filtered,2048,256,733,1059,-0.9284826402145734,0.012741393478688412,0.004843445498694157,0.9614955357142857
2.2,synthetic_noise,12,uniform_raw,2048,0,1024,1024,-0.921499799953162,0.019724233740099795,0.004705470169428033,1.0
2.2,synthetic_noise,12,uniform_filtered,2048,0,1024,1024,-0.9253328745842293,0.015891159109032493,0.004647157779877616,0.9697265625
2.2,synthetic_noise,12,adaptive_filtered,2048,256,801,991,-0.9293711983154389,0.01185283537782289,0.004728841723408534,0.9676339285714286
2.2,synthetic_noise,13,uniform_raw,2048,0,1024,1024,-0.9278113018994691,0.013412731793792654,0.004463409978884459,1.0
2.2,synthetic_noise,13,uniform_filtered,2048,0,1024,1024,-0.930247733118746,0.010976300574515818,0.004522321155477975,0.96240234375
2.2,synthetic_noise,13,adaptive_filtered,2048,256,886,906,-0.9316813769368693,0.009542656756392542,0.004677339767289571,0.9637276785714286
2.2,synthetic_noise,14,uniform_raw,2048,0,1024,1024,-0.9270660145206489,0.014158019172612946,0.004364004103617211,1.0
2.2,synthetic_noise,14,uniform_filtered,2048,0,1024,1024,-0.9309256837146527,0.010298349978609123,0.004353400450602367,0.95751953125
2.2,synthetic_noise,14,adaptive_filtered,2048,256,706,1086,-0.925010472550412,0.016213561142849775,0.005052309054900568,0.9609375
2.2,synthetic_noise,15,uniform_raw,2048,0,1024,1024,-0.9189379725751023,0.02228606111815945,0.004953129818731545,1.0
2.2,synthetic_noise,15,uniform_filtered,2048,0,1024,1024,-0.9235826678901453,0.017641365803116482,0.004911583470927356,0.96240234375
2.2,synthetic_noise,15,adaptive_filtered,2048,256,747,1045,-0.9291044467107059,0.012119586982555886,0.004859783774945766,0.9575892857142857
2.2,synthetic_noise,16,uniform_raw,2048,0,1024,1024,-0.9282142911235092,0.013009742569752625,0.004538026059974842,1.0
2.2,synthetic_noise,16,uniform_filtered,2048,0,1024,1024,-0.9317284193604871,0.009495614332774682,0.004525243685637988,0.96630859375
2.2,synthetic_noise,16,adaptive_filtered,2048,256,782,1010,-0.9298842363955446,0.011339797297717169,0.004695857542622258,0.9676339285714286
2.2,synthetic_noise,17,uniform_raw,2048,0,1024,1024,-0.9298229964532501,0.011401037240011735,0.004308168251646432,1.0
2.2,synthetic_noise,17,uniform_filtered,2048,0,1024,1024,-0.932623229585849,0.008600804107412818,0.0043011371144330195,0.97021484375
2.2,synthetic_noise,17,adaptive_filtered,2048,256,796,996,-0.9294192264018204,0.0118048072914414,0.004633552008954919,0.9626116071428571
2.2,synthetic_noise,18,uniform_raw,2048,0,1024,1024,-0.9314240998317267,0.009799933861535104,0.00418300121636492,1.0
2.2,synthetic_noise,18,uniform_filtered,2048,0,1024,1024,-0.935830186003848,0.0053938476894137555,0.004124852066205735,0.9580078125
2.2,synthetic_noise,18,adaptive_filtered,2048,256,669,1123,-0.9342059125860962,0.007018121107165598,0.004783942560505133,0.96875
2.2,synthetic_noise,19,uniform_raw,2048,0,1024,1024,-0.9242508653063599,0.016973168386901882,0.004512530853058156,1.0
2.2,synthetic_noise,19,uniform_filtered,2048,0,1024,1024,-0.9275589849468153,0.013665048746446473,0.004498739061641742,0.966796875
2.2,synthetic_noise,19,adaptive_filtered,2048,256,802,990,-0.9308270506802689,0.010396983012992855,0.004614975138739516,0.9642857142857143
2.2,synthetic_noise,20,uniform_raw,2048,0,1024,1024,-0.9305957527137589,0.010628280979502858,0.00435074243025932,1.0
2.2,synthetic_noise,20,uniform_filtered,2048,0,1024,1024,-0.9338399024120296,0.007384131281232165,0.004356313512771548,0.96142578125
2.2,synthetic_noise,20,adaptive_filtered,2048,256,680,1112,-0.920587689797266,0.02063634389599578,0.005086687685773281,0.9603794642857143
2.2,synthetic_noise,21,uniform_raw,2048,0,1024,1024,-0.9259799731334977,0.015244060559764128,0.00452416880051674,1.0
2.2,synthetic_noise,21,uniform_filtered,2048,0,1024,1024,-0.9313337426214994,0.009890291071762425,0.004433888180589402,0.95849609375
2.2,synthetic_noise,21,adaptive_filtered,2048,256,702,1090,-0.9282092635620021,0.013014770131259734,0.004727869718165428,0.9715401785714286
2.2,synthetic_noise,22,uniform_raw,2048,0,1024,1024,-0.9275106968877831,0.013713336805478704,0.00428709987693839,1.0
2.2,synthetic_noise,22,uniform_filtered,2048,0,1024,1024,-0.9319930152996927,0.009231018393569101,0.004204424209803766,0.96533203125
2.2,synthetic_noise,22,adaptive_filtered,2048,256,806,986,-0.9235447081894372,0.01767932550382456,0.0049793188688381325,0.9642857142857143
2.2,synthetic_noise,23,uniform_raw,2048,0,1024,1024,-0.9176104730990757,0.023613560594186067,0.004743950197156973,1.0
2.2,synthetic_noise,23,uniform_filtered,2048,0,1024,1024,-0.9202763056459711,0.020947728047290726,0.004758344617667006,0.96630859375
2.2,synthetic_noise,23,adaptive_filtered,2048,256,714,1078,-0.9370489062113394,0.004175127481922392,0.0046252938967398455,0.9676339285714286
2.2,synthetic_noise,24,uniform_raw,2048,0,1024,1024,-0.9293591528864296,0.011864880806832234,0.004189651513423126,1.0
2.2,synthetic_noise,24,uniform_filtered,2048,0,1024,1024,-0.9323089728232914,0.008915060869970404,0.0042248076954900455,0.95849609375
2.2,synthetic_noise,24,adaptive_filtered,2048,256,698,1094,-0.9332091789269477,0.008014854766314139,0.004686371950255126,0.9587053571428571
2.2,synthetic_noise,25,uniform_raw,2048,0,1024,1024,-0.9300061019388088,0.011217931754452959,0.004301852181818771,1.0
2.2,synthetic_noise,25,uniform_filtered,2048,0,1024,1024,-0.9328205082369974,0.008403525456264438,0.004321984272704343,0.9638671875
2.2,synthetic_noise,25,adaptive_filtered,2048,256,729,1063,-0.9315340532804919,0.009689980412769916,0.004676346516435871,0.9575892857142857
2.2,synthetic_noise,26,uniform_raw,2048,0,1024,1024,-0.9260888163824728,0.01513521731078904,0.0044701349722599615,1.0
2.2,synthetic_noise,26,uniform_filtered,2048,0,1024,1024,-0.9291732401031922,0.012050793590069553,0.004496522301248134,0.96240234375
2.2,synthetic_noise,26,adaptive_filtered,2048,256,763,1029,-0.9342029433774806,0.007021090315781242,0.004712046859322601,0.9654017857142857
2.2,synthetic_noise,27,uniform_raw,2048,0,1024,1024,-0.9284723119397336,0.012751721753528233,0.004495576283114559,1.0
2.2,synthetic_noise,27,uniform_filtered,2048,0,1024,1024,-0.9300991873481523,0.011124846345109463,0.0045541438271869605,0.970703125
2.2,synthetic_noise,27,adaptive_filtered,2048,256,653,1139,-0.9330726287161066,0.008151404977155163,0.004581195915001822,0.9681919642857143
2.2,synthetic_noise,28,uniform_raw,2048,0,1024,1024,-0.9241847695263672,0.017039264166894608,0.0047466905513748004,1.0
2.2,synthetic_noise,28,uniform_filtered,2048,0,1024,1024,-0.9258174177700995,0.015406615923162281,0.004853074666693121,0.96142578125
2.2,synthetic_noise,28,adaptive_filtered,2048,256,731,1061,-0.936612480872105,0.0046115528211567725,0.004639593670253547,0.9681919642857143
2.2,synthetic_noise,29,uniform_raw,2048,0,1024,1024,-0.9302360007792627,0.01098803291399908,0.004403602464422277,1.0
2.2,synthetic_noise,29,uniform_filtered,2048,0,1024,1024,-0.9335531941172566,0.007670839576005228,0.004404274470618136,0.962890625
2.2,synthetic_noise,29,adaptive_filtered,2048,256,898,894,-0.9238134405275673,0.017410593165694488,0.005072842756424355,0.9631696428571429
2.2,synthetic_noise,30,uniform_raw,2048,0,1024,1024,-0.9302098907223941,0.011014142970867669,0.004238959813897694,1.0
2.2,synthetic_noise,30,uniform_filtered,2048,0,1024,1024,-0.9314241672865291,0.009799866406732693,0.004392013471050752,0.9541015625
2.2,synthetic_noise,30,adaptive_filtered,2048,256,678,1114,-0.930146585706388,0.011077447986873823,0.0046542956039086715,0.9637276785714286
2.2,synthetic_noise,31,uniform_raw,2048,0,1024,1024,-0.9236547554947889,0.01756927819847287,0.004423694671580832,1.0
2.2,synthetic_noise,31,uniform_filtered,2048,0,1024,1024,-0.9249258171937447,0.016298216499517126,0.00448830892339525,0.97021484375
2.2,synthetic_noise,31,adaptive_filtered,2048,256,748,1044,-0.9236371203971059,0.017586913296155915,0.004924898365776271,0.9642857142857143
2.2,synthetic_noise,32,uniform_raw,2048,0,1024,1024,-0.9202596440604811,0.02096438963278069,0.004581663907332863,1.0
2.2,synthetic_noise,32,uniform_filtered,2048,0,1024,1024,-0.923242499079435,0.01798153461382679,0.004590052703001194,0.9638671875
2.2,synthetic_noise,32,adaptive_filtered,2048,256,803,989,-0.936935875602481,0.004288158090780758,0.004544607143331606,0.9637276785714286
2.2,synthetic_noise,33,uniform_raw,2048,0,1024,1024,-0.9326713678551104,0.008552665838151396,0.0042702115664796725,1.0
2.2,synthetic_noise,33,uniform_filtered,2048,0,1024,1024,-0.935580752689803,0.005643281003458789,0.004258499450637235,0.9658203125
2.2,synthetic_noise,33,adaptive_filtered,2048,256,997,795,-0.927931268517654,0.013292765175607846,0.004995673595775818,0.9587053571428571
2.2,synthetic_noise,34,uniform_raw,2048,0,1024,1024,-0.9252737138847875,0.015950319808474278,0.00465753907069663,1.0
2.2,synthetic_noise,34,uniform_filtered,2048,0,1024,1024,-0.9295174890537219,0.011706544639539906,0.004688702256188787,0.95068359375
2.2,synthetic_noise,34,adaptive_filtered,2048,256,750,1042,-0.9279583296068854,0.013265704086376395,0.00497977466423888,0.9631696428571429
2.2,synthetic_noise,35,uniform_raw,2048,0,1024,1024,-0.9274824116384921,0.013741622054769698,0.0044570009410939485,1.0
2.2,synthetic_noise,35,uniform_filtered,2048,0,1024,1024,-0.9306937098167463,0.010530323876515535,0.0045048836448316485,0.95703125
2.2,synthetic_noise,35,adaptive_filtered,2048,256,721,1071,-0.9303004702928561,0.010923563400405678,0.004630307736302646,0.9603794642857143
2.2,synthetic_noise,36,uniform_raw,2048,0,1024,1024,-0.9305123664275705,0.010711667265691283,0.004639321778300565,1.0
2.2,synthetic_noise,36,uniform_filtered,2048,0,1024,1024,-0.9345518303157891,0.006672203377472652,0.0046174395743989426,0.9638671875
2.2,synthetic_noise,36,adaptive_filtered,2048,256,789,1003,-0.9243096186051627,0.0169144150880991,0.004995485938395257,0.96484375
2.2,synthetic_noise,37,uniform_raw,2048,0,1024,1024,-0.9311350540684626,0.010088979624799155,0.00431472254725604,1.0
2.2,synthetic_noise,37,uniform_filtered,2048,0,1024,1024,-0.933000025012571,0.008224008680690842,0.004422558031764415,0.95751953125
2.2,synthetic_noise,37,adaptive_filtered,2048,256,807,985,-0.9313260497954048,0.00989798389785701,0.004618545123519469,0.9665178571428571
2.2,synthetic_noise,38,uniform_raw,2048,0,1024,1024,-0.9231614311273779,0.01806260256588388,0.004667567565752395,1.0
2.2,synthetic_noise,38,uniform_filtered,2048,0,1024,1024,-0.9282327532300412,0.012991280463220622,0.004568061893339613,0.96484375
2.2,synthetic_noise,38,adaptive_filtered,2048,256,696,1096,-0.9325031389320766,0.008720894761185205,0.004625179372232589,0.9665178571428571
2.2,synthetic_noise,39,uniform_raw,2048,0,1024,1024,-0.9298916686574714,0.011332365035790382,0.0041554979875015365,1.0
2.2,synthetic_noise,39,uniform_filtered,2048,0,1024,1024,-0.9329534201173415,0.008270613575920294,0.004195787396067694,0.95654296875
2.2,synthetic_noise,39,adaptive_filtered,2048,256,925,867,-0.9246469475548134,0.016577086138448438,0.00518687231854634,0.9559151785714286
2.2,synthetic_noise,40,uniform_raw,2048,0,1024,1024,-0.925689383223784,0.015534650469477773,0.004367990256986749,1.0
2.2,synthetic_noise,40,uniform_filtered,2048,0,1024,1024,-0.9285499067360217,0.012674126957240128,0.004418317828994284,0.95703125
2.2,synthetic_noise,40,adaptive_filtered,2048,256,810,982,-0.9287615472550892,0.012462486438172604,0.004491312805767841,0.9670758928571429
2.2,synthetic_noise,41,uniform_raw,2048,0,1024,1024,-0.9217818968592437,0.019442136834018076,0.00461171434628724,1.0
2.2,synthetic_noise,41,uniform_filtered,2048,0,1024,1024,-0.92394388396445,0.017280149728811756,0.004624468369550835,0.9716796875
2.2,synthetic_noise,41,adaptive_filtered,2048,256,798,994,-0.9256541612884919,0.015569872404769924,0.004836163010124111,0.9670758928571429
2.2,synthetic_noise,42,uniform_raw,2048,0,1024,1024,-0.9291553641028445,0.012068669590417302,0.004253897682541656,1.0
2.2,synthetic_noise,42,uniform_filtered,2048,0,1024,1024,-0.9323776923766407,0.008846341316621098,0.004248479152258642,0.96240234375
2.2,synthetic_noise,42,adaptive_filtered,2048,256,1016,776,-0.9274911988671288,0.013732834826132967,0.0051745043086534655,0.9642857142857143
2.2,synthetic_noise,43,uniform_raw,2048,0,1024,1024,-0.9240852136005175,0.017138820092744256,0.004444698270408323,1.0
2.2,synthetic_noise,43,uniform_filtered,2048,0,1024,1024,-0.9268946198806525,0.014329413812609326,0.004445097410498192,0.96533203125
2.2,synthetic_noise,43,adaptive_filtered,2048,256,975,817,-0.9179506828935657,0.023273350799696058,0.005217398730744802,0.9670758928571429
2.2,synthetic_noise,44,uniform_raw,2048,0,1024,1024,-0.9339334025971173,0.007290631096144473,0.0041425490214623256,1.0
2.2,synthetic_noise,44,uniform_filtered,2048,0,1024,1024,-0.9362679133923941,0.004956120300867672,0.0041994936103926005,0.9609375
2.2,synthetic_noise,44,adaptive_filtered,2048,256,765,1027,-0.9257278528085429,0.015496180884718935,0.0048416129732569025,0.9659598214285714
2.2,synthetic_noise,45,uniform_raw,2048,0,1024,1024,-0.9151508666598498,0.026073167033412004,0.004928326988680342,1.0
2.2,synthetic_noise,45,uniform_filtered,2048,0,1024,1024,-0.9183131347115654,0.022910898981696404,0.0049377812764155975,0.9658203125
2.2,synthetic_noise,45,adaptive_filtered,2048,256,779,1013,-0.9200437226280316,0.021180311065230217,0.005076085271369997,0.9631696428571429
2.2,synthetic_noise,46,uniform_raw,2048,0,1024,1024,-0.9344988140086894,0.006725219684572403,0.004274024183305524,1.0
2.2,synthetic_noise,46,uniform_filtered,2048,0,1024,1024,-0.9377967699613243,0.003427263731937469,0.004281541054810244,0.9599609375
2.2,synthetic_noise,46,adaptive_filtered,2048,256,752,1040,-0.9288689474102749,0.012355086282986871,0.004843242384004475,0.9620535714285714
2.2,synthetic_noise,47,uniform_raw,2048,0,1024,1024,-0.9277836697442601,0.013440363949001721,0.004539924107127488,1.0
2.2,synthetic_noise,47,uniform_filtered,2048,0,1024,1024,-0.9307694982200978,0.010454535473163995,0.0045575469573885755,0.9658203125
2.2,synthetic_noise,47,adaptive_filtered,2048,256,851,941,-0.9315556032191228,0.009668430474139011,0.004623069459243712,0.9709821428571429
2.2,synthetic_noise,48,uniform_raw,2048,0,1024,1024,-0.9287817144539834,0.01244231923927841,0.004361022490587804,1.0
2.2,synthetic_noise,48,uniform_filtered,2048,0,1024,1024,-0.9310932216846184,0.010130812008643408,0.004406394685764132,0.96533203125
2.2,synthetic_noise,48,adaptive_filtered,2048,256,716,1076,-0.9331063378291777,0.008117695864084062,0.004868494086148444,0.9715401785714286
2.2,synthetic_noise,49,uniform_raw,2048,0,1024,1024,-0.9239860589064739,0.017237974786787902,0.00455886116319383,1.0
2.2,synthetic_noise,49,uniform_filtered,2048,0,1024,1024,-0.9261510583213284,0.015072975371933417,0.0046346652138812,0.96044921875
2.2,synthetic_noise,49,adaptive_filtered,2048,256,882,910,-0.9354570464105163,0.005766987282745495,0.004591304692803878,0.9642857142857143
2.2,synthetic_noise,50,uniform_raw,2048,0,1024,1024,-0.9291741987554896,0.01204983493777223,0.004486129578129462,1.0
2.2,synthetic_noise,50,uniform_filtered,2048,0,1024,1024,-0.9319502871724921,0.009273746520769732,0.004509611745686392,0.96533203125
2.2,synthetic_noise,50,adaptive_filtered,2048,256,704,1088,-0.9214083968417681,0.01981563685149368,0.0051693269405727795,0.9553571428571429
2.2,synthetic_noise,51,uniform_raw,2048,0,1024,1024,-0.9310141617505043,0.010209871942757465,0.004125776685578045,1.0
2.2,synthetic_noise,51,uniform_filtered,2048,0,1024,1024,-0.9328441211438392,0.008379912549422608,0.004229750781555331,0.95703125
2.2,synthetic_noise,51,adaptive_filtered,2048,256,728,1064,-0.9259711804007114,0.015252853292550439,0.004930211955186993,0.9642857142857143
2.2,synthetic_noise,52,uniform_raw,2048,0,1024,1024,-0.9213507856594332,0.019873248033828617,0.004674907791743611,1.0
2.2,synthetic_noise,52,uniform_filtered,2048,0,1024,1024,-0.9232299862971152,0.01799404739614663,0.00474385196391199,0.96435546875
2.2,synthetic_noise,52,adaptive_filtered,2048,256,830,962,-0.9254038704000576,0.015820163293204237,0.00488637847854898,0.9693080357142857
2.2,synthetic_noise,53,uniform_raw,2048,0,1024,1024,-0.9242903832570317,0.016933650436230074,0.004678685044073071,1.0
2.2,synthetic_noise,53,uniform_filtered,2048,0,1024,1024,-0.9258615660748355,0.015362467618426301,0.004782200535854711,0.9619140625
2.2,synthetic_noise,53,adaptive_filtered,2048,256,921,871,-0.9305383155320999,0.010685718161161928,0.004853362293891143,0.9637276785714286
2.2,synthetic_noise,54,uniform_raw,2048,0,1024,1024,-0.9344281078374572,0.006795925855804574,0.004198554299373967,1.0
2.2,synthetic_noise,54,uniform_filtered,2048,0,1024,1024,-0.935791582956023,0.005432450737238748,0.004282446064931825,0.96923828125
2.2,synthetic_noise,54,adaptive_filtered,2048,256,900,892,-0.9355161700993997,0.005707863593862106,0.004602274379243691,0.9547991071428571
2.2,synthetic_noise,55,uniform_raw,2048,0,1024,1024,-0.9287749288703213,0.012449104822940482,0.004364491901670457,1.0
2.2,synthetic_noise,55,uniform_filtered,2048,0,1024,1024,-0.9310036277052933,0.010220405987968473,0.004401060245397731,0.9677734375
2.2,synthetic_noise,55,adaptive_filtered,2048,256,860,932,-0.9232067127634249,0.018017320929836877,0.005173001215575376,0.9693080357142857
2.2,synthetic_noise,56,uniform_raw,2048,0,1024,1024,-0.9245550263833975,0.016669007309864314,0.004654770335638256,1.0
2.2,synthetic_noise,56,uniform_filtered,2048,0,1024,1024,-0.9293151523832819,0.011908881309979913,0.0045913444613321225,0.9619140625
2.2,synthetic_noise,56,adaptive_filtered,2048,256,826,966,-0.9298084625050174,0.011415571188244433,0.004904537950162772,0.9626116071428571
2.2,synthetic_noise,57,uniform_raw,2048,0,1024,1024,-0.923890950098343,0.017333083594918808,0.004584364170766543,1.0
2.2,synthetic_noise,57,uniform_filtered,2048,0,1024,1024,-0.9267349779022716,0.014489055790990246,0.0046447416714111445,0.9541015625
2.2,synthetic_noise,57,adaptive_filtered,2048,256,664,1128,-0.9236011219631628,0.017622911730099,0.0049489672993523375,0.9598214285714286
2.2,synthetic_noise,58,uniform_raw,2048,0,1024,1024,-0.9246567575016695,0.01656727619159226,0.004646932577634699,1.0
2.2,synthetic_noise,58,uniform_filtered,2048,0,1024,1024,-0.9275452023768405,0.013678831316421336,0.004705887139537653,0.9580078125
2.2,synthetic_noise,58,adaptive_filtered,2048,256,898,894,-0.9284468918168054,0.0127771418764564,0.004880632670583401,0.96484375
2.2,synthetic_noise,59,uniform_raw,2048,0,1024,1024,-0.9226095908831295,0.018614442810132248,0.004541602896951966,1.0
2.2,synthetic_noise,59,uniform_filtered,2048,0,1024,1024,-0.9262262399952972,0.014997793697964612,0.004539916507794349,0.958984375
2.2,synthetic_noise,59,adaptive_filtered,2048,256,753,1039,-0.9312467370674671,0.009977296625794718,0.0044286236791393555,0.9631696428571429
2.2,synthetic_noise,60,uniform_raw,2048,0,1024,1024,-0.9206797605171964,0.020544273176065442,0.0046274997164921046,1.0
2.2,synthetic_noise,60,uniform_filtered,2048,0,1024,1024,-0.9247580806004823,0.01646595309277954,0.004588453229803816,0.96240234375
2.2,synthetic_noise,60,adaptive_filtered,2048,256,715,1077,-0.9368033362105752,0.004420697482686586,0.004659855862105657,0.9642857142857143
2.2,synthetic_noise,61,uniform_raw,2048,0,1024,1024,-0.928911567548026,0.012312466145235845,0.004200143006330812,1.0
2.2,synthetic_noise,61,uniform_filtered,2048,0,1024,1024,-0.9326432480787379,0.008580785614523911,0.0041632804208138014,0.96142578125
2.2,synthetic_noise,61,adaptive_filtered,2048,256,774,1018,-0.9310476976612105,0.010176336032051259,0.004760343602855701,0.9536830357142857
2.2,synthetic_noise,62,uniform_raw,2048,0,1024,1024,-0.9248581331345467,0.01636590055871512,0.004465223116294648,1.0
2.2,synthetic_noise,62,uniform_filtered,2048,0,1024,1024,-0.9272130103744041,0.01401102331885773,0.004495202337744293,0.96533203125
2.2,synthetic_noise,62,adaptive_filtered,2048,256,790,1002,-0.9321636436779592,0.009060390015302566,0.004521879696046705,0.9637276785714286
2.2,synthetic_noise,63,uniform_raw,2048,0,1024,1024,-0.9287611944294771,0.012462839263784664,0.004393515328127416,1.0
2.2,synthetic_noise,63,uniform_filtered,2048,0,1024,1024,-0.9298215920878425,0.011402441605419256,0.004483552493379085,0.9697265625
2.2,synthetic_noise,63,adaptive_filtered,2048,256,771,1021,-0.9252265958777592,0.015997437815502558,0.004924462638103354,0.9737723214285714
2.2,synthetic_noise,64,uniform_raw,2048,0,1024,1024,-0.9246158807261777,0.016608152967084067,0.004686337969557231,1.0
2.2,synthetic_noise,64,uniform_filtered,2048,0,1024,1024,-0.928079538844284,0.013144494848977839,0.0046566777955459795,0.96875
2.2,synthetic_noise,64,adaptive_filtered,2048,256,627,1165,-0.9397888658805642,0.0014351678126975909,0.004526902838320434,0.9765625
2.2,synthetic_noise,65,uniform_raw,2048,0,1024,1024,-0.9242474725145291,0.016976561178732696,0.004514206274849942,1.0
2.2,synthetic_noise,65,uniform_filtered,2048,0,1024,1024,-0.9268937253391523,0.014330308354109533,0.00453466442356414,0.96630859375
2.2,synthetic_noise,65,adaptive_filtered,2048,256,793,999,-0.9289021554840933,0.012321878209168524,0.0048185959261025394,0.9665178571428571
2.2,synthetic_noise,66,uniform_raw,2048,0,1024,1024,-0.9296707526412109,0.01155328105205089,0.004252697189324576,1.0
2.2,synthetic_noise,66,uniform_filtered,2048,0,1024,1024,-0.9317439295359107,0.009480104157351121,0.004311798310733877,0.96240234375
2.2,synthetic_noise,66,adaptive_filtered,2048,256,808,984,-0.93616041738801,0.005063616305251761,0.004672557203007757,0.9693080357142857
2.2,synthetic_noise,67,uniform_raw,2048,0,1024,1024,-0.9213540151777435,0.019870018515518284,0.004693506717846649,1.0
2.2,synthetic_noise,67,uniform_filtered,2048,0,1024,1024,-0.9236072029375297,0.01761683075573206,0.00475000025485718,0.96484375
2.2,synthetic_noise,67,adaptive_filtered,2048,256,731,1061,-0.9187886752677719,0.022435358425489937,0.004932259033142885,0.9642857142857143
2.2,synthetic_noise,68,uniform_raw,2048,0,1024,1024,-0.9247662538447265,0.016457779848535248,0.004511418494453668,1.0
2.2,synthetic_noise,68,uniform_filtered,2048,0,1024,1024,-0.927151206856325,0.01407282683693678,0.004563079370733933,0.9609375
2.2,synthetic_noise,68,adaptive_filtered,2048,256,693,1099,-0.934983678858635,0.006240354834626816,0.004563425882344924,0.9659598214285714
2.2,synthetic_noise,69,uniform_raw,2048,0,1024,1024,-0.9274172954996225,0.013806738193639312,0.004572621202692074,1.0
2.2,synthetic_noise,69,uniform_filtered,2048,0,1024,1024,-0.9295450277399935,0.011679005953268318,0.0046171015263788496,0.96826171875
2.2,synthetic_noise,69,adaptive_filtered,2048,256,850,942,-0.9235760851049575,0.01764794858830432,0.0048754914347801616,0.9698660714285714
2.2,synthetic_noise,70,uniform_raw,2048,0,1024,1024,-0.9234674408497967,0.01775659284346509,0.004540490347723287,1.0
2.2,synthetic_noise,70,uniform_filtered,2048,0,1024,1024,-0.9276506133470603,0.013573420346201459,0.004494089771398541,0.96240234375
2.2,synthetic_noise,70,adaptive_filtered,2048,256,683,1109,-0.9333838260481238,0.007840207645138042,0.004568689734912885,0.96875
2.2,synthetic_noise,71,uniform_raw,2048,0,1024,1024,-0.9254540796725974,0.01576995402066439,0.004572235097983468,1.0
2.2,synthetic_noise,71,uniform_filtered,2048,0,1024,1024,-0.9285588401934801,0.01266519349978168,0.004599906540686602,0.962890625
2.2,synthetic_noise,71,adaptive_filtered,2048,256,696,1096,-0.9316062372984824,0.009617796394779443,0.0044999306394929274,0.9614955357142857
2.2,synthetic_noise,72,uniform_raw,2048,0,1024,1024,-0.92675693855344,0.014467095139821806,0.00445647382585502,1.0
2.2,synthetic_noise,72,uniform_filtered,2048,0,1024,1024,-0.9302714506360463,0.01095258305721547,0.004416833889075912,0.96728515625
2.2,synthetic_noise,72,adaptive_filtered,2048,256,831,961,-0.9178318508506373,0.023392182842624454,0.0052874871314223465,0.9626116071428571
2.2,synthetic_noise,73,uniform_raw,2048,0,1024,1024,-0.9279882748954478,0.013235758797814023,0.00437335813825423,1.0
2.2,synthetic_noise,73,uniform_filtered,2048,0,1024,1024,-0.9283930469561803,0.012830986737081496,0.0044968847148049405,0.96923828125
2.2,synthetic_noise,73,adaptive_filtered,2048,256,846,946,-0.9248198119388837,0.016404221754378057,0.004865008698197095,0.9631696428571429
2.2,synthetic_noise,74,uniform_raw,2048,0,1024,1024,-0.9239084038780592,0.017315629815202627,0.004512681870599361,1.0
2.2,synthetic_noise,74,uniform_filtered,2048,0,1024,1024,-0.9266351750055684,0.01458885868769344,0.004539497335911157,0.96435546875
2.2,synthetic_noise,74,adaptive_filtered,2048,256,755,1037,-0.9326916441256394,0.008532389567622367,0.004766258240255332,0.953125
2.2,synthetic_noise,75,uniform_raw,2048,0,1024,1024,-0.9197096745097233,0.0215143591835385,0.0046823327551575285,1.0
2.2,synthetic_noise,75,uniform_filtered,2048,0,1024,1024,-0.9211755691669574,0.020048464526304377,0.004762283658385059,0.966796875
2.2,synthetic_noise,75,adaptive_filtered,2048,256,891,901,-0.9191014911313027,0.022122542561959113,0.005089144431508066,0.9637276785714286
2.2,synthetic_noise,76,uniform_raw,2048,0,1024,1024,-0.9254613550768207,0.015762678616441095,0.0045059292179091,1.0
2.2,synthetic_noise,76,uniform_filtered,2048,0,1024,1024,-0.9277328276317045,0.013491206061557293,0.004551428205791161,0.96630859375
2.2,synthetic_noise,76,adaptive_filtered,2048,256,1007,785,-0.9242421325216126,0.016981901171649216,0.005064711580934618,0.9720982142857143
2.2,synthetic_noise,77,uniform_raw,2048,0,1024,1024,-0.9281578092136828,0.013066224479578947,0.004374092913306591,1.0
2.2,synthetic_noise,77,uniform_filtered,2048,0,1024,1024,-0.9317454745091676,0.009478559184094237,0.004314624511397429,0.97021484375
2.2,synthetic_noise,77,adaptive_filtered,2048,256,725,1067,-0.9344440023990053,0.006780031294256528,0.0047076386267557195,0.96484375
2.2,synthetic_noise,78,uniform_raw,2048,0,1024,1024,-0.9215221686230495,0.01970186507021232,0.0043963052813757305,1.0
2.2,synthetic_noise,78,uniform_filtered,2048,0,1024,1024,-0.9240668319702434,0.017157201723018378,0.004417844860866479,0.96484375
2.2,synthetic_noise,78,adaptive_filtered,2048,256,732,1060,-0.9250333833675681,0.016190650325693667,0.004877043460566633,0.9553571428571429
2.2,synthetic_noise,79,uniform_raw,2048,0,1024,1024,-0.9274467763002128,0.013777257393049025,0.00420520625059621,1.0
2.2,synthetic_noise,79,uniform_filtered,2048,0,1024,1024,-0.9307639873212183,0.010460046372043452,0.004190631133932495,0.96337890625
2.2,synthetic_noise,79,adaptive_filtered,2048,256,737,1055,-0.930217910149501,0.011006123543760848,0.004634861568903194,0.9676339285714286
2.2,synthetic_noise,80,uniform_raw,2048,0,1024,1024,-0.9247055627754666,0.016518470917795236,0.004455964678483635,1.0
2.2,synthetic_noise,80,uniform_filtered,2048,0,1024,1024,-0.9268504969393272,0.014373536753934602,0.004528308953382997,0.96044921875
2.2,synthetic_noise,80,adaptive_filtered,2048,256,860,932,-0.9301793743203639,0.011044659372897891,0.0047091968983125525,0.9654017857142857
2.2,synthetic_noise,81,uniform_raw,2048,0,1024,1024,-0.9237180229882773,0.017506010704984476,0.004585311086412803,1.0
2.2,synthetic_noise,81,uniform_filtered,2048,0,1024,1024,-0.9258853253534991,0.015338708339762697,0.004657533722870026,0.96142578125
2.2,synthetic_noise,81,adaptive_filtered,2048,256,975,817,-0.9197680510381312,0.0214559826551306,0.005329260414566035,0.9536830357142857
2.2,synthetic_noise,82,uniform_raw,2048,0,1024,1024,-0.9276817753524675,0.013542258340794255,0.004568501636421601,1.0
2.2,synthetic_noise,82,uniform_filtered,2048,0,1024,1024,-0.9310389662358163,0.010185067457445518,0.0045544409714883645,0.9677734375
2.2,synthetic_noise,82,adaptive_filtered,2048,256,742,1050,-0.9359317403281688,0.005292293365092959,0.00453399429885288,0.9698660714285714
2.2,synthetic_noise,83,uniform_raw,2048,0,1024,1024,-0.9252726595588998,0.015951374134361984,0.004316618699240324,1.0
2.2,synthetic_noise,83,uniform_filtered,2048,0,1024,1024,-0.9281131210771123,0.013110912616149495,0.004364522591991749,0.95703125
2.2,synthetic_noise,83,adaptive_filtered,2048,256,711,1081,-0.9298858081473069,0.011338225545954872,0.004731307306914149,0.9681919642857143
2.2,synthetic_noise,84,uniform_raw,2048,0,1024,1024,-0.9300840835142643,0.011139950178997493,0.004305725094402953,1.0
2.2,synthetic_noise,84,uniform_filtered,2048,0,1024,1024,-0.9324095380832127,0.0088144956100491,0.004327913930303631,0.97021484375
2.2,synthetic_noise,84,adaptive_filtered,2048,256,813,979,-0.9381350976727592,0.0030889360205026417,0.004576901598025363,0.9581473214285714
2.2,synthetic_noise,85,uniform_raw,2048,0,1024,1024,-0.9273637165610653,0.013860317132196487,0.0044736222509794855,1.0
2.2,synthetic_noise,85,uniform_filtered,2048,0,1024,1024,-0.9298885077883254,0.011335525904936361,0.004510418722364308,0.96337890625
2.2,synthetic_noise,85,adaptive_filtered,2048,256,805,987,-0.9286889689690412,0.012535064724220613,0.004803327403680343,0.9614955357142857
2.2,synthetic_noise,86,uniform_raw,2048,0,1024,1024,-0.9318618333416788,0.009362200351582972,0.004129838234391919,1.0
2.2,synthetic_noise,86,uniform_filtered,2048,0,1024,1024,-0.9331295320168407,0.008094501676421118,0.004226524522648701,0.96630859375
2.2,synthetic_noise,86,adaptive_filtered,2048,256,816,976,-0.9280509237838543,0.013173109909407454,0.004646386679832263,0.9670758928571429
2.2,synthetic_noise,87,uniform_raw,2048,0,1024,1024,-0.9253594606850282,0.01586457300823363,0.004535148364533415,1.0
2.2,synthetic_noise,87,uniform_filtered,2048,0,1024,1024,-0.9269199629767926,0.01430407071646922,0.004607957915211463,0.9677734375
2.2,synthetic_noise,87,adaptive_filtered,2048,256,902,890,-0.9271795186062741,0.014044515086987674,0.004741557985997986,0.9743303571428571
2.2,synthetic_noise,88,uniform_raw,2048,0,1024,1024,-0.919282445922305,0.021941587770956783,0.004681983488998357,1.0
2.2,synthetic_noise,88,uniform_filtered,2048,0,1024,1024,-0.9208554007353749,0.020368632957886934,0.004760477088660725,0.96630859375
2.2,synthetic_noise,88,adaptive_filtered,2048,256,674,1118,-0.933912774268326,0.007311259424935823,0.004642821665002674,0.9743303571428571
2.2,synthetic_noise,89,uniform_raw,2048,0,1024,1024,-0.9220060423938146,0.019217991299447235,0.004543784195624941,1.0
2.2,synthetic_noise,89,uniform_filtered,2048,0,1024,1024,-0.9247144626010682,0.016509571092193642,0.004581934598368564,0.9619140625
2.2,synthetic_noise,89,adaptive_filtered,2048,256,679,1113,-0.9440436340393401,-0.0028196003460783103,0.004478155579120951,0.9598214285714286
2.2,synthetic_noise,90,uniform_raw,2048,0,1024,1024,-0.9276363408223922,0.013587692870869583,0.0042429057619661256,1.0
2.2,synthetic_noise,90,uniform_filtered,2048,0,1024,1024,-0.9297699647241771,0.01145406896908474,0.004358299009850603,0.95361328125
2.2,synthetic_noise,90,adaptive_filtered,2048,256,809,983,-0.9319353013682423,0.009288732325019478,0.0048284793769152404,0.9603794642857143
2.2,synthetic_noise,91,uniform_raw,2048,0,1024,1024,-0.9237856629147194,0.017438370778542378,0.004614550379823645,1.0
2.2,synthetic_noise,91,uniform_filtered,2048,0,1024,1024,-0.9268383423241584,0.014385691369103393,0.004624056631032368,0.96435546875
2.2,synthetic_noise,91,adaptive_filtered,2048,256,776,1016,-0.9300806593535973,0.011143374339664502,0.004700874411465197,0.9637276785714286
2.2,synthetic_noise,92,uniform_raw,2048,0,1024,1024,-0.9234294670455745,0.017794566647687304,0.004641816408963107,1.0
2.2,synthetic_noise,92,uniform_filtered,2048,0,1024,1024,-0.9258545688073614,0.015369464885900408,0.004680974065258842,0.96484375
2.2,synthetic_noise,92,adaptive_filtered,2048,256,695,1097,-0.9229020226912688,0.018322011001993044,0.005017004520827062,0.9626116071428571
2.2,synthetic_noise,93,uniform_raw,2048,0,1024,1024,-0.9301893706978879,0.011034662995373923,0.004272712013608222,1.0
2.2,synthetic_noise,93,uniform_filtered,2048,0,1024,1024,-0.9357093138882153,0.005514719805046475,0.004139956620559096,0.9619140625
2.2,synthetic_noise,93,adaptive_filtered,2048,256,738,1054,-0.922448625052487,0.01877540864077476,0.004998792528250607,0.9620535714285714
2.2,synthetic_noise,94,uniform_raw,2048,0,1024,1024,-0.9233306388985718,0.017893394794689987,0.0047080665126154435,1.0
2.2,synthetic_noise,94,uniform_filtered,2048,0,1024,1024,-0.9258261916077022,0.01539784208555961,0.004766848922125794,0.9609375
2.2,synthetic_noise,94,adaptive_filtered,2048,256,778,1014,-0.9243062722552275,0.01691776143803425,0.005168290785672613,0.9598214285714286
2.2,synthetic_noise,95,uniform_raw,2048,0,1024,1024,-0.9229313690134036,0.01829266467985824,0.0045936086819401345,1.0
2.2,synthetic_noise,95,uniform_filtered,2048,0,1024,1024,-0.9259557742831028,0.015268259410158969,0.004608457945427404,0.962890625
2.2,synthetic_noise,95,adaptive_filtered,2048,256,710,1082,-0.9320991160134753,0.009124917679786515,0.00484190341608653,0.9637276785714286
2.2,synthetic_noise,96,uniform_raw,2048,0,1024,1024,-0.9287037328785277,0.012520300814734098,0.004357194339981073,1.0
2.2,synthetic_noise,96,uniform_filtered,2048,0,1024,1024,-0.9306556000403567,0.010568433652905052,0.004434616629763576,0.9638671875
2.2,synthetic_noise,96,adaptive_filtered,2048,256,1119,673,-0.9355459203547642,0.005678113338497548,0.004540880260672115,0.9609375
2.2,synthetic_noise,97,uniform_raw,2048,0,1024,1024,-0.9239930077636562,0.01723102592960557,0.004534412679080071,1.0
2.2,synthetic_noise,97,uniform_filtered,2048,0,1024,1024,-0.9266833316104386,0.01454070208282321,0.004580913803709297,0.96044921875
2.2,synthetic_noise,97,adaptive_filtered,2048,256,842,950,-0.9355950375878164,0.005628996105445427,0.004635987527522276,0.9715401785714286
2.2,synthetic_noise,98,uniform_raw,2048,0,1024,1024,-0.9292382826165804,0.011985751076681428,0.004537984885577749,1.0
2.2,synthetic_noise,98,uniform_filtered,2048,0,1024,1024,-0.9301553812510139,0.011068652442247862,0.00465369016244234,0.9658203125
2.2,synthetic_noise,98,adaptive_filtered,2048,256,803,989,-0.9274247401419726,0.013799293551289171,0.004922365881352507,0.9665178571428571
2.2,synthetic_noise,99,uniform_raw,2048,0,1024,1024,-0.9303863738978113,0.010837659795450483,0.004212781351321289,1.0
2.2,synthetic_noise,99,uniform_filtered,2048,0,1024,1024,-0.9332622311505345,0.00796180254272727,0.004257030824052414,0.95703125
2.2,synthetic_noise,99,adaptive_filtered,2048,256,742,1050,-0.9283524900116149,0.012871543681646891,0.004703891633953139,0.96484375
2.2,synthetic_noise,100,uniform_raw,2048,0,1024,1024,-0.9291031660372164,0.012120867656045364,0.00445793265289421,1.0
2.2,synthetic_noise,100,uniform_filtered,2048,0,1024,1024,-0.9330881502866655,0.008135883406596323,0.00442855351976371,0.962890625
2.2,synthetic_noise,100,adaptive_filtered,2048,256,800,992,-0.93100208827896,0.01022194541430177,0.004694515806319026,0.9637276785714286
2.2,synthetic_noise,101,uniform_raw,2048,0,1024,1024,-0.9217917486876954,0.019432285005566374,0.004648203368982167,1.0
2.2,synthetic_noise,101,uniform_filtered,2048,0,1024,1024,-0.9242744753591321,0.0169495583341297,0.004686793568263538,0.96435546875
2.2,synthetic_noise,101,adaptive_filtered,2048,256,765,1027,-0.9288999823082364,0.012324051385025347,0.004672342238921135,0.96484375
2.2,synthetic_noise,102,uniform_raw,2048,0,1024,1024,-0.9201402958889724,0.021083737804289404,0.004681029435704455,1.0
2.2,synthetic_noise,102,uniform_filtered,2048,0,1024,1024,-0.924287167766318,0.016936865926943767,0.004621937008344642,0.96728515625
2.2,synthetic_noise,102,adaptive_filtered,2048,256,776,1016,-0.9367417043792405,0.0044823293140212606,0.004407640434459672,0.9676339285714286
2.2,synthetic_noise,103,uniform_raw,2048,0,1024,1024,-0.917875279498962,0.023348754194299826,0.004699607785549184,1.0
2.2,synthetic_noise,103,uniform_filtered,2048,0,1024,1024,-0.9214044311056209,0.019819602587640928,0.004659638325726637,0.966796875
2.2,synthetic_noise,103,adaptive_filtered,2048,256,740,1052,-0.9323713275413892,0.008852706151872614,0.00468872803615158,0.9614955357142857
2.2,synthetic_noise,104,uniform_raw,2048,0,1024,1024,-0.9306805198728765,0.01054351382038532,0.004351062893653421,1.0
2.2,synthetic_noise,104,uniform_filtered,2048,0,1024,1024,-0.9335444239216815,0.007679609771580331,0.004364291758659178,0.9658203125
2.2,synthetic_noise,104,adaptive_filtered,2048,256,785,1007,-0.9390345019045785,0.0021895317886833077,0.004394445433355752,0.96484375
2.2,synthetic_noise,105,uniform_raw,2048,0,1024,1024,-0.9268934139576239,0.014330619735637873,0.004319548598923871,1.0
2.2,synthetic_noise,105,uniform_filtered,2048,0,1024,1024,-0.9283336017024466,0.012890431990815188,0.0044192739739669805,0.9609375
2.2,synthetic_noise,105,adaptive_filtered,2048,256,888,904,-0.9250405744174781,0.016183459275783685,0.004793202007870622,0.9637276785714286
2.2,synthetic_noise,106,uniform_raw,2048,0,1024,1024,-0.9314117462638116,0.009812287429450173,0.004517337548403823,1.0
2.2,synthetic_noise,106,uniform_filtered,2048,0,1024,1024,-0.9343287403047398,0.006895293388522017,0.004549192647685523,0.96337890625
2.2,synthetic_noise,106,adaptive_filtered,2048,256,667,1125,-0.9348704661074771,0.006353567585784647,0.004740660324383305,0.96875
2.2,synthetic_noise,107,uniform_raw,2048,0,1024,1024,-0.9335473773322318,0.007676656361029988,0.004047758363429553,1.0
2.2,synthetic_noise,107,uniform_filtered,2048,0,1024,1024,-0.9351634832986391,0.006060550394622721,0.004189849690998305,0.9541015625
2.2,synthetic_noise,107,adaptive_filtered,2048,256,730,1062,-0.9334682772391922,0.007755756454069562,0.004602745385056767,0.96875
2.2,synthetic_noise,108,uniform_raw,2048,0,1024,1024,-0.9208316777821948,0.02039235591106703,0.004717879577811226,1.0
2.2,synthetic_noise,108,uniform_filtered,2048,0,1024,1024,-0.9232066241998005,0.01801740949346131,0.004798536053343005,0.95654296875
2.2,synthetic_noise,108,adaptive_filtered,2048,256,867,925,-0.9341715666725385,0.007052467020723263,0.0047179591176203396,0.95703125
2.2,synthetic_noise,109,uniform_raw,2048,0,1024,1024,-0.9155780952472681,0.02564593844599372,0.0049285634103911,1.0
2.2,synthetic_noise,109,uniform_filtered,2048,0,1024,1024,-0.9189253621064284,0.022298671586833407,0.004937738074163242,0.962890625
2.2,synthetic_noise,109,adaptive_filtered,2048,256,833,959,-0.9156174551647802,0.025606578528481583,0.005176649847661587,0.9665178571428571
2.2,synthetic_noise,110,uniform_raw,2048,0,1024,1024,-0.9280481495971051,0.013175884096156665,0.0045357839272699004,1.0
2.2,synthetic_noise,110,uniform_filtered,2048,0,1024,1024,-0.9310032282370342,0.01022080545622761,0.004572038553232168,0.9619140625
2.2,synthetic_noise,110,adaptive_filtered,2048,256,1113,679,-0.9322707718508849,0.00895326184237688,0.004948399609150825,0.9631696428571429
2.2,synthetic_noise,111,uniform_raw,2048,0,1024,1024,-0.9233014625969134,0.017922571096348427,0.00451665198243483,1.0
2.2,synthetic_noise,111,uniform_filtered,2048,0,1024,1024,-0.9252236390502455,0.01600039464301628,0.004594192199642545,0.9609375
2.2,synthetic_noise,111,adaptive_filtered,2048,256,834,958,-0.9383504132099911,0.002873620483270667,0.004498508220544821,0.9681919642857143
2.2,synthetic_noise,112,uniform_raw,2048,0,1024,1024,-0.9288903944294378,0.012333639263824026,0.004326783742394981,1.0
2.2,synthetic_noise,112,uniform_filtered,2048,0,1024,1024,-0.9309869869743497,0.010237046718912124,0.004404675412421795,0.962890625
2.2,synthetic_noise,112,adaptive_filtered,2048,256,668,1124,-0.9313635029184122,0.009860530774849607,0.004719881750796223,0.9587053571428571
2.2,synthetic_noise,113,uniform_raw,2048,0,1024,1024,-0.9333576495365319,0.007866384156729911,0.004033354516063452,1.0
2.2,synthetic_noise,113,uniform_filtered,2048,0,1024,1024,-0.9373334367274033,0.0038905969658584727,0.003977317877269876,0.96240234375
2.2,synthetic_noise,113,adaptive_filtered,2048,256,662,1130,-0.9326507326733093,0.008573301019952462,0.004664739303622666,0.9715401785714286
2.2,synthetic_noise,114,uniform_raw,2048,0,1024,1024,-0.9249529153956366,0.016271118297625176,0.004482259033169908,1.0
2.2,synthetic_noise,114,uniform_filtered,2048,0,1024,1024,-0.9270777851943566,0.014146248498905223,0.004547707476319583,0.96240234375
2.2,synthetic_noise,114,adaptive_filtered,2048,256,912,880,-0.9284719890664566,0.012752044626805237,0.004916161857128287,0.9626116071428571
2.2,synthetic_noise,115,uniform_raw,2048,0,1024,1024,-0.9174094240132395,0.023814609680022247,0.004874906074602434,1.0
2.2,synthetic_noise,115,uniform_filtered,2048,0,1024,1024,-0.9200025735603192,0.02122146013294257,0.004910729725955478,0.9658203125
2.2,synthetic_noise,115,adaptive_filtered,2048,256,1143,649,-0.9279312658605359,0.013292767832725927,0.005345901645006162,0.9581473214285714
2.2,synthetic_noise,116,uniform_raw,2048,0,1024,1024,-0.9318616700681583,0.009362363625103454,0.004153873531218282,1.0
2.2,synthetic_noise,116,uniform_filtered,2048,0,1024,1024,-0.9332899951798734,0.007934038513388364,0.004252241637343793,0.96533203125
2.2,synthetic_noise,116,adaptive_filtered,2048,256,707,1085,-0.9250231147800989,0.016200918913162887,0.0049393439262766965,0.9654017857142857
2.2,synthetic_noise,117,uniform_raw,2048,0,1024,1024,-0.9234777824988101,0.017746251194451723,0.004514091027151508,1.0
2.2,synthetic_noise,117,uniform_filtered,2048,0,1024,1024,-0.9281886291837691,0.013035404509492698,0.004444656981530079,0.96044921875
2.2,synthetic_noise,117,adaptive_filtered,2048,256,624,1168,-0.9268797363338921,0.014344297359369707,0.004881325637181821,0.9659598214285714
2.2,synthetic_noise,118,uniform_raw,2048,0,1024,1024,-0.9235762840987718,0.017647749594490003,0.004486137059374224,1.0
2.2,synthetic_noise,118,uniform_filtered,2048,0,1024,1024,-0.9248585303940877,0.016365503299174078,0.004592886449360246,0.96435546875
2.2,synthetic_noise,118,adaptive_filtered,2048,256,673,1119,-0.9249722944547423,0.016251739238519525,0.00489207704794722,0.9681919642857143
2.2,synthetic_noise,119,uniform_raw,2048,0,1024,1024,-0.9277009145040445,0.013523119189217336,0.004230417554848985,1.0
2.2,synthetic_noise,119,uniform_filtered,2048,0,1024,1024,-0.934093744376318,0.007130289316943816,0.004048259394646308,0.95703125
2.2,synthetic_noise,119,adaptive_filtered,2048,256,751,1041,-0.9303791469533753,0.010844886739886483,0.004586124549928733,0.9631696428571429
2.2,synthetic_noise,120,uniform_raw,2048,0,1024,1024,-0.9283614347237474,0.01286259896951436,0.004335042389186438,1.0
2.2,synthetic_noise,120,uniform_filtered,2048,0,1024,1024,-0.9300104127301416,0.011213620963120174,0.004433723489096676,0.96044921875
2.2,synthetic_noise,120,adaptive_filtered,2048,256,915,877,-0.9207527839496195,0.02047124974364234,0.005081870317868197,0.9676339285714286
2.2,synthetic_noise,121,uniform_raw,2048,0,1024,1024,-0.932675956198241,0.008548077495020845,0.00405681633966568,1.0
2.2,synthetic_noise,121,uniform_filtered,2048,0,1024,1024,-0.9363456736496316,0.004878360043630181,0.004054223226587066,0.95751953125
2.2,synthetic_noise,121,adaptive_filtered,2048,256,933,859,-0.9347791605557523,0.006444873137509521,0.00466769081392192,0.9681919642857143
2.2,synthetic_noise,122,uniform_raw,2048,0,1024,1024,-0.9276765118671462,0.013547521826115627,0.004335478006228189,1.0
2.2,synthetic_noise,122,uniform_filtered,2048,0,1024,1024,-0.930607665252039,0.010616368441222823,0.004364510334330677,0.96142578125
2.2,synthetic_noise,122,adaptive_filtered,2048,256,913,879,-0.9350346766614461,0.006189357031815668,0.004716072239247133,0.9598214285714286
2.2,synthetic_noise,123,uniform_raw,2048,0,1024,1024,-0.9251928293380627,0.016031204355199113,0.004595145708206743,1.0
2.2,synthetic_noise,123,uniform_filtered,2048,0,1024,1024,-0.9278245149655489,0.013399518727712945,0.004658613602894471,0.9609375
2.2,synthetic_noise,123,adaptive_filtered,2048,256,994,798,-0.9281475656700806,0.013076468023181187,0.005002049988869314,0.9665178571428571
2.2,synthetic_noise,124,uniform_raw,2048,0,1024,1024,-0.9289581976294006,0.012265836063861224,0.004335883497900323,1.0
2.2,synthetic_noise,124,uniform_filtered,2048,0,1024,1024,-0.9306504157707851,0.010573617922476686,0.004410079254939223,0.9658203125
2.2,synthetic_noise,124,adaptive_filtered,2048,256,698,1094,-0.925874897735746,0.015349135957515747,0.004699534700997834,0.9665178571428571
2.2,synthetic_noise,125,uniform_raw,2048,0,1024,1024,-0.9260198176312104,0.015204216062051357,0.004648334698836568,1.0
2.2,synthetic_noise,125,uniform_filtered,2048,0,1024,1024,-0.9290543149381445,0.012169718755117298,0.004673754278292682,0.9619140625
2.2,synthetic_noise,125,adaptive_filtered,2048,256,804,988,-0.9275907367970071,0.013633296896254699,0.004911298389707361,0.96875
2.2,synthetic_noise,126,uniform_raw,2048,0,1024,1024,-0.9308208778894529,0.010403155803808906,0.00413775447111383,1.0
2.2,synthetic_noise,126,uniform_filtered,2048,0,1024,1024,-0.9356795384659791,0.005544495227282731,0.004012196225308473,0.96533203125
2.2,synthetic_noise,126,adaptive_filtered,2048,256,729,1063,-0.9248197476836455,0.016404286009616298,0.004845315514000225,0.96875
2.2,synthetic_noise,127,uniform_raw,2048,0,1024,1024,-0.9233446998864572,0.01787933380680462,0.0046414804270476714,1.0
2.2,synthetic_noise,127,uniform_filtered,2048,0,1024,1024,-0.9248004390103237,0.01642359468293808,0.004728145374540819,0.9658203125
2.2,synthetic_noise,127,adaptive_filtered,2048,256,672,1120,-0.9328038263757599,0.008420207317501927,0.004742977864264682,0.9642857142857143
2.2,synthetic_noise,128,uniform_raw,2048,0,1024,1024,-0.9294595251798818,0.011764508513379957,0.004407675992078816,1.0
2.2,synthetic_noise,128,uniform_filtered,2048,0,1024,1024,-0.9313478827142088,0.009876150979053033,0.00447744182218353,0.96630859375
2.2,synthetic_noise,128,adaptive_filtered,2048,256,693,1099,-0.9334270818891524,0.007796951804109442,0.004771433150406803,0.9614955357142857
2.2,synthetic_noise,129,uniform_raw,2048,0,1024,1024,-0.9369858893296037,0.004238144363658103,0.003986577917819494,1.0
2.2,synthetic_noise,129,uniform_filtered,2048,0,1024,1024,-0.9403944184179225,0.0008296152753393127,0.00395351313616561,0.96435546875
2.2,synthetic_noise,129,adaptive_filtered,2048,256,755,1037,-0.9350322882451199,0.006191745448141939,0.004638985620823787,0.9559151785714286
2.2,synthetic_noise,130,uniform_raw,2048,0,1024,1024,-0.9258626368808909,0.01536139681237092,0.004321449642546488,1.0
2.2,synthetic_noise,130,uniform_filtered,2048,0,1024,1024,-0.928109944228815,0.01311408946444681,0.0043716272529487005,0.9638671875
2.2,synthetic_noise,130,adaptive_filtered,2048,256,772,1020,-0.9255941170788502,0.0156299166144116,0.004960744400151625,0.9659598214285714
2.2,synthetic_noise,131,uniform_raw,2048,0,1024,1024,-0.9253630167503795,0.015861016942882333,0.004512283712370269,1.0
2.2,synthetic_noise,131,uniform_filtered,2048,0,1024,1024,-0.9281664342316205,0.013057599461641312,0.004529514272427106,0.962890625
2.2,synthetic_noise,131,adaptive_filtered,2048,256,680,1112,-0.9307567843689353,0.010467249324326522,0.004808536163373886,0.9676339285714286
2.2,synthetic_noise,132,uniform_raw,2048,0,1024,1024,-0.9286189657194102,0.012605067973851636,0.004356836731830059,1.0
2.2,synthetic_noise,132,uniform_filtered,2048,0,1024,1024,-0.9304477998587497,0.010776233834512094,0.004452267722702405,0.96044921875
2.2,synthetic_noise,132,adaptive_filtered,2048,256,697,1095,-0.932256793269761,0.008967240423500833,0.004658409473573604,0.9698660714285714
2.2,synthetic_noise,133,uniform_raw,2048,0,1024,1024,-0.9131308423759574,0.028093191317304367,0.00481539783708853,1.0
2.2,synthetic_noise,133,uniform_filtered,2048,0,1024,1024,-0.9168340927869256,0.02438994090633617,0.004817380138634011,0.95947265625
2.2,synthetic_noise,133,adaptive_filtered,2048,256,749,1043,-0.931351340713676,0.009872692979585818,0.004664870908676948,0.96484375
2.2,synthetic_noise,134,uniform_raw,2048,0,1024,1024,-0.9322229661491042,0.009001067544157637,0.0043912227445504345,1.0
2.2,synthetic_noise,134,uniform_filtered,2048,0,1024,1024,-0.9356065109550817,0.0056175227381800585,0.0043884568775336245,0.96337890625
2.2,synthetic_noise,134,adaptive_filtered,2048,256,696,1096,-0.9376651983880111,0.003558835305250696,0.004455830673464586,0.9581473214285714
2.2,synthetic_noise,135,uniform_raw,2048,0,1024,1024,-0.9255719057457659,0.01565212794749593,0.0046977571800604434,1.0
2.2,synthetic_noise,135,uniform_filtered,2048,0,1024,1024,-0.9269741912297536,0.014249842463508244,0.004803770582450155,0.962890625
2.2,synthetic_noise,135,adaptive_filtered,2048,256,804,988,-0.9321377243151054,0.009086309378156354,0.004603343383193198,0.95703125
2.2,synthetic_noise,136,uniform_raw,2048,0,1024,1024,-0.9210861425330674,0.020137891160194377,0.004698894048523393,1.0
2.2,synthetic_noise,136,uniform_filtered,2048,0,1024,1024,-0.9260647331693888,0.015159300523873043,0.004621047172963924,0.9609375
2.2,synthetic_noise,136,adaptive_filtered,2048,256,857,935,-0.933373993579995,0.007850040113266843,0.004536140612076127,0.9626116071428571
2.2,synthetic_noise,137,uniform_raw,2048,0,1024,1024,-0.9246918283346224,0.016532205358639418,0.004484493518424677,1.0
2.2,synthetic_noise,137,uniform_filtered,2048,0,1024,1024,-0.927832417618834,0.013391616074427848,0.00449302763270277,0.96240234375
2.2,synthetic_noise,137,adaptive_filtered,2048,256,880,912,-0.9349546346741877,0.0062693990190740845,0.004622105455963735,0.9631696428571429
2.2,synthetic_noise,138,uniform_raw,2048,0,1024,1024,-0.9270212551327646,0.014202778560497231,0.004473968165850588,1.0
2.2,synthetic_noise,138,uniform_filtered,2048,0,1024,1024,-0.9310882778774643,0.01013575581579751,0.004438273844675903,0.9599609375
2.2,synthetic_noise,138,adaptive_filtered,2048,256,866,926,-0.9286211057902904,0.01260292790297135,0.004733307683596505,0.9631696428571429
2.2,synthetic_noise,139,uniform_raw,2048,0,1024,1024,-0.9184212031638068,0.022802830529454976,0.0046843963700199266,1.0
2.2,synthetic_noise,139,uniform_filtered,2048,0,1024,1024,-0.9206562087129515,0.02056782498031029,0.004755332786975153,0.95849609375
2.2,synthetic_noise,139,adaptive_filtered,2048,256,923,869,-0.9252271767646547,0.015996856928607084,0.005174746071339239,0.9592633928571429
2.2,synthetic_noise,140,uniform_raw,2048,0,1024,1024,-0.9267356021613313,0.014488431531930468,0.004592346078337413,1.0
2.2,synthetic_noise,140,uniform_filtered,2048,0,1024,1024,-0.9295923077746346,0.011631725918627156,0.004633090686385185,0.9619140625
2.2,synthetic_noise,140,adaptive_filtered,2048,256,858,934,-0.9306843980317134,0.010539635661548363,0.004543454964404858,0.9631696428571429
2.2,synthetic_noise,141,uniform_raw,2048,0,1024,1024,-0.9246501351915282,0.01657389850173363,0.004630034025585824,1.0
2.2,synthetic_noise,141,uniform_filtered,2048,0,1024,1024,-0.9277803454140838,0.013443688279177968,0.0046548340364182825,0.9609375
2.2,synthetic_noise,141,adaptive_filtered,2048,256,983,809,-0.9285682295051196,0.012655804188142161,0.005014013679162922,0.9665178571428571
2.2,synthetic_noise,142,uniform_raw,2048,0,1024,1024,-0.9312128723703976,0.01001116132286417,0.004340750981732342,1.0
2.2,synthetic_noise,142,uniform_filtered,2048,0,1024,1024,-0.9329200241134565,0.00830400957980526,0.00443307321793033,0.9658203125
2.2,synthetic_noise,142,adaptive_filtered,2048,256,704,1088,-0.9232647376602843,0.017959296032977523,0.004888622850400641,0.97265625
2.2,synthetic_noise,143,uniform_raw,2048,0,1024,1024,-0.9186929584208754,0.022531075272386403,0.0046148393738430025,1.0
2.2,synthetic_noise,143,uniform_filtered,2048,0,1024,1024,-0.9229562571699876,0.01826777652327416,0.004561889831828316,0.96044921875
2.2,synthetic_noise,143,adaptive_filtered,2048,256,739,1053,-0.9262144117518152,0.015009621941446616,0.005120193497534186,0.9626116071428571
2.2,synthetic_noise,144,uniform_raw,2048,0,1024,1024,-0.927818414030172,0.01340561966308984,0.0044167771305791284,1.0
2.2,synthetic_noise,144,uniform_filtered,2048,0,1024,1024,-0.9293461855502141,0.011877848143047709,0.004523378360599514,0.9599609375
2.2,synthetic_noise,144,adaptive_filtered,2048,256,649,1143,-0.932942639536376,0.00828139415688578,0.00468942069439424,0.9693080357142857
2.2,synthetic_noise,145,uniform_raw,2048,0,1024,1024,-0.9225766952425991,0.018647338450662687,0.004383153698962642,1.0
2.2,synthetic_noise,145,uniform_filtered,2048,0,1024,1024,-0.9242087600281512,0.017015273665110575,0.004490380609808928,0.9580078125
2.2,synthetic_noise,145,adaptive_filtered,2048,256,905,887,-0.9240953986270861,0.01712863506617568,0.0049573987041546825,0.9631696428571429
2.2,synthetic_noise,146,uniform_raw,2048,0,1024,1024,-0.9260855868641622,0.015138446829099594,0.004450178466793864,1.0
2.2,synthetic_noise,146,uniform_filtered,2048,0,1024,1024,-0.9273081802412304,0.01391585345203139,0.004561890078839272,0.9638671875
2.2,synthetic_noise,146,adaptive_filtered,2048,256,881,911,-0.9285205061583037,0.01270352753495807,0.004799643428184721,0.9637276785714286
2.2,synthetic_noise,147,uniform_raw,2048,0,1024,1024,-0.916039741573557,0.025184292119704743,0.00485622386211045,1.0
2.2,synthetic_noise,147,uniform_filtered,2048,0,1024,1024,-0.9187065518303796,0.02251748186288216,0.004891616426859622,0.96484375
2.2,synthetic_noise,147,adaptive_filtered,2048,256,694,1098,-0.926403928446631,0.0148201052466308,0.004961500929729981,0.9631696428571429
2.2,synthetic_noise,148,uniform_raw,2048,0,1024,1024,-0.9308395492685775,0.010384484424684315,0.004400530317486094,1.0
2.2,synthetic_noise,148,uniform_filtered,2048,0,1024,1024,-0.9319423016493988,0.009281732043862956,0.004524017355964836,0.96240234375
2.2,synthetic_noise,148,adaptive_filtered,2048,256,753,1039,-0.9242684570816786,0.0169555766115832,0.004931014071031791,0.9676339285714286
2.2,synthetic_noise,149,uniform_raw,2048,0,1024,1024,-0.9285981191478632,0.012625914545398631,0.004432947762021709,1.0
2.2,synthetic_noise,149,uniform_filtered,2048,0,1024,1024,-0.9315032281123607,0.009720805580901049,0.0044766830243548866,0.95947265625
2.2,synthetic_noise,149,adaptive_filtered,2048,256,752,1040,-0.9294046384185777,0.011819395274684119,0.004840318488701999,0.9592633928571429
2.2,synthetic_noise,150,uniform_raw,2048,0,1024,1024,-0.9275020626587398,0.013721971034521996,0.004572907500976186,1.0
2.2,synthetic_noise,150,uniform_filtered,2048,0,1024,1024,-0.9295200294854093,0.011704004207852448,0.004624975932125747,0.96728515625
2.2,synthetic_noise,150,adaptive_filtered,2048,256,670,1122,-0.9298831093089348,0.011340924384326989,0.0046267054098433295,0.97265625
2.2,synthetic_noise,151,uniform_raw,2048,0,1024,1024,-0.9242059426449554,0.017018091048306427,0.004638247062762226,1.0
2.2,synthetic_noise,151,uniform_filtered,2048,0,1024,1024,-0.9257358459670524,0.015488187726209413,0.004712189701698282,0.96826171875
2.2,synthetic_noise,151,adaptive_filtered,2048,256,758,1034,-0.9296140280635443,0.01161000562971748,0.0047947360058855845,0.9665178571428571
2.2,synthetic_noise,152,uniform_raw,2048,0,1024,1024,-0.9221930304917656,0.0190310032014962,0.0044709689293812496,1.0
2.2,synthetic_noise,152,uniform_filtered,2048,0,1024,1024,-0.9253832985037775,0.015840735189484256,0.004462704657464039,0.96533203125
2.2,synthetic_noise,152,adaptive_filtered,2048,256,744,1048,-0.9261848510836155,0.015039182609646318,0.004680430974904172,0.9637276785714286
2.2,synthetic_noise,153,uniform_raw,2048,0,1024,1024,-0.9354297086125318,0.005794325080729967,0.00397188343405757,1.0
2.2,synthetic_noise,153,uniform_filtered,2048,0,1024,1024,-0.9372203204597698,0.004003713233492023,0.004011009675796432,0.9716796875
2.2,synthetic_noise,153,adaptive_filtered,2048,256,759,1033,-0.9275869280467686,0.01363710564649323,0.004866189864558185,0.9665178571428571
2.2,synthetic_noise,154,uniform_raw,2048,0,1024,1024,-0.9274761158753917,0.013747917817870103,0.004395080531658098,1.0
2.2,synthetic_noise,154,uniform_filtered,2048,0,1024,1024,-0.9302954928251708,0.01092854086809103,0.004405546049094265,0.966796875
2.2,synthetic_noise,154,adaptive_filtered,2048,256,704,1088,-0.9298602464718837,0.011363787221378097,0.00484045722922733,0.9637276785714286
2.2,synthetic_noise,155,uniform_raw,2048,0,1024,1024,-0.9267895076469295,0.01443452604633233,0.004647524520087274,1.0
2.2,synthetic_noise,155,uniform_filtered,2048,0,1024,1024,-0.9303644025011031,0.010859631192158714,0.004624902080967997,0.96630859375
2.2,synthetic_noise,155,adaptive_filtered,2048,256,812,980,-0.9227500417573271,0.018473991935934686,0.00470141799458292,0.9670758928571429
2.2,synthetic_noise,156,uniform_raw,2048,0,1024,1024,-0.9293038885760116,0.011920145117250147,0.004356177603477329,1.0
2.2,synthetic_noise,156,uniform_filtered,2048,0,1024,1024,-0.9309887609331151,0.010235272760146685,0.004453210165348687,0.9609375
2.2,synthetic_noise,156,adaptive_filtered,2048,256,844,948,-0.9307070303996028,0.01051700329365901,0.004767937443940495,0.9626116071428571
2.2,synthetic_noise,157,uniform_raw,2048,0,1024,1024,-0.922415653927996,0.018808379765265837,0.004636051695538974,1.0
2.2,synthetic_noise,157,uniform_filtered,2048,0,1024,1024,-0.9246707360586077,0.016553297634654074,0.004717928461668681,0.958984375
2.2,synthetic_noise,157,adaptive_filtered,2048,256,682,1110,-0.9257769449273863,0.015447088765875527,0.004921189455843779,0.9693080357142857
2.2,synthetic_noise,158,uniform_raw,2048,0,1024,1024,-0.9245621385141003,0.0166618951791615,0.00461098783428167,1.0
2.2,synthetic_noise,158,uniform_filtered,2048,0,1024,1024,-0.9270843889669291,0.014139644726332667,0.004646676854236216,0.96484375
2.2,synthetic_noise,158,adaptive_filtered,2048,256,688,1104,-0.9261034586207086,0.015120575072553155,0.004790076460123394,0.9631696428571429
2.2,synthetic_noise,159,uniform_raw,2048,0,1024,1024,-0.9285308057684618,0.012693227924799988,0.0043582141547981006,1.0
2.2,synthetic_noise,159,uniform_filtered,2048,0,1024,1024,-0.9297137396416644,0.011510294051597425,0.004490216766469967,0.95947265625
2.2,synthetic_noise,159,adaptive_filtered,2048,256,642,1150,-0.9337927631051446,0.007431270588117211,0.004619295920395141,0.9665178571428571
2.2,synthetic_noise,160,uniform_raw,2048,0,1024,1024,-0.9281468144705876,0.013077219222674241,0.0044876105553760875,1.0
2.2,synthetic_noise,160,uniform_filtered,2048,0,1024,1024,-0.9310472190096275,0.010176814683634294,0.004520685735153346,0.96240234375
2.2,synthetic_noise,160,adaptive_filtered,2048,256,783,1009,-0.9213047148015889,0.019919318891672866,0.004947233112958089,0.9637276785714286
2.2,synthetic_noise,161,uniform_raw,2048,0,1024,1024,-0.9286055578256072,0.012618475867654633,0.0043413918513524035,1.0
2.2,synthetic_noise,161,uniform_filtered,2048,0,1024,1024,-0.932264751523112,0.008959282170149852,0.004295327316159187,0.96630859375
2.2,synthetic_noise,161,adaptive_filtered,2048,256,820,972,-0.9277256439223374,0.013498389770924435,0.005067622656730873,0.9614955357142857
2.2,synthetic_noise,162,uniform_raw,2048,0,1024,1024,-0.9281347654016041,0.013089268291657685,0.004250783216257909,1.0
2.2,synthetic_noise,162,uniform_filtered,2048,0,1024,1024,-0.9300340498919197,0.011189983801342063,0.004343442461518569,0.9599609375
2.2,synthetic_noise,162,adaptive_filtered,2048,256,737,1055,-0.93404832816004,0.007175705533221777,0.004605448191598973,0.9676339285714286
2.2,synthetic_noise,163,uniform_raw,2048,0,1024,1024,-0.9218868574958263,0.01933717619743547,0.004623074026585285,1.0
2.2,synthetic_noise,163,uniform_filtered,2048,0,1024,1024,-0.9233079321506417,0.017916101542620133,0.004717632494620558,0.9638671875
2.2,synthetic_noise,163,adaptive_filtered,2048,256,712,1080,-0.9320826618982914,0.009141371794970432,0.0047365808369217,0.9614955357142857
2.2,synthetic_noise,164,uniform_raw,2048,0,1024,1024,-0.9259975901867343,0.015226443506527465,0.004429628240794638,1.0
2.2,synthetic_noise,164,uniform_filtered,2048,0,1024,1024,-0.9285655406420512,0.012658493051210584,0.004459731562074153,0.9638671875
2.2,synthetic_noise,164,adaptive_filtered,2048,256,756,1036,-0.9303869591307612,0.010837074562500604,0.004657597850802749,0.9642857142857143
2.2,synthetic_noise,165,uniform_raw,2048,0,1024,1024,-0.9225320991282355,0.01869193456502627,0.0044727125888832245,1.0
2.2,synthetic_noise,165,uniform_filtered,2048,0,1024,1024,-0.9239163442521683,0.01730768944109351,0.004558994448743923,0.96484375
2.2,synthetic_noise,165,adaptive_filtered,2048,256,649,1143,-0.9268805899020196,0.014343443791242194,0.004821303591850025,0.9676339285714286
2.2,synthetic_noise,166,uniform_raw,2048,0,1024,1024,-0.9249491960567646,0.016274837636497175,0.004526716813614911,1.0
2.2,synthetic_noise,166,uniform_filtered,2048,0,1024,1024,-0.927638122767811,0.013585910925450806,0.004591469015397928,0.95654296875
2.2,synthetic_noise,166,adaptive_filtered,2048,256,798,994,-0.9346778709082919,0.006546162784969889,0.004643866593875492,0.9670758928571429
2.2,synthetic_noise,167,uniform_raw,2048,0,1024,1024,-0.9283095632051606,0.012914470488101237,0.004491598067353679,1.0
2.2,synthetic_noise,167,uniform_filtered,2048,0,1024,1024,-0.9315330625273208,0.009690971165940976,0.004492301752722434,0.96435546875
2.2,synthetic_noise,167,adaptive_filtered,2048,256,760,1032,-0.9370018563015436,0.0042221773917181515,0.004570420584161247,0.9659598214285714
2.2,synthetic_noise,168,uniform_raw,2048,0,1024,1024,-0.9255096705300563,0.015714363163205514,0.0043723491375406145,1.0
2.2,synthetic_noise,168,uniform_filtered,2048,0,1024,1024,-0.9283109661170272,0.01291306757623456,0.004411119436455522,0.9599609375
2.2,synthetic_noise,168,adaptive_filtered,2048,256,828,964,-0.9269752914675358,0.01424874222572603,0.004822511270714536,0.9704241071428571
2.2,synthetic_noise,169,uniform_raw,2048,0,1024,1024,-0.9281540898748109,0.013069943818450946,0.0044198725645082995,1.0
2.2,synthetic_noise,169,uniform_filtered,2048,0,1024,1024,-0.9299534922409616,0.01127054145230022,0.00450184298926554,0.96044921875
2.2,synthetic_noise,169,adaptive_filtered,2048,256,989,803,-0.9307356674841651,0.010488366209096656,0.004748826148527336,0.9542410714285714
2.2,synthetic_noise,170,uniform_raw,2048,0,1024,1024,-0.9288666448866212,0.012357388806640612,0.004339008087416613,1.0
2.2,synthetic_noise,170,uniform_filtered,2048,0,1024,1024,-0.9324763114092018,0.008747722284059956,0.004304552418817792,0.9638671875
2.2,synthetic_noise,170,adaptive_filtered,2048,256,774,1018,-0.9284934105894898,0.012730623103772043,0.004880755887852124,0.9564732142857143
2.2,synthetic_noise,171,uniform_raw,2048,0,1024,1024,-0.921280079488201,0.019943954205060788,0.004606090745642565,1.0
2.2,synthetic_noise,171,uniform_filtered,2048,0,1024,1024,-0.9233070909118526,0.017916942781409206,0.00464135421262729,0.97021484375
2.2,synthetic_noise,171,adaptive_filtered,2048,256,738,1054,-0.9346822972681486,0.006541736425113243,0.004573410403711549,0.9670758928571429
2.2,synthetic_noise,172,uniform_raw,2048,0,1024,1024,-0.9217139303857604,0.01951010330750136,0.004623958970604651,1.0
2.2,synthetic_noise,172,uniform_filtered,2048,0,1024,1024,-0.9227055108339592,0.018518522859302555,0.004733683377497074,0.9658203125
2.2,synthetic_noise,172,adaptive_filtered,2048,256,667,1125,-0.9206553277583895,0.020568705934872256,0.005012083407418696,0.96875
2.2,synthetic_noise,173,uniform_raw,2048,0,1024,1024,-0.929073989735558,0.012150043957703804,0.004251720996194019,1.0
2.2,synthetic_noise,173,uniform_filtered,2048,0,1024,1024,-0.9307003628127435,0.01052367088051831,0.004350401892995544,0.9599609375
2.2,synthetic_noise,173,adaptive_filtered,2048,256,682,1110,-0.9272328170032216,0.01399121669004022,0.0047657435016257585,0.9787946428571429
2.2,synthetic_noise,174,uniform_raw,2048,0,1024,1024,-0.9238873940329915,0.017336639660270325,0.004606683498044364,1.0
2.2,synthetic_noise,174,uniform_filtered,2048,0,1024,1024,-0.9270727170305639,0.014151316662697866,0.004641199812530058,0.9580078125
2.2,synthetic_noise,174,adaptive_filtered,2048,256,663,1129,-0.9200019602349372,0.02122207345832461,0.004993419767350398,0.9598214285714286
2.2,synthetic_noise,175,uniform_raw,2048,0,1024,1024,-0.9261235606683846,0.015100473024877159,0.004342167377881092,1.0
2.2,synthetic_noise,175,uniform_filtered,2048,0,1024,1024,-0.9281699388361278,0.013054094857134046,0.004440906408389961,0.9541015625
2.2,synthetic_noise,175,adaptive_filtered,2048,256,825,967,-0.9273485733100644,0.013875460383197424,0.0048370753041152795,0.9631696428571429
2.2,synthetic_noise,176,uniform_raw,2048,0,1024,1024,-0.9342429683848874,0.00698106530837439,0.0039661947719477645,1.0
2.2,synthetic_noise,176,uniform_filtered,2048,0,1024,1024,-0.9356950718987116,0.005528961794550202,0.004076440326100662,0.9619140625
2.2,synthetic_noise,176,adaptive_filtered,2048,256,665,1127,-0.91712520897188,0.024098824721381806,0.0051084299966554425,0.9737723214285714
2.2,synthetic_noise,177,uniform_raw,2048,0,1024,1024,-0.923731920702642,0.017492112990619813,0.0045366266269340535,1.0
2.2,synthetic_noise,177,uniform_filtered,2048,0,1024,1024,-0.9265673687766327,0.014656664916629092,0.004561690210864883,0.96435546875
2.2,synthetic_noise,177,adaptive_filtered,2048,256,691,1101,-0.9332454799324528,0.007978553760809026,0.004720093159628966,0.9715401785714286
2.2,synthetic_noise,178,uniform_raw,2048,0,1024,1024,-0.9209099859046912,0.0203140477885706,0.004681170003334149,1.0
2.2,synthetic_noise,178,uniform_filtered,2048,0,1024,1024,-0.922528309418388,0.01869572427487376,0.004755630342755639,0.96484375
2.2,synthetic_noise,178,adaptive_filtered,2048,256,710,1082,-0.9328754255849605,0.008348608108301292,0.004740660674417865,0.96875
2.2,synthetic_noise,179,uniform_raw,2048,0,1024,1024,-0.9301008841998986,0.011123149493363238,0.0043194914394025855,1.0
2.2,synthetic_noise,179,uniform_filtered,2048,0,1024,1024,-0.9321761601543053,0.00904787353895653,0.0044068869357741115,0.9609375
2.2,synthetic_noise,179,adaptive_filtered,2048,256,630,1162,-0.9258451774363987,0.015378856256863083,0.004815498200685014,0.9676339285714286
2.2,synthetic_noise,180,uniform_raw,2048,0,1024,1024,-0.9283373586338899,0.01288667505937191,0.004391780807133713,1.0
2.2,synthetic_noise,180,uniform_filtered,2048,0,1024,1024,-0.9318767252127469,0.009347308480514904,0.004377941824257335,0.96044921875
2.2,synthetic_noise,180,adaptive_filtered,2048,256,705,1087,-0.925439842178317,0.015784191514944812,0.004774686272445392,0.96484375
2.2,synthetic_noise,181,uniform_raw,2048,0,1024,1024,-0.9256705706192478,0.015553463074013951,0.004652094437837276,1.0
2.2,synthetic_noise,181,uniform_filtered,2048,0,1024,1024,-0.929229585180507,0.011994448512754774,0.004640650594627815,0.9638671875
2.2,synthetic_noise,181,adaptive_filtered,2048,256,632,1160,-0.924989934261917,0.016234099431344795,0.004943075673471404,0.9670758928571429
2.2,synthetic_noise,182,uniform_raw,2048,0,1024,1024,-0.9285207906664896,0.01270324302677217,0.004341021032336859,1.0
2.2,synthetic_noise,182,uniform_filtered,2048,0,1024,1024,-0.9318382083545618,0.009385825338700027,0.004307049800535569,0.9697265625
2.2,synthetic_noise,182,adaptive_filtered,2048,256,908,884,-0.9231327216919667,0.0180913120012951,0.005025212183555751,0.9670758928571429
2.2,synthetic_noise,183,uniform_raw,2048,0,1024,1024,-0.9236825509235183,0.017541482769743544,0.004318136009984775,1.0
2.2,synthetic_noise,183,uniform_filtered,2048,0,1024,1024,-0.9244302604866708,0.016793773206591034,0.004404705448794785,0.97119140625
2.2,synthetic_noise,183,adaptive_filtered,2048,256,731,1061,-0.9339939523494725,0.00723008134378933,0.004530943026675142,0.9603794642857143
2.2,synthetic_noise,184,uniform_raw,2048,0,1024,1024,-0.9244517511186758,0.01677228257458596,0.004387944279086945,1.0
2.2,synthetic_noise,184,uniform_filtered,2048,0,1024,1024,-0.9266680709244399,0.014555962768821873,0.004437918043937057,0.96044921875
2.2,synthetic_noise,184,adaptive_filtered,2048,256,1004,788,-0.9277951126738271,0.013428921019434714,0.0047961054124864445,0.9598214285714286
2.2,synthetic_noise,185,uniform_raw,2048,0,1024,1024,-0.9215783239858348,0.01964570970742696,0.00460682151722432,1.0
2.2,synthetic_noise,185,uniform_filtered,2048,0,1024,1024,-0.9240044729067605,0.01721956078650133,0.004712960765704004,0.9521484375
2.2,synthetic_noise,185,adaptive_filtered,2048,256,858,934,-0.9324282240275321,0.008795809665729681,0.004562826999167273,0.9659598214285714
2.2,synthetic_noise,186,uniform_raw,2048,0,1024,1024,-0.926315812251657,0.014908221441604752,0.004506054826588743,1.0
2.2,synthetic_noise,186,uniform_filtered,2048,0,1024,1024,-0.9278806908140251,0.013343342879236664,0.0045762751690380885,0.96826171875
2.2,synthetic_noise,186,adaptive_filtered,2048,256,917,875,-0.9276478930323386,0.013576140660923164,0.004882096256101358,0.9698660714285714
2.2,synthetic_noise,187,uniform_raw,2048,0,1024,1024,-0.9250203920485582,0.01620364164470356,0.004533750730915777,1.0
2.2,synthetic_noise,187,uniform_filtered,2048,0,1024,1024,-0.9280470020384042,0.013177031654857618,0.004553046414986453,0.96142578125
2.2,synthetic_noise,187,adaptive_filtered,2048,256,750,1042,-0.9327757450062519,0.008448288687009864,0.004484561694407092,0.9659598214285714
2.2,synthetic_noise,188,uniform_raw,2048,0,1024,1024,-0.9266337077695386,0.014590325923723224,0.004620482148313749,1.0
2.2,synthetic_noise,188,uniform_filtered,2048,0,1024,1024,-0.9288099373302638,0.01241409636299795,0.004683065262753869,0.96435546875
2.2,synthetic_noise,188,adaptive_filtered,2048,256,751,1041,-0.9277819166557233,0.013442117037538504,0.004850455632056484,0.9670758928571429
2.2,synthetic_noise,189,uniform_raw,2048,0,1024,1024,-0.9338281154134938,0.007395918279768043,0.004176688340818342,1.0
2.2,synthetic_noise,189,uniform_filtered,2048,0,1024,1024,-0.9359894059102651,0.005234627782996659,0.004221406716456367,0.96484375
2.2,synthetic_noise,189,adaptive_filtered,2048,256,905,887,-0.9312362807277339,0.009987752965527896,0.00439637026974795,0.9654017857142857
2.2,synthetic_noise,190,uniform_raw,2048,0,1024,1024,-0.9252005945628474,0.016023439130414374,0.0044650781207346765,1.0
2.2,synthetic_noise,190,uniform_filtered,2048,0,1024,1024,-0.9282812851648921,0.01294274852836974,0.00443736793031544,0.970703125
2.2,synthetic_noise,190,adaptive_filtered,2048,256,826,966,-0.925853173836497,0.015370859856764785,0.004884850796568596,0.9603794642857143
2.2,synthetic_noise,191,uniform_raw,2048,0,1024,1024,-0.9217244353082943,0.01949959838496751,0.004577127448950425,1.0
2.2,synthetic_noise,191,uniform_filtered,2048,0,1024,1024,-0.9252251230262438,0.015998910667017974,0.0045539820407500976,0.96484375
2.2,synthetic_noise,191,adaptive_filtered,2048,256,798,994,-0.9273423814713435,0.013881652221918284,0.004896972114192711,0.9637276785714286
2.2,synthetic_noise,192,uniform_raw,2048,0,1024,1024,-0.9196746036767705,0.021549430016491344,0.004836356213628369,1.0
2.2,synthetic_noise,192,uniform_filtered,2048,0,1024,1024,-0.9227416597558207,0.01848237393744112,0.004884773095110419,0.9580078125
2.2,synthetic_noise,192,adaptive_filtered,2048,256,753,1039,-0.9228601528356724,0.018363880857589443,0.004963105004400136,0.96875
2.2,synthetic_noise,193,uniform_raw,2048,0,1024,1024,-0.9274723965365197,0.013751637156742103,0.004440558107902138,1.0
2.2,synthetic_noise,193,uniform_filtered,2048,0,1024,1024,-0.9314150696526848,0.009808964040576962,0.004418734343432676,0.9609375
2.2,synthetic_noise,193,adaptive_filtered,2048,256,666,1126,-0.9266209019007923,0.014603131792469526,0.0048686184147022325,0.9709821428571429
2.2,synthetic_noise,194,uniform_raw,2048,0,1024,1024,-0.9287139112540206,0.012510122439241211,0.004351980618619418,1.0
2.2,synthetic_noise,194,uniform_filtered,2048,0,1024,1024,-0.9322787974044635,0.008945236288798286,0.004367195712621456,0.95751953125
2.2,synthetic_noise,194,adaptive_filtered,2048,256,771,1021,-0.9231129219402026,0.01811111175305924,0.004920143816747892,0.9665178571428571
2.2,synthetic_noise,195,uniform_raw,2048,0,1024,1024,-0.9286428785357472,0.012581155157514567,0.0043221793842961155,1.0
2.2,synthetic_noise,195,uniform_filtered,2048,0,1024,1024,-0.9321389910834292,0.009085042609832561,0.004365140285636592,0.951171875
2.2,synthetic_noise,195,adaptive_filtered,2048,256,664,1128,-0.9286088621855955,0.012615171507666334,0.004776303944687596,0.9603794642857143
2.2,synthetic_noise,196,uniform_raw,2048,0,1024,1024,-0.9272631809940926,0.013960852699169246,0.004282315493882903,1.0
2.2,synthetic_noise,196,uniform_filtered,2048,0,1024,1024,-0.9311572430446744,0.010066790648587398,0.004267310594667022,0.95703125
2.2,synthetic_noise,196,adaptive_filtered,2048,256,917,875,-0.9273390353876816,0.01388499830558021,0.0051082948839535685,0.9598214285714286
2.2,synthetic_noise,197,uniform_raw,2048,0,1024,1024,-0.9247432100326478,0.016480823660613986,0.0043928353269364956,1.0
2.2,synthetic_noise,197,uniform_filtered,2048,0,1024,1024,-0.9298226458977896,0.011401387795472173,0.004342210966151617,0.9521484375
2.2,synthetic_noise,197,adaptive_filtered,2048,256,805,987,-0.932126107571217,0.009097926122044742,0.004717725556121238,0.9559151785714286
2.2,synthetic_noise,198,uniform_raw,2048,0,1024,1024,-0.9315622826558807,0.009661751037381094,0.004314564963082152,1.0
2.2,synthetic_noise,198,uniform_filtered,2048,0,1024,1024,-0.9330649067929511,0.008159126900310731,0.004420078235172061,0.9638671875
2.2,synthetic_noise,198,adaptive_filtered,2048,256,778,1014,-0.9210125065862051,0.020211527107056648,0.004858796578148104,0.97265625
2.2,synthetic_noise,199,uniform_raw,2048,0,1024,1024,-0.9286223585112412,0.0126016751820206,0.004355099442655244,1.0
2.2,synthetic_noise,199,uniform_filtered,2048,0,1024,1024,-0.9310444869608985,0.01017954673236332,0.004423712449684523,0.95947265625
2.2,synthetic_noise,199,adaptive_filtered,2048,256,860,932,-0.9290456824314779,0.012178351261783904,0.004887777159581978,0.953125
