offset,budget,repeat,method,error_from_prepared_state,production_z,paid_shots,pilot_shots
0.0,2048,0,uniform,0.01330444263716335,1024,2048,0
0.0,2048,0,pilot_adaptive,0.004993631671444954,128,2048,128
0.0,2048,0,regularized_adaptive,-0.007620610861305055,849,2048,128
0.0,2048,1,uniform,-0.0088154858570475,1024,2048,0
0.0,2048,1,pilot_adaptive,-0.008451573567986204,128,2048,128
0.0,2048,1,regularized_adaptive,0.0032913420917350944,876,2048,128
0.0,2048,2,uniform,-0.005494136543360506,1024,2048,0
0.0,2048,2,pilot_adaptive,0.04250219739310945,128,2048,128
0.0,2048,2,regularized_adaptive,-0.004247518249287596,836,2048,128
0.0,2048,3,uniform,0.007437879461807073,1024,2048,0
0.0,2048,3,pilot_adaptive,0.012727322747130954,1017,2048,128
0.0,2048,3,regularized_adaptive,-0.010833660508167364,1107,2048,128
0.0,2048,4,uniform,0.008070924684583813,1024,2048,0
0.0,2048,4,pilot_adaptive,0.019246565481341404,128,2048,128
0.0,2048,4,regularized_adaptive,-0.011877688050967228,863,2048,128
0.0,2048,5,uniform,0.007789088549625012,1024,2048,0
0.0,2048,5,pilot_adaptive,0.004938399616180478,1038,2048,128
0.0,2048,5,regularized_adaptive,0.0006519927349615262,1127,2048,128
0.0,2048,6,uniform,-0.00860302267494828,1024,2048,0
0.0,2048,6,pilot_adaptive,0.0007375476998598973,1022,2048,128
0.0,2048,6,regularized_adaptive,0.012499926234574188,1111,2048,128
0.0,2048,7,uniform,-0.0158159100575197,1024,2048,0
0.0,2048,7,pilot_adaptive,0.011657392377783848,128,2048,128
0.0,2048,7,regularized_adaptive,0.01022245605741312,834,2048,128
0.0,2048,8,uniform,0.000723635719814153,1024,2048,0
0.0,2048,8,pilot_adaptive,0.016318810576680276,1006,2048,128
0.0,2048,8,regularized_adaptive,0.008377434214062118,1096,2048,128
0.0,2048,9,uniform,-0.0017500330272361975,1024,2048,0
0.0,2048,9,pilot_adaptive,-0.008451573567986204,128,2048,128
0.0,2048,9,regularized_adaptive,-0.0040036717878881856,863,2048,128
0.0,2048,10,uniform,0.010264929458435601,1024,2048,0
0.0,2048,10,pilot_adaptive,0.0017627173895837789,128,2048,128
0.0,2048,10,regularized_adaptive,-0.001966828295641987,840,2048,128
0.0,2048,11,uniform,0.005883436396013186,1024,2048,0
0.0,2048,11,pilot_adaptive,0.004233137242034113,1022,2048,128
0.0,2048,11,regularized_adaptive,-0.003162286258378222,1111,2048,128
0.0,2048,12,uniform,0.0009360989019129295,1024,2048,0
0.0,2048,12,pilot_adaptive,-0.008656241662827968,1045,2048,128
0.0,2048,12,regularized_adaptive,0.010145788008265155,1134,2048,128
0.0,2048,13,uniform,-0.0025977135938728413,1024,2048,0
0.0,2048,13,pilot_adaptive,-0.0167450396090858,1173,2048,128
0.0,2048,13,regularized_adaptive,-0.010109221710522975,1217,2048,128
0.0,2048,14,uniform,-0.0066951983595762155,1024,2048,0
0.0,2048,14,pilot_adaptive,0.014602126201165744,128,2048,128
0.0,2048,14,regularized_adaptive,0.0037018055892559243,891,2048,128
0.0,2048,15,uniform,-0.002879549728831643,1024,2048,0
0.0,2048,15,pilot_adaptive,-0.0049753935916097,1038,2048,128
0.0,2048,15,regularized_adaptive,0.0066709938364371,1127,2048,128
0.0,2048,16,uniform,-0.005706599725460171,1024,2048,0
0.0,2048,16,pilot_adaptive,-0.001570882226327397,1162,2048,128
0.0,2048,16,regularized_adaptive,0.008260446854594816,1208,2048,128
0.0,2048,17,uniform,0.0044699113976987,1024,2048,0
0.0,2048,17,pilot_adaptive,-0.00764384499752091,128,2048,128
0.0,2048,17,regularized_adaptive,0.00047683402263598573,853,2048,128
0.0,2048,18,uniform,-0.0052816733612617295,1024,2048,0
0.0,2048,18,pilot_adaptive,-0.0026682633720993554,1006,2048,128
0.0,2048,18,regularized_adaptive,-0.012497952949712454,1096,2048,128
0.0,2048,19,uniform,-0.006413362224617414,1024,2048,0
0.0,2048,19,pilot_adaptive,0.009957686920990083,128,2048,128
0.0,2048,19,regularized_adaptive,0.008696604456186696,849,2048,128
0.0,2048,20,uniform,-0.0051429274555425675,1024,2048,0
0.0,2048,20,pilot_adaptive,0.007754347366319303,1004,2048,128
0.0,2048,20,regularized_adaptive,-0.0025207478713646925,1095,2048,128
0.0,2048,21,uniform,0.006800489915508967,1024,2048,0
0.0,2048,21,pilot_adaptive,-0.00421099857304319,128,2048,128
0.0,2048,21,regularized_adaptive,0.0041598817681502975,836,2048,128
0.0,2048,22,uniform,-0.003445394160509041,1024,2048,0
0.0,2048,22,pilot_adaptive,0.008508213333173087,1017,2048,128
0.0,2048,22,regularized_adaptive,0.010461593470828534,1107,2048,128
0.0,2048,23,uniform,-0.0032329309784102644,1024,2048,0
0.0,2048,23,pilot_adaptive,-0.01906972881078839,128,2048,128
0.0,2048,23,regularized_adaptive,0.003422388097231055,835,2048,128
0.0,2048,24,uniform,-0.007826887222931456,1024,2048,0
0.0,2048,24,pilot_adaptive,0.0006608281622446643,1022,2048,128
0.0,2048,24,regularized_adaptive,0.003113567187559285,1111,2048,128
0.0,2048,25,uniform,-0.006270271995377774,1024,2048,0
0.0,2048,25,pilot_adaptive,-0.004754026833646341,1008,2048,128
0.0,2048,25,regularized_adaptive,-0.006501170502639431,1098,2048,128
0.0,2048,26,uniform,-0.002808004614211823,1024,2048,0
0.0,2048,26,pilot_adaptive,-0.009653134266915275,1022,2048,128
0.0,2048,26,regularized_adaptive,-0.015057615627674048,1111,2048,128
0.0,2048,27,uniform,-0.005424763590501369,1024,2048,0
0.0,2048,27,pilot_adaptive,0.0024969899376909854,1003,2048,128
0.0,2048,27,regularized_adaptive,-0.0013798677124639003,1094,2048,128
0.0,2048,28,uniform,-0.003445394160509041,1024,2048,0
0.0,2048,28,pilot_adaptive,-0.006023042956395885,1259,2048,128
0.0,2048,28,regularized_adaptive,-0.00402122596558141,1287,2048,128
0.0,2048,29,uniform,0.004892665600136903,1024,2048,0
0.0,2048,29,pilot_adaptive,-0.004965559767345917,1017,2048,128
0.0,2048,29,regularized_adaptive,0.006695613184553695,1107,2048,128
0.0,2048,30,uniform,0.0017122343539297535,1024,2048,0
0.0,2048,30,pilot_adaptive,0.00015914595502874995,1167,2048,128
0.0,2048,30,regularized_adaptive,-0.0014637245469015792,1212,2048,128
0.0,2048,31,uniform,-0.00210124211505458,1024,2048,0
0.0,2048,31,pilot_adaptive,-0.002393609289496057,128,2048,128
0.0,2048,31,regularized_adaptive,-0.0030583678686244564,843,2048,128
0.0,2048,32,uniform,0.007366334347186809,1024,2048,0
0.0,2048,32,pilot_adaptive,-0.01518619804989263,1010,2048,128
0.0,2048,32,regularized_adaptive,0.005259130653447519,1101,2048,128
0.0,2048,33,uniform,-0.010866400401659204,1024,2048,0
0.0,2048,33,pilot_adaptive,0.00906963664047189,1294,2048,128
0.0,2048,33,regularized_adaptive,0.010048878784610471,1320,2048,128
0.0,2048,34,uniform,0.0029870134465250775,1024,2048,0
0.0,2048,34,pilot_adaptive,-0.004250519534497732,1006,2048,128
0.0,2048,34,regularized_adaptive,0.015977908147586595,1096,2048,128
0.0,2048,35,uniform,0.013868114907080509,1024,2048,0
0.0,2048,35,pilot_adaptive,0.01304361507009344,1014,2048,128
0.0,2048,35,regularized_adaptive,0.0001375178012883449,1104,2048,128
0.0,2048,36,uniform,0.007012953097608188,1024,2048,0
0.0,2048,36,pilot_adaptive,0.01673603796097267,1176,2048,128
0.0,2048,36,regularized_adaptive,0.01818490650346427,1221,2048,128
0.0,2048,37,uniform,0.0007951808344339728,1024,2048,0
0.0,2048,37,pilot_adaptive,-0.009865098566300246,128,2048,128
0.0,2048,37,regularized_adaptive,-0.001966828295641987,840,2048,128
0.0,2048,38,uniform,0.0064492808276910285,1024,2048,0
0.0,2048,38,pilot_adaptive,-0.0029994057173452493,128,2048,128
0.0,2048,38,regularized_adaptive,-0.0025201358146389463,869,2048,128
0.0,2048,39,uniform,-0.01524572130232138,1024,2048,0
0.0,2048,39,pilot_adaptive,0.003641539097516633,1026,2048,128
0.0,2048,39,regularized_adaptive,-0.0028624787889153236,1116,2048,128
0.0,2048,40,uniform,-0.0011863607573190382,1024,2048,0
0.0,2048,40,pilot_adaptive,-0.019473593096021036,128,2048,128
0.0,2048,40,regularized_adaptive,-0.01266635345069056,840,2048,128
0.0,2048,41,uniform,0.008073096846344052,1024,2048,0
0.0,2048,41,pilot_adaptive,0.0085684597226241,1070,2048,128
0.0,2048,41,regularized_adaptive,-0.0004605386383802479,1157,2048,128
0.0,2048,42,uniform,-0.0008308073459797338,1024,2048,0
0.0,2048,42,pilot_adaptive,-0.02270450737788221,128,2048,128
0.0,2048,42,regularized_adaptive,0.001526367175047172,836,2048,128
0.0,2048,43,uniform,0.0004417995848553513,1024,2048,0
0.0,2048,43,pilot_adaptive,0.012784736917618611,128,2048,128
0.0,2048,43,regularized_adaptive,0.0026605653037787835,835,2048,128
0.0,2048,44,uniform,-0.019273833115165173,1024,2048,0
0.0,2048,44,pilot_adaptive,-0.0022377110543680967,1165,2048,128
0.0,2048,44,regularized_adaptive,-0.0065054026600195325,1210,2048,128
0.0,2048,45,uniform,0.0017122343539297535,1024,2048,0
0.0,2048,45,pilot_adaptive,-0.014711469989092008,128,2048,128
0.0,2048,45,regularized_adaptive,0.006744673916191379,840,2048,128
0.0,2048,46,uniform,-0.009027949039146277,1024,2048,0
0.0,2048,46,pilot_adaptive,0.009754186117201025,1202,2048,128
0.0,2048,46,regularized_adaptive,0.004700454668175924,1245,2048,128
0.0,2048,47,uniform,1.9045382417148815e-05,1024,2048,0
0.0,2048,47,pilot_adaptive,0.006337263322695241,1014,2048,128
0.0,2048,47,regularized_adaptive,-0.008511051425568406,1104,2048,128
0.0,2048,48,uniform,-0.020405521978520413,1024,2048,0
0.0,2048,48,pilot_adaptive,0.0006968911325933025,1008,2048,128
0.0,2048,48,regularized_adaptive,-0.007328438218818567,1098,2048,128
0.0,2048,49,uniform,-0.008321186539989478,1024,2048,0
0.0,2048,49,pilot_adaptive,0.0027527770680417785,1008,2048,128
0.0,2048,49,regularized_adaptive,-0.00618996387831916,1098,2048,128
0.0,2048,50,uniform,-0.005353218475881549,1024,2048,0
0.0,2048,50,pilot_adaptive,-0.012288284277696127,128,2048,128
0.0,2048,50,regularized_adaptive,-0.013668630742980747,836,2048,128
0.0,2048,51,uniform,-0.004080611545046464,1024,2048,0
0.0,2048,51,pilot_adaptive,-0.009865098566300246,128,2048,128
0.0,2048,51,regularized_adaptive,0.0031639111965982014,834,2048,128
0.0,2048,52,uniform,-0.004789546205963946,1024,2048,0
0.0,2048,52,pilot_adaptive,-0.00885543785321885,128,2048,128
0.0,2048,52,regularized_adaptive,-0.00034105828711150643,835,2048,128
0.0,2048,53,uniform,-0.006764571312435352,1024,2048,0
0.0,2048,53,pilot_adaptive,-0.010470894994149438,128,2048,128
0.0,2048,53,regularized_adaptive,-0.00277390990514248,835,2048,128
0.0,2048,54,uniform,-0.01906354209482619,1024,2048,0
0.0,2048,54,pilot_adaptive,0.01451535484208244,1176,2048,128
0.0,2048,54,regularized_adaptive,-0.028519975363253236,1221,2048,128
0.0,2048,55,uniform,0.007862805826005514,1024,2048,0
0.0,2048,55,pilot_adaptive,0.0031762423878978208,128,2048,128
0.0,2048,55,regularized_adaptive,0.003006081026464047,858,2048,128
0.0,2048,56,uniform,0.0012201071986324141,1024,2048,0
0.0,2048,56,pilot_adaptive,-0.012057687457524002,1038,2048,128
0.0,2048,56,regularized_adaptive,0.011820768633250323,1127,2048,128
0.0,2048,57,uniform,-0.00619872688075751,1024,2048,0
0.0,2048,57,pilot_adaptive,-0.0004783282318265858,1002,2048,128
0.0,2048,57,regularized_adaptive,-0.0005104045822104109,1093,2048,128
0.0,2048,58,uniform,-0.008605194836708518,1024,2048,0
0.0,2048,58,pilot_adaptive,-0.0022173973947212655,1014,2048,128
0.0,2048,58,regularized_adaptive,-0.004519922018563216,1104,2048,128
0.0,2048,59,uniform,-0.0018194059800957785,1024,2048,0
0.0,2048,59,pilot_adaptive,0.0025704459600490726,128,2048,128
0.0,2048,59,regularized_adaptive,-0.0005000287796337322,840,2048,128
0.0,2048,60,uniform,-0.013196978919469915,1024,2048,0
0.0,2048,60,pilot_adaptive,-0.013921059964976612,1014,2048,128
0.0,2048,60,regularized_adaptive,-0.001524891695791064,1104,2048,128
0.0,2048,61,uniform,-0.0065542802920963705,1024,2048,0
0.0,2048,61,pilot_adaptive,0.021063954764888093,128,2048,128
0.0,2048,61,regularized_adaptive,-0.005746296556226715,843,2048,128
0.0,2048,62,uniform,0.006165272530971544,1024,2048,0
0.0,2048,62,pilot_adaptive,-0.009461234281067599,128,2048,128
0.0,2048,62,regularized_adaptive,0.006223976504170059,834,2048,128
0.0,2048,63,uniform,-0.004999837226302928,1024,2048,0
0.0,2048,63,pilot_adaptive,0.0027877969814753545,1259,2048,128
0.0,2048,63,regularized_adaptive,-0.01878011810999758,1287,2048,128
0.0,2048,64,uniform,0.009206957871459975,1024,2048,0
0.0,2048,64,pilot_adaptive,-0.018463932382939197,128,2048,128
0.0,2048,64,regularized_adaptive,0.008980296535264332,834,2048,128
0.0,2048,65,uniform,-0.007120124723774657,1024,2048,0
0.0,2048,65,pilot_adaptive,-0.018214740003910768,1026,2048,128
0.0,2048,65,regularized_adaptive,-0.003306236934337514,1116,2048,128
0.0,2048,66,uniform,0.007225416279707408,1024,2048,0
0.0,2048,66,pilot_adaptive,-0.006925553436183174,1162,2048,128
0.0,2048,66,regularized_adaptive,-0.013550917206516244,1207,2048,128
0.0,2048,67,uniform,-0.007473505973352834,1024,2048,0
0.0,2048,67,pilot_adaptive,-0.0074419128549043645,128,2048,128
0.0,2048,67,regularized_adaptive,0.004283862928575521,840,2048,128
0.0,2048,68,uniform,0.015637193316733855,1024,2048,0
0.0,2048,68,pilot_adaptive,-0.014829153815845375,128,2048,128
0.0,2048,68,regularized_adaptive,-0.007436826214803682,869,2048,128
0.0,2048,69,uniform,-0.001962496209335418,1024,2048,0
0.0,2048,69,pilot_adaptive,-0.011682487849847378,128,2048,128
0.0,2048,69,regularized_adaptive,-0.012968912532397292,835,2048,128
0.0,2048,70,uniform,0.0021393328798884337,1024,2048,0
0.0,2048,70,pilot_adaptive,-0.017050407384625155,128,2048,128
0.0,2048,70,regularized_adaptive,-0.0035463014842143092,876,2048,128
0.0,2048,71,uniform,1.6873220656909993e-05,1024,2048,0
0.0,2048,71,pilot_adaptive,0.0017627173895837789,128,2048,128
0.0,2048,71,regularized_adaptive,-0.004644493264316152,883,2048,128
0.0,2048,72,uniform,0.002772378102665174,1024,2048,0
0.0,2048,72,pilot_adaptive,0.009423694040570973,1061,2048,128
0.0,2048,72,regularized_adaptive,0.0018970347720099756,1149,2048,128
0.0,2048,73,uniform,0.00750725241466621,1024,2048,0
0.0,2048,73,pilot_adaptive,0.0033983923688951645,1004,2048,128
0.0,2048,73,regularized_adaptive,-0.0038618639659098175,1095,2048,128
0.0,2048,74,uniform,-0.009452875403344718,1024,2048,0
0.0,2048,74,pilot_adaptive,-0.00032141500057325523,1167,2048,128
0.0,2048,74,regularized_adaptive,-0.0021170781275390294,1212,2048,128
0.0,2048,75,uniform,-0.007191669838394477,1024,2048,0
0.0,2048,75,pilot_adaptive,-0.015616058604055683,1004,2048,128
0.0,2048,75,regularized_adaptive,-0.010415927498313104,1095,2048,128
0.0,2048,76,uniform,-0.004646455976724306,1024,2048,0
0.0,2048,76,pilot_adaptive,-0.0021916771468799556,128,2048,128
0.0,2048,76,regularized_adaptive,-0.004071507676560726,876,2048,128
0.0,2048,77,uniform,0.008922949574740935,1024,2048,0
0.0,2048,77,pilot_adaptive,-0.009780850250437068,128,2048,128
0.0,2048,77,regularized_adaptive,0.004264359694334141,891,2048,128
0.0,2048,78,uniform,-0.0011148156426992184,1024,2048,0
0.0,2048,78,pilot_adaptive,-0.016444610956775962,128,2048,128
0.0,2048,78,regularized_adaptive,0.008639614034491983,840,2048,128
0.0,2048,79,uniform,-0.0037294024572285256,1024,2048,0
0.0,2048,79,pilot_adaptive,-0.00764384499752091,128,2048,128
0.0,2048,79,regularized_adaptive,0.00460902623950088,849,2048,128
0.0,2048,80,uniform,0.0003008815173755064,1024,2048,0
0.0,2048,80,pilot_adaptive,-0.010874759279382085,128,2048,128
0.0,2048,80,regularized_adaptive,-0.012821888407904991,846,2048,128
0.0,2048,81,uniform,0.011747827409609224,1024,2048,0
0.0,2048,81,pilot_adaptive,0.0038356006781541385,1017,2048,128
0.0,2048,81,regularized_adaptive,0.007825680124912582,1107,2048,128
0.0,2048,82,uniform,-0.0030920129109304195,1024,2048,0
0.0,2048,82,pilot_adaptive,-0.022300643092649564,128,2048,128
0.0,2048,82,regularized_adaptive,-0.007190022466670998,840,2048,128
0.0,2048,83,uniform,0.00015996344989654965,1024,2048,0
0.0,2048,83,pilot_adaptive,-0.0007560910026802592,1173,2048,128
0.0,2048,83,regularized_adaptive,-0.007687498316948149,1217,2048,128
0.0,2048,84,uniform,0.0015019433335907717,1024,2048,0
0.0,2048,84,pilot_adaptive,0.055745470489924065,128,2048,128
0.0,2048,84,regularized_adaptive,-0.00231926751263134,834,2048,128
0.0,2048,85,uniform,0.004326821168459061,1024,2048,0
0.0,2048,85,pilot_adaptive,-0.003276963316555692,1092,2048,128
0.0,2048,85,regularized_adaptive,0.01600797583702218,1178,2048,128
0.0,2048,86,uniform,-0.006129353927898373,1024,2048,0
0.0,2048,86,pilot_adaptive,-0.0014681968922773958,128,2048,128
0.0,2048,86,regularized_adaptive,-0.010375598925543406,863,2048,128
0.0,2048,87,uniform,0.00022933640275568656,1024,2048,0
0.0,2048,87,pilot_adaptive,0.004589767386212307,128,2048,128
0.0,2048,87,regularized_adaptive,-0.004354968182956442,883,2048,128
0.0,2048,88,uniform,-0.004152156659666284,1024,2048,0
0.0,2048,88,pilot_adaptive,0.005937856700654942,1014,2048,128
0.0,2048,88,regularized_adaptive,-0.005409084021255284,1104,2048,128
0.0,2048,89,uniform,0.0006542627669541279,1024,2048,0
0.0,2048,89,pilot_adaptive,-0.0012227677812373106,1017,2048,128
0.0,2048,89,regularized_adaptive,0.017685726043020766,1107,2048,128
0.0,2048,90,uniform,-0.009452875403344718,1024,2048,0
0.0,2048,90,pilot_adaptive,-0.005220659286124585,128,2048,128
0.0,2048,90,regularized_adaptive,0.00268203464985306,853,2048,128
0.0,2048,91,uniform,-0.00662582540671619,1024,2048,0
0.0,2048,91,pilot_adaptive,-0.007515967761644982,1180,2048,128
0.0,2048,91,regularized_adaptive,0.0015198472030164556,1225,2048,128
0.0,2048,92,uniform,-0.010794855287039384,1024,2048,0
0.0,2048,92,pilot_adaptive,0.005997368537298486,1003,2048,128
0.0,2048,92,regularized_adaptive,-0.007340504714453688,1094,2048,128
0.0,2048,93,uniform,0.00015779128813586674,1024,2048,0
0.0,2048,93,pilot_adaptive,0.03370143143385396,128,2048,128
0.0,2048,93,regularized_adaptive,-0.006203842557163997,835,2048,128
0.0,2048,94,uniform,0.007791260711385695,1024,2048,0
0.0,2048,94,pilot_adaptive,-0.01684847524200861,128,2048,128
0.0,2048,94,regularized_adaptive,-0.004441486751298962,853,2048,128
0.0,2048,95,uniform,0.002134988556367512,1024,2048,0
0.0,2048,95,pilot_adaptive,0.022842155321757707,1010,2048,128
0.0,2048,95,regularized_adaptive,-0.011166895138915445,1101,2048,128
0.0,2048,96,uniform,0.0029848412847643946,1024,2048,0
0.0,2048,96,pilot_adaptive,-0.009057369995834952,128,2048,128
0.0,2048,96,regularized_adaptive,-0.02084606531968869,858,2048,128
0.0,2048,97,uniform,0.012101208659187845,1024,2048,0
0.0,2048,97,pilot_adaptive,0.020432388987003725,1004,2048,128
0.0,2048,97,regularized_adaptive,-0.0012048846002066238,1095,2048,128
0.0,2048,98,uniform,-0.0004774260964015564,1024,2048,0
0.0,2048,98,pilot_adaptive,0.01682337976994508,128,2048,128
0.0,2048,98,regularized_adaptive,0.006434766608821585,836,2048,128
0.0,2048,99,uniform,-0.0016069427979965578,1024,2048,0
0.0,2048,99,pilot_adaptive,-0.02371416809096405,128,2048,128
0.0,2048,99,regularized_adaptive,0.015602076663428166,891,2048,128
0.0,2048,100,uniform,0.0029132961701445748,1024,2048,0
0.0,2048,100,pilot_adaptive,0.007416817382840835,128,2048,128
0.0,2048,100,regularized_adaptive,0.016075693850243544,853,2048,128
0.0,2048,101,uniform,0.009699085026757315,1024,2048,0
0.0,2048,101,pilot_adaptive,0.009852010364552077,1180,2048,128
0.0,2048,101,regularized_adaptive,-0.006267374662702663,1225,2048,128
0.0,2048,102,uniform,-0.007542878926212415,1024,2048,0
0.0,2048,102,pilot_adaptive,0.00911723826302624,1008,2048,128
0.0,2048,102,regularized_adaptive,0.012686401626554877,1098,2048,128
0.0,2048,103,uniform,0.008710486392641714,1024,2048,0
0.0,2048,103,pilot_adaptive,-0.0028261252554824257,1008,2048,128
0.0,2048,103,regularized_adaptive,-0.006888216321533358,1098,2048,128
0.0,2048,104,uniform,-0.0025977135938728413,1024,2048,0
0.0,2048,104,pilot_adaptive,0.0005511245338858384,128,2048,128
0.0,2048,104,regularized_adaptive,-0.001423057677114814,846,2048,128
0.0,2048,105,uniform,0.0018553245831693932,1024,2048,0
0.0,2048,105,pilot_adaptive,0.00407001460573686,1022,2048,128
0.0,2048,105,regularized_adaptive,0.006412588549441489,1111,2048,128
0.0,2048,106,uniform,0.0018553245831693932,1024,2048,0
0.0,2048,106,pilot_adaptive,-0.01775124156945096,1017,2048,128
0.0,2048,106,regularized_adaptive,-0.0005285193876380934,1107,2048,128
0.0,2048,107,uniform,0.005389137078955164,1024,2048,0
0.0,2048,107,pilot_adaptive,-0.022906439520498756,128,2048,128
0.0,2048,107,regularized_adaptive,0.01880025871286617,843,2048,128
0.0,2048,108,uniform,0.0008645537872931097,1024,2048,0
0.0,2048,108,pilot_adaptive,0.00895405087347867,1176,2048,128
0.0,2048,108,regularized_adaptive,-0.005722939132984051,1221,2048,128
0.0,2048,109,uniform,-0.006341817109997594,1024,2048,0
0.0,2048,109,pilot_adaptive,-0.005826455713973777,128,2048,128
0.0,2048,109,regularized_adaptive,-0.010603457972686359,846,2048,128
0.0,2048,110,uniform,-0.002667086546731978,1024,2048,0
0.0,2048,110,pilot_adaptive,-0.01806006809770655,128,2048,128
0.0,2048,110,regularized_adaptive,0.0013859311100976601,846,2048,128
0.0,2048,111,uniform,-0.00860302267494828,1024,2048,0
0.0,2048,111,pilot_adaptive,-0.007235345405655957,1022,2048,128
0.0,2048,111,regularized_adaptive,0.008299457751506312,1111,2048,128
0.0,2048,112,uniform,0.003479140601822417,1024,2048,0
0.0,2048,112,pilot_adaptive,0.004655958784238079,1038,2048,128
0.0,2048,112,regularized_adaptive,0.007627050757845533,1127,2048,128
0.0,2048,113,uniform,-0.011005146307378366,1024,2048,0
0.0,2048,113,pilot_adaptive,0.0029129438327075707,1165,2048,128
0.0,2048,113,regularized_adaptive,0.0067803894872333625,1210,2048,128
0.0,2048,114,uniform,-0.005706599725460171,1024,2048,0
0.0,2048,114,pilot_adaptive,0.0014689912888730117,1017,2048,128
0.0,2048,114,regularized_adaptive,0.022616431138265947,1107,2048,128
0.0,2048,115,uniform,0.011322901045410783,1024,2048,0
0.0,2048,115,pilot_adaptive,-0.0012793161051651847,1014,2048,128
0.0,2048,115,regularized_adaptive,0.0019091087365994408,1104,2048,128
0.0,2048,116,uniform,0.0022065336709873318,1024,2048,0
0.0,2048,116,pilot_adaptive,-0.0009438332265083726,1010,2048,128
0.0,2048,116,regularized_adaptive,0.005863268436620439,1101,2048,128
0.0,2048,117,uniform,-0.005919062907558947,1024,2048,0
0.0,2048,117,pilot_adaptive,-0.005624523571357232,128,2048,128
0.0,2048,117,regularized_adaptive,-0.007495327932375284,853,2048,128
0.0,2048,118,uniform,0.005599428099294146,1024,2048,0
0.0,2048,118,pilot_adaptive,-0.0074419128549043645,128,2048,128
0.0,2048,118,regularized_adaptive,-0.019919808316634535,838,2048,128
0.0,2048,119,uniform,-0.0009001802988393148,1024,2048,0
0.0,2048,119,pilot_adaptive,0.007691768474527683,1017,2048,128
0.0,2048,119,regularized_adaptive,0.009058356398724099,1107,2048,128
0.0,2048,120,uniform,0.005246046849715524,1024,2048,0
0.0,2048,120,pilot_adaptive,-0.004928917170514913,1004,2048,128
0.0,2048,120,regularized_adaptive,-0.006957464421998738,1095,2048,128
0.0,2048,121,uniform,0.012103380820948084,1024,2048,0
0.0,2048,121,pilot_adaptive,0.009032274523771422,128,2048,128
0.0,2048,121,regularized_adaptive,-0.010206867063074165,853,2048,128
0.0,2048,122,uniform,-0.008039350405030676,1024,2048,0
0.0,2048,122,pilot_adaptive,0.0019784710170720476,1022,2048,128
0.0,2048,122,regularized_adaptive,0.005874462388918866,1111,2048,128
0.0,2048,123,uniform,0.010969519795832161,1024,2048,0
0.0,2048,123,pilot_adaptive,0.004000587392033905,1249,2048,128
0.0,2048,123,regularized_adaptive,0.003479685568099855,1278,2048,128
0.0,2048,124,uniform,0.00022933640275568656,1024,2048,0
0.0,2048,124,pilot_adaptive,-0.005801880933093306,1266,2048,128
0.0,2048,124,regularized_adaptive,-0.0012613621559200983,1294,2048,128
0.0,2048,125,uniform,0.004044985033500259,1024,2048,0
0.0,2048,125,pilot_adaptive,-0.003807134287810543,128,2048,128
0.0,2048,125,regularized_adaptive,-0.006962510943487432,843,2048,128
0.0,2048,126,uniform,-0.005424763590501369,1024,2048,0
0.0,2048,126,pilot_adaptive,0.01766937288000503,1014,2048,128
0.0,2048,126,regularized_adaptive,-0.005406839664564567,1104,2048,128
0.0,2048,127,uniform,-0.007189497676633794,1024,2048,0
0.0,2048,127,pilot_adaptive,-0.017050407384625155,128,2048,128
0.0,2048,127,regularized_adaptive,0.0066404292307502555,840,2048,128
0.0,2048,128,uniform,0.006659571848029566,1024,2048,0
0.0,2048,128,pilot_adaptive,-0.02149291452218427,128,2048,128
0.0,2048,128,regularized_adaptive,0.004079998015653841,863,2048,128
0.0,2048,129,uniform,0.004894837761897142,1024,2048,0
0.0,2048,129,pilot_adaptive,-0.016040746671543316,128,2048,128
0.0,2048,129,regularized_adaptive,-0.00528688174235481,891,2048,128
0.0,2048,130,uniform,-0.0011820164337981165,1024,2048,0
0.0,2048,130,pilot_adaptive,-0.009026855125090494,1053,2048,128
0.0,2048,130,regularized_adaptive,0.003837278878067396,1141,2048,128
0.0,2048,131,uniform,0.003550685716442681,1024,2048,0
0.0,2048,131,pilot_adaptive,0.004575598178683693,1173,2048,128
0.0,2048,131,regularized_adaptive,0.0014680052948918831,1217,2048,128
0.0,2048,132,uniform,-0.003516939275128861,1024,2048,0
0.0,2048,132,pilot_adaptive,0.005627376989677968,1170,2048,128
0.0,2048,132,regularized_adaptive,5.488260230301911e-05,1214,2048,128
0.0,2048,133,uniform,0.02319260114008226,1024,2048,0
0.0,2048,133,pilot_adaptive,0.023285208333667873,128,2048,128
0.0,2048,133,regularized_adaptive,0.00584747712650624,863,2048,128
0.0,2048,134,uniform,0.0028460953790456767,1024,2048,0
0.0,2048,134,pilot_adaptive,0.0053974959566776,128,2048,128
0.0,2048,134,regularized_adaptive,-0.014329864228174616,863,2048,128
0.0,2048,135,uniform,-0.007117952562013974,1024,2048,0
0.0,2048,135,pilot_adaptive,0.012868985233481789,128,2048,128
0.0,2048,135,regularized_adaptive,-0.002145668244928123,836,2048,128
0.0,2048,136,uniform,0.0038325218514010384,1024,2048,0
0.0,2048,136,pilot_adaptive,-0.012329931492475188,1017,2048,128
0.0,2048,136,regularized_adaptive,-0.0015213191259328962,1107,2048,128
0.0,2048,137,uniform,-0.0025261684792530215,1024,2048,0
0.0,2048,137,pilot_adaptive,0.017025311912561625,128,2048,128
0.0,2048,137,regularized_adaptive,-0.01201403891835251,835,2048,128
0.0,2048,138,uniform,-0.008251813587129897,1024,2048,0
0.0,2048,138,pilot_adaptive,-0.0012662647496612944,128,2048,128
0.0,2048,138,regularized_adaptive,0.010111286915917672,838,2048,128
0.0,2048,139,uniform,0.011181982977931382,1024,2048,0
0.0,2048,139,pilot_adaptive,0.010758334736818087,1003,2048,128
0.0,2048,139,regularized_adaptive,-0.0007691536327019133,1094,2048,128
0.0,2048,140,uniform,0.0016450335628304114,1024,2048,0
0.0,2048,140,pilot_adaptive,0.013592465488083905,128,2048,128
0.0,2048,140,regularized_adaptive,0.011127913277360735,849,2048,128
0.0,2048,141,uniform,-0.0073304157441131945,1024,2048,0
0.0,2048,141,pilot_adaptive,-0.0043700874635017595,1038,2048,128
0.0,2048,141,regularized_adaptive,0.007713881374592058,1127,2048,128
0.0,2048,142,uniform,0.0005133446994751711,1024,2048,0
0.0,2048,142,pilot_adaptive,0.00992218786675525,1017,2048,128
0.0,2048,142,regularized_adaptive,-0.008197747162251412,1107,2048,128
0.0,2048,143,uniform,0.0051745017350957045,1024,2048,0
0.0,2048,143,pilot_adaptive,-0.00781926292561752,1006,2048,128
0.0,2048,143,regularized_adaptive,0.010946598166278632,1096,2048,128
0.0,2048,144,uniform,0.0010770169693923304,1024,2048,0
0.0,2048,144,pilot_adaptive,-0.006437876302083589,1010,2048,128
0.0,2048,144,regularized_adaptive,-0.011326198633832663,1101,2048,128
0.0,2048,145,uniform,-0.012490216420312672,1024,2048,0
0.0,2048,145,pilot_adaptive,-0.0020135382151933445,1320,2048,128
0.0,2048,145,regularized_adaptive,-0.0009020257395813136,1339,2048,128
0.0,2048,146,uniform,0.005670973213913966,1024,2048,0
0.0,2048,146,pilot_adaptive,-0.0022076506098589466,1163,2048,128
0.0,2048,146,regularized_adaptive,0.018812593821117884,1209,2048,128
0.0,2048,147,uniform,-0.017650017096511705,1024,2048,0
0.0,2048,147,pilot_adaptive,-0.0003969420337985863,1014,2048,128
0.0,2048,147,regularized_adaptive,-0.0016385618474050734,1104,2048,128
0.0,2048,148,uniform,0.012877344111204225,1024,2048,0
0.0,2048,148,pilot_adaptive,0.004354905390507868,1180,2048,128
0.0,2048,148,regularized_adaptive,0.0007456766126610059,1225,2048,128
0.0,2048,149,uniform,0.012313671841287066,1024,2048,0
0.0,2048,149,pilot_adaptive,-0.00421099857304319,128,2048,128
0.0,2048,149,regularized_adaptive,-0.012032994131695451,876,2048,128
0.0,2048,150,uniform,0.004682374579798365,1024,2048,0
0.0,2048,150,pilot_adaptive,-0.011751801485094804,1003,2048,128
0.0,2048,150,regularized_adaptive,0.010010474162572391,1094,2048,128
0.0,2048,151,uniform,-0.0023852504117731765,1024,2048,0
0.0,2048,151,pilot_adaptive,0.0005511245338858384,128,2048,128
0.0,2048,151,regularized_adaptive,-0.00615471481127261,835,2048,128
0.0,2048,152,uniform,0.0004417995848553513,1024,2048,0
0.0,2048,152,pilot_adaptive,-0.004051970370863023,1010,2048,128
0.0,2048,152,regularized_adaptive,-0.004860985509685056,1101,2048,128
0.0,2048,153,uniform,0.0039040669660213023,1024,2048,0
0.0,2048,153,pilot_adaptive,-0.004746912673385895,1162,2048,128
0.0,2048,153,regularized_adaptive,-0.0036359559419454346,1208,2048,128
0.0,2048,154,uniform,0.003199476628624298,1024,2048,0
0.0,2048,154,pilot_adaptive,-0.008831473981014026,1032,2048,128
0.0,2048,154,regularized_adaptive,0.0022469923745187526,1121,2048,128
0.0,2048,155,uniform,-0.0025977135938728413,1024,2048,0
0.0,2048,155,pilot_adaptive,0.019448497623957506,128,2048,128
0.0,2048,155,regularized_adaptive,0.0039821970937110596,834,2048,128
0.0,2048,156,uniform,-0.002808004614211823,1024,2048,0
0.0,2048,156,pilot_adaptive,-0.013499877133394067,128,2048,128
0.0,2048,156,regularized_adaptive,0.004877668237641908,843,2048,128
0.0,2048,157,uniform,0.002841751055524755,1024,2048,0
0.0,2048,157,pilot_adaptive,-0.019473593096021036,128,2048,128
0.0,2048,157,regularized_adaptive,-0.010778239480850216,835,2048,128
0.0,2048,158,uniform,-0.009804084491163545,1024,2048,0
0.0,2048,158,pilot_adaptive,-0.003913732459460695,1026,2048,128
0.0,2048,158,regularized_adaptive,0.005175490968747143,1116,2048,128
0.0,2048,159,uniform,-0.005424763590501369,1024,2048,0
0.0,2048,159,pilot_adaptive,-0.0022624189479756307,1338,2048,128
0.0,2048,159,regularized_adaptive,-0.00036242372188222127,1356,2048,128
0.0,2048,160,uniform,-0.01199591710325465,1024,2048,0
0.0,2048,160,pilot_adaptive,-0.006108833117580259,1004,2048,128
0.0,2048,160,regularized_adaptive,-0.010441180321699717,1095,2048,128
0.0,2048,161,uniform,0.00842430593416199,1024,2048,0
0.0,2048,161,pilot_adaptive,0.014346190589116459,1006,2048,128
0.0,2048,161,regularized_adaptive,-0.011415670236760045,1096,2048,128
0.0,2048,162,uniform,-0.012843597669891293,1024,2048,0
0.0,2048,162,pilot_adaptive,-0.007084216560820922,1026,2048,128
0.0,2048,162,regularized_adaptive,0.007191361021091192,1116,2048,128
0.0,2048,163,uniform,-0.005990608022179211,1024,2048,0
0.0,2048,163,pilot_adaptive,-0.005630836878970369,1017,2048,128
0.0,2048,163,regularized_adaptive,0.005462936910743066,1107,2048,128
0.0,2048,164,uniform,0.011325073207171465,1024,2048,0
0.0,2048,164,pilot_adaptive,-0.005382966506004339,1190,2048,128
0.0,2048,164,regularized_adaptive,0.0026733037645099156,1234,2048,128
0.0,2048,165,uniform,0.010334302411294738,1024,2048,0
0.0,2048,165,pilot_adaptive,-0.0013823614512367133,1032,2048,128
0.0,2048,165,regularized_adaptive,-0.00034786245561302387,1121,2048,128
0.0,2048,166,uniform,0.007789088549625012,1024,2048,0
0.0,2048,166,pilot_adaptive,-0.021089050236951623,128,2048,128
0.0,2048,166,regularized_adaptive,0.003464284720777533,846,2048,128
0.0,2048,167,uniform,-0.011503789947956866,1024,2048,0
0.0,2048,167,pilot_adaptive,-0.009461234281067599,128,2048,128
0.0,2048,167,regularized_adaptive,0.013012273051676404,836,2048,128
0.0,2048,168,uniform,0.0051051287822361235,1024,2048,0
0.0,2048,168,pilot_adaptive,-0.00885543785321885,128,2048,128
0.0,2048,168,regularized_adaptive,0.0019489482688410664,863,2048,128
0.0,2048,169,uniform,-0.004011238592187327,1024,2048,0
0.0,2048,169,pilot_adaptive,-2.5389020853916477e-05,1014,2048,128
0.0,2048,169,regularized_adaptive,0.000469550829365728,1104,2048,128
0.0,2048,170,uniform,-0.007401960858733014,1024,2048,0
0.0,2048,170,pilot_adaptive,0.0018652581385010247,1256,2048,128
0.0,2048,170,regularized_adaptive,-0.0037702070115310793,1284,2048,128
0.0,2048,171,uniform,-0.0006183441638805132,1024,2048,0
0.0,2048,171,pilot_adaptive,-0.005686416783373671,1010,2048,128
0.0,2048,171,regularized_adaptive,0.007107620056010289,1101,2048,128
0.0,2048,172,uniform,-0.0025955414321126025,1024,2048,0
0.0,2048,172,pilot_adaptive,-0.006224869378176345,1190,2048,128
0.0,2048,172,regularized_adaptive,-0.014326173498034445,1234,2048,128
0.0,2048,173,uniform,-0.00556568165798077,1024,2048,0
0.0,2048,173,pilot_adaptive,-0.0002566040365794553,128,2048,128
0.0,2048,173,regularized_adaptive,0.022070553178555885,863,2048,128
0.0,2048,174,uniform,0.012239954564906563,1024,2048,0
0.0,2048,174,pilot_adaptive,-0.006230319999206424,128,2048,128
0.0,2048,174,regularized_adaptive,0.009979499201893782,846,2048,128
0.0,2048,175,uniform,0.016695164903709037,1024,2048,0
0.0,2048,175,pilot_adaptive,0.0039839709583631144,128,2048,128
0.0,2048,175,regularized_adaptive,0.0017079486872033645,869,2048,128
0.0,2048,176,uniform,0.00991154820885698,1024,2048,0
0.0,2048,176,pilot_adaptive,-0.002401898217194942,1173,2048,128
0.0,2048,176,regularized_adaptive,0.016783742264882884,1217,2048,128
0.0,2048,177,uniform,-0.007120124723774657,1024,2048,0
0.0,2048,177,pilot_adaptive,0.007784672394495873,1167,2048,128
0.0,2048,177,regularized_adaptive,0.004300679875098412,1212,2048,128
0.0,2048,178,uniform,0.014644250359097333,1024,2048,0
0.0,2048,178,pilot_adaptive,-0.006519093100102458,1185,2048,128
0.0,2048,178,regularized_adaptive,0.012956571568447428,1229,2048,128
0.0,2048,179,uniform,-0.004152156659666284,1024,2048,0
0.0,2048,179,pilot_adaptive,-0.003708814182321385,1061,2048,128
0.0,2048,179,regularized_adaptive,0.005606387664043089,1149,2048,128
0.0,2048,180,uniform,-0.005706599725460171,1024,2048,0
0.0,2048,180,pilot_adaptive,-0.006107154306820073,1017,2048,128
0.0,2048,180,regularized_adaptive,-0.005595127412564738,1107,2048,128
0.0,2048,181,uniform,0.0012201071986324141,1024,2048,0
0.0,2048,181,pilot_adaptive,0.00201681516979213,1176,2048,128
0.0,2048,181,regularized_adaptive,0.010650172727124874,1221,2048,128
0.0,2048,182,uniform,0.0031973044668640593,1024,2048,0
0.0,2048,182,pilot_adaptive,-0.010364055657533067,1017,2048,128
0.0,2048,182,regularized_adaptive,0.0015263958261748645,1107,2048,128
0.0,2048,183,uniform,-0.004080611545046464,1024,2048,0
0.0,2048,183,pilot_adaptive,-0.01939196772356344,1017,2048,128
0.0,2048,183,regularized_adaptive,-0.010320613840905102,1107,2048,128
0.0,2048,184,uniform,-0.019557841411884214,1024,2048,0
0.0,2048,184,pilot_adaptive,-0.0007781521485654697,128,2048,128
0.0,2048,184,regularized_adaptive,0.006299798413609947,846,2048,128
0.0,2048,185,uniform,0.008569568325162313,1024,2048,0
0.0,2048,185,pilot_adaptive,0.01379439763070045,128,2048,128
0.0,2048,185,regularized_adaptive,0.00046252533661639283,843,2048,128
0.0,2048,186,uniform,0.002843923217285438,1024,2048,0
0.0,2048,186,pilot_adaptive,0.004448422548403608,1006,2048,128
0.0,2048,186,regularized_adaptive,0.003311569361531097,1096,2048,128
0.0,2048,187,uniform,-0.015176348349461799,1024,2048,0
0.0,2048,187,pilot_adaptive,-0.012086352135080025,128,2048,128
0.0,2048,187,regularized_adaptive,-0.0029143728168710137,835,2048,128
0.0,2048,188,uniform,0.006941407982988368,1024,2048,0
0.0,2048,188,pilot_adaptive,-0.010268962851532892,128,2048,128
0.0,2048,188,regularized_adaptive,0.02095193226044434,858,2048,128
0.0,2048,189,uniform,0.007366334347186809,1024,2048,0
0.0,2048,189,pilot_adaptive,0.02547275419146877,1249,2048,128
0.0,2048,189,regularized_adaptive,0.0098633298647266,1277,2048,128
0.0,2048,190,uniform,-0.010935773354518785,1024,2048,0
0.0,2048,190,pilot_adaptive,-0.023512235948347504,128,2048,128
0.0,2048,190,regularized_adaptive,0.00895010782935901,858,2048,128
0.0,2048,191,uniform,0.0029848412847643946,1024,2048,0
0.0,2048,191,pilot_adaptive,-0.0109142725024729,1038,2048,128
0.0,2048,191,regularized_adaptive,0.0028467661508029263,1127,2048,128
0.0,2048,192,uniform,0.0077218877585256696,1024,2048,0
0.0,2048,192,pilot_adaptive,0.00884300780023728,1320,2048,128
0.0,2048,192,regularized_adaptive,0.012854055252375707,1339,2048,128
0.0,2048,193,uniform,-0.007404133020493253,1024,2048,0
0.0,2048,193,pilot_adaptive,0.007531521826448229,1249,2048,128
0.0,2048,193,regularized_adaptive,-0.017938961135329334,1278,2048,128
0.0,2048,194,uniform,0.0005827176523343081,1024,2048,0
0.0,2048,194,pilot_adaptive,0.02118592114942852,1004,2048,128
0.0,2048,194,regularized_adaptive,0.0013763362953354008,1095,2048,128
0.0,2048,195,uniform,0.0016428614010701725,1024,2048,0
0.0,2048,195,pilot_adaptive,-0.007845777140137011,128,2048,128
0.0,2048,195,regularized_adaptive,-0.008415864393028327,838,2048,128
0.0,2048,196,uniform,0.002703005149806037,1024,2048,0
0.0,2048,196,pilot_adaptive,0.004993631671444954,128,2048,128
0.0,2048,196,regularized_adaptive,-0.005462068838356204,853,2048,128
0.0,2048,197,uniform,0.005458510031814745,1024,2048,0
0.0,2048,197,pilot_adaptive,-0.0027569858716380846,1170,2048,128
0.0,2048,197,regularized_adaptive,0.002903702726100965,1214,2048,128
0.0,2048,198,uniform,-0.0019603240475747352,1024,2048,0
0.0,2048,198,pilot_adaptive,0.01185932452039995,128,2048,128
0.0,2048,198,regularized_adaptive,0.0014427070695568478,846,2048,128
0.0,2048,199,uniform,0.005458510031814745,1024,2048,0
0.0,2048,199,pilot_adaptive,0.03644423311461975,128,2048,128
0.0,2048,199,regularized_adaptive,0.02315859189953451,834,2048,128
0.0,2048,200,uniform,-0.008533649722088699,1024,2048,0
0.0,2048,200,pilot_adaptive,0.002048897848063058,128,2048,128
0.0,2048,200,regularized_adaptive,0.005089956758837166,835,2048,128
0.0,2048,201,uniform,-0.010300555969981806,1024,2048,0
0.0,2048,201,pilot_adaptive,-0.0001597174036860327,1038,2048,128
0.0,2048,201,regularized_adaptive,0.005302031416884345,1127,2048,128
0.0,2048,202,uniform,0.013089807293303446,1024,2048,0
0.0,2048,202,pilot_adaptive,0.04573311167497063,128,2048,128
0.0,2048,202,regularized_adaptive,-0.00027358912568886673,849,2048,128
0.0,2048,203,uniform,0.0005111725377144882,1024,2048,0
0.0,2048,203,pilot_adaptive,0.01948982824092771,1014,2048,128
0.0,2048,203,regularized_adaptive,-0.0033009713444840383,1104,2048,128
0.0,2048,204,uniform,0.0036200586693018177,1024,2048,0
0.0,2048,204,pilot_adaptive,-0.012674835309523624,1167,2048,128
0.0,2048,204,regularized_adaptive,0.010433940884733373,1212,2048,128
0.0,2048,205,uniform,-0.01877953379810715,1024,2048,0
0.0,2048,205,pilot_adaptive,0.006240002004190837,1017,2048,128
0.0,2048,205,regularized_adaptive,-0.00871079382951323,1107,2048,128
0.0,2048,206,uniform,-0.009804084491163545,1024,2048,0
0.0,2048,206,pilot_adaptive,0.04977175452729754,128,2048,128
0.0,2048,206,regularized_adaptive,-0.0034711602339554393,846,2048,128
0.0,2048,207,uniform,-0.0052816733612617295,1024,2048,0
0.0,2048,207,pilot_adaptive,-0.02149291452218427,128,2048,128
0.0,2048,207,regularized_adaptive,0.004028291194736466,858,2048,128
0.0,2048,208,uniform,0.00023150856451636947,1024,2048,0
0.0,2048,208,pilot_adaptive,-0.010332968742950532,1002,2048,128
0.0,2048,208,regularized_adaptive,-0.001522491364552403,1093,2048,128
0.0,2048,209,uniform,0.0007258078815739477,1024,2048,0
0.0,2048,209,pilot_adaptive,-0.007131147390292414,1014,2048,128
0.0,2048,209,regularized_adaptive,0.010673592471760918,1104,2048,128
0.0,2048,210,uniform,0.0019246975360289742,1024,2048,0
0.0,2048,210,pilot_adaptive,-0.018867796668171843,128,2048,128
0.0,2048,210,regularized_adaptive,0.013307541530928058,849,2048,128
0.0,2048,211,uniform,0.0030563863993842144,1024,2048,0
0.0,2048,211,pilot_adaptive,-0.006432252141822525,128,2048,128
0.0,2048,211,regularized_adaptive,-0.0027704497421698893,835,2048,128
0.0,2048,212,uniform,0.004823292647277322,1024,2048,0
0.0,2048,212,pilot_adaptive,-0.006634184284439071,128,2048,128
0.0,2048,212,regularized_adaptive,0.0162873387654765,843,2048,128
0.0,2048,213,uniform,0.013018262178683626,1024,2048,0
0.0,2048,213,pilot_adaptive,-0.021089050236951623,128,2048,128
0.0,2048,213,regularized_adaptive,0.001359406204477276,846,2048,128
0.0,2048,214,uniform,0.004894837761897142,1024,2048,0
0.0,2048,214,pilot_adaptive,-0.0007781521485654697,128,2048,128
0.0,2048,214,regularized_adaptive,-0.001609446797209868,840,2048,128
0.0,2048,215,uniform,0.0031973044668640593,1024,2048,0
0.0,2048,215,pilot_adaptive,-0.008035238205006623,1017,2048,128
0.0,2048,215,regularized_adaptive,-0.005937613281533638,1107,2048,128
0.0,2048,216,uniform,0.005248219011475763,1024,2048,0
0.0,2048,216,pilot_adaptive,0.007074860155066309,1266,2048,128
0.0,2048,216,regularized_adaptive,0.008713552674824099,1294,2048,128
0.0,2048,217,uniform,0.0051051287822361235,1024,2048,0
0.0,2048,217,pilot_adaptive,0.005139043456574344,1014,2048,128
0.0,2048,217,regularized_adaptive,0.003462336795447163,1104,2048,128
0.0,2048,218,uniform,0.021356321939330014,1024,2048,0
0.0,2048,218,pilot_adaptive,-0.002737674547850011,1014,2048,128
0.0,2048,218,regularized_adaptive,0.004462924593061635,1104,2048,128
0.0,2048,219,uniform,0.0029870134465250775,1024,2048,0
0.0,2048,219,pilot_adaptive,-0.0109516177458715,1263,2048,128
0.0,2048,219,regularized_adaptive,0.008947748850533843,1290,2048,128
0.0,2048,220,uniform,-0.002031869162194999,1024,2048,0
0.0,2048,220,pilot_adaptive,0.007012953097608188,128,2048,128
0.0,2048,220,regularized_adaptive,0.006821752042320162,849,2048,128
0.0,2048,221,uniform,-0.001396651777657576,1024,2048,0
0.0,2048,221,pilot_adaptive,0.0053974959566776,128,2048,128
0.0,2048,221,regularized_adaptive,0.00207182984222265,838,2048,128
0.0,2048,222,uniform,-0.005706599725460171,1024,2048,0
0.0,2048,222,pilot_adaptive,0.00018549767558329044,1170,2048,128
0.0,2048,222,regularized_adaptive,-0.0038786010040545715,1214,2048,128
0.0,2048,223,uniform,-0.008390559492849059,1024,2048,0
0.0,2048,223,pilot_adaptive,0.003177566525600417,1165,2048,128
0.0,2048,223,regularized_adaptive,0.027876490869275683,1210,2048,128
0.0,2048,224,uniform,0.018318980922362504,1024,2048,0
0.0,2048,224,pilot_adaptive,-0.01652885927263914,128,2048,128
0.0,2048,224,regularized_adaptive,0.005429148659024774,838,2048,128
0.0,2048,225,uniform,-0.011714080968295848,1024,2048,0
0.0,2048,225,pilot_adaptive,-0.0033443533105168566,1010,2048,128
0.0,2048,225,regularized_adaptive,-0.002411358180497425,1101,2048,128
0.0,2048,226,uniform,-0.007826887222931456,1024,2048,0
0.0,2048,226,pilot_adaptive,0.05837058834393649,128,2048,128
0.0,2048,226,regularized_adaptive,0.0051984025950220225,836,2048,128
0.0,2048,227,uniform,0.014362414224138531,1024,2048,0
0.0,2048,227,pilot_adaptive,-0.0008598261636534321,1017,2048,128
0.0,2048,227,regularized_adaptive,0.011249174542218965,1107,2048,128
0.0,2048,228,uniform,-0.007542878926212415,1024,2048,0
0.0,2048,228,pilot_adaptive,4.2943731733968704e-05,1053,2048,128
0.0,2048,228,regularized_adaptive,0.0015206018407367683,1141,2048,128
0.0,2048,229,uniform,-0.007048579609154393,1024,2048,0
0.0,2048,229,pilot_adaptive,-0.024319964518812798,128,2048,128
0.0,2048,229,regularized_adaptive,0.01044572536283872,838,2048,128
0.0,2048,230,uniform,-0.010582392104940164,1024,2048,0
0.0,2048,230,pilot_adaptive,-0.005332608253201032,1010,2048,128
0.0,2048,230,regularized_adaptive,-0.0012060824706996431,1101,2048,128
0.0,2048,231,uniform,0.0011463899222519114,1024,2048,0
0.0,2048,231,pilot_adaptive,0.005195563814061499,128,2048,128
0.0,2048,231,regularized_adaptive,0.004334996721848894,846,2048,128
0.0,2048,232,uniform,-0.00521012824664191,1024,2048,0
0.0,2048,232,pilot_adaptive,-0.009663166423684144,128,2048,128
0.0,2048,232,regularized_adaptive,0.00338454943994404,858,2048,128
0.0,2048,233,uniform,-0.0031613858637904446,1024,2048,0
0.0,2048,233,pilot_adaptive,-0.024723828804045445,128,2048,128
0.0,2048,233,regularized_adaptive,-0.0029576812091838267,838,2048,128
0.0,2048,234,uniform,-0.0024546233646332016,1024,2048,0
0.0,2048,234,pilot_adaptive,0.013222573442029928,1185,2048,128
0.0,2048,234,regularized_adaptive,-0.012839195447998053,1229,2048,128
0.0,2048,235,uniform,0.013089807293303446,1024,2048,0
0.0,2048,235,pilot_adaptive,0.010873069657117318,1173,2048,128
0.0,2048,235,regularized_adaptive,-0.0034852624781887,1217,2048,128
0.0,2048,236,uniform,-0.003586312227988886,1024,2048,0
0.0,2048,236,pilot_adaptive,-0.02088711809433552,128,2048,128
0.0,2048,236,regularized_adaptive,0.00827863546046781,853,2048,128
0.0,2048,237,uniform,-0.0006877171167400942,1024,2048,0
0.0,2048,237,pilot_adaptive,-0.005514420418342381,1032,2048,128
0.0,2048,237,regularized_adaptive,0.006690569046012174,1121,2048,128
0.0,2048,238,uniform,-0.00888703097166732,1024,2048,0
0.0,2048,238,pilot_adaptive,0.0015304409768239768,1176,2048,128
0.0,2048,238,regularized_adaptive,-0.004687567460399444,1221,2048,128
0.0,2048,239,uniform,0.004044985033500259,1024,2048,0
0.0,2048,239,pilot_adaptive,0.006205224527142894,128,2048,128
0.0,2048,239,regularized_adaptive,-0.0016206086577368328,840,2048,128
0.0,2048,240,uniform,-0.005424763590501369,1024,2048,0
0.0,2048,240,pilot_adaptive,-0.0028021281884915705,1008,2048,128
0.0,2048,240,regularized_adaptive,-0.009916593524138984,1098,2048,128
0.0,2048,241,uniform,-0.0018909510947155983,1024,2048,0
0.0,2048,241,pilot_adaptive,-0.005475505582409612,1070,2048,128
0.0,2048,241,regularized_adaptive,-0.00207145431607203,1157,2048,128
0.0,2048,242,uniform,-0.004362447680005266,1024,2048,0
0.0,2048,242,pilot_adaptive,0.0012411692775977645,128,2048,128
0.0,2048,242,regularized_adaptive,-0.005283209839729741,900,2048,128
0.0,2048,243,uniform,0.014999803770436193,1024,2048,0
0.0,2048,243,pilot_adaptive,0.02126588690750464,128,2048,128
0.0,2048,243,regularized_adaptive,-0.005474605351750705,858,2048,128
0.0,2048,244,uniform,-0.007473505973352834,1024,2048,0
0.0,2048,244,pilot_adaptive,0.014602126201165744,128,2048,128
0.0,2048,244,regularized_adaptive,0.002500950342481323,863,2048,128
0.0,2048,245,uniform,0.007437879461807073,1024,2048,0
0.0,2048,245,pilot_adaptive,-0.007239980712287819,128,2048,128
0.0,2048,245,regularized_adaptive,0.01519887433475664,843,2048,128
0.0,2048,246,uniform,-0.0006183441638805132,1024,2048,0
0.0,2048,246,pilot_adaptive,-0.006230319999206424,128,2048,128
0.0,2048,246,regularized_adaptive,0.008277054444449261,853,2048,128
0.0,2048,247,uniform,-0.006339644948236911,1024,2048,0
0.0,2048,247,pilot_adaptive,-0.016444610956775962,128,2048,128
0.0,2048,247,regularized_adaptive,-0.006522403089958884,836,2048,128
0.0,2048,248,uniform,0.005530055146434565,1024,2048,0
0.0,2048,248,pilot_adaptive,0.00043343638029536,1256,2048,128
0.0,2048,248,regularized_adaptive,0.0166523461710264,1284,2048,128
0.0,2048,249,uniform,-0.0016069427979965578,1024,2048,0
0.0,2048,249,pilot_adaptive,0.007214885240224733,128,2048,128
0.0,2048,249,regularized_adaptive,-0.004546652811477481,849,2048,128
0.0,2048,250,uniform,-0.01220838028535387,1024,2048,0
0.0,2048,250,pilot_adaptive,-0.00764384499752091,128,2048,128
0.0,2048,250,regularized_adaptive,0.012109730439692656,836,2048,128
0.0,2048,251,uniform,0.0044005384448395635,1024,2048,0
0.0,2048,251,pilot_adaptive,-0.0009534282627663426,1170,2048,128
0.0,2048,251,regularized_adaptive,0.0010204310153156815,1214,2048,128
0.0,2048,252,uniform,-0.004362447680005266,1024,2048,0
0.0,2048,252,pilot_adaptive,-0.021089050236951623,128,2048,128
0.0,2048,252,regularized_adaptive,-0.004952568302836857,853,2048,128
0.0,2048,253,uniform,-0.009240412221245942,1024,2048,0
0.0,2048,253,pilot_adaptive,0.012178940489769863,128,2048,128
0.0,2048,253,regularized_adaptive,-0.003515548776037436,840,2048,128
0.0,2048,254,uniform,-0.0024567955263934405,1024,2048,0
0.0,2048,254,pilot_adaptive,0.006457779268103314,1170,2048,128
0.0,2048,254,regularized_adaptive,-0.006214868153959996,1214,2048,128
0.0,2048,255,uniform,-0.006059980975038792,1024,2048,0
0.0,2048,255,pilot_adaptive,-0.008301513647318126,1014,2048,128
0.0,2048,255,regularized_adaptive,-0.006960067723411845,1104,2048,128
0.0,2048,256,uniform,0.012172753773807665,1024,2048,0
0.0,2048,256,pilot_adaptive,-0.0016955559368601048,1162,2048,128
0.0,2048,256,regularized_adaptive,0.0022821566863815423,1207,2048,128
0.0,2048,257,uniform,0.007789088549625012,1024,2048,0
0.0,2048,257,pilot_adaptive,0.01410256689073841,1014,2048,128
0.0,2048,257,regularized_adaptive,-0.0052954138696417186,1104,2048,128
0.0,2048,258,uniform,-0.013337896986949316,1024,2048,0
0.0,2048,258,pilot_adaptive,0.011169279776688024,128,2048,128
0.0,2048,258,regularized_adaptive,0.009177073726821527,858,2048,128
0.0,2048,259,uniform,0.0017122343539297535,1024,2048,0
0.0,2048,259,pilot_adaptive,0.008189062882987264,1045,2048,128
0.0,2048,259,regularized_adaptive,-0.004351190192905419,1134,2048,128
0.0,2048,260,uniform,0.01973467808243723,1024,2048,0
0.0,2048,260,pilot_adaptive,0.018640769053492212,128,2048,128
0.0,2048,260,regularized_adaptive,0.020366490580552066,843,2048,128
0.0,2048,261,uniform,-0.002808004614211823,1024,2048,0
0.0,2048,261,pilot_adaptive,-0.01927166095340449,128,2048,128
0.0,2048,261,regularized_adaptive,0.0017605168311611852,863,2048,128
0.0,2048,262,uniform,0.015635021154973616,1024,2048,0
0.0,2048,262,pilot_adaptive,-0.020685185951718976,128,2048,128
0.0,2048,262,regularized_adaptive,-0.004354968182956442,883,2048,128
0.0,2048,263,uniform,0.0015019433335907717,1024,2048,0
0.0,2048,263,pilot_adaptive,-0.021089050236951623,128,2048,128
0.0,2048,263,regularized_adaptive,0.01666983883104245,840,2048,128
0.0,2048,264,uniform,-0.0016069427979965578,1024,2048,0
0.0,2048,264,pilot_adaptive,0.009482782931656386,1002,2048,128
0.0,2048,264,regularized_adaptive,-0.004298150508766918,1093,2048,128
0.0,2048,265,uniform,-0.0086745677895681,1024,2048,0
0.0,2048,265,pilot_adaptive,0.029056992153678296,128,2048,128
0.0,2048,265,regularized_adaptive,-0.0013791038478323525,836,2048,128
0.0,2048,266,uniform,0.000723635719814153,1024,2048,0
0.0,2048,266,pilot_adaptive,0.013487718637545276,1173,2048,128
0.0,2048,266,regularized_adaptive,-0.005392245616332003,1217,2048,128
0.0,2048,267,uniform,0.0037609767367812186,1024,2048,0
0.0,2048,267,pilot_adaptive,0.0029888342004953383,1010,2048,128
0.0,2048,267,regularized_adaptive,0.005421434004913239,1101,2048,128
0.0,2048,268,uniform,1.9045382417148815e-05,1024,2048,0
0.0,2048,268,pilot_adaptive,-0.013617560960147435,128,2048,128
0.0,2048,268,regularized_adaptive,-0.001714403524823327,843,2048,128
0.0,2048,269,uniform,0.003550685716442681,1024,2048,0
0.0,2048,269,pilot_adaptive,0.002479936349804257,1003,2048,128
0.0,2048,269,regularized_adaptive,0.0057862410588860325,1094,2048,128
0.0,2048,270,uniform,0.0021393328798884337,1024,2048,0
0.0,2048,270,pilot_adaptive,0.007289844602523354,1167,2048,128
0.0,2048,270,regularized_adaptive,-0.00015039971243591133,1212,2048,128
0.0,2048,271,uniform,-0.016800164368114823,1024,2048,0
0.0,2048,271,pilot_adaptive,-0.005826455713973777,128,2048,128
0.0,2048,271,regularized_adaptive,-0.007859762411053017,858,2048,128
0.0,2048,272,uniform,-0.00210124211505458,1024,2048,0
0.0,2048,272,pilot_adaptive,-0.004816795000891938,128,2048,128
0.0,2048,272,regularized_adaptive,-0.000552788717128605,858,2048,128
0.0,2048,273,uniform,-0.002738631661351798,1024,2048,0
0.0,2048,273,pilot_adaptive,0.00023150856451636947,128,2048,128
0.0,2048,273,regularized_adaptive,-0.008638656280925305,846,2048,128
0.0,2048,274,uniform,0.008426478095922674,1024,2048,0
0.0,2048,274,pilot_adaptive,-0.011278623564614731,128,2048,128
0.0,2048,274,regularized_adaptive,-0.0006042734650753001,840,2048,128
0.0,2048,275,uniform,0.002703005149806037,1024,2048,0
0.0,2048,275,pilot_adaptive,-0.00038396529359130405,1170,2048,128
0.0,2048,275,regularized_adaptive,0.02239244815356911,1214,2048,128
0.0,2048,276,uniform,0.002843923217285438,1024,2048,0
0.0,2048,276,pilot_adaptive,-0.02088711809433552,128,2048,128
0.0,2048,276,regularized_adaptive,0.012314087725125544,840,2048,128
0.0,2048,277,uniform,0.007932178778864651,1024,2048,0
0.0,2048,277,pilot_adaptive,0.01682337976994508,128,2048,128
0.0,2048,277,regularized_adaptive,0.0012302923499725171,849,2048,128
0.0,2048,278,uniform,0.007580969691046713,1024,2048,0
0.0,2048,278,pilot_adaptive,-0.028131988611144854,1008,2048,128
0.0,2048,278,regularized_adaptive,0.005255805451097162,1098,2048,128
0.0,2048,279,uniform,-0.001396651777657576,1024,2048,0
0.0,2048,279,pilot_adaptive,0.006609088812375541,128,2048,128
0.0,2048,279,regularized_adaptive,-0.009633775209185957,835,2048,128
0.0,2048,280,uniform,0.0024211690148472353,1024,2048,0
0.0,2048,280,pilot_adaptive,0.009105256067881262,1014,2048,128
0.0,2048,280,regularized_adaptive,-0.0066280346953340175,1104,2048,128
0.0,2048,281,uniform,-0.007685969155452055,1024,2048,0
0.0,2048,281,pilot_adaptive,0.0039839709583631144,128,2048,128
0.0,2048,281,regularized_adaptive,-0.0030519148947008023,838,2048,128
0.0,2048,282,uniform,0.00015779128813586674,1024,2048,0
0.0,2048,282,pilot_adaptive,-0.004365246909081355,1008,2048,128
0.0,2048,282,regularized_adaptive,-0.006083611721536153,1098,2048,128
0.0,2048,283,uniform,0.0017144065156899924,1024,2048,0
0.0,2048,283,pilot_adaptive,-0.002211091550899491,1038,2048,128
0.0,2048,283,regularized_adaptive,0.028834884399522087,1127,2048,128
0.0,2048,284,uniform,0.005527882984673882,1024,2048,0
0.0,2048,284,pilot_adaptive,-0.0071187024703578405,1008,2048,128
0.0,2048,284,regularized_adaptive,-0.002926219245966477,1098,2048,128
0.0,2048,285,uniform,-0.0010432705280789545,1024,2048,0
0.0,2048,285,pilot_adaptive,-0.020685185951718976,128,2048,128
0.0,2048,285,regularized_adaptive,0.006916881671224173,846,2048,128
0.0,2048,286,uniform,0.008569568325162313,1024,2048,0
0.0,2048,286,pilot_adaptive,-0.0008251935623342366,1002,2048,128
0.0,2048,286,regularized_adaptive,-0.01508019633931057,1093,2048,128
0.0,2048,287,uniform,0.02404245386847914,1024,2048,0
0.0,2048,287,pilot_adaptive,-0.009963322103193617,1017,2048,128
0.0,2048,287,regularized_adaptive,-0.0190159349500425,1107,2048,128
0.0,2048,288,uniform,0.011253528092551202,1024,2048,0
0.0,2048,288,pilot_adaptive,-0.01015569181334075,1173,2048,128
0.0,2048,288,regularized_adaptive,0.011847124198830938,1217,2048,128
0.0,2048,289,uniform,-0.0031613858637904446,1024,2048,0
0.0,2048,289,pilot_adaptive,0.00902073482599186,1209,2048,128
0.0,2048,289,regularized_adaptive,-0.0008969758441190745,1252,2048,128
0.0,2048,290,uniform,0.01429304127127895,1024,2048,0
0.0,2048,290,pilot_adaptive,0.0017627173895837789,128,2048,128
0.0,2048,290,regularized_adaptive,0.015796740513573715,838,2048,128
0.0,2048,291,uniform,-0.009947174720403185,1024,2048,0
0.0,2048,291,pilot_adaptive,0.009820270372873141,1022,2048,128
0.0,2048,291,regularized_adaptive,0.008565093191531092,1111,2048,128
0.0,2048,292,uniform,-0.007048579609154393,1024,2048,0
0.0,2048,292,pilot_adaptive,-0.0011471839077275003,1017,2048,128
0.0,2048,292,regularized_adaptive,-0.010353907437133936,1107,2048,128
0.0,2048,293,uniform,-0.0012557337101781751,1024,2048,0
0.0,2048,293,pilot_adaptive,-0.0036052021451939975,128,2048,128
0.0,2048,293,regularized_adaptive,0.012013972215466628,843,2048,128
0.0,2048,294,uniform,-0.01213900733249429,1024,2048,0
0.0,2048,294,pilot_adaptive,-0.015457381808734683,1002,2048,128
0.0,2048,294,regularized_adaptive,-0.0007976678043559726,1093,2048,128
0.0,2048,295,uniform,0.0064492808276910285,1024,2048,0
0.0,2048,295,pilot_adaptive,-0.016646543099392508,128,2048,128
0.0,2048,295,regularized_adaptive,0.007934820400391507,843,2048,128
0.0,2048,296,uniform,0.0022780787856075957,1024,2048,0
0.0,2048,296,pilot_adaptive,-0.0028197818095276883,1002,2048,128
0.0,2048,296,regularized_adaptive,0.005759071761580747,1093,2048,128
0.0,2048,297,uniform,0.009133240595079917,1024,2048,0
0.0,2048,297,pilot_adaptive,-0.005789526262455658,1053,2048,128
0.0,2048,297,regularized_adaptive,0.006156921631548462,1141,2048,128
0.0,2048,298,uniform,0.01725883717362664,1024,2048,0
0.0,2048,298,pilot_adaptive,0.008732238573516904,1252,2048,128
0.0,2048,298,regularized_adaptive,0.001303354742063556,1280,2048,128
0.0,2048,299,uniform,-0.00662582540671619,1024,2048,0
0.0,2048,299,pilot_adaptive,-0.009876172634940561,1163,2048,128
0.0,2048,299,regularized_adaptive,-0.001213248154367852,1209,2048,128
0.0,2048,300,uniform,-0.004715828929583887,1024,2048,0
0.0,2048,300,pilot_adaptive,0.01335478465637796,1026,2048,128
0.0,2048,300,regularized_adaptive,0.0048712262504906345,1116,2048,128
0.0,2048,301,uniform,0.013443188542882067,1024,2048,0
0.0,2048,301,pilot_adaptive,0.004068219274226292,128,2048,128
0.0,2048,301,regularized_adaptive,0.0012193293799385163,846,2048,128
0.0,2048,302,uniform,-0.00012404484682293493,1024,2048,0
0.0,2048,302,pilot_adaptive,-0.006127910230274258,1010,2048,128
0.0,2048,302,regularized_adaptive,0.0011653930393029643,1101,2048,128
0.0,2048,303,uniform,0.012526135023386287,1024,2048,0
0.0,2048,303,pilot_adaptive,-0.013297944990777966,128,2048,128
0.0,2048,303,regularized_adaptive,0.006375716563316702,858,2048,128
0.0,2048,304,uniform,-0.004787374044203707,1024,2048,0
0.0,2048,304,pilot_adaptive,0.04573311167497063,128,2048,128
0.0,2048,304,regularized_adaptive,0.020366490580552066,843,2048,128
0.0,2048,305,uniform,-0.007614424040832235,1024,2048,0
0.0,2048,305,pilot_adaptive,0.0035801066731304676,128,2048,128
0.0,2048,305,regularized_adaptive,-0.005274559407929091,869,2048,128
0.0,2048,306,uniform,-0.0006877171167400942,1024,2048,0
0.0,2048,306,pilot_adaptive,-0.005535542977494368,1256,2048,128
0.0,2048,306,regularized_adaptive,0.02823516366639356,1284,2048,128
0.0,2048,307,uniform,-0.0218190469768349,1024,2048,0
0.0,2048,307,pilot_adaptive,-0.0027961216645591147,1002,2048,128
0.0,2048,307,regularized_adaptive,0.000945908043016308,1093,2048,128
0.0,2048,308,uniform,-0.0026649143849717394,1024,2048,0
0.0,2048,308,pilot_adaptive,0.02683573858489896,128,2048,128
0.0,2048,308,regularized_adaptive,-0.002521537304429833,840,2048,128
0.0,2048,309,uniform,0.016127148310270956,1024,2048,0
0.0,2048,309,pilot_adaptive,-0.029772132369453752,128,2048,128
0.0,2048,309,regularized_adaptive,0.0030751451829853504,838,2048,128
0.0,2048,310,uniform,0.008992322527600516,1024,2048,0
0.0,2048,310,pilot_adaptive,0.0027127819563907973,1008,2048,128
0.0,2048,310,regularized_adaptive,-0.008649103910674638,1098,2048,128
0.0,2048,311,uniform,-0.001962496209335418,1024,2048,0
0.0,2048,311,pilot_adaptive,-0.00036794240254622856,1173,2048,128
0.0,2048,311,regularized_adaptive,-0.004835348463247291,1217,2048,128
0.0,2048,312,uniform,0.009204785709699737,1024,2048,0
0.0,2048,312,pilot_adaptive,-0.014803161214143712,1010,2048,128
0.0,2048,312,regularized_adaptive,0.013212150424182889,1101,2048,128
0.0,2048,313,uniform,-0.011854999035775249,1024,2048,0
0.0,2048,313,pilot_adaptive,-0.0060283878565898785,128,2048,128
0.0,2048,313,regularized_adaptive,0.005485862371997774,846,2048,128
0.0,2048,314,uniform,-0.009945002558642502,1024,2048,0
0.0,2048,314,pilot_adaptive,0.0007854693731565998,1196,2048,128
0.0,2048,314,regularized_adaptive,-0.00031878844445665244,1239,2048,128
0.0,2048,315,uniform,-0.012631134487792073,1024,2048,0
0.0,2048,315,pilot_adaptive,-0.014425289530612728,128,2048,128
0.0,2048,315,regularized_adaptive,0.005632946949963857,869,2048,128
0.0,2048,316,uniform,-0.00542259142874113,1024,2048,0
0.0,2048,316,pilot_adaptive,-0.00864774562991033,1017,2048,128
0.0,2048,316,regularized_adaptive,-0.007033022353280627,1107,2048,128
0.0,2048,317,uniform,-0.01524572130232138,1024,2048,0
0.0,2048,317,pilot_adaptive,-0.0074419128549043645,128,2048,128
0.0,2048,317,regularized_adaptive,0.0016623453899351492,836,2048,128
0.0,2048,318,uniform,-0.017086344826594546,1024,2048,0
0.0,2048,318,pilot_adaptive,0.0031786173779411175,1053,2048,128
0.0,2048,318,regularized_adaptive,0.0029186154967397737,1141,2048,128
0.0,2048,319,uniform,0.0012201071986324141,1024,2048,0
0.0,2048,319,pilot_adaptive,0.0023369743634560347,1170,2048,128
0.0,2048,319,regularized_adaptive,0.013392992343054688,1214,2048,128
0.0,2048,320,uniform,-0.0018909510947155983,1024,2048,0
0.0,2048,320,pilot_adaptive,0.0035703320288231755,1008,2048,128
0.0,2048,320,regularized_adaptive,-0.004998313459428028,1098,2048,128
0.0,2048,321,uniform,-0.007545051087973098,1024,2048,0
0.0,2048,321,pilot_adaptive,-0.025386532072199097,1008,2048,128
0.0,2048,321,regularized_adaptive,-0.0021521276081786223,1098,2048,128
0.0,2048,322,uniform,0.002843923217285438,1024,2048,0
0.0,2048,322,pilot_adaptive,-0.020685185951718976,128,2048,128
0.0,2048,322,regularized_adaptive,0.004033851675155686,853,2048,128
0.0,2048,323,uniform,0.0042596203773597185,1024,2048,0
0.0,2048,323,pilot_adaptive,-0.0071558236344222426,1002,2048,128
0.0,2048,323,regularized_adaptive,0.011160092934103139,1093,2048,128
0.0,2048,324,uniform,0.00461300162693834,1024,2048,0
0.0,2048,324,pilot_adaptive,0.008471750616884544,1307,2048,128
0.0,2048,324,regularized_adaptive,-0.007949680829669292,1326,2048,128
0.0,2048,325,uniform,-0.004930464273443347,1024,2048,0
0.0,2048,325,pilot_adaptive,0.001358853104351132,128,2048,128
0.0,2048,325,regularized_adaptive,-0.0012668509366211556,869,2048,128
0.0,2048,326,uniform,0.007225416279707408,1024,2048,0
0.0,2048,326,pilot_adaptive,0.0014325727702282354,1259,2048,128
0.0,2048,326,regularized_adaptive,-0.01020517973159829,1287,2048,128
0.0,2048,327,uniform,0.01351690581926257,1024,2048,0
0.0,2048,327,pilot_adaptive,0.009032274523771422,128,2048,128
0.0,2048,327,regularized_adaptive,-0.01051019281166865,858,2048,128
0.0,2048,328,uniform,-0.0219599650443143,1024,2048,0
0.0,2048,328,pilot_adaptive,-0.0044919556966782626,1053,2048,128
0.0,2048,328,regularized_adaptive,0.0010501487145104793,1141,2048,128
0.0,2048,329,uniform,-0.0011841885955583553,1024,2048,0
0.0,2048,329,pilot_adaptive,-0.00017775955501098117,1010,2048,128
0.0,2048,329,regularized_adaptive,-0.009038874656110307,1101,2048,128
0.0,2048,330,uniform,-0.013409442101569136,1024,2048,0
0.0,2048,330,pilot_adaptive,0.008754131622408012,1045,2048,128
0.0,2048,330,regularized_adaptive,0.01746693342454475,1134,2048,128
0.0,2048,331,uniform,-0.0038681483629472435,1024,2048,0
0.0,2048,331,pilot_adaptive,-0.006982308491631839,1003,2048,128
0.0,2048,331,regularized_adaptive,0.0030010330087038017,1094,2048,128
0.0,2048,332,uniform,-0.011007318469138605,1024,2048,0
0.0,2048,332,pilot_adaptive,0.0001587286778732544,1165,2048,128
0.0,2048,332,regularized_adaptive,0.0023242372777796394,1210,2048,128
0.0,2048,333,uniform,0.008144641960963872,1024,2048,0
0.0,2048,333,pilot_adaptive,-0.008451573567986204,128,2048,128
0.0,2048,333,regularized_adaptive,0.002335516007882843,876,2048,128
0.0,2048,334,uniform,0.013020434340443865,1024,2048,0
0.0,2048,334,pilot_adaptive,0.012488615467013853,1010,2048,128
0.0,2048,334,regularized_adaptive,-0.02128701130204802,1101,2048,128
0.0,2048,335,uniform,-0.0036578573426087058,1024,2048,0
0.0,2048,335,pilot_adaptive,0.01635627600516565,1209,2048,128
0.0,2048,335,regularized_adaptive,-0.005186406334529492,1252,2048,128
0.0,2048,336,uniform,0.006165272530971544,1024,2048,0
0.0,2048,336,pilot_adaptive,-0.00860553747241144,1006,2048,128
0.0,2048,336,regularized_adaptive,-0.009354769424524845,1096,2048,128
0.0,2048,337,uniform,-0.006838288588815855,1024,2048,0
0.0,2048,337,pilot_adaptive,0.024092936904133166,128,2048,128
0.0,2048,337,regularized_adaptive,-0.009314448545139298,843,2048,128
0.0,2048,338,uniform,-0.004082783706807147,1024,2048,0
0.0,2048,338,pilot_adaptive,0.007097201413471366,128,2048,128
0.0,2048,338,regularized_adaptive,-0.0046105733418351225,843,2048,128
0.0,2048,339,uniform,0.0018531524214091544,1024,2048,0
0.0,2048,339,pilot_adaptive,0.01415229018510078,1010,2048,128
0.0,2048,339,regularized_adaptive,-0.00012103434622745546,1101,2048,128
0.0,2048,340,uniform,0.0024905419677068164,1024,2048,0
0.0,2048,340,pilot_adaptive,0.011086596593018028,1017,2048,128
0.0,2048,340,regularized_adaptive,0.0007041568861729797,1107,2048,128
0.0,2048,341,uniform,-0.007755342108311636,1024,2048,0
0.0,2048,341,pilot_adaptive,-0.013499877133394067,128,2048,128
0.0,2048,341,regularized_adaptive,-0.004520722108172004,840,2048,128
0.0,2048,342,uniform,0.005246046849715524,1024,2048,0
0.0,2048,342,pilot_adaptive,-0.009872158031633438,1008,2048,128
0.0,2048,342,regularized_adaptive,0.01193497310494851,1098,2048,128
0.0,2048,343,uniform,-0.00556568165798077,1024,2048,0
0.0,2048,343,pilot_adaptive,0.0026239685418694148,1004,2048,128
0.0,2048,343,regularized_adaptive,0.020074000936214142,1095,2048,128
0.0,2048,344,uniform,-0.010229010855361986,1024,2048,0
0.0,2048,344,pilot_adaptive,-0.028762471656372357,128,2048,128
0.0,2048,344,regularized_adaptive,-0.006207831992876001,838,2048,128
0.0,2048,345,uniform,-0.007685969155452055,1024,2048,0
0.0,2048,345,pilot_adaptive,-0.0032069061577171265,1008,2048,128
0.0,2048,345,regularized_adaptive,0.006341103713205731,1098,2048,128
0.0,2048,346,uniform,0.005670973213913966,1024,2048,0
0.0,2048,346,pilot_adaptive,-0.00045853617919600076,128,2048,128
0.0,2048,346,regularized_adaptive,0.00013769400429608503,853,2048,128
0.0,2048,347,uniform,0.005248219011475763,1024,2048,0
0.0,2048,347,pilot_adaptive,0.002772378102665174,128,2048,128
0.0,2048,347,regularized_adaptive,0.005429086412538586,846,2048,128
0.0,2048,348,uniform,-0.00210124211505458,1024,2048,0
0.0,2048,348,pilot_adaptive,0.008045288495736491,1022,2048,128
0.0,2048,348,regularized_adaptive,-0.010766316904440076,1111,2048,128
0.0,2048,349,uniform,-0.0002671350760625746,1024,2048,0
0.0,2048,349,pilot_adaptive,0.013676713803947083,128,2048,128
0.0,2048,349,regularized_adaptive,-0.006116729385643227,849,2048,128
0.0,2048,350,uniform,-0.00019341779968207184,1024,2048,0
0.0,2048,350,pilot_adaptive,-0.0008591676296700879,1163,2048,128
0.0,2048,350,regularized_adaptive,-0.007287218156882824,1209,2048,128
0.0,2048,351,uniform,0.003550685716442681,1024,2048,0
0.0,2048,351,pilot_adaptive,0.0015067832256281388,1017,2048,128
0.0,2048,351,regularized_adaptive,-0.002411509530775513,1107,2048,128
0.0,2048,352,uniform,0.007084498212228452,1024,2048,0
0.0,2048,352,pilot_adaptive,-0.017050407384625155,128,2048,128
0.0,2048,352,regularized_adaptive,-0.0047258645531782495,835,2048,128
0.0,2048,353,uniform,-0.0088154858570475,1024,2048,0
0.0,2048,353,pilot_adaptive,-0.000698416832767057,1006,2048,128
0.0,2048,353,regularized_adaptive,0.009120874833694392,1096,2048,128
0.0,2048,354,uniform,0.011819372524229044,1024,2048,0
0.0,2048,354,pilot_adaptive,-0.02391610023358015,128,2048,128
0.0,2048,354,regularized_adaptive,-0.008454202719193615,863,2048,128
0.0,2048,355,uniform,-0.0015375698451369768,1024,2048,0
0.0,2048,355,pilot_adaptive,0.002368513817432527,128,2048,128
0.0,2048,355,regularized_adaptive,-0.0010500865679021754,853,2048,128
0.0,2048,356,uniform,0.002633632196946456,1024,2048,0
0.0,2048,356,pilot_adaptive,-0.028762471656372357,128,2048,128
0.0,2048,356,regularized_adaptive,0.006101176817751908,869,2048,128
0.0,2048,357,uniform,0.007153871165087589,1024,2048,0
0.0,2048,357,pilot_adaptive,0.001504429942882135,1002,2048,128
0.0,2048,357,regularized_adaptive,0.006346929215538255,1093,2048,128
0.0,2048,358,uniform,0.006872035030128787,1024,2048,0
0.0,2048,358,pilot_adaptive,-0.0036760327499034684,1202,2048,128
0.0,2048,358,regularized_adaptive,0.005113112522469931,1245,2048,128
0.0,2048,359,uniform,0.006093727416351724,1024,2048,0
0.0,2048,359,pilot_adaptive,-0.005826455713973777,128,2048,128
0.0,2048,359,regularized_adaptive,0.00391452036944151,858,2048,128
0.0,2048,360,uniform,0.0007258078815739477,1024,2048,0
0.0,2048,360,pilot_adaptive,0.010243867379469362,128,2048,128
0.0,2048,360,regularized_adaptive,-0.002580859084549525,835,2048,128
0.0,2048,361,uniform,0.011322901045410783,1024,2048,0
0.0,2048,361,pilot_adaptive,0.000918005127805932,1032,2048,128
0.0,2048,361,regularized_adaptive,-0.0030039722219996623,1121,2048,128
0.0,2048,362,uniform,0.0024905419677068164,1024,2048,0
0.0,2048,362,pilot_adaptive,-0.000990121301016389,1162,2048,128
0.0,2048,362,regularized_adaptive,-0.0023933479414288694,1207,2048,128
0.0,2048,363,uniform,-0.007967805290410857,1024,2048,0
0.0,2048,363,pilot_adaptive,0.012465120948249142,128,2048,128
0.0,2048,363,regularized_adaptive,0.005839584077137916,869,2048,128
0.0,2048,364,uniform,0.001289480151491551,1024,2048,0
0.0,2048,364,pilot_adaptive,-0.015957991795602977,1170,2048,128
0.0,2048,364,regularized_adaptive,-0.01498782624491457,1214,2048,128
0.0,2048,365,uniform,0.003268849581483879,1024,2048,0
0.0,2048,365,pilot_adaptive,-0.003536487791930165,1014,2048,128
0.0,2048,365,regularized_adaptive,0.000360369391133597,1104,2048,128
0.0,2048,366,uniform,-0.016236492098197663,1024,2048,0
0.0,2048,366,pilot_adaptive,-0.003963748023066094,1014,2048,128
0.0,2048,366,regularized_adaptive,0.0088975128230675,1104,2048,128
0.0,2048,367,uniform,0.0009360989019129295,1024,2048,0
0.0,2048,367,pilot_adaptive,-0.027752810943290518,128,2048,128
0.0,2048,367,regularized_adaptive,0.015272603045733968,858,2048,128
0.0,2048,368,uniform,-0.0010432705280789545,1024,2048,0
0.0,2048,368,pilot_adaptive,0.007012953097608188,128,2048,128
0.0,2048,368,regularized_adaptive,0.004739277348183579,834,2048,128
0.0,2048,369,uniform,-0.0023852504117731765,1024,2048,0
0.0,2048,369,pilot_adaptive,0.006900867048451387,1170,2048,128
0.0,2048,369,regularized_adaptive,-0.0009702233454833564,1214,2048,128
0.0,2048,370,uniform,-0.002031869162194999,1024,2048,0
0.0,2048,370,pilot_adaptive,0.013996011146869991,1162,2048,128
0.0,2048,370,regularized_adaptive,0.0026698760747450034,1208,2048,128
0.0,2048,371,uniform,0.006375563551310526,1024,2048,0
0.0,2048,371,pilot_adaptive,-0.016815385819230366,1185,2048,128
0.0,2048,371,regularized_adaptive,0.01190921295898728,1229,2048,128
0.0,2048,372,uniform,0.007862805826005514,1024,2048,0
0.0,2048,372,pilot_adaptive,-0.0009683907163140493,1202,2048,128
0.0,2048,372,regularized_adaptive,-0.010682251360786266,1245,2048,128
0.0,2048,373,uniform,0.005389137078955164,1024,2048,0
0.0,2048,373,pilot_adaptive,-7.912555407840749e-05,1173,2048,128
0.0,2048,373,regularized_adaptive,-0.011332837002622886,1217,2048,128
0.0,2048,374,uniform,-0.004290902565385446,1024,2048,0
0.0,2048,374,pilot_adaptive,0.0012894571200698923,1006,2048,128
0.0,2048,374,regularized_adaptive,-0.0023628699351949667,1096,2048,128
0.0,2048,375,uniform,0.005601600261054385,1024,2048,0
0.0,2048,375,pilot_adaptive,0.0051376817842310185,1032,2048,128
0.0,2048,375,regularized_adaptive,-0.005635972425065416,1121,2048,128
0.0,2048,376,uniform,-0.0072610427912536135,1024,2048,0
0.0,2048,376,pilot_adaptive,-0.007345438798425308,1173,2048,128
0.0,2048,376,regularized_adaptive,0.0034426525213124837,1217,2048,128
0.0,2048,377,uniform,0.014787340588336972,1024,2048,0
0.0,2048,377,pilot_adaptive,-0.015233018101078022,128,2048,128
0.0,2048,377,regularized_adaptive,0.013634624989219413,869,2048,128
0.0,2048,378,uniform,-0.007048579609154393,1024,2048,0
0.0,2048,378,pilot_adaptive,-0.005593044942215686,1017,2048,128
0.0,2048,378,regularized_adaptive,0.002039442493436683,1107,2048,128
0.0,2048,379,uniform,0.00022933640275568656,1024,2048,0
0.0,2048,379,pilot_adaptive,-0.004876500653512528,1010,2048,128
0.0,2048,379,regularized_adaptive,0.021967687382600465,1101,2048,128
0.0,2048,380,uniform,0.0010770169693923304,1024,2048,0
0.0,2048,380,pilot_adaptive,0.006811020954992086,128,2048,128
0.0,2048,380,regularized_adaptive,-0.0018780039174359775,858,2048,128
0.0,2048,381,uniform,0.015279467743634312,1024,2048,0
0.0,2048,381,pilot_adaptive,-0.0028863191001515798,1173,2048,128
0.0,2048,381,regularized_adaptive,-0.015535072841382336,1217,2048,128
0.0,2048,382,uniform,0.00757879752928603,1024,2048,0
0.0,2048,382,pilot_adaptive,0.013392579452663034,1022,2048,128
0.0,2048,382,regularized_adaptive,-0.005398765860161303,1111,2048,128
0.0,2048,383,uniform,0.00673111696264983,1024,2048,0
0.0,2048,383,pilot_adaptive,-0.0025354419814640483,1170,2048,128
0.0,2048,383,regularized_adaptive,-0.0018879466432559777,1214,2048,128
0.0,2048,384,uniform,-0.000759262231359914,1024,2048,0
0.0,2048,384,pilot_adaptive,-0.0060283878565898785,128,2048,128
0.0,2048,384,regularized_adaptive,0.012534859245649121,846,2048,128
0.0,2048,385,uniform,0.0004417995848553513,1024,2048,0
0.0,2048,385,pilot_adaptive,0.0009549888191184852,128,2048,128
0.0,2048,385,regularized_adaptive,-0.0043942648916270866,849,2048,128
0.0,2048,386,uniform,-0.009875629605783365,1024,2048,0
0.0,2048,386,pilot_adaptive,-0.015519198559557745,128,2048,128
0.0,2048,386,regularized_adaptive,-4.381824056820527e-05,836,2048,128
0.0,2048,387,uniform,0.006590198895169985,1024,2048,0
0.0,2048,387,pilot_adaptive,-0.008372824725233263,1170,2048,128
0.0,2048,387,regularized_adaptive,0.013953370432187251,1214,2048,128
0.0,2048,388,uniform,-0.00012404484682293493,1024,2048,0
0.0,2048,388,pilot_adaptive,0.0074821283414638895,1008,2048,128
0.0,2048,388,regularized_adaptive,0.0039883158376328165,1098,2048,128
0.0,2048,389,uniform,0.0044677392359384616,1024,2048,0
0.0,2048,389,pilot_adaptive,0.001065420337009959,1162,2048,128
0.0,2048,389,regularized_adaptive,0.003178109782003835,1208,2048,128
0.0,2048,390,uniform,0.0013610252661113709,1024,2048,0
0.0,2048,390,pilot_adaptive,0.007214885240224733,128,2048,128
0.0,2048,390,regularized_adaptive,-0.0001212012058384726,849,2048,128
0.0,2048,391,uniform,-0.005424763590501369,1024,2048,0
0.0,2048,391,pilot_adaptive,0.004993631671444954,128,2048,128
0.0,2048,391,regularized_adaptive,-0.0040036717878881856,863,2048,128
0.0,2048,392,uniform,-0.01871016084524757,1024,2048,0
0.0,2048,392,pilot_adaptive,0.009840003094236716,128,2048,128
0.0,2048,392,regularized_adaptive,0.0018333940959947004,853,2048,128
0.0,2048,393,uniform,0.00750725241466621,1024,2048,0
0.0,2048,393,pilot_adaptive,0.011171896754851085,1190,2048,128
0.0,2048,393,regularized_adaptive,-0.0025439985126574083,1234,2048,128
0.0,2048,394,uniform,0.009840003094236716,1024,2048,0
0.0,2048,394,pilot_adaptive,-0.002158370240195273,1004,2048,128
0.0,2048,394,regularized_adaptive,-0.005315516659400776,1095,2048,128
0.0,2048,395,uniform,-0.006062153136799031,1024,2048,0
0.0,2048,395,pilot_adaptive,0.0033776207366511546,1163,2048,128
0.0,2048,395,regularized_adaptive,0.010757842256568173,1209,2048,128
0.0,2048,396,uniform,-0.0016784879126163776,1024,2048,0
0.0,2048,396,pilot_adaptive,0.002484235046501526,1167,2048,128
0.0,2048,396,regularized_adaptive,0.012329495051586425,1212,2048,128
0.0,2048,397,uniform,-0.004364619841765505,1024,2048,0
0.0,2048,397,pilot_adaptive,0.0011569209617345866,128,2048,128
0.0,2048,397,regularized_adaptive,-0.0031289641571616844,849,2048,128
0.0,2048,398,uniform,-0.002948922681691224,1024,2048,0
0.0,2048,398,pilot_adaptive,0.003033796782792697,1026,2048,128
0.0,2048,398,regularized_adaptive,-0.0021842026388194657,1116,2048,128
0.0,2048,399,uniform,-0.007757514270071875,1024,2048,0
0.0,2048,399,pilot_adaptive,0.0011569209617345866,128,2048,128
0.0,2048,399,regularized_adaptive,-0.0014726947616499064,849,2048,128
0.0,8192,0,uniform,0.0003881407488901534,4096,8192,0
0.0,8192,0,pilot_adaptive,-0.005677610571325653,4272,8192,128
0.0,8192,0,regularized_adaptive,0.006687312901036302,4651,8192,128
0.0,8192,1,uniform,0.0010775600098325011,4096,8192,0
0.0,8192,1,pilot_adaptive,0.003912317617434935,128,8192,128
0.0,8192,1,regularized_adaptive,-0.008477323986517016,3552,8192,128
0.0,8192,2,uniform,0.0006884062029437477,4096,8192,0
0.0,8192,2,pilot_adaptive,-0.002806510812766172,4232,8192,128
0.0,8192,2,regularized_adaptive,-0.0026930519589785096,4613,8192,128
0.0,8192,3,uniform,0.004680745458477853,4096,8192,0
0.0,8192,3,pilot_adaptive,0.0017939192281610783,4311,8192,128
0.0,8192,3,regularized_adaptive,-0.004519607446217266,4688,8192,128
0.0,8192,4,uniform,-0.007225270233943926,4096,8192,0
0.0,8192,4,pilot_adaptive,0.00023021944079126833,4311,8192,128
0.0,8192,4,regularized_adaptive,0.000465587156148084,4688,8192,128
0.0,8192,5,uniform,-0.0025261684792530215,4096,8192,0
0.0,8192,5,pilot_adaptive,-0.007707764194026856,5337,8192,128
0.0,8192,5,regularized_adaptive,0.0068867772734553245,5452,8192,128
0.0,8192,6,uniform,0.0003008815173755064,4096,8192,0
0.0,8192,6,pilot_adaptive,-0.001568371207880892,4257,8192,128
0.0,8192,6,regularized_adaptive,0.00597042086380406,4636,8192,128
0.0,8192,7,uniform,0.0027214344689008296,4096,8192,0
0.0,8192,7,pilot_adaptive,0.0074594371362579626,5267,8192,128
0.0,8192,7,regularized_adaptive,0.0005516015706719113,5385,8192,128
0.0,8192,8,uniform,0.0010428735334027106,4096,8192,0
0.0,8192,8,pilot_adaptive,0.0007095519396178585,4940,8192,128
0.0,8192,8,regularized_adaptive,-0.0023765052385991137,5127,8192,128
0.0,8192,9,uniform,-0.002190673508329466,4096,8192,0
0.0,8192,9,pilot_adaptive,0.002396244279550208,4244,8192,128
0.0,8192,9,regularized_adaptive,0.0027001286307803962,4624,8192,128
0.0,8192,10,uniform,0.004133873386334974,4096,8192,0
0.0,8192,10,pilot_adaptive,-0.018086123858044312,128,8192,128
0.0,8192,10,regularized_adaptive,-0.0019770996501520255,3513,8192,128
0.0,8192,11,uniform,0.0034444541253930705,4096,8192,0
0.0,8192,11,pilot_adaptive,0.004609334356330708,4208,8192,128
0.0,8192,11,regularized_adaptive,-0.00030963895574553923,4590,8192,128
0.0,8192,12,uniform,-0.002491482002823231,4096,8192,0
0.0,8192,12,pilot_adaptive,0.03083529779671923,128,8192,128
0.0,8192,12,regularized_adaptive,-0.003844740798400581,3552,8192,128
0.0,8192,13,uniform,0.0021718471945575413,4096,8192,0
0.0,8192,13,pilot_adaptive,-0.006043046895626292,4976,8192,128
0.0,8192,13,regularized_adaptive,-0.007115374476126979,5161,8192,128
0.0,8192,14,uniform,-0.0051071548982324355,4096,8192,0
0.0,8192,14,pilot_adaptive,0.014797544403697627,128,8192,128
0.0,8192,14,regularized_adaptive,-0.004805395735751228,3539,8192,128
0.0,8192,15,uniform,0.0032498772219484717,4096,8192,0
0.0,8192,15,pilot_adaptive,0.00031712772198511097,4212,8192,128
0.0,8192,15,regularized_adaptive,-0.0065132885779342065,4593,8192,128
0.0,8192,16,uniform,0.005211360373285734,4096,8192,0
0.0,8192,16,pilot_adaptive,-0.002307917923287439,4886,8192,128
0.0,8192,16,regularized_adaptive,0.0003619261156571074,5076,8192,128
0.0,8192,17,uniform,-0.0032329309784102644,4096,8192,0
0.0,8192,17,pilot_adaptive,-0.005903192904556542,4311,8192,128
0.0,8192,17,regularized_adaptive,0.002629321953314223,4688,8192,128
0.0,8192,18,uniform,0.0047528336135378435,4096,8192,0
0.0,8192,18,pilot_adaptive,0.0016058881532707847,4389,8192,128
0.0,8192,18,regularized_adaptive,0.006799409589267613,4761,8192,128
0.0,8192,19,uniform,0.00279026438132024,4096,8192,0
0.0,8192,19,pilot_adaptive,-0.009845556746047146,128,8192,128
0.0,8192,19,regularized_adaptive,0.0008072125982334644,3650,8192,128
0.0,8192,20,uniform,-0.003974379953997298,4096,8192,0
0.0,8192,20,pilot_adaptive,-0.007109701910599897,128,8192,128
0.0,8192,20,regularized_adaptive,0.004416493758604423,3508,8192,128
0.0,8192,21,uniform,0.001412511940315886,4096,8192,0
0.0,8192,21,pilot_adaptive,0.005590357424799963,4389,8192,128
0.0,8192,21,regularized_adaptive,3.155436857738003e-05,4761,8192,128
0.0,8192,22,uniform,0.0013068233897064463,4096,8192,0
0.0,8192,22,pilot_adaptive,-0.0026139415770043417,4257,8192,128
0.0,8192,22,regularized_adaptive,0.0005824537904561833,4636,8192,128
0.0,8192,23,uniform,-0.005458363986050818,4096,8192,0
0.0,8192,23,pilot_adaptive,-0.002379780409535348,4257,8192,128
0.0,8192,23,regularized_adaptive,0.000579178830688365,4636,8192,128
0.0,8192,24,uniform,-0.0030031245580961485,4096,8192,0
0.0,8192,24,pilot_adaptive,0.005508232938112423,128,8192,128
0.0,8192,24,regularized_adaptive,-0.004576214159160985,3584,8192,128
0.0,8192,25,uniform,0.0024905419677068164,4096,8192,0
0.0,8192,25,pilot_adaptive,-0.005124531651354625,4976,8192,128
0.0,8192,25,regularized_adaptive,0.004202210714059573,5161,8192,128
0.0,8192,26,uniform,-0.0018020627418808832,4096,8192,0
0.0,8192,26,pilot_adaptive,-0.00665372610469217,128,8192,128
0.0,8192,26,regularized_adaptive,-0.0001867509169624082,3505,8192,128
0.0,8192,27,uniform,-0.001572799362006938,4096,8192,0
0.0,8192,27,pilot_adaptive,-0.0015382280558806638,4311,8192,128
0.0,8192,27,regularized_adaptive,0.0021625979691044517,4688,8192,128
0.0,8192,28,uniform,0.0031973044668640593,4096,8192,0
0.0,8192,28,pilot_adaptive,0.01903811939864064,128,8192,128
0.0,8192,28,regularized_adaptive,-2.754319309050679e-05,3539,8192,128
0.0,8192,29,uniform,-0.0011841885955583553,4096,8192,0
0.0,8192,29,pilot_adaptive,0.0051890498739768365,128,8192,128
0.0,8192,29,regularized_adaptive,0.0017866572575730988,3678,8192,128
0.0,8192,30,uniform,-0.0007598052718000847,4096,8192,0
0.0,8192,30,pilot_adaptive,-0.00075180570354072,4272,8192,128
0.0,8192,30,regularized_adaptive,-0.003862889546136783,4651,8192,128
0.0,8192,31,uniform,0.003569658075977644,4096,8192,0
0.0,8192,31,pilot_adaptive,0.0059959225998647,4244,8192,128
0.0,8192,31,regularized_adaptive,0.007777369678061641,4624,8192,128
0.0,8192,32,uniform,0.005422737474504613,4096,8192,0
0.0,8192,32,pilot_adaptive,-0.002732334173884743,128,8192,128
0.0,8192,32,regularized_adaptive,0.00010252994438242347,3603,8192,128
0.0,8192,33,uniform,0.001837981344954498,4096,8192,0
0.0,8192,33,pilot_adaptive,0.0027344739966148612,4232,8192,128
0.0,8192,33,regularized_adaptive,0.004437241628577615,4613,8192,128
0.0,8192,34,uniform,0.004487797676353766,4096,8192,0
0.0,8192,34,pilot_adaptive,-0.0061065551376027205,128,8192,128
0.0,8192,34,regularized_adaptive,0.0004351683932368733,3505,8192,128
0.0,8192,35,uniform,0.001641775320189831,4096,8192,0
0.0,8192,35,pilot_adaptive,-0.002851456076715886,4334,8192,128
0.0,8192,35,regularized_adaptive,0.0024818917198199397,4709,8192,128
0.0,8192,36,uniform,-0.003109356149145759,4096,8192,0
0.0,8192,36,pilot_adaptive,-0.020548393209946836,128,8192,128
0.0,8192,36,regularized_adaptive,-0.0017222265767642408,3567,8192,128
0.0,8192,37,uniform,-0.003410164643639524,4096,8192,0
0.0,8192,37,pilot_adaptive,0.00030831828284072493,4925,8192,128
0.0,8192,37,regularized_adaptive,-3.1699300892862325e-05,5113,8192,128
0.0,8192,38,uniform,0.0006894922838240891,4096,8192,0
0.0,8192,38,pilot_adaptive,0.005896066779437659,4290,8192,128
0.0,8192,38,regularized_adaptive,0.003898565728956749,4668,8192,128
0.0,8192,39,uniform,-0.002792290497316996,4096,8192,0
0.0,8192,39,pilot_adaptive,0.0007781525300030179,4244,8192,128
0.0,8192,39,regularized_adaptive,-0.007618184907141279,4624,8192,128
0.0,8192,40,uniform,-0.00378034609099287,4096,8192,0
0.0,8192,40,pilot_adaptive,-0.00044732209710285353,4232,8192,128
0.0,8192,40,regularized_adaptive,-0.0025747942574658733,4613,8192,128
0.0,8192,41,uniform,-0.0037456596145630794,4096,8192,0
0.0,8192,41,pilot_adaptive,-0.008350187250959928,4881,8192,128
0.0,8192,41,regularized_adaptive,0.0003370263455926281,5072,8192,128
0.0,8192,42,uniform,-0.001784719503665988,4096,8192,0
0.0,8192,42,pilot_adaptive,0.004869979016627335,4257,8192,128
0.0,8192,42,regularized_adaptive,-0.002322105506269212,4636,8192,128
0.0,8192,43,uniform,-0.0002308194783122719,4096,8192,0
0.0,8192,43,pilot_adaptive,-0.0006372844855462301,4212,8192,128
0.0,8192,43,regularized_adaptive,0.0022044665741420832,4593,8192,128
0.0,8192,44,uniform,-0.002314791378033698,4096,8192,0
0.0,8192,44,pilot_adaptive,-0.023877016593073952,128,8192,128
0.0,8192,44,regularized_adaptive,-0.009739759810169835,3567,8192,128
0.0,8192,45,uniform,-0.005918519867119221,4096,8192,0
0.0,8192,45,pilot_adaptive,-0.006380140621147445,128,8192,128
0.0,8192,45,regularized_adaptive,-0.006665369669175858,3626,8192,128
0.0,8192,46,uniform,0.0002119931645407913,4096,8192,0
0.0,8192,46,pilot_adaptive,0.0012894782677015382,4257,8192,128
0.0,8192,46,regularized_adaptive,0.0012446649686548295,4636,8192,128
0.0,8192,47,uniform,0.00037134055111542885,4096,8192,0
0.0,8192,47,pilot_adaptive,-0.010433788721808002,5596,8192,128
0.0,8192,47,regularized_adaptive,-0.0008204840808085923,5673,8192,128
0.0,8192,48,uniform,0.0029496117678948774,4096,8192,0
0.0,8192,48,pilot_adaptive,0.0038119850285840418,4925,8192,128
0.0,8192,48,regularized_adaptive,0.004562437126199859,5113,8192,128
0.0,8192,49,uniform,0.00022933640275568656,4096,8192,0
0.0,8192,49,pilot_adaptive,-8.460369958451786e-05,4223,8192,128
0.0,8192,49,regularized_adaptive,-0.004017115924401571,4605,8192,128
0.0,8192,50,uniform,-0.0009202387392550637,4096,8192,0
0.0,8192,50,pilot_adaptive,-0.02328424804539364,128,8192,128
0.0,8192,50,regularized_adaptive,0.0011078492475216084,3678,8192,128
0.0,8192,51,uniform,0.003126302392683966,4096,8192,0
0.0,8192,51,pilot_adaptive,-0.0017923203945884314,4311,8192,128
0.0,8192,51,regularized_adaptive,0.0025574145024183093,4688,8192,128
0.0,8192,52,uniform,0.0022786218260477664,4096,8192,0
0.0,8192,52,pilot_adaptive,-0.008204043844778797,128,8192,128
0.0,8192,52,regularized_adaptive,0.004489032122766412,3678,8192,128
0.0,8192,53,uniform,-0.0011852746764386968,4096,8192,0
0.0,8192,53,pilot_adaptive,-0.0037941227534605826,4216,8192,128
0.0,8192,53,regularized_adaptive,-0.010222595523564637,4598,8192,128
0.0,8192,54,uniform,0.003233077024173747,4096,8192,0
0.0,8192,54,pilot_adaptive,-0.018770087566905902,128,8192,128
0.0,8192,54,regularized_adaptive,0.000633510996811415,3584,8192,128
0.0,8192,55,uniform,0.0014672568571609812,4096,8192,0
0.0,8192,55,pilot_adaptive,-0.00285930549592206,4216,8192,128
0.0,8192,55,regularized_adaptive,-0.002386790434372399,4598,8192,128
0.0,8192,56,uniform,-0.006394932905522177,4096,8192,0
0.0,8192,56,pilot_adaptive,0.006049957260231276,5289,8192,128
0.0,8192,56,regularized_adaptive,-0.00196325642971229,5406,8192,128
0.0,8192,57,uniform,0.004557713669653074,4096,8192,0
0.0,8192,57,pilot_adaptive,-0.018177319019226035,128,8192,128
0.0,8192,57,regularized_adaptive,-0.0073054652119941554,3650,8192,128
0.0,8192,58,uniform,-0.002897436007486709,4096,8192,0
0.0,8192,58,pilot_adaptive,0.017442204077963153,128,8192,128
0.0,8192,58,regularized_adaptive,0.002935108805300013,3513,8192,128
0.0,8192,59,uniform,-0.0019267236520252862,4096,8192,0
0.0,8192,59,pilot_adaptive,0.00596420874402015,128,8192,128
0.0,8192,59,regularized_adaptive,0.0009672591958607146,3552,8192,128
0.0,8192,60,uniform,0.003427653927617902,4096,8192,0
0.0,8192,60,pilot_adaptive,-0.024287394818390817,128,8192,128
0.0,8192,60,regularized_adaptive,0.0009181414855488068,3520,8192,128
0.0,8192,61,uniform,0.006890464349224024,4096,8192,0
0.0,8192,61,pilot_adaptive,-0.02041160046817425,128,8192,128
0.0,8192,61,regularized_adaptive,0.0014153869265400854,3552,8192,128
0.0,8192,62,uniform,8.787529483655909e-05,4096,8192,0
0.0,8192,62,pilot_adaptive,-0.006790518846464755,128,8192,128
0.0,8192,62,regularized_adaptive,-0.00010751278415521703,3539,8192,128
0.0,8192,63,uniform,0.0027913504622005814,4096,8192,0
0.0,8192,63,pilot_adaptive,0.002844648874958944,4209,8192,128
0.0,8192,63,regularized_adaptive,-0.0006538831519062871,4590,8192,128
0.0,8192,64,uniform,-0.006007408219953936,4096,8192,0
0.0,8192,64,pilot_adaptive,0.00027752794493207666,4244,8192,128
0.0,8192,64,regularized_adaptive,-0.004166376787790638,4624,8192,128
0.0,8192,65,uniform,0.003445540206272968,4096,8192,0
0.0,8192,65,pilot_adaptive,-0.00484879140928185,5022,8192,128
0.0,8192,65,regularized_adaptive,0.0017394846325557989,5205,8192,128
0.0,8192,66,uniform,0.008055753608129157,4096,8192,0
0.0,8192,66,pilot_adaptive,-0.019317258533995352,128,8192,128
0.0,8192,66,regularized_adaptive,0.009814160755026835,3567,8192,128
0.0,8192,67,uniform,0.00264988935428101,4096,8192,0
0.0,8192,67,pilot_adaptive,0.0016104462111845574,4223,8192,128
0.0,8192,67,regularized_adaptive,-0.006136941660876749,4605,8192,128
0.0,8192,68,uniform,-0.0008497797055151413,4096,8192,0
0.0,8192,68,pilot_adaptive,-0.0027113787272792234,4244,8192,128
0.0,8192,68,regularized_adaptive,-0.0017560605109905314,4624,8192,128
0.0,8192,69,uniform,0.0015539730482354575,4096,8192,0
0.0,8192,69,pilot_adaptive,0.02955856554017733,128,8192,128
0.0,8192,69,regularized_adaptive,0.005659068077388918,3567,8192,128
0.0,8192,70,uniform,-0.0016969172317116143,4096,8192,0
0.0,8192,70,pilot_adaptive,-0.001263470373704445,4244,8192,128
0.0,8192,70,regularized_adaptive,0.0031111257152793836,4624,8192,128
0.0,8192,71,uniform,-0.004240501972060828,4096,8192,0
0.0,8192,71,pilot_adaptive,0.014979934726060629,128,8192,128
0.0,8192,71,regularized_adaptive,-0.0002577312036218249,3539,8192,128
0.0,8192,72,uniform,-0.004239958931621102,4096,8192,0
0.0,8192,72,pilot_adaptive,-0.0028587829236010887,4901,8192,128
0.0,8192,72,regularized_adaptive,-0.003695360123238123,5091,8192,128
0.0,8192,73,uniform,0.0007409789580286041,4096,8192,0
0.0,8192,73,pilot_adaptive,-0.020593990790537253,128,8192,128
0.0,8192,73,regularized_adaptive,-0.005967919261875343,3513,8192,128
0.0,8192,74,uniform,-0.0038508051247323483,4096,8192,0
0.0,8192,74,pilot_adaptive,0.018810131495686777,128,8192,128
0.0,8192,74,regularized_adaptive,0.001453420539212713,3552,8192,128
0.0,8192,75,uniform,0.0044341388403890125,4096,8192,0
0.0,8192,75,pilot_adaptive,0.002878004221152919,4881,8192,128
0.0,8192,75,regularized_adaptive,-0.0011434568478907448,5072,8192,128
0.0,8192,76,uniform,-0.0026665435062922516,4096,8192,0
0.0,8192,76,pilot_adaptive,0.002879287925482421,4334,8192,128
0.0,8192,76,regularized_adaptive,0.0021304526545773417,4709,8192,128
0.0,8192,77,uniform,-0.00021239015921747928,4096,8192,0
0.0,8192,77,pilot_adaptive,0.007209364320125866,4290,8192,128
0.0,8192,77,regularized_adaptive,-0.0038802694645256874,4668,8192,128
0.0,8192,78,uniform,0.0033393086152233575,4096,8192,0
0.0,8192,78,pilot_adaptive,-0.018177319019226035,128,8192,128
0.0,8192,78,regularized_adaptive,-0.0037822948748809093,3709,8192,128
0.0,8192,79,uniform,-0.003762459812337804,4096,8192,0
0.0,8192,79,pilot_adaptive,-0.016991781923865412,128,8192,128
0.0,8192,79,regularized_adaptive,-0.0011301932091531963,3505,8192,128
0.0,8192,80,uniform,-0.0014134519754323005,4096,8192,0
0.0,8192,80,pilot_adaptive,0.005781818421657148,128,8192,128
0.0,8192,80,regularized_adaptive,0.0028860019366587775,3626,8192,128
0.0,8192,81,uniform,-0.0036388849830732983,4096,8192,0
0.0,8192,81,pilot_adaptive,0.005539989850139149,4496,8192,128
0.0,8192,81,regularized_adaptive,0.0008636143447249278,4861,8192,128
0.0,8192,82,uniform,0.0016434044415103433,4096,8192,0
0.0,8192,82,pilot_adaptive,0.02791705263890898,128,8192,128
0.0,8192,82,regularized_adaptive,-0.0009774575232055494,3539,8192,128
0.0,8192,83,uniform,-0.008727683585093127,4096,8192,0
0.0,8192,83,pilot_adaptive,-0.00943517852073028,128,8192,128
0.0,8192,83,regularized_adaptive,0.0008843471064718944,3528,8192,128
0.0,8192,84,uniform,-0.006536937053881919,4096,8192,0
0.0,8192,84,pilot_adaptive,-0.004707982273538969,4232,8192,128
0.0,8192,84,regularized_adaptive,0.0028204967008413906,4613,8192,128
0.0,8192,85,uniform,-0.0017489469463563,4096,8192,0
0.0,8192,85,pilot_adaptive,-0.008386434167142243,128,8192,128
0.0,8192,85,regularized_adaptive,-0.006258312564528579,3505,8192,128
0.0,8192,86,uniform,0.0031788751477688226,4096,8192,0
0.0,8192,86,pilot_adaptive,0.00019577556072625235,4208,8192,128
0.0,8192,86,regularized_adaptive,-2.5091568233603923e-05,4590,8192,128
0.0,8192,87,uniform,-0.004434535835065256,4096,8192,0
0.0,8192,87,pilot_adaptive,-0.02214430853062388,128,8192,128
0.0,8192,87,regularized_adaptive,-0.0002552386777587845,3584,8192,128
0.0,8192,88,uniform,-0.0029321224839160553,4096,8192,0
0.0,8192,88,pilot_adaptive,0.0018534954547051452,4257,8192,128
0.0,8192,88,regularized_adaptive,0.0023780789304865824,4636,8192,128
0.0,8192,89,uniform,-0.01028212665088657,4096,8192,0
0.0,8192,89,pilot_adaptive,-0.021004369015854563,128,8192,128
0.0,8192,89,regularized_adaptive,0.003224775167703031,3709,8192,128
0.0,8192,90,uniform,-0.0049293781925634494,4096,8192,0
0.0,8192,90,pilot_adaptive,-0.005439228298212528,4244,8192,128
0.0,8192,90,regularized_adaptive,0.0005770614704003751,4624,8192,128
0.0,8192,91,uniform,0.0013420529065764075,4096,8192,0
0.0,8192,91,pilot_adaptive,-0.0010274468343547394,4223,8192,128
0.0,8192,91,regularized_adaptive,0.0018315193192892654,4605,8192,128
0.0,8192,92,uniform,0.00118270552000177,4096,8192,0
0.0,8192,92,pilot_adaptive,0.016895033110873703,128,8192,128
0.0,8192,92,regularized_adaptive,-0.0032882795756681293,3603,8192,128
0.0,8192,93,uniform,-0.00452233810701963,4096,8192,0
0.0,8192,93,pilot_adaptive,-0.017128574665637997,128,8192,128
0.0,8192,93,regularized_adaptive,-0.0014148866797663029,3567,8192,128
0.0,8192,94,uniform,-0.00010615856816786895,4096,8192,0
0.0,8192,94,pilot_adaptive,-0.0042720102766875545,4334,8192,128
0.0,8192,94,regularized_adaptive,0.001929187299657853,4709,8192,128
0.0,8192,95,uniform,-0.0013251066630377561,4096,8192,0
0.0,8192,95,pilot_adaptive,-0.00884240997304997,128,8192,128
0.0,8192,95,regularized_adaptive,0.0008050983110894361,3603,8192,128
0.0,8192,96,uniform,0.0028428371364050964,4096,8192,0
0.0,8192,96,pilot_adaptive,-0.0028999429225471385,4334,8192,128
0.0,8192,96,regularized_adaptive,-0.0047378624098930455,4709,8192,128
0.0,8192,97,uniform,0.006959837302083605,4096,8192,0
0.0,8192,97,pilot_adaptive,0.0030885625213732393,4998,8192,128
0.0,8192,97,regularized_adaptive,0.0017979871584692386,5182,8192,128
0.0,8192,98,uniform,0.005387507957635096,4096,8192,0
0.0,8192,98,pilot_adaptive,0.006465782130518738,128,8192,128
0.0,8192,98,regularized_adaptive,-0.0013110419139590324,3505,8192,128
0.0,8192,99,uniform,-0.0035158531942489635,4096,8192,0
0.0,8192,99,pilot_adaptive,-0.004693030139288679,128,8192,128
0.0,8192,99,regularized_adaptive,-0.0036807036495385415,3520,8192,128
0.0,8192,100,uniform,-0.001784719503665988,4096,8192,0
0.0,8192,100,pilot_adaptive,0.009156039385375125,128,8192,128
0.0,8192,100,regularized_adaptive,-0.0006382066949217613,3626,8192,128
0.0,8192,101,uniform,0.00243796921262196,4096,8192,0
0.0,8192,101,pilot_adaptive,-0.008499683004306258,4272,8192,128
0.0,8192,101,regularized_adaptive,-0.00418639006931909,4651,8192,128
0.0,8192,102,uniform,-0.0029337516052365675,4096,8192,0
0.0,8192,102,pilot_adaptive,0.0013961411081451214,4216,8192,128
0.0,8192,102,regularized_adaptive,0.0009486349045266795,4598,8192,128
0.0,8192,103,uniform,-0.003568425949333376,4096,8192,0
0.0,8192,103,pilot_adaptive,-0.0022755634071034425,4216,8192,128
0.0,8192,103,regularized_adaptive,-0.0033374524739533395,4598,8192,128
0.0,8192,104,uniform,-0.0004416535390909804,4096,8192,0
0.0,8192,104,pilot_adaptive,-0.008705617231277385,128,8192,128
0.0,8192,104,regularized_adaptive,-0.0023341570937891465,3528,8192,128
0.0,8192,105,uniform,0.0032677635006035377,4096,8192,0
0.0,8192,105,pilot_adaptive,-0.004542266579116605,4334,8192,128
0.0,8192,105,regularized_adaptive,0.00036138052544498755,4709,8192,128
0.0,8192,106,uniform,-0.0034979669155938975,4096,8192,0
0.0,8192,106,pilot_adaptive,-0.006471335782329168,128,8192,128
0.0,8192,106,regularized_adaptive,-0.0018709440657478371,3584,8192,128
0.0,8192,107,uniform,0.0027382346666759982,4096,8192,0
0.0,8192,107,pilot_adaptive,0.0002248261195891832,5022,8192,128
0.0,8192,107,regularized_adaptive,-0.00024395701050372587,5205,8192,128
0.0,8192,108,uniform,0.0021729332754378827,4096,8192,0
0.0,8192,108,pilot_adaptive,0.0004174968170806981,4212,8192,128
0.0,8192,108,regularized_adaptive,-0.000269508209274294,4593,8192,128
0.0,8192,109,uniform,-0.0016253721170913504,4096,8192,0
0.0,8192,109,pilot_adaptive,0.003863678788801339,4209,8192,128
0.0,8192,109,regularized_adaptive,0.0027123603079972636,4590,8192,128
0.0,8192,110,uniform,0.003179961228649164,4096,8192,0
0.0,8192,110,pilot_adaptive,0.015891886337876526,128,8192,128
0.0,8192,110,regularized_adaptive,0.00229396274040794,3567,8192,128
0.0,8192,111,uniform,0.0037273763412317695,4096,8192,0
0.0,8192,111,pilot_adaptive,-0.004827870746329177,4272,8192,128
0.0,8192,111,regularized_adaptive,-0.0015786734657103896,4651,8192,128
0.0,8192,112,uniform,-0.003728316376348184,4096,8192,0
0.0,8192,112,pilot_adaptive,0.009708343098788097,4272,8192,128
0.0,8192,112,regularized_adaptive,-0.002369174521963613,4651,8192,128
0.0,8192,113,uniform,-0.00941655980559486,4096,8192,0
0.0,8192,113,pilot_adaptive,0.0002728003022547387,4957,8192,128
0.0,8192,113,regularized_adaptive,0.0010907208732719997,5143,8192,128
0.0,8192,114,uniform,-0.0035516257515586513,4096,8192,0
0.0,8192,114,pilot_adaptive,0.01912931455982192,128,8192,128
0.0,8192,114,regularized_adaptive,0.0038709922570523414,3678,8192,128
0.0,8192,115,uniform,0.0049289811978867615,4096,8192,0
0.0,8192,115,pilot_adaptive,-0.01794933111627217,128,8192,128
0.0,8192,115,regularized_adaptive,0.0033261314618340254,3552,8192,128
0.0,8192,116,uniform,-0.003481166717819173,4096,8192,0
0.0,8192,116,pilot_adaptive,0.0004778858707521483,4940,8192,128
0.0,8192,116,regularized_adaptive,0.0006538025306974671,5127,8192,128
0.0,8192,117,uniform,0.00264988935428101,4096,8192,0
0.0,8192,117,pilot_adaptive,-0.007246494652372482,128,8192,128
0.0,8192,117,regularized_adaptive,0.004905642548739264,3567,8192,128
0.0,8192,118,uniform,0.0016612907201649652,4096,8192,0
0.0,8192,118,pilot_adaptive,0.02864661392836143,128,8192,128
0.0,8192,118,regularized_adaptive,-0.00666083491353775,3552,8192,128
0.0,8192,119,uniform,0.0027734641835455154,4096,8192,0
0.0,8192,119,pilot_adaptive,0.0020712955848887216,4998,8192,128
0.0,8192,119,regularized_adaptive,-0.0017894000029701207,5182,8192,128
0.0,8192,120,uniform,-0.0028096337355318912,4096,8192,0
0.0,8192,120,pilot_adaptive,0.006517973113646436,4257,8192,128
0.0,8192,120,regularized_adaptive,-0.008921292569884054,4636,8192,128
0.0,8192,121,uniform,-0.0016784879126163776,4096,8192,0
0.0,8192,121,pilot_adaptive,0.002546714453543819,4334,8192,128
0.0,8192,121,regularized_adaptive,-0.000976261022979541,4709,8192,128
0.0,8192,122,uniform,-0.0018020627418808832,4096,8192,0
0.0,8192,122,pilot_adaptive,-0.003750271391401272,4957,8192,128
0.0,8192,122,regularized_adaptive,0.0018965887572421902,5143,8192,128
0.0,8192,123,uniform,0.006253617843366532,4096,8192,0
0.0,8192,123,pilot_adaptive,-0.0019927013431126905,4893,8192,128
0.0,8192,123,regularized_adaptive,0.0024338479033725324,5083,8192,128
0.0,8192,124,uniform,0.011095266786856905,4096,8192,0
0.0,8192,124,pilot_adaptive,-0.005285798686968546,128,8192,128
0.0,8192,124,regularized_adaptive,0.005801980859555966,3584,8192,128
0.0,8192,125,uniform,0.0024206259744070646,4096,8192,0
0.0,8192,125,pilot_adaptive,0.02008686375222868,128,8192,128
0.0,8192,125,regularized_adaptive,0.0059437919644900195,3552,8192,128
0.0,8192,126,uniform,0.0037804921367563527,4096,8192,0
0.0,8192,126,pilot_adaptive,-0.006958325439180291,4976,8192,128
0.0,8192,126,regularized_adaptive,0.008237328743671446,5161,8192,128
0.0,8192,127,uniform,-0.00731361554633847,4096,8192,0
0.0,8192,127,pilot_adaptive,0.004140305520388798,128,8192,128
0.0,8192,127,regularized_adaptive,-0.0016630297356783341,3709,8192,128
0.0,8192,128,uniform,-0.002738631661351798,4096,8192,0
0.0,8192,128,pilot_adaptive,0.000260960682389344,4925,8192,128
0.0,8192,128,regularized_adaptive,-0.004182387625115913,5113,8192,128
0.0,8192,129,uniform,-0.002932665524356226,4096,8192,0
0.0,8192,129,pilot_adaptive,-0.00633013148613748,4334,8192,128
0.0,8192,129,regularized_adaptive,0.002425125719240251,4709,8192,128
0.0,8192,130,uniform,0.007756031194515289,4096,8192,0
0.0,8192,130,pilot_adaptive,-0.0010708832574135574,4925,8192,128
0.0,8192,130,regularized_adaptive,0.004147015108024066,5113,8192,128
0.0,8192,131,uniform,0.005388594038514993,4096,8192,0
0.0,8192,131,pilot_adaptive,0.0001624858140336638,4216,8192,128
0.0,8192,131,regularized_adaptive,-0.0023703340914129623,4598,8192,128
0.0,8192,132,uniform,0.005989124946622626,4096,8192,0
0.0,8192,132,pilot_adaptive,0.0009714639552493853,4244,8192,128
0.0,8192,132,regularized_adaptive,-0.007790468317989907,4624,8192,128
0.0,8192,133,uniform,-0.0046995717722493335,4096,8192,0
0.0,8192,133,pilot_adaptive,0.0022563313976047272,4272,8192,128
0.0,8192,133,regularized_adaptive,0.0006774361539367835,4651,8192,128
0.0,8192,134,uniform,0.0001409910903611422,4096,8192,0
0.0,8192,134,pilot_adaptive,-0.0070943109729728615,4290,8192,128
0.0,8192,134,regularized_adaptive,-0.0054786729629558995,4668,8192,128
0.0,8192,135,uniform,0.0030737296375995538,4096,8192,0
0.0,8192,135,pilot_adaptive,-0.002528192491252801,4421,8192,128
0.0,8192,135,regularized_adaptive,-5.443210206057536e-05,4791,8192,128
0.0,8192,136,uniform,0.00010576157349118098,4096,8192,0
0.0,8192,136,pilot_adaptive,0.005038760980537793,4976,8192,128
0.0,8192,136,regularized_adaptive,-0.003578861199623473,5161,8192,128
0.0,8192,137,uniform,0.006995066818953566,4096,8192,0
0.0,8192,137,pilot_adaptive,0.0032526543427493504,4244,8192,128
0.0,8192,137,regularized_adaptive,0.00011785923814833232,4624,8192,128
0.0,8192,138,uniform,5.318881840676859e-05,4096,8192,0
0.0,8192,138,pilot_adaptive,0.0018023646162104168,5358,8192,128
0.0,8192,138,regularized_adaptive,-0.002242143922580153,5471,8192,128
0.0,8192,139,uniform,-0.0040106955517471565,4096,8192,0
0.0,8192,139,pilot_adaptive,0.003204986592060477,4334,8192,128
0.0,8192,139,regularized_adaptive,-0.003327971184298173,4709,8192,128
0.0,8192,140,uniform,0.0016602046392850678,4096,8192,0
0.0,8192,140,pilot_adaptive,-0.0026100545766511996,4212,8192,128
0.0,8192,140,regularized_adaptive,0.005106446901478767,4593,8192,128
0.0,8192,141,uniform,-0.0034627373987243804,4096,8192,0
0.0,8192,141,pilot_adaptive,0.004179013551083743,4901,8192,128
0.0,8192,141,regularized_adaptive,-0.008115172016491146,5091,8192,128
0.0,8192,142,uniform,-0.004682228534033994,4096,8192,0
0.0,8192,142,pilot_adaptive,-0.019499648856358798,128,8192,128
0.0,8192,142,regularized_adaptive,-0.005396651721404799,3552,8192,128
0.0,8192,143,uniform,0.006607542133385325,4096,8192,0
0.0,8192,143,pilot_adaptive,0.0018432927046305725,4244,8192,128
0.0,8192,143,regularized_adaptive,0.0085710352894377,4624,8192,128
0.0,8192,144,uniform,0.0030921589566947905,4096,8192,0
0.0,8192,144,pilot_adaptive,0.001864895596628502,4912,8192,128
0.0,8192,144,regularized_adaptive,-0.003693937304737771,5101,8192,128
0.0,8192,145,uniform,-0.0002833922333971284,4096,8192,0
0.0,8192,145,pilot_adaptive,-0.001810941575199232,4216,8192,128
0.0,8192,145,regularized_adaptive,-0.004106734827640457,4598,8192,128
0.0,8192,146,uniform,0.00243796921262196,4096,8192,0
0.0,8192,146,pilot_adaptive,-0.005194603525787267,128,8192,128
0.0,8192,146,regularized_adaptive,0.0021583007277332644,3505,8192,128
0.0,8192,147,uniform,0.00908012479955489,4096,8192,0
0.0,8192,147,pilot_adaptive,0.015800691176694803,128,8192,128
0.0,8192,147,regularized_adaptive,0.0006344575705650168,3743,8192,128
0.0,8192,148,uniform,-0.0032329309784102644,4096,8192,0
0.0,8192,148,pilot_adaptive,0.00363873213389021,128,8192,128
0.0,8192,148,regularized_adaptive,0.007232098748908511,3603,8192,128
0.0,8192,149,uniform,-0.0015733424024466647,4096,8192,0
0.0,8192,149,pilot_adaptive,0.0077425143870606394,128,8192,128
0.0,8192,149,regularized_adaptive,-0.0008760326133792073,3528,8192,128
0.0,8192,150,uniform,0.0027555779048908935,4096,8192,0
0.0,8192,150,pilot_adaptive,-0.004328249494562231,128,8192,128
0.0,8192,150,regularized_adaptive,0.0012214858821024688,3539,8192,128
0.0,8192,151,uniform,0.002914382251024916,4096,8192,0
0.0,8192,151,pilot_adaptive,0.00449107052673825,4216,8192,128
0.0,8192,151,regularized_adaptive,-0.0002932357451241874,4598,8192,128
0.0,8192,152,uniform,-0.0038518912056126897,4096,8192,0
0.0,8192,152,pilot_adaptive,-0.007793665619461931,128,8192,128
0.0,8192,152,regularized_adaptive,-0.002655937539663311,3539,8192,128
0.0,8192,153,uniform,0.0006884062029437477,4096,8192,0
0.0,8192,153,pilot_adaptive,0.004641878906887387,128,8192,128
0.0,8192,153,regularized_adaptive,-0.004539645106901746,3626,8192,128
0.0,8192,154,uniform,0.0004596858635099732,4096,8192,0
0.0,8192,154,pilot_adaptive,-0.0013697627651916289,4244,8192,128
0.0,8192,154,regularized_adaptive,0.006792534950755824,4624,8192,128
0.0,8192,155,uniform,0.0042401049773845845,4096,8192,0
0.0,8192,155,pilot_adaptive,0.005462635357521561,128,8192,128
0.0,8192,155,regularized_adaptive,-0.00416057945409265,3552,8192,128
0.0,8192,156,uniform,0.004327907249339402,4096,8192,0
0.0,8192,156,pilot_adaptive,-0.018177319019226035,128,8192,128
0.0,8192,156,regularized_adaptive,-9.431287928429732e-05,3520,8192,128
0.0,8192,157,uniform,-0.002031869162194999,4096,8192,0
0.0,8192,157,pilot_adaptive,0.005052257132204696,128,8192,128
0.0,8192,157,regularized_adaptive,-0.00012742987797920158,3552,8192,128
0.0,8192,158,uniform,0.0015198296122453936,4096,8192,0
0.0,8192,158,pilot_adaptive,0.0061465990663831516,128,8192,128
0.0,8192,158,regularized_adaptive,-0.0008894134292682931,3626,8192,128
0.0,8192,159,uniform,0.0049289811978867615,4096,8192,0
0.0,8192,159,pilot_adaptive,-0.009115995456594694,128,8192,128
0.0,8192,159,regularized_adaptive,-0.003366383794535688,3539,8192,128
0.0,8192,160,uniform,0.005830320600488603,4096,8192,0
0.0,8192,160,pilot_adaptive,-0.010027947068410148,128,8192,128
0.0,8192,160,regularized_adaptive,0.003350524555761014,3626,8192,128
0.0,8192,161,uniform,-0.0019261806115855595,4096,8192,0
0.0,8192,161,pilot_adaptive,0.005187401670939673,4290,8192,128
0.0,8192,161,regularized_adaptive,0.00014758463836073155,4668,8192,128
0.0,8192,162,uniform,-0.0012199611528680432,4096,8192,0
0.0,8192,162,pilot_adaptive,-0.0010642024879141676,4216,8192,128
0.0,8192,162,regularized_adaptive,-0.00286486417798959,4598,8192,128
0.0,8192,163,uniform,-0.0017142604699265096,4096,8192,0
0.0,8192,163,pilot_adaptive,0.005918611163429288,128,8192,128
0.0,8192,163,regularized_adaptive,-0.0018392559003503894,3567,8192,128
0.0,8192,164,uniform,-0.000689889278500333,4096,8192,0
0.0,8192,164,pilot_adaptive,-0.02323865046480278,128,8192,128
0.0,8192,164,regularized_adaptive,0.0036890241288098924,3626,8192,128
0.0,8192,165,uniform,-0.00012404484682293493,4096,8192,0
0.0,8192,165,pilot_adaptive,-0.00314281614973555,4216,8192,128
0.0,8192,165,regularized_adaptive,-0.002656057253829891,4598,8192,128
0.0,8192,166,uniform,0.0016780909179401338,4096,8192,0
0.0,8192,166,pilot_adaptive,0.005599821950765138,4940,8192,128
0.0,8192,166,regularized_adaptive,0.0050252488956010755,5127,8192,128
0.0,8192,167,uniform,-0.005211757367961978,4096,8192,0
0.0,8192,167,pilot_adaptive,-0.006822744747175369,4272,8192,128
0.0,8192,167,regularized_adaptive,0.0012317237753396437,4651,8192,128
0.0,8192,168,uniform,-0.003921807198911997,4096,8192,0
0.0,8192,168,pilot_adaptive,0.004014882411081944,4421,8192,128
0.0,8192,168,regularized_adaptive,0.0013772669266158832,4791,8192,128
0.0,8192,169,uniform,0.0037447195794466648,4096,8192,0
0.0,8192,169,pilot_adaptive,-0.0048754204616516805,128,8192,128
0.0,8192,169,regularized_adaptive,0.009040647405650803,3650,8192,128
0.0,8192,170,uniform,-0.00012404484682293493,4096,8192,0
0.0,8192,170,pilot_adaptive,0.04349883022602241,128,8192,128
0.0,8192,170,regularized_adaptive,-0.003051120612284519,3513,8192,128
0.0,8192,171,uniform,-0.0032329309784102644,4096,8192,0
0.0,8192,171,pilot_adaptive,0.002157532780202809,4257,8192,128
0.0,8192,171,regularized_adaptive,-0.004750003753082099,4636,8192,128
0.0,8192,172,uniform,0.0021555900372229875,4096,8192,0
0.0,8192,172,pilot_adaptive,-0.004823860393125878,4311,8192,128
0.0,8192,172,regularized_adaptive,-0.000499093411421514,4688,8192,128
0.0,8192,173,uniform,0.0002651089600658185,4096,8192,0
0.0,8192,173,pilot_adaptive,0.01739660649737229,128,8192,128
0.0,8192,173,regularized_adaptive,0.007359821547547218,3520,8192,128
0.0,8192,174,uniform,-0.005158098531997224,4096,8192,0
0.0,8192,174,pilot_adaptive,0.03037932199081106,128,8192,128
0.0,8192,174,regularized_adaptive,0.0022377185935369415,3603,8192,128
0.0,8192,175,uniform,0.0033214223365682916,4096,8192,0
0.0,8192,175,pilot_adaptive,0.0062377942275648746,128,8192,128
0.0,8192,175,regularized_adaptive,-0.0007826138644573266,3520,8192,128
0.0,8192,176,uniform,0.005528969065554223,4096,8192,0
0.0,8192,176,pilot_adaptive,0.03284159134271358,128,8192,128
0.0,8192,176,regularized_adaptive,0.0010607458347140497,3528,8192,128
0.0,8192,177,uniform,-0.0018730648160605323,4096,8192,0
0.0,8192,177,pilot_adaptive,-0.00706410433000948,128,8192,128
0.0,8192,177,regularized_adaptive,-0.0021970657457732745,3508,8192,128
0.0,8192,178,uniform,0.0005296018568097249,4096,8192,0
0.0,8192,178,pilot_adaptive,0.03138246876380868,128,8192,128
0.0,8192,178,regularized_adaptive,0.0049222288575225814,3650,8192,128
0.0,8192,179,uniform,0.0012195641581917993,4096,8192,0
0.0,8192,179,pilot_adaptive,0.0033147888679152526,4456,8192,128
0.0,8192,179,regularized_adaptive,-0.003092067048590552,4824,8192,128
0.0,8192,180,uniform,0.0046281727033929965,4096,8192,0
0.0,8192,180,pilot_adaptive,0.0062377942275648746,128,8192,128
0.0,8192,180,regularized_adaptive,0.002709690098032569,3743,8192,128
0.0,8192,181,uniform,0.0013068233897064463,4096,8192,0
0.0,8192,181,pilot_adaptive,0.0027413820663795274,4223,8192,128
0.0,8192,181,regularized_adaptive,0.003168875346246436,4605,8192,128
0.0,8192,182,uniform,0.0036384879883970545,4096,8192,0
0.0,8192,182,pilot_adaptive,0.00295476842502862,128,8192,128
0.0,8192,182,regularized_adaptive,-0.003850943689812647,3567,8192,128
0.0,8192,183,uniform,0.0015724023673306942,4096,8192,0
0.0,8192,183,pilot_adaptive,0.005500005384089013,4209,8192,128
0.0,8192,183,regularized_adaptive,0.0028495495403182414,4590,8192,128
0.0,8192,184,uniform,0.0036222308310625007,4096,8192,0
0.0,8192,184,pilot_adaptive,-0.005942723061442168,4421,8192,128
0.0,8192,184,regularized_adaptive,0.008133691911475838,4791,8192,128
0.0,8192,185,uniform,-0.006872432024805475,4096,8192,0
0.0,8192,185,pilot_adaptive,0.0012414893584808961,4311,8192,128
0.0,8192,185,regularized_adaptive,-0.005394403700167194,4688,8192,128
0.0,8192,186,uniform,0.004504597874128491,4096,8192,0
0.0,8192,186,pilot_adaptive,0.0028304745422687017,5289,8192,128
0.0,8192,186,regularized_adaptive,-0.00770333204057061,5406,8192,128
0.0,8192,187,uniform,-0.0013072203843831343,4096,8192,0
0.0,8192,187,pilot_adaptive,0.00019153168776964158,4940,8192,128
0.0,8192,187,regularized_adaptive,-0.00047462078690219123,5127,8192,128
0.0,8192,188,uniform,-0.0033044760930300843,4096,8192,0
0.0,8192,188,pilot_adaptive,-0.0032648674240307596,4496,8192,128
0.0,8192,188,regularized_adaptive,-0.0041514587670008485,4861,8192,128
0.0,8192,189,uniform,0.001606545803320314,4096,8192,0
0.0,8192,189,pilot_adaptive,0.00793510778363049,4244,8192,128
0.0,8192,189,regularized_adaptive,-0.004845076693595685,4624,8192,128
0.0,8192,190,uniform,-0.0037630028527779746,4096,8192,0
0.0,8192,190,pilot_adaptive,-0.006504737805218097,4208,8192,128
0.0,8192,190,regularized_adaptive,0.0032687439294332155,4590,8192,128
0.0,8192,191,uniform,0.004875865402362178,4096,8192,0
0.0,8192,191,pilot_adaptive,-0.007656872877689347,128,8192,128
0.0,8192,191,regularized_adaptive,-0.004585369185835075,3539,8192,128
0.0,8192,192,uniform,0.0009366419423531003,4096,8192,0
0.0,8192,192,pilot_adaptive,0.02136359600877058,128,8192,128
0.0,8192,192,regularized_adaptive,0.00741179491749544,3513,8192,128
0.0,8192,193,uniform,-0.0002470766356472698,4096,8192,0
0.0,8192,193,pilot_adaptive,0.002589987780302172,128,8192,128
0.0,8192,193,regularized_adaptive,-0.001367634919850369,3552,8192,128
0.0,8192,194,uniform,-0.002296905099378632,4096,8192,0
0.0,8192,194,pilot_adaptive,0.0004964403715568277,4212,8192,128
0.0,8192,194,regularized_adaptive,-0.00547645975671851,4593,8192,128
0.0,8192,195,uniform,-0.002968438081666358,4096,8192,0
0.0,8192,195,pilot_adaptive,0.001402557495968404,4957,8192,128
0.0,8192,195,regularized_adaptive,0.003012792310779444,5143,8192,128
0.0,8192,196,uniform,-0.002368450213998452,4096,8192,0
0.0,8192,196,pilot_adaptive,-0.005376566862899557,4290,8192,128
0.0,8192,196,regularized_adaptive,0.0050705332851903595,4668,8192,128
0.0,8192,197,uniform,0.00047702910172486845,4096,8192,0
0.0,8192,197,pilot_adaptive,0.0007722674228463067,4232,8192,128
0.0,8192,197,regularized_adaptive,-0.0013165071537792894,4613,8192,128
0.0,8192,198,uniform,-0.003585769187548715,4096,8192,0
0.0,8192,198,pilot_adaptive,0.02645793006000363,128,8192,128
0.0,8192,198,regularized_adaptive,-0.001413068370097692,3650,8192,128
0.0,8192,199,uniform,0.007560368210191237,4096,8192,0
0.0,8192,199,pilot_adaptive,-0.008021653522415795,128,8192,128
0.0,8192,199,regularized_adaptive,-0.0037887547760917517,3520,8192,128
0.0,8192,200,uniform,0.0012889371110513803,4096,8192,0
0.0,8192,200,pilot_adaptive,0.006556977291700461,128,8192,128
0.0,8192,200,regularized_adaptive,-0.002547485337520028,3552,8192,128
0.0,8192,201,uniform,-0.005177070891532631,4096,8192,0
0.0,8192,201,pilot_adaptive,0.002695731273169022,4257,8192,128
0.0,8192,201,regularized_adaptive,-0.005990070161509431,4636,8192,128
0.0,8192,202,uniform,-0.0003527651862567094,4096,8192,0
0.0,8192,202,pilot_adaptive,0.006009806324611011,128,8192,128
0.0,8192,202,regularized_adaptive,-0.003313627606516656,3528,8192,128
0.0,8192,203,uniform,0.0007778375962186335,4096,8192,0
0.0,8192,203,pilot_adaptive,-0.002211291584421682,4998,8192,128
0.0,8192,203,regularized_adaptive,-0.0015808717170806563,5182,8192,128
0.0,8192,204,uniform,-0.00040696706266163396,4096,8192,0
0.0,8192,204,pilot_adaptive,-0.007843515719858418,5252,8192,128
0.0,8192,204,regularized_adaptive,0.008550007751177757,5371,8192,128
0.0,8192,205,uniform,-0.0018383783396307418,4096,8192,0
0.0,8192,205,pilot_adaptive,-0.002734812122779706,4257,8192,128
0.0,8192,205,regularized_adaptive,-0.0002087063329636596,4636,8192,128
0.0,8192,206,uniform,-0.0007419189931450187,4096,8192,0
0.0,8192,206,pilot_adaptive,0.017670191980917016,128,8192,128
0.0,8192,206,regularized_adaptive,0.00215544251528077,3528,8192,128
0.0,8192,207,uniform,-0.0015375698451369768,4096,8192,0
0.0,8192,207,pilot_adaptive,-0.0020558707542639443,4232,8192,128
0.0,8192,207,regularized_adaptive,-0.0025613938145931936,4613,8192,128
0.0,8192,208,uniform,0.006553883297420127,4096,8192,0
0.0,8192,208,pilot_adaptive,-0.0027628119387881345,4901,8192,128
0.0,8192,208,regularized_adaptive,0.001132987009810238,5091,8192,128
0.0,8192,209,uniform,0.00015942040945637892,4096,8192,0
0.0,8192,209,pilot_adaptive,0.0009476739464526762,4272,8192,128
0.0,8192,209,regularized_adaptive,0.00023854208164419965,4651,8192,128
0.0,8192,210,uniform,-0.005653483929935144,4096,8192,0
0.0,8192,210,pilot_adaptive,-0.0008214223589628755,5050,8192,128
0.0,8192,210,regularized_adaptive,-0.002153351271832138,5230,8192,128
0.0,8192,211,uniform,-0.0019261806115855595,4096,8192,0
0.0,8192,211,pilot_adaptive,-0.003325102721565054,128,8192,128
0.0,8192,211,regularized_adaptive,-0.0008442702111530753,3567,8192,128
0.0,8192,212,uniform,-0.0004243103008765292,4096,8192,0
0.0,8192,212,pilot_adaptive,0.007011927000753593,4976,8192,128
0.0,8192,212,regularized_adaptive,-0.0007183021050074512,5161,8192,128
0.0,8192,213,uniform,-0.00010724464904776632,4096,8192,0
0.0,8192,213,pilot_adaptive,0.00422387297777882,4272,8192,128
0.0,8192,213,regularized_adaptive,-0.004634652961870822,4651,8192,128
0.0,8192,214,uniform,-0.0006004578852258913,4096,8192,0
0.0,8192,214,pilot_adaptive,-0.00596976239583058,128,8192,128
0.0,8192,214,regularized_adaptive,0.002615832786722061,3567,8192,128
0.0,8192,215,uniform,-0.005759715520985198,4096,8192,0
0.0,8192,215,pilot_adaptive,-0.006417349439080899,4244,8192,128
0.0,8192,215,regularized_adaptive,-0.003238859765761992,4624,8192,128
0.0,8192,216,uniform,0.0019257836169093157,4096,8192,0
0.0,8192,216,pilot_adaptive,-0.0023623649827204662,4290,8192,128
0.0,8192,216,regularized_adaptive,-0.002473580210692772,4668,8192,128
0.0,8192,217,uniform,-0.002314791378033698,4096,8192,0
0.0,8192,217,pilot_adaptive,0.004261261365304803,4257,8192,128
0.0,8192,217,regularized_adaptive,0.004359254198803564,4636,8192,128
0.0,8192,218,uniform,-0.004452965154160493,4096,8192,0
0.0,8192,218,pilot_adaptive,0.016621447627328978,128,8192,128
0.0,8192,218,regularized_adaptive,0.00040858794629916595,3626,8192,128
0.0,8192,219,uniform,-0.0055131089028959135,4096,8192,0
0.0,8192,219,pilot_adaptive,-0.0031427123992020523,128,8192,128
0.0,8192,219,regularized_adaptive,0.0038685146548285143,3552,8192,128
0.0,8192,220,uniform,-0.003427507881854419,4096,8192,0
0.0,8192,220,pilot_adaptive,0.009650266164192844,5436,8192,128
0.0,8192,220,regularized_adaptive,-0.005258539295075471,5544,8192,128
0.0,8192,221,uniform,0.004221675658289792,4096,8192,0
0.0,8192,221,pilot_adaptive,-0.005924164815239719,128,8192,128
0.0,8192,221,regularized_adaptive,0.004106247355695425,3584,8192,128
0.0,8192,222,uniform,-0.00040642402222146323,4096,8192,0
0.0,8192,222,pilot_adaptive,-0.00774806803887107,128,8192,128
0.0,8192,222,regularized_adaptive,-0.0001252587411351147,3528,8192,128
0.0,8192,223,uniform,-0.0038166616887427285,4096,8192,0
0.0,8192,223,pilot_adaptive,0.005325842615749421,128,8192,128
0.0,8192,223,regularized_adaptive,0.004449733410219592,3650,8192,128
0.0,8192,224,uniform,-0.0016622307552813798,4096,8192,0
0.0,8192,224,pilot_adaptive,-0.006562530943510447,128,8192,128
0.0,8192,224,regularized_adaptive,0.003281588172831862,3520,8192,128
0.0,8192,225,uniform,0.0018547815427292225,4096,8192,0
0.0,8192,225,pilot_adaptive,-0.0016224135360942693,4360,8192,128
0.0,8192,225,regularized_adaptive,-0.0024974142177416336,4734,8192,128
0.0,8192,226,uniform,-0.003922350239352168,4096,8192,0
0.0,8192,226,pilot_adaptive,-0.00884240997304997,128,8192,128
0.0,8192,226,regularized_adaptive,-0.005765368930570558,3603,8192,128
0.0,8192,227,uniform,-0.004240501972060828,4096,8192,0
0.0,8192,227,pilot_adaptive,-0.0027722267937277945,4212,8192,128
0.0,8192,227,regularized_adaptive,-0.0005032622677354492,4593,8192,128
0.0,8192,228,uniform,0.0017127773943699243,4096,8192,0
0.0,8192,228,pilot_adaptive,0.004362240007921736,4334,8192,128
0.0,8192,228,regularized_adaptive,0.0011163840416832382,4709,8192,128
0.0,8192,229,uniform,0.009611282754802941,4096,8192,0
0.0,8192,229,pilot_adaptive,0.00473307406806911,128,8192,128
0.0,8192,229,regularized_adaptive,0.0018481543717243643,3520,8192,128
0.0,8192,230,uniform,-0.004152156659666284,4096,8192,0
0.0,8192,230,pilot_adaptive,0.04340763506484069,128,8192,128
0.0,8192,230,regularized_adaptive,0.000969360781340578,3520,8192,128
0.0,8192,231,uniform,0.0019788994124338988,4096,8192,0
0.0,8192,231,pilot_adaptive,-0.0018397439113064795,4334,8192,128
0.0,8192,231,regularized_adaptive,-0.004319848023462969,4709,8192,128
0.0,8192,232,uniform,-0.0010785000449489157,4096,8192,0
0.0,8192,232,pilot_adaptive,-0.015851842409096095,128,8192,128
0.0,8192,232,regularized_adaptive,0.005880595345988171,3603,8192,128
0.0,8192,233,uniform,0.00858528244205714,4096,8192,0
0.0,8192,233,pilot_adaptive,0.006192196646974013,128,8192,128
0.0,8192,233,regularized_adaptive,-0.004036184206947846,3539,8192,128
0.0,8192,234,uniform,0.004505140914568662,4096,8192,0
0.0,8192,234,pilot_adaptive,0.007788111967651501,128,8192,128
0.0,8192,234,regularized_adaptive,-5.970381467101937e-05,3603,8192,128
0.0,8192,235,uniform,0.001943126855124211,4096,8192,0
0.0,8192,235,pilot_adaptive,0.0017974137714487082,4272,8192,128
0.0,8192,235,regularized_adaptive,0.005584163994859503,4651,8192,128
0.0,8192,236,uniform,0.000600603930989374,4096,8192,0
0.0,8192,236,pilot_adaptive,-0.02036600288758339,128,8192,128
0.0,8192,236,regularized_adaptive,0.006764808769869957,3552,8192,128
0.0,8192,237,uniform,0.007137070967312864,4096,8192,0
0.0,8192,237,pilot_adaptive,-0.0036442857857006405,128,8192,128
0.0,8192,237,regularized_adaptive,0.004050465253265356,3539,8192,128
0.0,8192,238,uniform,-0.00012404484682293493,4096,8192,0
0.0,8192,238,pilot_adaptive,-0.002333300680812167,4290,8192,128
0.0,8192,238,regularized_adaptive,0.0028328682701908026,4668,8192,128
0.0,8192,239,uniform,0.002932268529679982,4096,8192,0
0.0,8192,239,pilot_adaptive,0.008885373427267806,4232,8192,128
0.0,8192,239,regularized_adaptive,-0.006099739722627229,4613,8192,128
0.0,8192,240,uniform,-0.003374392086329392,4096,8192,0
0.0,8192,240,pilot_adaptive,0.04354442780661327,128,8192,128
0.0,8192,240,regularized_adaptive,0.004130875542281975,3539,8192,128
0.0,8192,241,uniform,-0.004469765351935218,4096,8192,0
0.0,8192,241,pilot_adaptive,-0.003934349228087219,4940,8192,128
0.0,8192,241,regularized_adaptive,-0.00399338483885292,5127,8192,128
0.0,8192,242,uniform,0.0016249751224151066,4096,8192,0
0.0,8192,242,pilot_adaptive,-0.0010994058726156997,4257,8192,128
0.0,8192,242,regularized_adaptive,-0.0010042330694071122,4636,8192,128
0.0,8192,243,uniform,-0.0020665556386247896,4096,8192,0
0.0,8192,243,pilot_adaptive,0.0011028766653031763,4216,8192,128
0.0,8192,243,regularized_adaptive,0.002652062969278335,4598,8192,128
0.0,8192,244,uniform,0.004910551878791525,4096,8192,0
0.0,8192,244,pilot_adaptive,-0.003946478721580382,4272,8192,128
0.0,8192,244,regularized_adaptive,0.001047780778416163,4651,8192,128
0.0,8192,245,uniform,-0.008816571937927842,4096,8192,0
0.0,8192,245,pilot_adaptive,-0.00788486078064321,128,8192,128
0.0,8192,245,regularized_adaptive,0.0017629066255817616,3520,8192,128
0.0,8192,246,uniform,-0.003622084785298574,4096,8192,0
0.0,8192,246,pilot_adaptive,-0.0049307701683731775,4925,8192,128
0.0,8192,246,regularized_adaptive,-0.0022299193913954962,5113,8192,128
0.0,8192,247,uniform,0.0001409910903611422,4096,8192,0
0.0,8192,247,pilot_adaptive,-0.011578264808496774,128,8192,128
0.0,8192,247,regularized_adaptive,-0.0009434853394327813,3552,8192,128
0.0,8192,248,uniform,0.0025084282463614382,4096,8192,0
0.0,8192,248,pilot_adaptive,-0.009754361584865423,128,8192,128
0.0,8192,248,regularized_adaptive,0.0006556103546817571,3513,8192,128
0.0,8192,249,uniform,0.003445540206272968,4096,8192,0
0.0,8192,249,pilot_adaptive,0.004824269229250833,128,8192,128
0.0,8192,249,regularized_adaptive,-0.005754025407512353,3520,8192,128
0.0,8192,250,uniform,0.0012369073964071386,4096,8192,0
0.0,8192,250,pilot_adaptive,-0.003205716539206316,4311,8192,128
0.0,8192,250,regularized_adaptive,-0.0008739097421697206,4688,8192,128
0.0,8192,251,uniform,-0.002226446065639154,4096,8192,0
0.0,8192,251,pilot_adaptive,0.0019336046260793882,4272,8192,128
0.0,8192,251,regularized_adaptive,-0.0022389858159648224,4651,8192,128
0.0,8192,252,uniform,-0.002526711519693192,4096,8192,0
0.0,8192,252,pilot_adaptive,-0.01066631319668132,128,8192,128
0.0,8192,252,regularized_adaptive,0.00605647716050739,3528,8192,128
0.0,8192,253,uniform,0.0033750811725330454,4096,8192,0
0.0,8192,253,pilot_adaptive,0.00029790062432133446,4272,8192,128
0.0,8192,253,regularized_adaptive,0.005424384975084129,4651,8192,128
0.0,8192,254,uniform,-0.0015895995597816626,4096,8192,0
0.0,8192,254,pilot_adaptive,-0.0009882154339690974,4272,8192,128
0.0,8192,254,regularized_adaptive,-0.005531178746974286,4651,8192,128
0.0,8192,255,uniform,-0.005830174554724676,4096,8192,0
0.0,8192,255,pilot_adaptive,-0.0046213649504689425,4244,8192,128
0.0,8192,255,regularized_adaptive,0.0001273020906886746,4624,8192,128
0.0,8192,256,uniform,0.004592943186523035,4096,8192,0
0.0,8192,256,pilot_adaptive,-0.0043256158052813465,4244,8192,128
0.0,8192,256,regularized_adaptive,-0.0023777730065346336,4624,8192,128
0.0,8192,257,uniform,-0.0025099113219184677,4096,8192,0
0.0,8192,257,pilot_adaptive,0.0008568445367374,4223,8192,128
0.0,8192,257,regularized_adaptive,0.004287824933142614,4605,8192,128
0.0,8192,258,uniform,0.0005821746118941373,4096,8192,0
0.0,8192,258,pilot_adaptive,-0.002168401862612912,4421,8192,128
0.0,8192,258,regularized_adaptive,-0.0024923279358637362,4791,8192,128
0.0,8192,259,uniform,-0.0022963620589389055,4096,8192,0
0.0,8192,259,pilot_adaptive,-0.006207030172785233,4257,8192,128
0.0,8192,259,regularized_adaptive,0.0005046477620214151,4636,8192,128
0.0,8192,260,uniform,-0.002190673508329466,4096,8192,0
0.0,8192,260,pilot_adaptive,0.0028331647855106556,4881,8192,128
0.0,8192,260,regularized_adaptive,-0.002876334783550094,5072,8192,128
0.0,8192,261,uniform,0.006924064744773917,4096,8192,0
0.0,8192,261,pilot_adaptive,-0.005012213203423821,128,8192,128
0.0,8192,261,regularized_adaptive,-0.0021700764499359426,3603,8192,128
0.0,8192,262,uniform,0.003904610006461029,4096,8192,0
0.0,8192,262,pilot_adaptive,-0.008021653522415795,128,8192,128
0.0,8192,262,regularized_adaptive,-0.0007383330885681882,3505,8192,128
0.0,8192,263,uniform,0.0007415219984687749,4096,8192,0
0.0,8192,263,pilot_adaptive,0.002944197274118432,4232,8192,128
0.0,8192,263,regularized_adaptive,0.005266383974341204,4613,8192,128
0.0,8192,264,uniform,-0.0007424620335851895,4096,8192,0
0.0,8192,264,pilot_adaptive,0.0019389525622990345,5248,8192,128
0.0,8192,264,regularized_adaptive,0.007457568231225009,5367,8192,128
0.0,8192,265,uniform,-0.002013982883539933,4096,8192,0
0.0,8192,265,pilot_adaptive,-4.171562576193999e-05,4389,8192,128
0.0,8192,265,regularized_adaptive,-0.007898042855850607,4761,8192,128
0.0,8192,266,uniform,-0.001942980809360284,4096,8192,0
0.0,8192,266,pilot_adaptive,-0.0016861668282908138,4232,8192,128
0.0,8192,266,regularized_adaptive,-0.00241633522733653,4613,8192,128
0.0,8192,267,uniform,-0.009451789322465265,4096,8192,0
0.0,8192,267,pilot_adaptive,-0.007018506749418618,128,8192,128
0.0,8192,267,regularized_adaptive,0.0062051004036136614,3584,8192,128
0.0,8192,268,uniform,-0.0042936177675858556,4096,8192,0
0.0,8192,268,pilot_adaptive,-0.00026969083833061624,4232,8192,128
0.0,8192,268,regularized_adaptive,-0.003775794870151339,4613,8192,128
0.0,8192,269,uniform,-0.0069781205754149145,4096,8192,0
0.0,8192,269,pilot_adaptive,-0.019226063372814073,128,8192,128
0.0,8192,269,regularized_adaptive,-0.0016793408009829758,3552,8192,128
0.0,8192,270,uniform,0.000812524072648424,4096,8192,0
0.0,8192,270,pilot_adaptive,-0.000657385799454735,4290,8192,128
0.0,8192,270,regularized_adaptive,0.0032590188329504333,4668,8192,128
0.0,8192,271,uniform,-0.001942980809360284,4096,8192,0
0.0,8192,271,pilot_adaptive,-0.006114017301536601,4940,8192,128
0.0,8192,271,regularized_adaptive,-0.005471882896334046,5127,8192,128
0.0,8192,272,uniform,-5.358581308301247e-05,4096,8192,0
0.0,8192,272,pilot_adaptive,0.002863573263846897,128,8192,128
0.0,8192,272,regularized_adaptive,-0.0026729507566216615,3709,8192,128
0.0,8192,273,uniform,-0.0006714599594055404,4096,8192,0
0.0,8192,273,pilot_adaptive,0.01393119037247259,128,8192,128
0.0,8192,273,regularized_adaptive,0.0011991692431954082,3584,8192,128
0.0,8192,274,uniform,-0.00015873132325272543,4096,8192,0
0.0,8192,274,pilot_adaptive,0.00273627319197689,4290,8192,128
0.0,8192,274,regularized_adaptive,0.0027047733943554864,4668,8192,128
0.0,8192,275,uniform,0.0029496117678948774,4096,8192,0
0.0,8192,275,pilot_adaptive,-0.021277954499399288,128,8192,128
0.0,8192,275,regularized_adaptive,-0.002945045102349164,3603,8192,128
0.0,8192,276,uniform,0.003356651853438253,4096,8192,0
0.0,8192,276,pilot_adaptive,-0.01066631319668132,128,8192,128
0.0,8192,276,regularized_adaptive,-0.0011617497342097938,3678,8192,128
0.0,8192,277,uniform,-0.009540677675299536,4096,8192,0
0.0,8192,277,pilot_adaptive,0.0016615452940207387,4244,8192,128
0.0,8192,277,regularized_adaptive,-0.0006852492257685139,4624,8192,128
0.0,8192,278,uniform,0.0014488275380657445,4096,8192,0
0.0,8192,278,pilot_adaptive,0.006240163444766855,4334,8192,128
0.0,8192,278,regularized_adaptive,-0.003867259410182955,4709,8192,128
0.0,8192,279,uniform,0.005265019209250488,4096,8192,0
0.0,8192,279,pilot_adaptive,0.034118323599255485,128,8192,128
0.0,8192,279,regularized_adaptive,9.911465932366248e-05,3552,8192,128
0.0,8192,280,uniform,-0.007560765204867481,4096,8192,0
0.0,8192,280,pilot_adaptive,0.0015137823379947069,4976,8192,128
0.0,8192,280,regularized_adaptive,0.0018929546130543873,5161,8192,128
0.0,8192,281,uniform,-0.0057071427659003415,4096,8192,0
0.0,8192,281,pilot_adaptive,0.0032969256134649516,4311,8192,128
0.0,8192,281,regularized_adaptive,0.0011812894320384348,4688,8192,128
0.0,8192,282,uniform,0.0009366419423531003,4096,8192,0
0.0,8192,282,pilot_adaptive,-0.0033088483805572277,5358,8192,128
0.0,8192,282,regularized_adaptive,0.002576171173636732,5471,8192,128
0.0,8192,283,uniform,0.002473198729491921,4096,8192,0
0.0,8192,283,pilot_adaptive,0.029239382476041742,128,8192,128
0.0,8192,283,regularized_adaptive,-0.007501357261100017,3567,8192,128
0.0,8192,284,uniform,0.002067787765268614,4096,8192,0
0.0,8192,284,pilot_adaptive,0.003574099655647922,4272,8192,128
0.0,8192,284,regularized_adaptive,0.0007780345461589899,4651,8192,128
0.0,8192,285,uniform,0.004593486226963206,4096,8192,0
0.0,8192,285,pilot_adaptive,0.003528089283175051,4976,8192,128
0.0,8192,285,regularized_adaptive,0.007856956943082638,5161,8192,128
0.0,8192,286,uniform,-0.0001598174041326228,4096,8192,0
0.0,8192,286,pilot_adaptive,-0.0012937746633789882,4311,8192,128
0.0,8192,286,regularized_adaptive,-0.000391906681691756,4688,8192,128
0.0,8192,287,uniform,-0.0020665556386247896,4096,8192,0
0.0,8192,287,pilot_adaptive,0.0013311675063067963,4290,8192,128
0.0,8192,287,regularized_adaptive,-0.0014508188600699246,4668,8192,128
0.0,8192,288,uniform,0.004115987107679908,4096,8192,0
0.0,8192,288,pilot_adaptive,0.003811820800649235,4257,8192,128
0.0,8192,288,regularized_adaptive,0.0013491341087388253,4636,8192,128
0.0,8192,289,uniform,-0.0036757436212637717,4096,8192,0
0.0,8192,289,pilot_adaptive,-0.01863329482513376,128,8192,128
0.0,8192,289,regularized_adaptive,0.0031748255805104098,3552,8192,128
0.0,8192,290,uniform,0.00035345427246080696,4096,8192,0
0.0,8192,290,pilot_adaptive,-0.01972763675931266,128,8192,128
0.0,8192,290,regularized_adaptive,0.004328890361375626,3528,8192,128
0.0,8192,291,uniform,0.005989124946622626,4096,8192,0
0.0,8192,291,pilot_adaptive,-0.0004537405008491202,4232,8192,128
0.0,8192,291,regularized_adaptive,-0.002365079740184628,4613,8192,128
0.0,8192,292,uniform,0.000600603930989374,4096,8192,0
0.0,8192,292,pilot_adaptive,0.0017991953544085337,4223,8192,128
0.0,8192,292,regularized_adaptive,0.002927833260869983,4605,8192,128
0.0,8192,293,uniform,-0.0038686914033874142,4096,8192,0
0.0,8192,293,pilot_adaptive,0.000865094554573842,4232,8192,128
0.0,8192,293,regularized_adaptive,0.0022218387542543017,4613,8192,128
0.0,8192,294,uniform,0.006147386252316478,4096,8192,0
0.0,8192,294,pilot_adaptive,0.006009806324611011,128,8192,128
0.0,8192,294,regularized_adaptive,0.00876823042813979,3539,8192,128
0.0,8192,295,uniform,0.003868837449151341,4096,8192,0
0.0,8192,295,pilot_adaptive,0.03197523731148855,128,8192,128
0.0,8192,295,regularized_adaptive,0.0005658551249496657,3709,8192,128
0.0,8192,296,uniform,0.002491085008146987,4096,8192,0
0.0,8192,296,pilot_adaptive,0.005462635357521561,128,8192,128
0.0,8192,296,regularized_adaptive,-0.0049190703783510425,3513,8192,128
0.0,8192,297,uniform,-0.005282759442142071,4096,8192,0
0.0,8192,297,pilot_adaptive,-0.009200183114110194,5319,8192,128
0.0,8192,297,regularized_adaptive,-0.005671370368910411,5434,8192,128
0.0,8192,298,uniform,-0.006642625604490915,4096,8192,0
0.0,8192,298,pilot_adaptive,0.004070517690492936,4244,8192,128
0.0,8192,298,regularized_adaptive,0.006668126392643581,4624,8192,128
0.0,8192,299,uniform,-3.569953442794649e-05,4096,8192,0
0.0,8192,299,pilot_adaptive,0.0015623349651188168,4901,8192,128
0.0,8192,299,regularized_adaptive,-0.004046046694256011,5091,8192,128
0.0,8192,300,uniform,-0.005971092622204077,4096,8192,0
0.0,8192,300,pilot_adaptive,-0.021414747241171428,128,8192,128
0.0,8192,300,regularized_adaptive,-0.0034192305816647117,3567,8192,128
0.0,8192,301,uniform,-0.00010615856816786895,4096,8192,0
0.0,8192,301,pilot_adaptive,-0.008158446264187935,128,8192,128
0.0,8192,301,regularized_adaptive,0.005997604155157044,3520,8192,128
0.0,8192,302,uniform,-0.0037987754100876625,4096,8192,0
0.0,8192,302,pilot_adaptive,-0.002633444376149763,4290,8192,128
0.0,8192,302,regularized_adaptive,-0.0026016037416691784,4668,8192,128
0.0,8192,303,uniform,-0.008780256340177539,4096,8192,0
0.0,8192,303,pilot_adaptive,0.002878060253224346,4290,8192,128
0.0,8192,303,regularized_adaptive,0.002257440156961499,4668,8192,128
0.0,8192,304,uniform,-0.006819859269720618,4096,8192,0
0.0,8192,304,pilot_adaptive,0.00023761397515076332,4257,8192,128
0.0,8192,304,regularized_adaptive,-0.005463357848067174,4636,8192,128
0.0,8192,305,uniform,-0.004964607709433411,4096,8192,0
0.0,8192,305,pilot_adaptive,-0.018724489986315485,128,8192,128
0.0,8192,305,regularized_adaptive,0.0030737531871058987,3782,8192,128
0.0,8192,306,uniform,-0.0061840988447430245,4096,8192,0
0.0,8192,306,pilot_adaptive,-0.0016871662542892185,4223,8192,128
0.0,8192,306,regularized_adaptive,-0.0021297687907468887,4605,8192,128
0.0,8192,307,uniform,0.0023848534170973767,4096,8192,0
0.0,8192,307,pilot_adaptive,0.0039165556077740415,4456,8192,128
0.0,8192,307,regularized_adaptive,-0.0024117653335109512,4824,8192,128
0.0,8192,308,uniform,-0.0038345479673977945,4096,8192,0
0.0,8192,308,pilot_adaptive,0.007044087868507409,4912,8192,128
0.0,8192,308,regularized_adaptive,0.006875775332467304,5101,8192,128
0.0,8192,309,uniform,0.001925240576469145,4096,8192,0
0.0,8192,309,pilot_adaptive,-0.002692105369551223,4244,8192,128
0.0,8192,309,regularized_adaptive,0.0006822540284148193,4624,8192,128
0.0,8192,310,uniform,0.005672059294793863,4096,8192,0
0.0,8192,310,pilot_adaptive,0.005143452293385975,128,8192,128
0.0,8192,310,regularized_adaptive,0.005805437534822433,3505,8192,128
0.0,8192,311,uniform,-0.005106068817352538,4096,8192,0
0.0,8192,311,pilot_adaptive,-0.020730783532309838,128,8192,128
0.0,8192,311,regularized_adaptive,-0.0011649999236216235,3528,8192,128
0.0,8192,312,uniform,0.0025610010014462947,4096,8192,0
0.0,8192,312,pilot_adaptive,0.0062187149410413145,5258,8192,128
0.0,8192,312,regularized_adaptive,0.003873713098512921,5377,8192,128
0.0,8192,313,uniform,-0.0033559627672345993,4096,8192,0
0.0,8192,313,pilot_adaptive,-0.023557833528938366,128,8192,128
0.0,8192,313,regularized_adaptive,-0.001641307188310348,3552,8192,128
0.0,8192,314,uniform,-0.0019619531688952474,4096,8192,0
0.0,8192,314,pilot_adaptive,-0.004365020345116433,4311,8192,128
0.0,8192,314,regularized_adaptive,-0.003893115037333361,4688,8192,128
0.0,8192,315,uniform,0.005122472020451019,4096,8192,0
0.0,8192,315,pilot_adaptive,-0.0017769575291890494,4957,8192,128
0.0,8192,315,regularized_adaptive,-0.003057477315668633,5143,8192,128
0.0,8192,316,uniform,-0.009946088639522843,4096,8192,0
0.0,8192,316,pilot_adaptive,0.0010973030715726306,4216,8192,128
0.0,8192,316,regularized_adaptive,-0.0010625180988113048,4598,8192,128
0.0,8192,317,uniform,-0.002314791378033698,4096,8192,0
0.0,8192,317,pilot_adaptive,-0.0022652206853688295,4272,8192,128
0.0,8192,317,regularized_adaptive,0.0006961737944559676,4651,8192,128
0.0,8192,318,uniform,-0.0016611446744014824,4096,8192,0
0.0,8192,318,pilot_adaptive,0.002515172714813607,4290,8192,128
0.0,8192,318,regularized_adaptive,-0.0010033429329572296,4668,8192,128
0.0,8192,319,uniform,-0.002333220697128935,4096,8192,0
0.0,8192,319,pilot_adaptive,0.0009142262078547514,4290,8192,128
0.0,8192,319,regularized_adaptive,-0.0015360489726219395,4668,8192,128
0.0,8192,320,uniform,-0.00017716064234751805,4096,8192,0
0.0,8192,320,pilot_adaptive,-0.007155299491190759,128,8192,128
0.0,8192,320,regularized_adaptive,-0.0003159408026089938,3552,8192,128
0.0,8192,321,uniform,-0.005688713446805105,4096,8192,0
0.0,8192,321,pilot_adaptive,0.0005604237841667636,4878,8192,128
0.0,8192,321,regularized_adaptive,-0.003556757766170149,5068,8192,128
0.0,8192,322,uniform,-0.0010432705280789545,4096,8192,0
0.0,8192,322,pilot_adaptive,0.0037732405572323824,4334,8192,128
0.0,8192,322,regularized_adaptive,0.001986987041393773,4709,8192,128
0.0,8192,323,uniform,0.0020667016843882724,4096,8192,0
0.0,8192,323,pilot_adaptive,0.0035931345532993486,128,8192,128
0.0,8192,323,regularized_adaptive,-0.0008880434229425749,3505,8192,128
0.0,8192,324,uniform,-1.781325577288051e-05,4096,8192,0
0.0,8192,324,pilot_adaptive,0.043225244742477686,128,8192,128
0.0,8192,324,regularized_adaptive,0.00021414526081176,3505,8192,128
0.0,8192,325,uniform,-0.003585769187548715,4096,8192,0
0.0,8192,325,pilot_adaptive,-0.0040054633420048,4272,8192,128
0.0,8192,325,regularized_adaptive,0.0036554973820244197,4651,8192,128
0.0,8192,326,uniform,0.007702915398990706,4096,8192,0
0.0,8192,326,pilot_adaptive,-0.008158446264187935,128,8192,128
0.0,8192,326,regularized_adaptive,-0.007694462474701291,3539,8192,128
0.0,8192,327,uniform,0.004504597874128491,4096,8192,0
0.0,8192,327,pilot_adaptive,-0.020457198048765113,128,8192,128
0.0,8192,327,regularized_adaptive,0.0060395435692719435,3539,8192,128
0.0,8192,328,uniform,-0.00741984713738808,4096,8192,0
0.0,8192,328,pilot_adaptive,0.006876160355836047,128,8192,128
0.0,8192,328,regularized_adaptive,0.00047141283130636147,3513,8192,128
0.0,8192,329,uniform,0.00589969355334774,4096,8192,0
0.0,8192,329,pilot_adaptive,-0.009252788198366835,128,8192,128
0.0,8192,329,regularized_adaptive,0.0038902539468324004,3520,8192,128
0.0,8192,330,uniform,0.0005122586185948297,4096,8192,0
0.0,8192,330,pilot_adaptive,-0.007793665619461931,128,8192,128
0.0,8192,330,regularized_adaptive,-0.004522465956209087,3603,8192,128
0.0,8192,331,uniform,0.007279075115672162,4096,8192,0
0.0,8192,331,pilot_adaptive,-0.019408453695177075,128,8192,128
0.0,8192,331,regularized_adaptive,-0.0067675888014944174,3603,8192,128
0.0,8192,332,uniform,-0.0022432462634138783,4096,8192,0
0.0,8192,332,pilot_adaptive,-0.0033157404754280417,4334,8192,128
0.0,8192,332,regularized_adaptive,0.0003902803963133916,4709,8192,128
0.0,8192,333,uniform,0.0028444662577251645,4096,8192,0
0.0,8192,333,pilot_adaptive,0.003494573476577001,4223,8192,128
0.0,8192,333,regularized_adaptive,-0.00157488247330817,4605,8192,128
0.0,8192,334,uniform,0.005495368670004774,4096,8192,0
0.0,8192,334,pilot_adaptive,0.0036415390392778857,4886,8192,128
0.0,8192,334,regularized_adaptive,0.004429771429683038,5076,8192,128
0.0,8192,335,uniform,-0.0010074979707692666,4096,8192,0
0.0,8192,335,pilot_adaptive,0.014113580694836036,128,8192,128
0.0,8192,335,regularized_adaptive,-0.0002956854052309499,3567,8192,128
0.0,8192,336,uniform,-0.0005131986537112443,4096,8192,0
0.0,8192,336,pilot_adaptive,0.0065113797111095995,128,8192,128
0.0,8192,336,regularized_adaptive,-0.0024086175833903933,3528,8192,128
0.0,8192,337,uniform,0.0006352904074191645,4096,8192,0
0.0,8192,337,pilot_adaptive,-0.021277954499399288,128,8192,128
0.0,8192,337,regularized_adaptive,0.001071376178072958,3528,8192,128
0.0,8192,338,uniform,-0.0011126434809385355,4096,8192,0
0.0,8192,338,pilot_adaptive,0.00229709440424819,4272,8192,128
0.0,8192,338,regularized_adaptive,0.0033670135092480624,4651,8192,128
0.0,8192,339,uniform,0.0027555779048908935,4096,8192,0
0.0,8192,339,pilot_adaptive,0.002673603467432839,4311,8192,128
0.0,8192,339,regularized_adaptive,-0.005733266305467444,4688,8192,128
0.0,8192,340,uniform,-0.00270285910404211,4096,8192,0
0.0,8192,340,pilot_adaptive,-0.0009801121884003283,5258,8192,128
0.0,8192,340,regularized_adaptive,-0.0023441429812602887,5377,8192,128
0.0,8192,341,uniform,0.004274791453814375,4096,8192,0
0.0,8192,341,pilot_adaptive,0.0020237560685687495,4901,8192,128
0.0,8192,341,regularized_adaptive,0.0012356897385290555,5091,8192,128
0.0,8192,342,uniform,-0.004681142453154097,4096,8192,0
0.0,8192,342,pilot_adaptive,-0.004518927230527714,4244,8192,128
0.0,8192,342,regularized_adaptive,0.003369055389027542,4624,8192,128
0.0,8192,343,uniform,-0.00793311881398151,4096,8192,0
0.0,8192,343,pilot_adaptive,0.003378119613625552,4290,8192,128
0.0,8192,343,regularized_adaptive,0.0025771779325352018,4668,8192,128
0.0,8192,344,uniform,3.530253975170261e-05,4096,8192,0
0.0,8192,344,pilot_adaptive,-0.006334543040556584,128,8192,128
0.0,8192,344,regularized_adaptive,0.0007469583612709219,3528,8192,128
0.0,8192,345,uniform,0.005810805200513025,4096,8192,0
0.0,8192,345,pilot_adaptive,-0.01066631319668132,128,8192,128
0.0,8192,345,regularized_adaptive,4.859197008544314e-06,3552,8192,128
0.0,8192,346,uniform,0.002914382251024916,4096,8192,0
0.0,8192,346,pilot_adaptive,-0.0034751120495581933,4334,8192,128
0.0,8192,346,regularized_adaptive,-0.0007460957971916482,4709,8192,128
0.0,8192,347,uniform,-0.0033218193312449795,4096,8192,0
0.0,8192,347,pilot_adaptive,0.01953969278513923,128,8192,128
0.0,8192,347,regularized_adaptive,0.007863242462478715,3520,8192,128
0.0,8192,348,uniform,0.0005122586185948297,4096,8192,0
0.0,8192,348,pilot_adaptive,-0.00596976239583058,128,8192,128
0.0,8192,348,regularized_adaptive,-0.0016161761422643917,3528,8192,128
0.0,8192,349,uniform,-0.009999747475487597,4096,8192,0
0.0,8192,349,pilot_adaptive,-0.001106526985898304,5050,8192,128
0.0,8192,349,regularized_adaptive,0.005408138253055084,5230,8192,128
0.0,8192,350,uniform,-0.002348934814023318,4096,8192,0
0.0,8192,350,pilot_adaptive,0.003912317617434935,128,8192,128
0.0,8192,350,regularized_adaptive,0.002301295710453788,3539,8192,128
0.0,8192,351,uniform,-0.0001419311254780009,4096,8192,0
0.0,8192,351,pilot_adaptive,-0.003006358935609077,4223,8192,128
0.0,8192,351,regularized_adaptive,-0.003735084289673063,4605,8192,128
0.0,8192,352,uniform,0.002261278587832427,4096,8192,0
0.0,8192,352,pilot_adaptive,-0.00952637368191156,128,8192,128
0.0,8192,352,regularized_adaptive,-0.0028004525394285107,3584,8192,128
0.0,8192,353,uniform,0.004293763813349782,4096,8192,0
0.0,8192,353,pilot_adaptive,0.0008444780058345369,4389,8192,128
0.0,8192,353,regularized_adaptive,0.004487412521862355,4761,8192,128
0.0,8192,354,uniform,0.0013789115447664368,4096,8192,0
0.0,8192,354,pilot_adaptive,0.0030585697088640895,4212,8192,128
0.0,8192,354,regularized_adaptive,-0.001833304231609878,4593,8192,128
0.0,8192,355,uniform,-0.0033928214054246286,4096,8192,0
0.0,8192,355,pilot_adaptive,-0.008330283528496407,4257,8192,128
0.0,8192,355,regularized_adaptive,0.0012424816621432466,4636,8192,128
0.0,8192,356,uniform,0.0028802388150352964,4096,8192,0
0.0,8192,356,pilot_adaptive,0.006784965194654324,128,8192,128
0.0,8192,356,regularized_adaptive,0.003111754736569994,3505,8192,128
0.0,8192,357,uniform,0.00408021455037022,4096,8192,0
0.0,8192,357,pilot_adaptive,-0.008477629328323522,128,8192,128
0.0,8192,357,regularized_adaptive,0.004795688302903889,3505,8192,128
0.0,8192,358,uniform,-0.005512022822015572,4096,8192,0
0.0,8192,358,pilot_adaptive,0.005234647454567698,128,8192,128
0.0,8192,358,regularized_adaptive,0.004465129263723222,3505,8192,128
0.0,8192,359,uniform,0.0043983662830788806,4096,8192,0
0.0,8192,359,pilot_adaptive,-6.57496844425065e-05,4334,8192,128
0.0,8192,359,regularized_adaptive,0.008522953590882176,4709,8192,128
0.0,8192,360,uniform,0.000988671656997786,4096,8192,0
0.0,8192,360,pilot_adaptive,0.018536546012142052,128,8192,128
0.0,8192,360,regularized_adaptive,-0.00723132903135304,3552,8192,128
0.0,8192,361,uniform,-0.0010416414067588864,4096,8192,0
0.0,8192,361,pilot_adaptive,-0.006790518846464755,128,8192,128
0.0,8192,361,regularized_adaptive,0.0015476760015278312,3552,8192,128
0.0,8192,362,uniform,-5.304277264284174e-05,4096,8192,0
0.0,8192,362,pilot_adaptive,-0.007109701910599897,128,8192,128
0.0,8192,362,regularized_adaptive,-0.0029738488265078633,3505,8192,128
0.0,8192,363,uniform,-0.003816118648303002,4096,8192,0
0.0,8192,363,pilot_adaptive,0.005545133836648786,4940,8192,128
0.0,8192,363,regularized_adaptive,-0.0010706008292478142,5127,8192,128
0.0,8192,364,uniform,0.00022933640275568656,4096,8192,0
0.0,8192,364,pilot_adaptive,0.01735100891678143,128,8192,128
0.0,8192,364,regularized_adaptive,0.0009630973614942473,3678,8192,128
0.0,8192,365,uniform,0.003902980885140961,4096,8192,0
0.0,8192,365,pilot_adaptive,-0.0025376023946301896,4272,8192,128
0.0,8192,365,regularized_adaptive,-0.0020511003354106716,4651,8192,128
0.0,8192,366,uniform,0.001820095066299432,4096,8192,0
0.0,8192,366,pilot_adaptive,0.0019854360456912357,5277,8192,128
0.0,8192,366,regularized_adaptive,-0.0011069811051049872,5394,8192,128
0.0,8192,367,uniform,-0.0026329431107428025,4096,8192,0
0.0,8192,367,pilot_adaptive,-0.0062889454599661665,128,8192,128
0.0,8192,367,regularized_adaptive,0.0023236729308371284,3678,8192,128
0.0,8192,368,uniform,-0.0007776915504551507,4096,8192,0
0.0,8192,368,pilot_adaptive,-0.006302765970144231,4421,8192,128
0.0,8192,368,regularized_adaptive,-0.0041501678277595655,4791,8192,128
0.0,8192,369,uniform,0.004274791453814375,4096,8192,0
0.0,8192,369,pilot_adaptive,-0.00019286377599203597,4539,8192,128
0.0,8192,369,regularized_adaptive,-0.004010434741356983,4901,8192,128
0.0,8192,370,uniform,0.001943126855124211,4096,8192,0
0.0,8192,370,pilot_adaptive,0.005143452293385975,128,8192,128
0.0,8192,370,regularized_adaptive,-0.00018866260646910327,3513,8192,128
0.0,8192,371,uniform,0.007701829318110365,4096,8192,0
0.0,8192,371,pilot_adaptive,0.006342135049085984,4232,8192,128
0.0,8192,371,regularized_adaptive,-0.0002374489621177478,4613,8192,128
0.0,8192,372,uniform,0.0037804921367563527,4096,8192,0
0.0,8192,372,pilot_adaptive,-0.010210337390773594,128,8192,128
0.0,8192,372,regularized_adaptive,-0.00042768034187168347,3508,8192,128
0.0,8192,373,uniform,-0.004663799214939202,4096,8192,0
0.0,8192,373,pilot_adaptive,-0.0020290067315984484,4244,8192,128
0.0,8192,373,regularized_adaptive,-0.0012112120158389583,4624,8192,128
0.0,8192,374,uniform,0.00950450812331316,4096,8192,0
0.0,8192,374,pilot_adaptive,0.01270005569652155,128,8192,128
0.0,8192,374,regularized_adaptive,0.0001189831063375113,3520,8192,128
0.0,8192,375,uniform,-0.0030741266322757976,4096,8192,0
0.0,8192,375,pilot_adaptive,-0.0015908534457282908,4389,8192,128
0.0,8192,375,regularized_adaptive,0.002458771042679553,4761,8192,128
0.0,8192,376,uniform,0.0005122586185948297,4096,8192,0
0.0,8192,376,pilot_adaptive,-0.01790373353568131,128,8192,128
0.0,8192,376,regularized_adaptive,-0.003150171275804192,3508,8192,128
0.0,8192,377,uniform,-0.0034979669155938975,4096,8192,0
0.0,8192,377,pilot_adaptive,3.126436369949026e-05,4334,8192,128
0.0,8192,377,regularized_adaptive,0.0021160027191433617,4709,8192,128
0.0,8192,378,uniform,0.00254420080367157,4096,8192,0
0.0,8192,378,pilot_adaptive,0.001188555359834309,4216,8192,128
0.0,8192,378,regularized_adaptive,-0.0032165326833577534,4598,8192,128
0.0,8192,379,uniform,0.004381023044863985,4096,8192,0
0.0,8192,379,pilot_adaptive,-0.0024556078981772256,4389,8192,128
0.0,8192,379,regularized_adaptive,-0.0015797382016080608,4761,8192,128
0.0,8192,380,uniform,-0.002137014672364268,4096,8192,0
0.0,8192,380,pilot_adaptive,-0.010210337390773594,128,8192,128
0.0,8192,380,regularized_adaptive,0.008449481649569934,3626,8192,128
0.0,8192,381,uniform,-0.005089268619577814,4096,8192,0
0.0,8192,381,pilot_adaptive,0.0004889722248544448,4232,8192,128
0.0,8192,381,regularized_adaptive,-0.0035051091423581315,4613,8192,128
0.0,8192,382,uniform,-0.0026155998725279073,4096,8192,0
0.0,8192,382,pilot_adaptive,0.003213051063681638,4232,8192,128
0.0,8192,382,regularized_adaptive,0.0012781234264893637,4613,8192,128
0.0,8192,383,uniform,-0.004769487765549085,4096,8192,0
0.0,8192,383,pilot_adaptive,-0.007507247507576809,4421,8192,128
0.0,8192,383,regularized_adaptive,-0.0006172736817122715,4791,8192,128
0.0,8192,384,uniform,-0.0026681726276123197,4096,8192,0
0.0,8192,384,pilot_adaptive,-0.007702470458280208,128,8192,128
0.0,8192,384,regularized_adaptive,0.0003020559338324791,3539,8192,128
0.0,8192,385,uniform,-0.0056892564872452756,4096,8192,0
0.0,8192,385,pilot_adaptive,-0.021779527885897876,128,8192,128
0.0,8192,385,regularized_adaptive,0.0037936275359562455,3567,8192,128
0.0,8192,386,uniform,0.0015724023673306942,4096,8192,0
0.0,8192,386,pilot_adaptive,0.0037059707311983825,4272,8192,128
0.0,8192,386,regularized_adaptive,-0.0037716599741741685,4651,8192,128
0.0,8192,387,uniform,-0.003940779558447405,4096,8192,0
0.0,8192,387,pilot_adaptive,0.0027694123376600377,4290,8192,128
0.0,8192,387,regularized_adaptive,-0.003283658676662027,4668,8192,128
0.0,8192,388,uniform,0.006782603636854345,4096,8192,0
0.0,8192,388,pilot_adaptive,0.016439057304965976,128,8192,128
0.0,8192,388,regularized_adaptive,-0.005826474149447813,3513,8192,128
0.0,8192,389,uniform,0.0017116913134895828,4096,8192,0
0.0,8192,389,pilot_adaptive,-0.024105004496027815,128,8192,128
0.0,8192,389,regularized_adaptive,0.004225183018291778,3567,8192,128
0.0,8192,390,uniform,-0.005759715520985198,4096,8192,0
0.0,8192,390,pilot_adaptive,0.0026355853608930335,128,8192,128
0.0,8192,390,regularized_adaptive,-0.0012684953510391228,3650,8192,128
0.0,8192,391,uniform,0.0035691150355374734,4096,8192,0
0.0,8192,391,pilot_adaptive,-0.00036797357296980415,4223,8192,128
0.0,8192,391,regularized_adaptive,0.0051382015786065605,4605,8192,128
0.0,8192,392,uniform,0.006535453978325334,4096,8192,0
0.0,8192,392,pilot_adaptive,-0.0037985393267836454,4925,8192,128
0.0,8192,392,regularized_adaptive,-0.0067009276145590935,5113,8192,128
0.0,8192,393,uniform,-0.002402593649988516,4096,8192,0
0.0,8192,393,pilot_adaptive,-0.003586700127254483,4360,8192,128
0.0,8192,393,regularized_adaptive,0.0024949744943205676,4734,8192,128
0.0,8192,394,uniform,-0.005583024896195665,4096,8192,0
0.0,8192,394,pilot_adaptive,0.02513560022287087,128,8192,128
0.0,8192,394,regularized_adaptive,0.001305697206384293,3513,8192,128
0.0,8192,395,uniform,0.007489909176451315,4096,8192,0
0.0,8192,395,pilot_adaptive,-0.005730886178333394,4360,8192,128
0.0,8192,395,regularized_adaptive,0.0036698444970639787,4734,8192,128
0.0,8192,396,uniform,0.002101388160818063,4096,8192,0
0.0,8192,396,pilot_adaptive,-0.0013964532265526852,4232,8192,128
0.0,8192,396,regularized_adaptive,-0.0011201930793707238,4613,8192,128
0.0,8192,397,uniform,-0.0007240327144903969,4096,8192,0
0.0,8192,397,pilot_adaptive,-0.00706410433000948,128,8192,128
0.0,8192,397,regularized_adaptive,0.002133143875082011,3505,8192,128
0.0,8192,398,uniform,0.0008824400659481757,4096,8192,0
0.0,8192,398,pilot_adaptive,0.0012048399534105858,5750,8192,128
0.0,8192,398,regularized_adaptive,-0.0022865290036497843,5807,8192,128
0.0,8192,399,uniform,-0.002897436007486709,4096,8192,0
0.0,8192,399,pilot_adaptive,0.016530252466147255,128,8192,128
0.0,8192,399,regularized_adaptive,0.005379904617474507,3539,8192,128
0.2,2048,0,uniform,0.008187220493349301,1024,2048,0
0.2,2048,0,pilot_adaptive,0.005834601341722756,1266,2048,128
0.2,2048,0,regularized_adaptive,0.005142943055245208,1294,2048,128
0.2,2048,1,uniform,0.005997560043018879,1024,2048,0
0.2,2048,1,pilot_adaptive,0.006256542359897033,1070,2048,128
0.2,2048,1,regularized_adaptive,-0.00035397468675091304,1157,2048,128
0.2,2048,2,uniform,-0.009833051073397492,1024,2048,0
0.2,2048,2,pilot_adaptive,0.02412145390586007,1317,2048,128
0.2,2048,2,regularized_adaptive,0.0004051138996423731,1336,2048,128
0.2,2048,3,uniform,0.008753064925027587,1024,2048,0
0.2,2048,3,pilot_adaptive,-0.0047379586555211795,1272,2048,128
0.2,2048,3,regularized_adaptive,0.015362301448954785,1310,2048,128
0.2,2048,4,uniform,0.003944473336646492,1024,2048,0
0.2,2048,4,pilot_adaptive,0.023771396265114042,1319,2048,128
0.2,2048,4,regularized_adaptive,0.01101224775476961,1343,2048,128
0.2,2048,5,uniform,0.0133426768460283,1024,2048,0
0.2,2048,5,pilot_adaptive,0.0029629175913394867,1022,2048,128
0.2,2048,5,regularized_adaptive,0.011130209879290032,1111,2048,128
0.2,2048,6,uniform,-0.008278608007603605,1024,2048,0
0.2,2048,6,pilot_adaptive,0.0038362107931000367,1010,2048,128
0.2,2048,6,regularized_adaptive,-0.0045509548660276344,1101,2048,128
0.2,2048,7,uniform,-0.012094256638348178,1024,2048,0
0.2,2048,7,pilot_adaptive,-0.0040427986596931476,1045,2048,128
0.2,2048,7,regularized_adaptive,0.005645887454374776,1134,2048,128
0.2,2048,8,uniform,-0.0001530114290568818,1024,2048,0
0.2,2048,8,pilot_adaptive,-0.0056485634424903175,1453,2048,128
0.2,2048,8,regularized_adaptive,-0.010175577634315758,1459,2048,128
0.2,2048,9,uniform,-0.003543733695603013,1024,2048,0
0.2,2048,9,pilot_adaptive,0.012546095713751093,1061,2048,128
0.2,2048,9,regularized_adaptive,-0.0001928651629685696,1149,2048,128
0.2,2048,10,uniform,0.003452346181348709,1024,2048,0
0.2,2048,10,pilot_adaptive,-0.0061393109027036985,1356,2048,128
0.2,2048,10,regularized_adaptive,-0.01151562546567142,1370,2048,128
0.2,2048,11,uniform,0.017160497638533112,1024,2048,0
0.2,2048,11,pilot_adaptive,0.012233912916344902,1374,2048,128
0.2,2048,11,regularized_adaptive,0.00810460678146585,1390,2048,128
0.2,2048,12,uniform,-0.004887885741057918,1024,2048,0
0.2,2048,12,pilot_adaptive,-0.005519320734948874,1053,2048,128
0.2,2048,12,regularized_adaptive,0.0015673936625493212,1141,2048,128
0.2,2048,13,uniform,-0.015344060837414908,1024,2048,0
0.2,2048,13,pilot_adaptive,0.002047357563371932,1443,2048,128
0.2,2048,13,regularized_adaptive,0.021803406398108738,1451,2048,128
0.2,2048,14,uniform,0.008683691972168006,1024,2048,0
0.2,2048,14,pilot_adaptive,-0.033572451262740444,128,2048,128
0.2,2048,14,regularized_adaptive,0.01282520116340713,849,2048,128
0.2,2048,15,uniform,0.0071964496974734615,1024,2048,0
0.2,2048,15,pilot_adaptive,0.006358894116538671,1405,2048,128
0.2,2048,15,regularized_adaptive,0.0016520265626560615,1416,2048,128
0.2,2048,16,uniform,0.011012098328218034,1024,2048,0
0.2,2048,16,pilot_adaptive,-0.010015378726206059,1350,2048,128
0.2,2048,16,regularized_adaptive,-0.001676461577901911,1367,2048,128
0.2,2048,17,uniform,-0.005592476078454478,1024,2048,0
0.2,2048,17,pilot_adaptive,0.005154897856674889,1217,2048,128
0.2,2048,17,regularized_adaptive,0.002528377620368616,1260,2048,128
0.2,2048,18,uniform,0.0138413204866068,1024,2048,0
0.2,2048,18,pilot_adaptive,0.013287284587055304,1443,2048,128
0.2,2048,18,regularized_adaptive,-0.011570453817911108,1452,2048,128
0.2,2048,19,uniform,0.008046302425870344,1024,2048,0
0.2,2048,19,pilot_adaptive,-0.017137394508560444,1202,2048,128
0.2,2048,19,regularized_adaptive,0.00233446052636177,1245,2048,128
0.2,2048,20,uniform,0.012284705259052675,1024,2048,0
0.2,2048,20,pilot_adaptive,0.016277572878725,1180,2048,128
0.2,2048,20,regularized_adaptive,-0.020019827305740368,1225,2048,128
0.2,2048,21,uniform,0.0030989649317700874,1024,2048,0
0.2,2048,21,pilot_adaptive,-0.005943780857707637,1038,2048,128
0.2,2048,21,regularized_adaptive,0.006197421626141342,1127,2048,128
0.2,2048,22,uniform,-0.0011416100631724824,1024,2048,0
0.2,2048,22,pilot_adaptive,-0.003932812380682105,1167,2048,128
0.2,2048,22,regularized_adaptive,-0.0041928826628376825,1212,2048,128
0.2,2048,23,uniform,0.012215332306193538,1024,2048,0
0.2,2048,23,pilot_adaptive,0.0006711777471521962,1369,2048,128
0.2,2048,23,regularized_adaptive,0.0012983873127416778,1383,2048,128
0.2,2048,24,uniform,0.019421703203483798,1024,2048,0
0.2,2048,24,pilot_adaptive,-0.0077185945529145705,1302,2048,128
0.2,2048,24,regularized_adaptive,-0.0017113837690216904,1327,2048,128
0.2,2048,25,uniform,-0.014142999021200087,1024,2048,0
0.2,2048,25,pilot_adaptive,0.0027911619021843137,1287,2048,128
0.2,2048,25,regularized_adaptive,-0.005189472793434735,1314,2048,128
0.2,2048,26,uniform,-0.008135517778363965,1024,2048,0
0.2,2048,26,pilot_adaptive,0.006516793679366195,1405,2048,128
0.2,2048,26,regularized_adaptive,0.010086592802500238,1416,2048,128
0.2,2048,27,uniform,-0.012094256638348178,1024,2048,0
0.2,2048,27,pilot_adaptive,-0.005923829852466422,1413,2048,128
0.2,2048,27,regularized_adaptive,-0.0034032454286361258,1424,2048,128
0.2,2048,28,uniform,0.005642006631679575,1024,2048,0
0.2,2048,28,pilot_adaptive,-0.013172965016498228,1413,2048,128
0.2,2048,28,regularized_adaptive,0.010786856564942937,1424,2048,128
0.2,2048,29,uniform,-0.023892411618399834,1024,2048,0
0.2,2048,29,pilot_adaptive,0.004598533794909709,1352,2048,128
0.2,2048,29,regularized_adaptive,-0.0015168470622635155,1374,2048,128
0.2,2048,30,uniform,0.02034092888474026,1024,2048,0
0.2,2048,30,pilot_adaptive,-0.0015788823615898728,1217,2048,128
0.2,2048,30,regularized_adaptive,-0.010652832864619821,1260,2048,128
0.2,2048,31,uniform,0.0030989649317700874,1024,2048,0
0.2,2048,31,pilot_adaptive,0.010225192315074239,1294,2048,128
0.2,2048,31,regularized_adaptive,-0.007441456768761512,1320,2048,128
0.2,2048,32,uniform,0.0072658226503325984,1024,2048,0
0.2,2048,32,pilot_adaptive,0.0077840858254956125,1317,2048,128
0.2,2048,32,regularized_adaptive,-0.011557005634683648,1336,2048,128
0.2,2048,33,uniform,0.017444505935252153,1024,2048,0
0.2,2048,33,pilot_adaptive,0.009280006129644747,1180,2048,128
0.2,2048,33,regularized_adaptive,-0.00703050380503667,1225,2048,128
0.2,2048,34,uniform,-0.007571845508446362,1024,2048,0
0.2,2048,34,pilot_adaptive,0.017441276294781094,1383,2048,128
0.2,2048,34,regularized_adaptive,0.020130464047696695,1399,2048,128
0.2,2048,35,uniform,-0.013789617771621465,1024,2048,0
0.2,2048,35,pilot_adaptive,0.001692094467657057,1379,2048,128
0.2,2048,35,regularized_adaptive,0.013037657521994817,1392,2048,128
0.2,2048,36,uniform,0.012566541394011477,1024,2048,0
0.2,2048,36,pilot_adaptive,-0.026794268981659375,1350,2048,128
0.2,2048,36,regularized_adaptive,0.011863527594724754,1367,2048,128
0.2,2048,37,uniform,-0.017674639355225175,1024,2048,0
0.2,2048,37,pilot_adaptive,0.009079450046344029,1287,2048,128
0.2,2048,37,regularized_adaptive,-0.008055352859952514,1314,2048,128
0.2,2048,38,uniform,-0.013999908791960447,1024,2048,0
0.2,2048,38,pilot_adaptive,-0.010384402107097124,1017,2048,128
0.2,2048,38,regularized_adaptive,0.00802081086682449,1107,2048,128
0.2,2048,39,uniform,-0.005733394145933879,1024,2048,0
0.2,2048,39,pilot_adaptive,0.008141654525831488,1202,2048,128
0.2,2048,39,regularized_adaptive,0.009756860401997525,1245,2048,128
0.2,2048,40,uniform,-0.0193721726502587,1024,2048,0
0.2,2048,40,pilot_adaptive,0.002849230790626045,1236,2048,128
0.2,2048,40,regularized_adaptive,-0.002294285506866167,1277,2048,128
0.2,2048,41,uniform,0.012566541394011477,1024,2048,0
0.2,2048,41,pilot_adaptive,0.0018654637020540932,1350,2048,128
0.2,2048,41,regularized_adaptive,0.016944212896545796,1367,2048,128
0.2,2048,42,uniform,-0.009973969140876893,1024,2048,0
0.2,2048,42,pilot_adaptive,-0.009326089406586302,1329,2048,128
0.2,2048,42,regularized_adaptive,0.010385727132760536,1353,2048,128
0.2,2048,43,uniform,0.013060840711069499,1024,2048,0
0.2,2048,43,pilot_adaptive,-0.005662968614431829,1518,2048,128
0.2,2048,43,regularized_adaptive,-0.009175692095874766,1522,2048,128
0.2,2048,44,uniform,-0.021704923329829207,1024,2048,0
0.2,2048,44,pilot_adaptive,-0.002437689853138636,1032,2048,128
0.2,2048,44,regularized_adaptive,-0.003995418987494226,1121,2048,128
0.2,2048,45,uniform,-0.017321258105646553,1024,2048,0
0.2,2048,45,pilot_adaptive,-0.015314613482480421,1329,2048,128
0.2,2048,45,regularized_adaptive,0.005080182643729003,1353,2048,128
0.2,2048,46,uniform,-0.002696053128966369,1024,2048,0
0.2,2048,46,pilot_adaptive,0.010575543285517242,1314,2048,128
0.2,2048,46,regularized_adaptive,-0.0012202042661235701,1333,2048,128
0.2,2048,47,uniform,-0.0010006919956935256,1024,2048,0
0.2,2048,47,pilot_adaptive,-0.013507494056927083,1281,2048,128
0.2,2048,47,regularized_adaptive,-0.004748905065159015,1308,2048,128
0.2,2048,48,uniform,-0.021279996965630765,1024,2048,0
0.2,2048,48,pilot_adaptive,-0.012689402883557577,1417,2048,128
0.2,2048,48,regularized_adaptive,-0.014410938762031034,1425,2048,128
0.2,2048,49,uniform,0.014829919120722401,1024,2048,0
0.2,2048,49,pilot_adaptive,0.0007825634420122185,1209,2048,128
0.2,2048,49,regularized_adaptive,-0.004961019716704929,1252,2048,128
0.2,2048,50,uniform,0.004016018451266312,1024,2048,0
0.2,2048,50,pilot_adaptive,-0.017361678170561667,1350,2048,128
0.2,2048,50,regularized_adaptive,0.014480977139523787,1367,2048,128
0.2,2048,51,uniform,-0.0007860566518336221,1024,2048,0
0.2,2048,51,pilot_adaptive,-0.007804988322707818,1416,2048,128
0.2,2048,51,regularized_adaptive,0.021491642047206216,1425,2048,128
0.2,2048,52,uniform,0.006277224016216998,1024,2048,0
0.2,2048,52,pilot_adaptive,0.003104917249860062,1390,2048,128
0.2,2048,52,regularized_adaptive,-0.006462818237354284,1403,2048,128
0.2,2048,53,uniform,-0.020009562196556363,1024,2048,0
0.2,2048,53,pilot_adaptive,0.010765738637633415,1263,2048,128
0.2,2048,53,regularized_adaptive,0.011635897503204706,1290,2048,128
0.2,2048,54,uniform,-0.0007882288135938609,1024,2048,0
0.2,2048,54,pilot_adaptive,0.00528406553001437,1271,2048,128
0.2,2048,54,regularized_adaptive,0.008653347798836641,1298,2048,128
0.2,2048,55,uniform,-0.010396723343314651,1024,2048,0
0.2,2048,55,pilot_adaptive,-0.010022441665643367,1202,2048,128
0.2,2048,55,regularized_adaptive,-0.0024498312160088354,1245,2048,128
0.2,2048,56,uniform,-0.004603877444338433,1024,2048,0
0.2,2048,56,pilot_adaptive,-0.009379976610207397,1357,2048,128
0.2,2048,56,regularized_adaptive,0.0021470009153627956,1374,2048,128
0.2,2048,57,uniform,-0.009620587891298271,1024,2048,0
0.2,2048,57,pilot_adaptive,0.01993866583124282,1236,2048,128
0.2,2048,57,regularized_adaptive,-0.020912379186035057,1277,2048,128
0.2,2048,58,uniform,0.00458186288294371,1024,2048,0
0.2,2048,58,pilot_adaptive,-0.010900792321445696,1391,2048,128
0.2,2048,58,regularized_adaptive,0.0053631140549539325,1401,2048,128
0.2,2048,59,uniform,0.008397511513688283,1024,2048,0
0.2,2048,59,pilot_adaptive,0.004262228371346044,1357,2048,128
0.2,2048,59,regularized_adaptive,0.013721093998491973,1374,2048,128
0.2,2048,60,uniform,-0.012163629591207759,1024,2048,0
0.2,2048,60,pilot_adaptive,0.01289265139517859,1217,2048,128
0.2,2048,60,regularized_adaptive,0.010322933084083274,1260,2048,128
0.2,2048,61,uniform,0.0050783343617624155,1024,2048,0
0.2,2048,61,pilot_adaptive,-0.003870988786308871,1287,2048,128
0.2,2048,61,regularized_adaptive,0.0015158818003961905,1314,2048,128
0.2,2048,62,uniform,0.006630605265795619,1024,2048,0
0.2,2048,62,pilot_adaptive,-0.0017229254339565792,1328,2048,128
0.2,2048,62,regularized_adaptive,0.0032025319405293295,1346,2048,128
0.2,2048,63,uniform,0.004865871179663195,1024,2048,0
0.2,2048,63,pilot_adaptive,-0.004801845195153476,1422,2048,128
0.2,2048,63,regularized_adaptive,0.003784175546746038,1433,2048,128
0.2,2048,64,uniform,-0.000716683698974041,1024,2048,0
0.2,2048,64,pilot_adaptive,-0.003210489679705386,1422,2048,128
0.2,2048,64,regularized_adaptive,0.0034443022314847305,1431,2048,128
0.2,2048,65,uniform,-0.007571845508446362,1024,2048,0
0.2,2048,65,pilot_adaptive,0.005965991663907211,1272,2048,128
0.2,2048,65,regularized_adaptive,-0.0003764039152418519,1310,2048,128
0.2,2048,66,uniform,0.017444505935252153,1024,2048,0
0.2,2048,66,pilot_adaptive,0.002369958640842995,1366,2048,128
0.2,2048,66,regularized_adaptive,0.013893126981257442,1387,2048,128
0.2,2048,67,uniform,0.0070577037917542995,1024,2048,0
0.2,2048,67,pilot_adaptive,0.005077812136424331,1287,2048,128
0.2,2048,67,regularized_adaptive,-0.011195023317918107,1314,2048,128
0.2,2048,68,uniform,0.00041283300262096034,1024,2048,0
0.2,2048,68,pilot_adaptive,0.013249094410292095,1032,2048,128
0.2,2048,68,regularized_adaptive,-0.022539968225558482,1121,2048,128
0.2,2048,69,uniform,0.0028886739114315496,1024,2048,0
0.2,2048,69,pilot_adaptive,-0.0112862217082208,1176,2048,128
0.2,2048,69,regularized_adaptive,0.017056272291945618,1221,2048,128
0.2,2048,70,uniform,-0.0066526198271903425,1024,2048,0
0.2,2048,70,pilot_adaptive,0.015552640192051381,1053,2048,128
0.2,2048,70,regularized_adaptive,-0.00495370434931619,1141,2048,128
0.2,2048,71,uniform,-0.0038277419923220535,1024,2048,0
0.2,2048,71,pilot_adaptive,-0.013089792055711591,1032,2048,128
0.2,2048,71,regularized_adaptive,-0.0032733955620458666,1121,2048,128
0.2,2048,72,uniform,0.013060840711069499,1024,2048,0
0.2,2048,72,pilot_adaptive,0.013758795177825967,1259,2048,128
0.2,2048,72,regularized_adaptive,0.021177829412187155,1287,2048,128
0.2,2048,73,uniform,-0.024388883097218095,1024,2048,0
0.2,2048,73,pilot_adaptive,0.013910414909011237,1332,2048,128
0.2,2048,73,regularized_adaptive,-0.006616423348627887,1351,2048,128
0.2,2048,74,uniform,-0.018665410151101458,1024,2048,0
0.2,2048,74,pilot_adaptive,-0.021196928073215382,1287,2048,128
0.2,2048,74,regularized_adaptive,0.007470096626482903,1314,2048,128
0.2,2048,75,uniform,-0.023682120598060852,1024,2048,0
0.2,2048,75,pilot_adaptive,-0.02093497459377458,128,2048,128
0.2,2048,75,regularized_adaptive,-0.01849544263261027,900,2048,128
0.2,2048,76,uniform,0.0010502225489186223,1024,2048,0
0.2,2048,76,pilot_adaptive,-0.023560092447787007,128,2048,128
0.2,2048,76,regularized_adaptive,-0.005247954598036841,876,2048,128
0.2,2048,77,uniform,-0.015413433790274489,1024,2048,0
0.2,2048,77,pilot_adaptive,0.06530610852020535,128,2048,128
0.2,2048,77,regularized_adaptive,0.017922528463837573,910,2048,128
0.2,2048,78,uniform,0.01426190252728432,1024,2048,0
0.2,2048,78,pilot_adaptive,-0.0013999015160743866,1350,2048,128
0.2,2048,78,regularized_adaptive,0.007628925701972822,1367,2048,128
0.2,2048,79,uniform,-0.0011437822249331653,1024,2048,0
0.2,2048,79,pilot_adaptive,-0.006426904795882926,1226,2048,128
0.2,2048,79,regularized_adaptive,-0.014491014107846478,1268,2048,128
0.2,2048,80,uniform,0.001969448230175086,1024,2048,0
0.2,2048,80,pilot_adaptive,0.004680813230731218,1266,2048,128
0.2,2048,80,regularized_adaptive,0.005882846341043635,1294,2048,128
0.2,2048,81,uniform,-0.012022711523728358,1024,2048,0
0.2,2048,81,pilot_adaptive,0.0026641676092120647,1390,2048,128
0.2,2048,81,regularized_adaptive,0.0010443066084770969,1403,2048,128
0.2,2048,82,uniform,0.0044409448154647535,1024,2048,0
0.2,2048,82,pilot_adaptive,0.013656202215925894,1350,2048,128
0.2,2048,82,regularized_adaptive,-0.009317289360031733,1367,2048,128
0.2,2048,83,uniform,0.008256593446209326,1024,2048,0
0.2,2048,83,pilot_adaptive,0.010887903358107742,1287,2048,128
0.2,2048,83,regularized_adaptive,-0.0028180540026792045,1314,2048,128
0.2,2048,84,uniform,-0.00997179697911621,1024,2048,0
0.2,2048,84,pilot_adaptive,0.0019154881909670962,1410,2048,128
0.2,2048,84,regularized_adaptive,0.003406091676201317,1420,2048,128
0.2,2048,85,uniform,0.010873352422498872,1024,2048,0
0.2,2048,85,pilot_adaptive,-0.009848644955799735,1422,2048,128
0.2,2048,85,regularized_adaptive,0.0034315763014678424,1433,2048,128
0.2,2048,86,uniform,-0.009973969140876893,1024,2048,0
0.2,2048,86,pilot_adaptive,-0.008170665546802347,1053,2048,128
0.2,2048,86,regularized_adaptive,0.00156294508832433,1141,2048,128
0.2,2048,87,uniform,-0.0008576017664534419,1024,2048,0
0.2,2048,87,pilot_adaptive,-0.009105226495274454,128,2048,128
0.2,2048,87,regularized_adaptive,0.016977132045912224,869,2048,128
0.2,2048,88,uniform,0.00761920389991122,1024,2048,0
0.2,2048,88,pilot_adaptive,-0.007879874616214089,1032,2048,128
0.2,2048,88,regularized_adaptive,-0.006113270137197979,1121,2048,128
0.2,2048,89,uniform,-0.007077546191388784,1024,2048,0
0.2,2048,89,pilot_adaptive,0.016650287179603485,1202,2048,128
0.2,2048,89,regularized_adaptive,-0.0025732658055201973,1245,2048,128
0.2,2048,90,uniform,0.012779004576110697,1024,2048,0
0.2,2048,90,pilot_adaptive,0.006598851306778286,1180,2048,128
0.2,2048,90,regularized_adaptive,0.019518876077871727,1225,2048,128
0.2,2048,91,uniform,-0.01230454765868716,1024,2048,0
0.2,2048,91,pilot_adaptive,-0.004675818222492634,1435,2048,128
0.2,2048,91,regularized_adaptive,-0.004324158010763579,1444,2048,128
0.2,2048,92,uniform,-0.008207062892983785,1024,2048,0
0.2,2048,92,pilot_adaptive,0.004700941935096292,1053,2048,128
0.2,2048,92,regularized_adaptive,0.006205196311435568,1141,2048,128
0.2,2048,93,uniform,0.010942725375358453,1024,2048,0
0.2,2048,93,pilot_adaptive,0.015422237600511757,1405,2048,128
0.2,2048,93,regularized_adaptive,0.0065256593763316495,1416,2048,128
0.2,2048,94,uniform,0.0058544698137792395,1024,2048,0
0.2,2048,94,pilot_adaptive,-0.003262329050491175,1202,2048,128
0.2,2048,94,regularized_adaptive,-0.007851295905935807,1245,2048,128
0.2,2048,95,uniform,0.0014057759602574826,1024,2048,0
0.2,2048,95,pilot_adaptive,-0.008406600493334082,1356,2048,128
0.2,2048,95,regularized_adaptive,0.007228154221976091,1370,2048,128
0.2,2048,96,uniform,0.0038751003837869114,1024,2048,0
0.2,2048,96,pilot_adaptive,0.013063240739164428,1202,2048,128
0.2,2048,96,regularized_adaptive,0.004272501374435134,1245,2048,128
0.2,2048,97,uniform,0.01341422196064812,1024,2048,0
0.2,2048,97,pilot_adaptive,0.008970068766367856,1490,2048,128
0.2,2048,97,regularized_adaptive,-0.001877816918759656,1494,2048,128
0.2,2048,98,uniform,-0.005026631646776636,1024,2048,0
0.2,2048,98,pilot_adaptive,-0.007205017431883398,1413,2048,128
0.2,2048,98,regularized_adaptive,0.00159696098379003,1424,2048,128
0.2,2048,99,uniform,0.001969448230175086,1024,2048,0
0.2,2048,99,pilot_adaptive,-0.018915653167611346,128,2048,128
0.2,2048,99,regularized_adaptive,0.024329338803584566,910,2048,128
0.2,2048,100,uniform,-0.008419526075083006,1024,2048,0
0.2,2048,100,pilot_adaptive,0.013801246746766527,1032,2048,128
0.2,2048,100,regularized_adaptive,-0.01529366235184737,1121,2048,128
0.2,2048,101,uniform,0.02917111580068399,1024,2048,0
0.2,2048,101,pilot_adaptive,-0.007189249214792692,1340,2048,128
0.2,2048,101,regularized_adaptive,0.006341292192144632,1363,2048,128
0.2,2048,102,uniform,-0.004038033012660591,1024,2048,0
0.2,2048,102,pilot_adaptive,-0.009299986193064935,1217,2048,128
0.2,2048,102,regularized_adaptive,0.004817591680850608,1260,2048,128
0.2,2048,103,uniform,-0.018665410151101458,1024,2048,0
0.2,2048,103,pilot_adaptive,0.01955592687723451,1202,2048,128
0.2,2048,103,regularized_adaptive,-0.0055834915412043,1245,2048,128
0.2,2048,104,uniform,0.0023922024326132885,1024,2048,0
0.2,2048,104,pilot_adaptive,-0.009212799326709042,1196,2048,128
0.2,2048,104,regularized_adaptive,0.0043775456100614285,1239,2048,128
0.2,2048,105,uniform,-0.005804939260553699,1024,2048,0
0.2,2048,105,pilot_adaptive,-0.013618529017652037,1180,2048,128
0.2,2048,105,regularized_adaptive,0.005732624005730269,1225,2048,128
0.2,2048,106,uniform,0.014758374006102581,1024,2048,0
0.2,2048,106,pilot_adaptive,-0.012740005062368276,128,2048,128
0.2,2048,106,regularized_adaptive,-0.00892195657071948,900,2048,128
0.2,2048,107,uniform,5.945175304233885e-05,1024,2048,0
0.2,2048,107,pilot_adaptive,-0.0025576145105592474,1340,2048,128
0.2,2048,107,regularized_adaptive,0.004392302607395315,1363,2048,128
0.2,2048,108,uniform,0.0009786774342988025,1024,2048,0
0.2,2048,108,pilot_adaptive,-0.0032580513569864245,1413,2048,128
0.2,2048,108,regularized_adaptive,0.0008204800523405886,1424,2048,128
0.2,2048,109,uniform,-0.0037540247159415507,1024,2048,0
0.2,2048,109,pilot_adaptive,0.007742747351833668,1281,2048,128
0.2,2048,109,regularized_adaptive,-0.027279373032107923,1308,2048,128
0.2,2048,110,uniform,0.010589344125779832,1024,2048,0
0.2,2048,110,pilot_adaptive,0.0070731967203543356,1287,2048,128
0.2,2048,110,regularized_adaptive,-0.014146462881762911,1314,2048,128
0.2,2048,111,uniform,-0.014427007317918683,1024,2048,0
0.2,2048,111,pilot_adaptive,0.0033521452827929288,1092,2048,128
0.2,2048,111,regularized_adaptive,0.002916433994186729,1178,2048,128
0.2,2048,112,uniform,-0.01216145742944752,1024,2048,0
0.2,2048,112,pilot_adaptive,-0.01359297435854101,1185,2048,128
0.2,2048,112,regularized_adaptive,-0.016437706985912293,1229,2048,128
0.2,2048,113,uniform,-0.005664021193074298,1024,2048,0
0.2,2048,113,pilot_adaptive,-0.0013158113478302091,1202,2048,128
0.2,2048,113,regularized_adaptive,0.002953447307802559,1245,2048,128
0.2,2048,114,uniform,-0.011883965618009196,1024,2048,0
0.2,2048,114,pilot_adaptive,0.012669686649305234,1271,2048,128
0.2,2048,114,regularized_adaptive,-0.0006718990505167888,1298,2048,128
0.2,2048,115,uniform,0.018077551158028893,1024,2048,0
0.2,2048,115,pilot_adaptive,-0.0034543768367676364,1032,2048,128
0.2,2048,115,regularized_adaptive,-0.01031182706367062,1121,2048,128
0.2,2048,116,uniform,-0.004885713579297235,1024,2048,0
0.2,2048,116,pilot_adaptive,0.01277795708987517,1266,2048,128
0.2,2048,116,regularized_adaptive,0.0024006489554682098,1294,2048,128
0.2,2048,117,uniform,-0.017325602429167475,1024,2048,0
0.2,2048,117,pilot_adaptive,-0.0029313590757831243,1302,2048,128
0.2,2048,117,regularized_adaptive,0.01827942800310467,1327,2048,128
0.2,2048,118,uniform,-0.019510918555977863,1024,2048,0
0.2,2048,118,pilot_adaptive,0.004889764708456923,1271,2048,128
0.2,2048,118,regularized_adaptive,-0.0026682752201865334,1298,2048,128
0.2,2048,119,uniform,-0.0010006919956935256,1024,2048,0
0.2,2048,119,pilot_adaptive,-0.019678693051588425,1167,2048,128
0.2,2048,119,regularized_adaptive,0.0010670343482170885,1212,2048,128
0.2,2048,120,uniform,-0.02643762548006956,1024,2048,0
0.2,2048,120,pilot_adaptive,0.002459284627890579,1236,2048,128
0.2,2048,120,regularized_adaptive,0.00502175056527987,1277,2048,128
0.2,2048,121,uniform,-0.011879621294488718,1024,2048,0
0.2,2048,121,pilot_adaptive,-0.020944877286756647,1217,2048,128
0.2,2048,121,regularized_adaptive,0.007200015592423892,1260,2048,128
0.2,2048,122,uniform,-0.0005757656314946402,1024,2048,0
0.2,2048,122,pilot_adaptive,0.002889511928007682,1180,2048,128
0.2,2048,122,regularized_adaptive,-0.003883753885233876,1225,2048,128
0.2,2048,123,uniform,0.017865087975930116,1024,2048,0
0.2,2048,123,pilot_adaptive,0.004118153167058214,1443,2048,128
0.2,2048,123,regularized_adaptive,-0.002800483022469269,1452,2048,128
0.2,2048,124,uniform,0.0031683378846296684,1024,2048,0
0.2,2048,124,pilot_adaptive,0.0003097300933956326,1374,2048,128
0.2,2048,124,regularized_adaptive,0.00998156111317794,1387,2048,128
0.2,2048,125,uniform,0.0017569850480758653,1024,2048,0
0.2,2048,125,pilot_adaptive,0.008558954240470484,1053,2048,128
0.2,2048,125,regularized_adaptive,-0.014707177063690402,1141,2048,128
0.2,2048,126,uniform,-0.008913825392141028,1024,2048,0
0.2,2048,126,pilot_adaptive,0.0010223348470677074,1473,2048,128
0.2,2048,126,regularized_adaptive,0.016902233689367385,1478,2048,128
0.2,2048,127,uniform,-0.011456867092050516,1024,2048,0
0.2,2048,127,pilot_adaptive,-0.007001619525628389,1190,2048,128
0.2,2048,127,regularized_adaptive,-0.006486510511969801,1234,2048,128
0.2,2048,128,uniform,0.014474365709383985,1024,2048,0
0.2,2048,128,pilot_adaptive,0.020975729182410863,1081,2048,128
0.2,2048,128,regularized_adaptive,-0.006738462427756442,1167,2048,128
0.2,2048,129,uniform,0.0015445218659766446,1024,2048,0
0.2,2048,129,pilot_adaptive,-0.005672380070796734,128,2048,128
0.2,2048,129,regularized_adaptive,0.0052355753558925855,910,2048,128
0.2,2048,130,uniform,-0.007146919144247921,1024,2048,0
0.2,2048,130,pilot_adaptive,-0.004267639802371992,1405,2048,128
0.2,2048,130,regularized_adaptive,0.0019059287834650718,1416,2048,128
0.2,2048,131,uniform,-0.019513090717738102,1024,2048,0
0.2,2048,131,pilot_adaptive,-0.011947737990712692,1432,2048,128
0.2,2048,131,regularized_adaptive,0.01509834378846353,1442,2048,128
0.2,2048,132,uniform,0.001969448230175086,1024,2048,0
0.2,2048,132,pilot_adaptive,0.011560467602475644,1374,2048,128
0.2,2048,132,regularized_adaptive,-0.005988566485686242,1387,2048,128
0.2,2048,133,uniform,-0.002698225290726608,1024,2048,0
0.2,2048,133,pilot_adaptive,-0.0014499656377666703,1092,2048,128
0.2,2048,133,regularized_adaptive,-0.0021530139466294784,1178,2048,128
0.2,2048,134,uniform,-0.0030494343785449907,1024,2048,0
0.2,2048,134,pilot_adaptive,-0.014333044193297617,1061,2048,128
0.2,2048,134,regularized_adaptive,-0.0068544083893491425,1149,2048,128
0.2,2048,135,uniform,-0.014424835156158888,1024,2048,0
0.2,2048,135,pilot_adaptive,0.01934694824685712,1393,2048,128
0.2,2048,135,regularized_adaptive,0.007547856254542573,1408,2048,128
0.2,2048,136,uniform,0.012000696962333635,1024,2048,0
0.2,2048,136,pilot_adaptive,0.010738118704593624,1226,2048,128
0.2,2048,136,regularized_adaptive,0.0005728631732830891,1268,2048,128
0.2,2048,137,uniform,0.0071964496974734615,1024,2048,0
0.2,2048,137,pilot_adaptive,-0.0164699529820167,1008,2048,128
0.2,2048,137,regularized_adaptive,-0.02317321494411484,1098,2048,128
0.2,2048,138,uniform,-0.014637298338257665,1024,2048,0
0.2,2048,138,pilot_adaptive,0.014775571654211284,1383,2048,128
0.2,2048,138,regularized_adaptive,0.011160705341395794,1399,2048,128
0.2,2048,139,uniform,0.014684656729722523,1024,2048,0
0.2,2048,139,pilot_adaptive,0.007662260012959887,1032,2048,128
0.2,2048,139,regularized_adaptive,-0.01593032127771954,1121,2048,128
0.2,2048,140,uniform,0.000625296184720181,1024,2048,0
0.2,2048,140,pilot_adaptive,-0.011679552688987016,1217,2048,128
0.2,2048,140,regularized_adaptive,0.002028155561661915,1260,2048,128
0.2,2048,141,uniform,-0.00933875175633947,1024,2048,0
0.2,2048,141,pilot_adaptive,0.011885366840656442,1294,2048,128
0.2,2048,141,regularized_adaptive,-0.0074401087120081755,1320,2048,128
0.2,2048,142,uniform,0.0016854399334560455,1024,2048,0
0.2,2048,142,pilot_adaptive,0.0018580082119035168,1190,2048,128
0.2,2048,142,regularized_adaptive,0.0011910144304745351,1234,2048,128
0.2,2048,143,uniform,0.011929151847713815,1024,2048,0
0.2,2048,143,pilot_adaptive,0.0008578994796262229,1390,2048,128
0.2,2048,143,regularized_adaptive,0.00027113286677638015,1403,2048,128
0.2,2048,144,uniform,0.0035932642488281097,1024,2048,0
0.2,2048,144,pilot_adaptive,0.03062459279516938,128,2048,128
0.2,2048,144,regularized_adaptive,-0.0169724386574166,858,2048,128
0.2,2048,145,uniform,-0.004744795511817834,1024,2048,0
0.2,2048,145,pilot_adaptive,0.006210268511484873,1287,2048,128
0.2,2048,145,regularized_adaptive,0.008613026273197377,1314,2048,128
0.2,2048,146,uniform,0.004156936518745269,1024,2048,0
0.2,2048,146,pilot_adaptive,0.0012687285750998534,1455,2048,128
0.2,2048,146,regularized_adaptive,0.001202505811169985,1464,2048,128
0.2,2048,147,uniform,0.008328138560829146,1024,2048,0
0.2,2048,147,pilot_adaptive,-0.030543469123495814,128,2048,128
0.2,2048,147,regularized_adaptive,-0.005364780251277512,981,2048,128
0.2,2048,148,uniform,0.007267994812093281,1024,2048,0
0.2,2048,148,pilot_adaptive,0.01813971764577227,1281,2048,128
0.2,2048,148,regularized_adaptive,-0.008990985558607889,1308,2048,128
0.2,2048,149,uniform,-0.016898503903208795,1024,2048,0
0.2,2048,149,pilot_adaptive,-0.01777580265024925,1405,2048,128
0.2,2048,149,regularized_adaptive,0.00900194754394601,1419,2048,128
0.2,2048,150,uniform,0.005217080267481133,1024,2048,0
0.2,2048,150,pilot_adaptive,0.017012011542490324,1344,2048,128
0.2,2048,150,regularized_adaptive,-0.014026221354309865,1361,2048,128
0.2,2048,151,uniform,0.005360170496720773,1024,2048,0
0.2,2048,151,pilot_adaptive,0.012301787160993616,1362,2048,128
0.2,2048,151,regularized_adaptive,-0.03300199054720565,1375,2048,128
0.2,2048,152,uniform,-0.0058764843751735185,1024,2048,0
0.2,2048,152,pilot_adaptive,0.007355669823406519,1105,2048,128
0.2,2048,152,regularized_adaptive,0.004888551065443725,1189,2048,128
0.2,2048,153,uniform,-0.0024814177851069097,1024,2048,0
0.2,2048,153,pilot_adaptive,0.004110549549411591,1287,2048,128
0.2,2048,153,regularized_adaptive,0.008187012595296306,1314,2048,128
0.2,2048,154,uniform,-0.013295318454563443,1024,2048,0
0.2,2048,154,pilot_adaptive,0.010332621454362645,1258,2048,128
0.2,2048,154,regularized_adaptive,-0.02378348474009684,1298,2048,128
0.2,2048,155,uniform,-0.006511701759710942,1024,2048,0
0.2,2048,155,pilot_adaptive,0.003904133141716226,1452,2048,128
0.2,2048,155,regularized_adaptive,-0.008606463501150685,1460,2048,128
0.2,2048,156,uniform,0.0022512843651338876,1024,2048,0
0.2,2048,156,pilot_adaptive,-0.009272345740372057,1329,2048,128
0.2,2048,156,regularized_adaptive,-0.022877945537960187,1353,2048,128
0.2,2048,157,uniform,0.008256593446209326,1024,2048,0
0.2,2048,157,pilot_adaptive,0.02327093054024587,1070,2048,128
0.2,2048,157,regularized_adaptive,0.014920437186135338,1157,2048,128
0.2,2048,158,uniform,-0.010184260161215875,1024,2048,0
0.2,2048,158,pilot_adaptive,-0.004110426741095186,1217,2048,128
0.2,2048,158,regularized_adaptive,0.011586226496283825,1260,2048,128
0.2,2048,159,uniform,-0.01011488720835585,1024,2048,0
0.2,2048,159,pilot_adaptive,0.0015938729663060869,1217,2048,128
0.2,2048,159,regularized_adaptive,-0.008030137431666695,1260,2048,128
0.2,2048,160,uniform,-0.005167549714256037,1024,2048,0
0.2,2048,160,pilot_adaptive,0.012001363602172077,1070,2048,128
0.2,2048,160,regularized_adaptive,-0.01951655160319543,1157,2048,128
0.2,2048,161,uniform,0.009457655262424147,1024,2048,0
0.2,2048,161,pilot_adaptive,-0.0035794118286545107,1329,2048,128
0.2,2048,161,regularized_adaptive,-0.007522519783088377,1353,2048,128
0.2,2048,162,uniform,-0.004391414262239213,1024,2048,0
0.2,2048,162,pilot_adaptive,6.335305663629498e-05,1209,2048,128
0.2,2048,162,regularized_adaptive,-0.014756053880156994,1252,2048,128
0.2,2048,163,uniform,-0.021917386511928427,1024,2048,0
0.2,2048,163,pilot_adaptive,0.00790825790381744,1310,2048,128
0.2,2048,163,regularized_adaptive,0.03346518231113249,1335,2048,128
0.2,2048,164,uniform,-0.009904596188017312,1024,2048,0
0.2,2048,164,pilot_adaptive,-0.007730758576751651,1196,2048,128
0.2,2048,164,regularized_adaptive,-0.0015549506578294015,1239,2048,128
0.2,2048,165,uniform,-0.013858990724480602,1024,2048,0
0.2,2048,165,pilot_adaptive,0.027846100693928122,1328,2048,128
0.2,2048,165,regularized_adaptive,-0.002549535561801708,1346,2048,128
0.2,2048,166,uniform,0.021611363653814664,1024,2048,0
0.2,2048,166,pilot_adaptive,0.017683416824887388,1281,2048,128
0.2,2048,166,regularized_adaptive,0.023522461410501627,1308,2048,128
0.2,2048,167,uniform,0.006702150380415439,1024,2048,0
0.2,2048,167,pilot_adaptive,0.013217587728324265,1443,2048,128
0.2,2048,167,regularized_adaptive,-0.02343326563530601,1452,2048,128
0.2,2048,168,uniform,0.004935244132522332,1024,2048,0
0.2,2048,168,pilot_adaptive,0.004172158543791049,1176,2048,128
0.2,2048,168,regularized_adaptive,0.005686043326909029,1221,2048,128
0.2,2048,169,uniform,-0.0045323323297186136,1024,2048,0
0.2,2048,169,pilot_adaptive,-0.0175691527076296,1287,2048,128
0.2,2048,169,regularized_adaptive,0.004484433263706844,1314,2048,128
0.2,2048,170,uniform,-0.0030494343785449907,1024,2048,0
0.2,2048,170,pilot_adaptive,0.01996256583340772,1259,2048,128
0.2,2048,170,regularized_adaptive,0.006605868539937276,1287,2048,128
0.2,2048,171,uniform,0.002533120500092245,1024,2048,0
0.2,2048,171,pilot_adaptive,0.004446854391346289,1185,2048,128
0.2,2048,171,regularized_adaptive,0.0029054302835169743,1229,2048,128
0.2,2048,172,uniform,-0.012163629591207759,1024,2048,0
0.2,2048,172,pilot_adaptive,0.012864225424511488,1416,2048,128
0.2,2048,172,regularized_adaptive,-0.00911235659455878,1425,2048,128
0.2,2048,173,uniform,-0.016473577539010353,1024,2048,0
0.2,2048,173,pilot_adaptive,-0.01486805507834088,1017,2048,128
0.2,2048,173,regularized_adaptive,0.0011391641636016026,1107,2048,128
0.2,2048,174,uniform,0.005431715611341037,1024,2048,0
0.2,2048,174,pilot_adaptive,0.00310845500513679,1393,2048,128
0.2,2048,174,regularized_adaptive,0.002606837776472748,1408,2048,128
0.2,2048,175,uniform,-0.0031209794931648105,1024,2048,0
0.2,2048,175,pilot_adaptive,0.005880422600371471,1217,2048,128
0.2,2048,175,regularized_adaptive,0.012349297849778118,1260,2048,128
0.2,2048,176,uniform,-0.004040205174421274,1024,2048,0
0.2,2048,176,pilot_adaptive,-0.010378738712603752,1276,2048,128
0.2,2048,176,regularized_adaptive,-0.0007645849094171098,1303,2048,128
0.2,2048,177,uniform,0.008466884466547864,1024,2048,0
0.2,2048,177,pilot_adaptive,0.027501287102599026,1014,2048,128
0.2,2048,177,regularized_adaptive,0.009943307199781426,1104,2048,128
0.2,2048,178,uniform,-0.00233832755586727,1024,2048,0
0.2,2048,178,pilot_adaptive,-0.003237967474702952,1119,2048,128
0.2,2048,178,regularized_adaptive,-0.013164641515117648,1202,2048,128
0.2,2048,179,uniform,-0.0010700649485526625,1024,2048,0
0.2,2048,179,pilot_adaptive,-0.016355258428216946,1038,2048,128
0.2,2048,179,regularized_adaptive,-0.002450505974908257,1127,2048,128
0.2,2048,180,uniform,0.021966917065153968,1024,2048,0
0.2,2048,180,pilot_adaptive,-7.522147834615467e-05,1185,2048,128
0.2,2048,180,regularized_adaptive,0.007978662564434913,1229,2048,128
0.2,2048,181,uniform,-0.007855853805165403,1024,2048,0
0.2,2048,181,pilot_adaptive,-0.0028065561280246065,1310,2048,128
0.2,2048,181,regularized_adaptive,-7.194433573154413e-05,1335,2048,128
0.2,2048,182,uniform,-0.02248105878184603,1024,2048,0
0.2,2048,182,pilot_adaptive,-0.00808256453819789,1038,2048,128
0.2,2048,182,regularized_adaptive,0.0013303064023522104,1127,2048,128
0.2,2048,183,uniform,0.001967276068414847,1024,2048,0
0.2,2048,183,pilot_adaptive,-0.023063082361590492,1483,2048,128
0.2,2048,183,regularized_adaptive,-0.0013124986614960754,1489,2048,128
0.2,2048,184,uniform,-0.015415605952034728,1024,2048,0
0.2,2048,184,pilot_adaptive,-0.008062866032152005,1271,2048,128
0.2,2048,184,regularized_adaptive,-0.0028565695676499026,1298,2048,128
0.2,2048,185,uniform,0.015181128208541228,1024,2048,0
0.2,2048,185,pilot_adaptive,-0.005265271272279826,1276,2048,128
0.2,2048,185,regularized_adaptive,-0.01669699046857831,1303,2048,128
0.2,2048,186,uniform,-0.0019199176769495452,1024,2048,0
0.2,2048,186,pilot_adaptive,0.0029038267374801308,1393,2048,128
0.2,2048,186,regularized_adaptive,0.013766418394721036,1408,2048,128
0.2,2048,187,uniform,-0.0038949427834213957,1024,2048,0
0.2,2048,187,pilot_adaptive,-0.004909135901553174,1413,2048,128
0.2,2048,187,regularized_adaptive,0.007092130475683245,1424,2048,128
0.2,2048,188,uniform,0.017583251840971315,1024,2048,0
0.2,2048,188,pilot_adaptive,-0.0017570519904697157,1405,2048,128
0.2,2048,188,regularized_adaptive,-0.00846502661132309,1416,2048,128
0.2,2048,189,uniform,0.0019651039066541642,1024,2048,0
0.2,2048,189,pilot_adaptive,0.07479691922317278,128,2048,128
0.2,2048,189,regularized_adaptive,0.012466407826830395,840,2048,128
0.2,2048,190,uniform,-0.0024814177851069097,1024,2048,0
0.2,2048,190,pilot_adaptive,0.00873777534733744,1272,2048,128
0.2,2048,190,regularized_adaptive,0.005191685596578566,1310,2048,128
0.2,2048,191,uniform,0.005995387881258196,1024,2048,0
0.2,2048,191,pilot_adaptive,-0.0028748018125264174,1070,2048,128
0.2,2048,191,regularized_adaptive,0.0061955818052630285,1157,2048,128
0.2,2048,192,uniform,-0.0018483725623297254,1024,2048,0
0.2,2048,192,pilot_adaptive,0.014271576974785649,1294,2048,128
0.2,2048,192,regularized_adaptive,0.0016037551636971514,1320,2048,128
0.2,2048,193,uniform,-0.01633265947153051,1024,2048,0
0.2,2048,193,pilot_adaptive,-0.011220005153564916,1287,2048,128
0.2,2048,193,regularized_adaptive,-0.0028180540026792045,1314,2048,128
0.2,2048,194,uniform,-0.0010678927867924237,1024,2048,0
0.2,2048,194,pilot_adaptive,0.003655325743313842,1426,2048,128
0.2,2048,194,regularized_adaptive,0.011748366708832503,1434,2048,128
0.2,2048,195,uniform,0.0021819114122743066,1024,2048,0
0.2,2048,195,pilot_adaptive,0.004421991067554032,1332,2048,128
0.2,2048,195,regularized_adaptive,0.009784669222925757,1351,2048,128
0.2,2048,196,uniform,0.002814956635051047,1024,2048,0
0.2,2048,196,pilot_adaptive,-0.008226311155242971,1294,2048,128
0.2,2048,196,regularized_adaptive,-0.022514001537956574,1320,2048,128
0.2,2048,197,uniform,0.005995387881258196,1024,2048,0
0.2,2048,197,pilot_adaptive,-0.03094733340872846,128,2048,128
0.2,2048,197,regularized_adaptive,0.02305065821218788,869,2048,128
0.2,2048,198,uniform,-0.0005042205168748204,1024,2048,0
0.2,2048,198,pilot_adaptive,0.009067192475851193,1271,2048,128
0.2,2048,198,regularized_adaptive,-0.011566265462061853,1298,2048,128
0.2,2048,199,uniform,-0.004183295403660914,1024,2048,0
0.2,2048,199,pilot_adaptive,-0.02116167214844067,1014,2048,128
0.2,2048,199,regularized_adaptive,0.0016267710010025027,1104,2048,128
0.2,2048,200,uniform,0.010517799011160012,1024,2048,0
0.2,2048,200,pilot_adaptive,0.007767844331659557,1443,2048,128
0.2,2048,200,regularized_adaptive,-0.001306839015343897,1451,2048,128
0.2,2048,201,uniform,0.010942725375358453,1024,2048,0
0.2,2048,201,pilot_adaptive,0.0020991471470352963,1209,2048,128
0.2,2048,201,regularized_adaptive,0.0022912832975894304,1252,2048,128
0.2,2048,202,uniform,0.014402820594764165,1024,2048,0
0.2,2048,202,pilot_adaptive,0.003621785849757586,1176,2048,128
0.2,2048,202,regularized_adaptive,0.0014502594695757764,1221,2048,128
0.2,2048,203,uniform,-0.0030494343785449907,1024,2048,0
0.2,2048,203,pilot_adaptive,0.003083714959675632,1332,2048,128
0.2,2048,203,regularized_adaptive,0.02222274108308131,1351,2048,128
0.2,2048,204,uniform,-0.006442328806851361,1024,2048,0
0.2,2048,204,pilot_adaptive,-0.015163190773764157,128,2048,128
0.2,2048,204,regularized_adaptive,-0.01958795187036655,869,2048,128
0.2,2048,205,uniform,-0.014637298338257665,1024,2048,0
0.2,2048,205,pilot_adaptive,0.04124274803797201,128,2048,128
0.2,2048,205,regularized_adaptive,0.004260994043518984,883,2048,128
0.2,2048,206,uniform,0.004724953112183794,1024,2048,0
0.2,2048,206,pilot_adaptive,0.00763766789690612,1202,2048,128
0.2,2048,206,regularized_adaptive,-0.00079919979883325,1245,2048,128
0.2,2048,207,uniform,-0.010255805275835694,1024,2048,0
0.2,2048,207,pilot_adaptive,-0.0026013551410635216,1236,2048,128
0.2,2048,207,regularized_adaptive,-0.0007269013595974094,1277,2048,128
0.2,2048,208,uniform,-0.007925226758024984,1024,2048,0
0.2,2048,208,pilot_adaptive,-0.0009173083900337886,1319,2048,128
0.2,2048,208,regularized_adaptive,0.02112114776383489,1343,2048,128
0.2,2048,209,uniform,0.0012605135692576042,1024,2048,0
0.2,2048,209,pilot_adaptive,0.018807035702010033,1310,2048,128
0.2,2048,209,regularized_adaptive,-0.007620371090299116,1335,2048,128
0.2,2048,210,uniform,0.015252673323161048,1024,2048,0
0.2,2048,210,pilot_adaptive,-0.004033633493231381,1226,2048,128
0.2,2048,210,regularized_adaptive,0.007709133104942367,1268,2048,128
0.2,2048,211,uniform,-0.002271126764767928,1024,2048,0
0.2,2048,211,pilot_adaptive,-0.007105845933570887,1397,2048,128
0.2,2048,211,regularized_adaptive,6.13746097894996e-05,1409,2048,128
0.2,2048,212,uniform,-0.016683868559349335,1024,2048,0
0.2,2048,212,pilot_adaptive,0.011261765902441212,1287,2048,128
0.2,2048,212,regularized_adaptive,-0.007526667785259011,1314,2048,128
0.2,2048,213,uniform,0.012002869124093873,1024,2048,0
0.2,2048,213,pilot_adaptive,-0.008042875697100715,1320,2048,128
0.2,2048,213,regularized_adaptive,0.009879681372144677,1339,2048,128
0.2,2048,214,uniform,0.011365479577796656,1024,2048,0
0.2,2048,214,pilot_adaptive,0.0003861319666018659,1324,2048,128
0.2,2048,214,regularized_adaptive,0.01101574390126192,1342,2048,128
0.2,2048,215,uniform,0.0030274198171502675,1024,2048,0
0.2,2048,215,pilot_adaptive,0.008149053257773264,1266,2048,128
0.2,2048,215,regularized_adaptive,-0.014732896277663166,1294,2048,128
0.2,2048,216,uniform,-0.003615278810222833,1024,2048,0
0.2,2048,216,pilot_adaptive,0.03342138069914702,1294,2048,128
0.2,2048,216,regularized_adaptive,0.010652000223850155,1320,2048,128
0.2,2048,217,uniform,-0.024883182414276117,1024,2048,0
0.2,2048,217,pilot_adaptive,0.00445497235592196,1281,2048,128
0.2,2048,217,regularized_adaptive,-0.009719772627644563,1308,2048,128
0.2,2048,218,uniform,-0.005380012896355257,1024,2048,0
0.2,2048,218,pilot_adaptive,-0.012740449245325802,1338,2048,128
0.2,2048,218,regularized_adaptive,-0.014779221299065615,1356,2048,128
0.2,2048,219,uniform,-0.00933875175633947,1024,2048,0
0.2,2048,219,pilot_adaptive,0.011360377793239174,1070,2048,128
0.2,2048,219,regularized_adaptive,0.011745637765015804,1157,2048,128
0.2,2048,220,uniform,-0.001989290629809126,1024,2048,0
0.2,2048,220,pilot_adaptive,-0.014934539246324707,1266,2048,128
0.2,2048,220,regularized_adaptive,-0.016837012774724602,1294,2048,128
0.2,2048,221,uniform,-0.0030494343785449907,1024,2048,0
0.2,2048,221,pilot_adaptive,0.0005979773040278857,1287,2048,128
0.2,2048,221,regularized_adaptive,0.002658811447110221,1314,2048,128
0.2,2048,222,uniform,0.007478285832432263,1024,2048,0
0.2,2048,222,pilot_adaptive,0.0008838246679219175,1319,2048,128
0.2,2048,222,regularized_adaptive,-0.007807606167691272,1343,2048,128
0.2,2048,223,uniform,-0.006368611530471302,1024,2048,0
0.2,2048,223,pilot_adaptive,-0.00454351818578802,1384,2048,128
0.2,2048,223,regularized_adaptive,-0.006087017839554676,1397,2048,128
0.2,2048,224,uniform,-0.013789617771621465,1024,2048,0
0.2,2048,224,pilot_adaptive,0.004485220720555461,1328,2048,128
0.2,2048,224,regularized_adaptive,0.009824109979495343,1346,2048,128
0.2,2048,225,uniform,0.0022512843651338876,1024,2048,0
0.2,2048,225,pilot_adaptive,-0.0021134992251763407,1340,2048,128
0.2,2048,225,regularized_adaptive,0.021909724097190164,1363,2048,128
0.2,2048,226,uniform,0.01998754763516164,1024,2048,0
0.2,2048,226,pilot_adaptive,-0.007080803481990916,1328,2048,128
0.2,2048,226,regularized_adaptive,-0.004127735209569661,1346,2048,128
0.2,2048,227,uniform,0.00980886435024253,1024,2048,0
0.2,2048,227,pilot_adaptive,0.0029163966029988053,1196,2048,128
0.2,2048,227,regularized_adaptive,-0.00988198629180026,1239,2048,128
0.2,2048,228,uniform,-0.004250496194759812,1024,2048,0
0.2,2048,228,pilot_adaptive,0.008968930261038732,1185,2048,128
0.2,2048,228,regularized_adaptive,0.009853659653554114,1229,2048,128
0.2,2048,229,uniform,0.008822437877886724,1024,2048,0
0.2,2048,229,pilot_adaptive,0.004455017801439531,1357,2048,128
0.2,2048,229,regularized_adaptive,0.0019639357957221826,1374,2048,128
0.2,2048,230,uniform,0.005501088564200618,1024,2048,0
0.2,2048,230,pilot_adaptive,-0.0023686841198058417,1384,2048,128
0.2,2048,230,regularized_adaptive,0.0058783586587107806,1397,2048,128
0.2,2048,231,uniform,-0.0026245080143465493,1024,2048,0
0.2,2048,231,pilot_adaptive,0.009242085210066087,1435,2048,128
0.2,2048,231,regularized_adaptive,0.003734184755354253,1444,2048,128
0.2,2048,232,uniform,0.0016876120952162843,1024,2048,0
0.2,2048,232,pilot_adaptive,0.008758079644696437,1217,2048,128
0.2,2048,232,regularized_adaptive,-0.009889761511125528,1260,2048,128
0.2,2048,233,uniform,-0.0023426718793877477,1024,2048,0
0.2,2048,233,pilot_adaptive,-0.019545936528527097,1365,2048,128
0.2,2048,233,regularized_adaptive,0.003469851592877049,1382,2048,128
0.2,2048,234,uniform,-0.0024835899468671485,1024,2048,0
0.2,2048,234,pilot_adaptive,-0.0025795034378308657,1185,2048,128
0.2,2048,234,regularized_adaptive,-0.012552231723001128,1229,2048,128
0.2,2048,235,uniform,0.011857606733093995,1024,2048,0
0.2,2048,235,pilot_adaptive,-0.0008144666571290315,1271,2048,128
0.2,2048,235,regularized_adaptive,-0.011440735897086718,1298,2048,128
0.2,2048,236,uniform,0.0035238912959685287,1024,2048,0
0.2,2048,236,pilot_adaptive,-0.006270778673065802,1302,2048,128
0.2,2048,236,regularized_adaptive,-0.015335205838115762,1338,2048,128
0.2,2048,237,uniform,-0.007218464258867741,1024,2048,0
0.2,2048,237,pilot_adaptive,-0.004605608443808862,1209,2048,128
0.2,2048,237,regularized_adaptive,0.0035405234013947684,1252,2048,128
0.2,2048,238,uniform,0.005995387881258196,1024,2048,0
0.2,2048,238,pilot_adaptive,0.01983261316721885,1061,2048,128
0.2,2048,238,regularized_adaptive,0.002267293448988017,1149,2048,128
0.2,2048,239,uniform,0.011931324009474054,1024,2048,0
0.2,2048,239,pilot_adaptive,7.635982798559482e-05,1338,2048,128
0.2,2048,239,regularized_adaptive,0.001530969630370027,1356,2048,128
0.2,2048,240,uniform,0.004863699017902512,1024,2048,0
0.2,2048,240,pilot_adaptive,0.011635628446774682,1287,2048,128
0.2,2048,240,regularized_adaptive,0.003972860088478747,1314,2048,128
0.2,2048,241,uniform,0.013980066392325519,1024,2048,0
0.2,2048,241,pilot_adaptive,-0.011840390517303678,1202,2048,128
0.2,2048,241,regularized_adaptive,0.007448515785390519,1245,2048,128
0.2,2048,242,uniform,-0.006368611530471302,1024,2048,0
0.2,2048,242,pilot_adaptive,-0.010030638892493116,128,2048,128
0.2,2048,242,regularized_adaptive,0.009531580369835702,891,2048,128
0.2,2048,243,uniform,-0.006865083009289563,1024,2048,0
0.2,2048,243,pilot_adaptive,-0.014014241232690683,1010,2048,128
0.2,2048,243,regularized_adaptive,-0.010694561143792747,1101,2048,128
0.2,2048,244,uniform,-0.007008173238529203,1024,2048,0
0.2,2048,244,pilot_adaptive,-0.01197006930184763,1038,2048,128
0.2,2048,244,regularized_adaptive,-0.008382676459637306,1127,2048,128
0.2,2048,245,uniform,-0.0037561968777022336,1024,2048,0
0.2,2048,245,pilot_adaptive,0.00043789345252687184,1271,2048,128
0.2,2048,245,regularized_adaptive,0.01497318952446891,1298,2048,128
0.2,2048,246,uniform,-0.013718072657001645,1024,2048,0
0.2,2048,246,pilot_adaptive,0.012122868264619058,1209,2048,128
0.2,2048,246,regularized_adaptive,-0.02200835689445091,1252,2048,128
0.2,2048,247,uniform,-0.011951166409108538,1024,2048,0
0.2,2048,247,pilot_adaptive,-0.013614913830457986,1365,2048,128
0.2,2048,247,regularized_adaptive,-0.0038958212125606018,1379,2048,128
0.2,2048,248,uniform,-0.010609186525414316,1024,2048,0
0.2,2048,248,pilot_adaptive,0.0066582460537163435,1276,2048,128
0.2,2048,248,regularized_adaptive,0.009053948528011446,1303,2048,128
0.2,2048,249,uniform,-0.01053981357255429,1024,2048,0
0.2,2048,249,pilot_adaptive,0.012271716197534754,1247,2048,128
0.2,2048,249,regularized_adaptive,-0.0014908729159857081,1287,2048,128
0.2,2048,250,uniform,0.005572633678820438,1024,2048,0
0.2,2048,250,pilot_adaptive,-0.006354478615906878,1428,2048,128
0.2,2048,250,regularized_adaptive,-0.004763031133660167,1437,2048,128
0.2,2048,251,uniform,-0.015274687884555327,1024,2048,0
0.2,2048,251,pilot_adaptive,-0.002744906134339864,1190,2048,128
0.2,2048,251,regularized_adaptive,2.070238057250151e-05,1234,2048,128
0.2,2048,252,uniform,-0.009904596188017312,1024,2048,0
0.2,2048,252,pilot_adaptive,-0.009518244075713334,1209,2048,128
0.2,2048,252,regularized_adaptive,-0.004021293633757583,1252,2048,128
0.2,2048,253,uniform,-0.005523103125594897,1024,2048,0
0.2,2048,253,pilot_adaptive,-0.011851328882015011,1328,2048,128
0.2,2048,253,regularized_adaptive,-0.003892934772870671,1346,2048,128
0.2,2048,254,uniform,0.004655580159324213,1024,2048,0
0.2,2048,254,pilot_adaptive,0.0024667581234574243,1276,2048,128
0.2,2048,254,regularized_adaptive,-0.0013510717806783923,1303,2048,128
0.2,2048,255,uniform,0.00345017401958847,1024,2048,0
0.2,2048,255,pilot_adaptive,0.004210334653466319,1119,2048,128
0.2,2048,255,regularized_adaptive,-0.0005546870169022,1202,2048,128
0.2,2048,256,uniform,0.04259525896114935,1024,2048,0
0.2,2048,256,pilot_adaptive,-0.005305579553738671,1287,2048,128
0.2,2048,256,regularized_adaptive,-0.006895311313773078,1314,2048,128
0.2,2048,257,uniform,-0.0005757656314946402,1024,2048,0
0.2,2048,257,pilot_adaptive,-0.009576290930755071,1453,2048,128
0.2,2048,257,regularized_adaptive,0.018096644976882015,1459,2048,128
0.2,2048,258,uniform,0.0018979031155552661,1024,2048,0
0.2,2048,258,pilot_adaptive,-0.01002470119565757,1226,2048,128
0.2,2048,258,regularized_adaptive,0.005251005499752104,1268,2048,128
0.2,2048,259,uniform,-0.004744795511817834,1024,2048,0
0.2,2048,259,pilot_adaptive,0.016124093699416697,1340,2048,128
0.2,2048,259,regularized_adaptive,-0.0057158271572923525,1363,2048,128
0.2,2048,260,uniform,-0.011883965618009196,1024,2048,0
0.2,2048,260,pilot_adaptive,-0.0019555609945411945,1310,2048,128
0.2,2048,260,regularized_adaptive,-0.0043930864585712825,1335,2048,128
0.2,2048,261,uniform,0.001969448230175086,1024,2048,0
0.2,2048,261,pilot_adaptive,-0.014995796016011642,1026,2048,128
0.2,2048,261,regularized_adaptive,-0.009642231084078468,1116,2048,128
0.2,2048,262,uniform,0.03637748669797469,1024,2048,0
0.2,2048,262,pilot_adaptive,-0.012848363775154414,1202,2048,128
0.2,2048,262,regularized_adaptive,-0.00913162355457775,1245,2048,128
0.2,2048,263,uniform,0.0011911406163980232,1024,2048,0
0.2,2048,263,pilot_adaptive,0.02444149183244626,1328,2048,128
0.2,2048,263,regularized_adaptive,-0.01878826950976631,1346,2048,128
0.2,2048,264,uniform,-0.010893194822132912,1024,2048,0
0.2,2048,264,pilot_adaptive,0.01667069821608136,1176,2048,128
0.2,2048,264,regularized_adaptive,-0.0006393433089928457,1221,2048,128
0.2,2048,265,uniform,0.01030750799082103,1024,2048,0
0.2,2048,265,pilot_adaptive,-0.0013766474132039797,1365,2048,128
0.2,2048,265,regularized_adaptive,-0.000616462021643116,1379,2048,128
0.2,2048,266,uniform,0.0030989649317700874,1024,2048,0
0.2,2048,266,pilot_adaptive,0.01246342179204385,1294,2048,128
0.2,2048,266,regularized_adaptive,-0.005632818799295336,1320,2048,128
0.2,2048,267,uniform,0.017936633090549936,1024,2048,0
0.2,2048,267,pilot_adaptive,0.017138922316481064,1271,2048,128
0.2,2048,267,regularized_adaptive,0.0009647777284111925,1298,2048,128
0.2,2048,268,uniform,0.004865871179663195,1024,2048,0
0.2,2048,268,pilot_adaptive,0.008647637619191961,1276,2048,128
0.2,2048,268,regularized_adaptive,-0.004869993008248752,1303,2048,128
0.2,2048,269,uniform,0.016664026159714407,1024,2048,0
0.2,2048,269,pilot_adaptive,-0.003557947227675662,1196,2048,128
0.2,2048,269,regularized_adaptive,-0.0032835895032312656,1239,2048,128
0.2,2048,270,uniform,-0.013507781636662664,1024,2048,0
0.2,2048,270,pilot_adaptive,0.005043792395763358,1410,2048,128
0.2,2048,270,regularized_adaptive,4.324019865320494e-05,1420,2048,128
0.2,2048,271,uniform,0.003382973228489572,1024,2048,0
0.2,2048,271,pilot_adaptive,0.001897118937118858,1092,2048,128
0.2,2048,271,regularized_adaptive,-0.003656455128180358,1178,2048,128
0.2,2048,272,uniform,-0.01032735039045507,1024,2048,0
0.2,2048,272,pilot_adaptive,-0.001970471886092451,1247,2048,128
0.2,2048,272,regularized_adaptive,0.017819582212791563,1287,2048,128
0.2,2048,273,uniform,0.0018263580009350022,1024,2048,0
0.2,2048,273,pilot_adaptive,0.022008151394877995,1287,2048,128
0.2,2048,273,regularized_adaptive,-0.016671888767707532,1314,2048,128
0.2,2048,274,uniform,-0.012514838679026141,1024,2048,0
0.2,2048,274,pilot_adaptive,-0.009010328317330618,1357,2048,128
0.2,2048,274,regularized_adaptive,0.005778767894064618,1374,2048,128
0.2,2048,275,uniform,0.017088952523912848,1024,2048,0
0.2,2048,275,pilot_adaptive,0.00018119035383445947,1163,2048,128
0.2,2048,275,regularized_adaptive,0.007045195047622688,1209,2048,128
0.2,2048,276,uniform,0.0010480503871579394,1024,2048,0
0.2,2048,276,pilot_adaptive,0.005060630554933887,1256,2048,128
0.2,2048,276,regularized_adaptive,-0.003655814796608592,1284,2048,128
0.2,2048,277,uniform,-0.002201753811908347,1024,2048,0
0.2,2048,277,pilot_adaptive,-0.012257658210792055,1271,2048,128
0.2,2048,277,regularized_adaptive,0.015366667523579292,1298,2048,128
0.2,2048,278,uniform,0.0038057274309273303,1024,2048,0
0.2,2048,278,pilot_adaptive,0.041040815895355465,128,2048,128
0.2,2048,278,regularized_adaptive,-0.016403593826916918,863,2048,128
0.2,2048,279,uniform,0.010873352422498872,1024,2048,0
0.2,2048,279,pilot_adaptive,-0.00913564088805563,1456,2048,128
0.2,2048,279,regularized_adaptive,0.014672422211317926,1462,2048,128
0.2,2048,280,uniform,0.008822437877886724,1024,2048,0
0.2,2048,280,pilot_adaptive,-0.021171161610741063,1070,2048,128
0.2,2048,280,regularized_adaptive,-0.003246582502287154,1157,2048,128
0.2,2048,281,uniform,-0.01350560947490198,1024,2048,0
0.2,2048,281,pilot_adaptive,0.026165519190639586,1338,2048,128
0.2,2048,281,regularized_adaptive,0.011045626330875358,1356,2048,128
0.2,2048,282,uniform,0.019705711500202838,1024,2048,0
0.2,2048,282,pilot_adaptive,-0.007351798449688474,1310,2048,128
0.2,2048,282,regularized_adaptive,0.01376062884381879,1335,2048,128
0.2,2048,283,uniform,0.005923842766638376,1024,2048,0
0.2,2048,283,pilot_adaptive,0.010915684505129697,1302,2048,128
0.2,2048,283,regularized_adaptive,-0.012147989156473749,1327,2048,128
0.2,2048,284,uniform,0.0057135517462993946,1024,2048,0
0.2,2048,284,pilot_adaptive,0.020911533496058787,1053,2048,128
0.2,2048,284,regularized_adaptive,0.0020170867757256516,1141,2048,128
0.2,2048,285,uniform,0.005644178793440258,1024,2048,0
0.2,2048,285,pilot_adaptive,-0.00027095327418402704,1217,2048,128
0.2,2048,285,regularized_adaptive,0.0003352721684386495,1260,2048,128
0.2,2048,286,uniform,-0.020360771284374746,1024,2048,0
0.2,2048,286,pilot_adaptive,-0.003707175641455951,1202,2048,128
0.2,2048,286,regularized_adaptive,0.006829529003949286,1245,2048,128
0.2,2048,287,uniform,0.014686828891482762,1024,2048,0
0.2,2048,287,pilot_adaptive,-0.012259096573406403,1173,2048,128
0.2,2048,287,regularized_adaptive,-0.0021375094050597454,1251,2048,128
0.2,2048,288,uniform,0.027337008761691983,1024,2048,0
0.2,2048,288,pilot_adaptive,-0.01852531109949851,1022,2048,128
0.2,2048,288,regularized_adaptive,0.005490168114513416,1111,2048,128
0.2,2048,289,uniform,0.00020036982052173968,1024,2048,0
0.2,2048,289,pilot_adaptive,-0.012138582835046208,1294,2048,128
0.2,2048,289,regularized_adaptive,0.0058261571870392714,1320,2048,128
0.2,2048,290,uniform,0.00698615867713448,1024,2048,0
0.2,2048,290,pilot_adaptive,-0.014794984793558008,1357,2048,128
0.2,2048,290,regularized_adaptive,0.01223925974949891,1374,2048,128
0.2,2048,291,uniform,0.0029558747025304477,1024,2048,0
0.2,2048,291,pilot_adaptive,-0.011279741589671488,1271,2048,128
0.2,2048,291,regularized_adaptive,0.006121074760897294,1298,2048,128
0.2,2048,292,uniform,-0.007996771872644803,1024,2048,0
0.2,2048,292,pilot_adaptive,0.0012413197590905867,1357,2048,128
0.2,2048,292,regularized_adaptive,0.008095725243952412,1374,2048,128
0.2,2048,293,uniform,0.016312817071896468,1024,2048,0
0.2,2048,293,pilot_adaptive,-0.0055308419545418985,1302,2048,128
0.2,2048,293,regularized_adaptive,0.013861308944306039,1327,2048,128
0.2,2048,294,uniform,0.011857606733093995,1024,2048,0
0.2,2048,294,pilot_adaptive,-0.0022624544744993536,1032,2048,128
0.2,2048,294,regularized_adaptive,-0.0166523447031679,1121,2048,128
0.2,2048,295,uniform,0.005219252429241816,1024,2048,0
0.2,2048,295,pilot_adaptive,0.006463538512347711,1357,2048,128
0.2,2048,295,regularized_adaptive,0.007104271189187106,1374,2048,128
0.2,2048,296,uniform,-0.005310639943495676,1024,2048,0
0.2,2048,296,pilot_adaptive,0.011322069301439974,1226,2048,128
0.2,2048,296,regularized_adaptive,-0.01425290122393541,1268,2048,128
0.2,2048,297,uniform,0.018502477522227334,1024,2048,0
0.2,2048,297,pilot_adaptive,0.01977288805883637,1383,2048,128
0.2,2048,297,regularized_adaptive,0.000788258980265244,1399,2048,128
0.2,2048,298,uniform,-0.007569673346686123,1024,2048,0
0.2,2048,298,pilot_adaptive,-0.0062871801496680035,1435,2048,128
0.2,2048,298,regularized_adaptive,-0.007517030316571027,1444,2048,128
0.2,2048,299,uniform,-0.0060867753955125,1024,2048,0
0.2,2048,299,pilot_adaptive,-0.015366520446787213,1350,2048,128
0.2,2048,299,regularized_adaptive,0.01811852371056677,1367,2048,128
0.2,2048,300,uniform,-0.011315949024571559,1024,2048,0
0.2,2048,300,pilot_adaptive,0.01001759428079696,1259,2048,128
0.2,2048,300,regularized_adaptive,0.01059663770779773,1287,2048,128
0.2,2048,301,uniform,-0.010253633114075011,1024,2048,0
0.2,2048,301,pilot_adaptive,0.00934424227058761,1319,2048,128
0.2,2048,301,regularized_adaptive,-0.0008344288585262483,1343,2048,128
0.2,2048,302,uniform,0.0009786774342988025,1024,2048,0
0.2,2048,302,pilot_adaptive,-0.010951524886001263,1276,2048,128
0.2,2048,302,regularized_adaptive,0.010913595837580559,1303,2048,128
0.2,2048,303,uniform,0.008891810830746305,1024,2048,0
0.2,2048,303,pilot_adaptive,-0.010469316583546995,1209,2048,128
0.2,2048,303,regularized_adaptive,0.00939989203684144,1252,2048,128
0.2,2048,304,uniform,0.020624937181459302,1024,2048,0
0.2,2048,304,pilot_adaptive,-0.012822539791506937,1266,2048,128
0.2,2048,304,regularized_adaptive,2.8306498590868756e-05,1294,2048,128
0.2,2048,305,uniform,0.0017569850480758653,1024,2048,0
0.2,2048,305,pilot_adaptive,0.01845901184979004,1032,2048,128
0.2,2048,305,regularized_adaptive,0.006996549695583276,1121,2048,128
0.2,2048,306,uniform,-0.015133769817075926,1024,2048,0
0.2,2048,306,pilot_adaptive,0.015917340138738023,1422,2048,128
0.2,2048,306,regularized_adaptive,-0.0013944247739492432,1433,2048,128
0.2,2048,307,uniform,-0.011103485842471894,1024,2048,0
0.2,2048,307,pilot_adaptive,0.011512682862772738,1338,2048,128
0.2,2048,307,regularized_adaptive,0.0034702293569468523,1356,2048,128
0.2,2048,308,uniform,-0.002696053128966369,1024,2048,0
0.2,2048,308,pilot_adaptive,0.008700794272983092,1319,2048,128
0.2,2048,308,regularized_adaptive,-0.01652407780414844,1343,2048,128
0.2,2048,309,uniform,0.0051477073146219965,1024,2048,0
0.2,2048,309,pilot_adaptive,-0.010953554098702245,1410,2048,128
0.2,2048,309,regularized_adaptive,-0.001404209399620715,1420,2048,128
0.2,2048,310,uniform,0.013132385825689319,1024,2048,0
0.2,2048,310,pilot_adaptive,0.012416966545844232,1053,2048,128
0.2,2048,310,regularized_adaptive,-0.005887196311393783,1141,2048,128
0.2,2048,311,uniform,0.009529200377043967,1024,2048,0
0.2,2048,311,pilot_adaptive,-0.007312350864405293,1352,2048,128
0.2,2048,311,regularized_adaptive,0.0001533991395246126,1374,2048,128
0.2,2048,312,uniform,-0.010396723343314651,1024,2048,0
0.2,2048,312,pilot_adaptive,-0.006333074468747757,1332,2048,128
0.2,2048,312,regularized_adaptive,-0.0014350040793931207,1351,2048,128
0.2,2048,313,uniform,-0.001989290629809126,1024,2048,0
0.2,2048,313,pilot_adaptive,-0.012434212346310147,1165,2048,128
0.2,2048,313,regularized_adaptive,0.018191806113746267,1210,2048,128
0.2,2048,314,uniform,-0.004038033012660591,1024,2048,0
0.2,2048,314,pilot_adaptive,0.006254276861131114,1202,2048,128
0.2,2048,314,regularized_adaptive,0.00868467551438723,1245,2048,128
0.2,2048,315,uniform,-0.002199581650148108,1024,2048,0
0.2,2048,315,pilot_adaptive,-0.002501378775701113,1003,2048,128
0.2,2048,315,regularized_adaptive,-0.002772956865342291,1094,2048,128
0.2,2048,316,uniform,-0.004109578127280411,1024,2048,0
0.2,2048,316,pilot_adaptive,-0.001937925210984126,1432,2048,128
0.2,2048,316,regularized_adaptive,0.007968006505192804,1442,2048,128
0.2,2048,317,uniform,-0.013223773339943179,1024,2048,0
0.2,2048,317,pilot_adaptive,0.01800558332148361,1397,2048,128
0.2,2048,317,regularized_adaptive,0.012920515051343173,1408,2048,128
0.2,2048,318,uniform,-0.0006451385843542212,1024,2048,0
0.2,2048,318,pilot_adaptive,-0.003636041551062341,1405,2048,128
0.2,2048,318,regularized_adaptive,0.005867114246062233,1415,2048,128
0.2,2048,319,uniform,-0.009056915621380668,1024,2048,0
0.2,2048,319,pilot_adaptive,-0.0016273198126954824,1328,2048,128
0.2,2048,319,regularized_adaptive,0.0030459983160633364,1346,2048,128
0.2,2048,320,uniform,0.0024637475472331083,1024,2048,0
0.2,2048,320,pilot_adaptive,-0.005000883966876479,1017,2048,128
0.2,2048,320,regularized_adaptive,0.004392097782614179,1107,2048,128
0.2,2048,321,uniform,-0.00919566152709983,1024,2048,0
0.2,2048,321,pilot_adaptive,0.006963418591912518,1401,2048,128
0.2,2048,321,regularized_adaptive,-0.00926032881322092,1411,2048,128
0.2,2048,322,uniform,0.0009786774342988025,1024,2048,0
0.2,2048,322,pilot_adaptive,0.003602131064659897,1196,2048,128
0.2,2048,322,regularized_adaptive,-0.014092599985190635,1239,2048,128
0.2,2048,323,uniform,-0.0045345044914792965,1024,2048,0
0.2,2048,323,pilot_adaptive,0.01592989078093776,1397,2048,128
0.2,2048,323,regularized_adaptive,0.011375047892437262,1409,2048,128
0.2,2048,324,uniform,-0.01944371776487852,1024,2048,0
0.2,2048,324,pilot_adaptive,0.002084044818484454,1173,2048,128
0.2,2048,324,regularized_adaptive,0.018344009716662057,1217,2048,128
0.2,2048,325,uniform,-0.014002080953720242,1024,2048,0
0.2,2048,325,pilot_adaptive,-0.007682561232481788,1259,2048,128
0.2,2048,325,regularized_adaptive,0.008964246926141506,1287,2048,128
0.2,2048,326,uniform,0.008044130264109661,1024,2048,0
0.2,2048,326,pilot_adaptive,0.004022011060799802,1405,2048,128
0.2,2048,326,regularized_adaptive,0.012552380540792996,1416,2048,128
0.2,2048,327,uniform,0.007903212196630705,1024,2048,0
0.2,2048,327,pilot_adaptive,0.011077408390563814,1092,2048,128
0.2,2048,327,regularized_adaptive,-0.0018889785304749829,1178,2048,128
0.2,2048,328,uniform,0.0009093044814392215,1024,2048,0
0.2,2048,328,pilot_adaptive,0.013341359800894459,1302,2048,128
0.2,2048,328,regularized_adaptive,0.005464739316868972,1327,2048,128
0.2,2048,329,uniform,-0.0011416100631724824,1024,2048,0
0.2,2048,329,pilot_adaptive,0.0032304730213206234,1276,2048,128
0.2,2048,329,regularized_adaptive,-0.018113114298840216,1303,2048,128
0.2,2048,330,uniform,0.01009504480872181,1024,2048,0
0.2,2048,330,pilot_adaptive,-0.0024179101494614663,1281,2048,128
0.2,2048,330,regularized_adaptive,0.01413076083900755,1308,2048,128
0.2,2048,331,uniform,-0.007641218461305943,1024,2048,0
0.2,2048,331,pilot_adaptive,0.02072991780696931,128,2048,128
0.2,2048,331,regularized_adaptive,0.00847897113567031,853,2048,128
0.2,2048,332,uniform,0.008822437877886724,1024,2048,0
0.2,2048,332,pilot_adaptive,-0.012646412493591885,1350,2048,128
0.2,2048,332,regularized_adaptive,-0.0011664130647797144,1367,2048,128
0.2,2048,333,uniform,0.01616972684265683,1024,2048,0
0.2,2048,333,pilot_adaptive,0.0018084668923270542,1045,2048,128
0.2,2048,333,regularized_adaptive,0.02683580855809753,1134,2048,128
0.2,2048,334,uniform,0.0065590601511757995,1024,2048,0
0.2,2048,334,pilot_adaptive,-0.012882170646840052,1362,2048,128
0.2,2048,334,regularized_adaptive,-0.020421062859067973,1375,2048,128
0.2,2048,335,uniform,0.0029580468642911306,1024,2048,0
0.2,2048,335,pilot_adaptive,-0.02054618752639259,1384,2048,128
0.2,2048,335,regularized_adaptive,-0.00584262846704986,1397,2048,128
0.2,2048,336,uniform,0.010517799011160012,1024,2048,0
0.2,2048,336,pilot_adaptive,0.002937634753955809,1340,2048,128
0.2,2048,336,regularized_adaptive,0.001785821570079893,1363,2048,128
0.2,2048,337,uniform,0.018008178205169756,1024,2048,0
0.2,2048,337,pilot_adaptive,0.02959554815617116,1263,2048,128
0.2,2048,337,regularized_adaptive,-0.006957964904559688,1290,2048,128
0.2,2048,338,uniform,-0.004955086532156816,1024,2048,0
0.2,2048,338,pilot_adaptive,0.0054332375096000085,1340,2048,128
0.2,2048,338,regularized_adaptive,-0.005862981963105085,1363,2048,128
0.2,2048,339,uniform,-0.002058663582668707,1024,2048,0
0.2,2048,339,pilot_adaptive,-0.0032656124291361444,1256,2048,128
0.2,2048,339,regularized_adaptive,-0.01420244859497144,1284,2048,128
0.2,2048,340,uniform,0.007055531629994061,1024,2048,0
0.2,2048,340,pilot_adaptive,0.0019954948246700965,1338,2048,128
0.2,2048,340,regularized_adaptive,-0.008924397475678969,1356,2048,128
0.2,2048,341,uniform,0.005431715611341037,1024,2048,0
0.2,2048,341,pilot_adaptive,-0.007298546770674097,1374,2048,128
0.2,2048,341,regularized_adaptive,-0.00922801871757084,1390,2048,128
0.2,2048,342,uniform,0.0023922024326132885,1024,2048,0
0.2,2048,342,pilot_adaptive,-0.0036530586446335,128,2048,128
0.2,2048,342,regularized_adaptive,-0.011149242884698651,883,2048,128
0.2,2048,343,uniform,0.01694803445643389,1024,2048,0
0.2,2048,343,pilot_adaptive,0.009627868589418664,1176,2048,128
0.2,2048,343,regularized_adaptive,-0.004780829999333047,1221,2048,128
0.2,2048,344,uniform,-0.014708843452877485,1024,2048,0
0.2,2048,344,pilot_adaptive,-0.025227213839221108,1328,2048,128
0.2,2048,344,regularized_adaptive,-0.017370891287501244,1346,2048,128
0.2,2048,345,uniform,-0.007146919144247921,1024,2048,0
0.2,2048,345,pilot_adaptive,0.014923622254752633,1294,2048,128
0.2,2048,345,regularized_adaptive,-0.005629785671600995,1320,2048,128
0.2,2048,346,uniform,0.005006789247142152,1024,2048,0
0.2,2048,346,pilot_adaptive,-0.016576698854744887,1209,2048,128
0.2,2048,346,regularized_adaptive,0.00014656805238422166,1252,2048,128
0.2,2048,347,uniform,-0.0052390948288758565,1024,2048,0
0.2,2048,347,pilot_adaptive,0.013128811050000078,1266,2048,128
0.2,2048,347,regularized_adaptive,0.020422078131558052,1294,2048,128
0.2,2048,348,uniform,-0.008985370506760848,1024,2048,0
0.2,2048,348,pilot_adaptive,0.008815074072159312,1263,2048,128
0.2,2048,348,regularized_adaptive,0.007678719096697151,1290,2048,128
0.2,2048,349,uniform,-0.007853681643405164,1024,2048,0
0.2,2048,349,pilot_adaptive,0.00014636128665879156,1173,2048,128
0.2,2048,349,regularized_adaptive,0.014310401468514478,1217,2048,128
0.2,2048,350,uniform,-0.005310639943495676,1024,2048,0
0.2,2048,350,pilot_adaptive,-0.009540580381206087,1357,2048,128
0.2,2048,350,regularized_adaptive,0.006441519541625862,1374,2048,128
0.2,2048,351,uniform,-0.004818512788197893,1024,2048,0
0.2,2048,351,pilot_adaptive,-0.009017542432173897,1350,2048,128
0.2,2048,351,regularized_adaptive,-0.010337386386275238,1367,2048,128
0.2,2048,352,uniform,0.0028865017496708667,1024,2048,0
0.2,2048,352,pilot_adaptive,0.008382538698622266,1384,2048,128
0.2,2048,352,regularized_adaptive,0.00339319432966656,1397,2048,128
0.2,2048,353,uniform,0.003382973228489572,1024,2048,0
0.2,2048,353,pilot_adaptive,0.019365875081857276,1266,2048,128
0.2,2048,353,regularized_adaptive,-0.005248178392474934,1294,2048,128
0.2,2048,354,uniform,0.0064896871983162185,1024,2048,0
0.2,2048,354,pilot_adaptive,-0.0013904171251284403,1032,2048,128
0.2,2048,354,regularized_adaptive,-0.009675168137798451,1121,2048,128
0.2,2048,355,uniform,-0.018455119130762476,1024,2048,0
0.2,2048,355,pilot_adaptive,0.00028313597520135403,1453,2048,128
0.2,2048,355,regularized_adaptive,-0.009750372928902795,1459,2048,128
0.2,2048,356,uniform,0.0002719149351415595,1024,2048,0
0.2,2048,356,pilot_adaptive,0.023725413691693564,1026,2048,128
0.2,2048,356,regularized_adaptive,-0.008291998249867927,1116,2048,128
0.2,2048,357,uniform,-0.019441545603117838,1024,2048,0
0.2,2048,357,pilot_adaptive,0.010618192921911351,1405,2048,128
0.2,2048,357,regularized_adaptive,-0.0048677446639762145,1416,2048,128
0.2,2048,358,uniform,-0.008066144825504384,1024,2048,0
0.2,2048,358,pilot_adaptive,0.003149293426052857,1302,2048,128
0.2,2048,358,regularized_adaptive,-0.013832102805406254,1327,2048,128
0.2,2048,359,uniform,-0.017674639355225175,1024,2048,0
0.2,2048,359,pilot_adaptive,-0.014164758168606184,1226,2048,128
0.2,2048,359,regularized_adaptive,-0.013500063189162859,1268,2048,128
0.2,2048,360,uniform,-0.011175030957091714,1024,2048,0
0.2,2048,360,pilot_adaptive,0.009682290340452315,1455,2048,128
0.2,2048,360,regularized_adaptive,0.006844961663387217,1464,2048,128
0.2,2048,361,uniform,-0.007003828915008725,1024,2048,0
0.2,2048,361,pilot_adaptive,0.00027092048264254487,1281,2048,128
0.2,2048,361,regularized_adaptive,0.004010273198476799,1308,2048,128
0.2,2048,362,uniform,-0.0038277419923220535,1024,2048,0
0.2,2048,362,pilot_adaptive,-0.008395382306930266,1422,2048,128
0.2,2048,362,regularized_adaptive,-0.007346345397114096,1433,2048,128
0.2,2048,363,uniform,0.003242055161010171,1024,2048,0
0.2,2048,363,pilot_adaptive,0.017855690175191175,1026,2048,128
0.2,2048,363,regularized_adaptive,-0.011822872427513786,1116,2048,128
0.2,2048,364,uniform,-0.019938017081936543,1024,2048,0
0.2,2048,364,pilot_adaptive,0.0005798310652691541,1405,2048,128
0.2,2048,364,regularized_adaptive,-0.022135636021747285,1416,2048,128
0.2,2048,365,uniform,0.011012098328218034,1024,2048,0
0.2,2048,365,pilot_adaptive,0.012972625411802774,1435,2048,128
0.2,2048,365,regularized_adaptive,-0.0007511000928928091,1444,2048,128
0.2,2048,366,uniform,-0.0008597739282141248,1024,2048,0
0.2,2048,366,pilot_adaptive,-0.008985861176828536,1428,2048,128
0.2,2048,366,regularized_adaptive,-0.00046112824561905796,1437,2048,128
0.2,2048,367,uniform,0.0016160669805964645,1024,2048,0
0.2,2048,367,pilot_adaptive,0.025280037523668142,1135,2048,128
0.2,2048,367,regularized_adaptive,0.009247312709503852,1217,2048,128
0.2,2048,368,uniform,-0.006299238577611721,1024,2048,0
0.2,2048,368,pilot_adaptive,0.018031612292725985,1383,2048,128
0.2,2048,368,regularized_adaptive,-0.012659588801806176,1399,2048,128
0.2,2048,369,uniform,-0.01703942197068775,1024,2048,0
0.2,2048,369,pilot_adaptive,-0.0003380595962978461,1173,2048,128
0.2,2048,369,regularized_adaptive,-0.02626090743168552,1217,2048,128
0.2,2048,370,uniform,0.008820265716126485,1024,2048,0
0.2,2048,370,pilot_adaptive,0.02717938806897413,1276,2048,128
0.2,2048,370,regularized_adaptive,0.006467777615914105,1303,2048,128
0.2,2048,371,uniform,0.01652310809223545,1024,2048,0
0.2,2048,371,pilot_adaptive,-0.02912994412518133,128,2048,128
0.2,2048,371,regularized_adaptive,-0.0011917343965914817,910,2048,128
0.2,2048,372,uniform,-0.005028803808536875,1024,2048,0
0.2,2048,372,pilot_adaptive,0.0010812501018357956,1209,2048,128
0.2,2048,372,regularized_adaptive,-0.014590234134340907,1252,2048,128
0.2,2048,373,uniform,0.0065590601511757995,1024,2048,0
0.2,2048,373,pilot_adaptive,-0.018966904956106756,1061,2048,128
0.2,2048,373,regularized_adaptive,-0.0005714464418109522,1149,2048,128
0.2,2048,374,uniform,-0.013789617771621465,1024,2048,0
0.2,2048,374,pilot_adaptive,0.004290516061352445,1365,2048,128
0.2,2048,374,regularized_adaptive,0.00913643019716126,1382,2048,128
0.2,2048,375,uniform,-0.004957258693917055,1024,2048,0
0.2,2048,375,pilot_adaptive,-0.003084950982338963,1276,2048,128
0.2,2048,375,regularized_adaptive,-0.00971070469167401,1303,2048,128
0.2,2048,376,uniform,0.006348769130836818,1024,2048,0
0.2,2048,376,pilot_adaptive,0.02587414487834394,1357,2048,128
0.2,2048,376,regularized_adaptive,-0.0051539608741197895,1374,2048,128
0.2,2048,377,uniform,0.015322046276020185,1024,2048,0
0.2,2048,377,pilot_adaptive,-0.008451190844251943,1022,2048,128
0.2,2048,377,regularized_adaptive,-0.01634335702326517,1111,2048,128
0.2,2048,378,uniform,-0.0045323323297186136,1024,2048,0
0.2,2048,378,pilot_adaptive,-0.0035278812155645767,1294,2048,128
0.2,2048,378,regularized_adaptive,0.022709362010829626,1320,2048,128
0.2,2048,379,uniform,0.0007662142521995818,1024,2048,0
0.2,2048,379,pilot_adaptive,-0.0051717454972388666,1081,2048,128
0.2,2048,379,regularized_adaptive,-0.010102389116972255,1167,2048,128
0.2,2048,380,uniform,-0.011172858795331475,1024,2048,0
0.2,2048,380,pilot_adaptive,-0.004460787215098794,128,2048,128
0.2,2048,380,regularized_adaptive,0.018464531857824262,869,2048,128
0.2,2048,381,uniform,0.00352171913420829,1024,2048,0
0.2,2048,381,pilot_adaptive,0.0015071531834154328,1365,2048,128
0.2,2048,381,regularized_adaptive,-0.0037176366802520455,1382,2048,128
0.2,2048,382,uniform,0.009245192080324927,1024,2048,0
0.2,2048,382,pilot_adaptive,-0.005420924068572308,1271,2048,128
0.2,2048,382,regularized_adaptive,0.009548944057848008,1298,2048,128
0.2,2048,383,uniform,-0.01633265947153051,1024,2048,0
0.2,2048,383,pilot_adaptive,0.010918725372461413,1202,2048,128
0.2,2048,383,regularized_adaptive,-0.007151228620744021,1245,2048,128
0.2,2048,384,uniform,0.001967276068414847,1024,2048,0
0.2,2048,384,pilot_adaptive,0.012567962156702528,1374,2048,128
0.2,2048,384,regularized_adaptive,-0.0037443099783240896,1390,2048,128
0.2,2048,385,uniform,0.0021797392505136237,1024,2048,0
0.2,2048,385,pilot_adaptive,0.003142376561101834,1180,2048,128
0.2,2048,385,regularized_adaptive,0.001051187693865696,1225,2048,128
0.2,2048,386,uniform,-0.007853681643405164,1024,2048,0
0.2,2048,386,pilot_adaptive,-0.0015560779111800649,1324,2048,128
0.2,2048,386,regularized_adaptive,-0.011158211816212127,1342,2048,128
0.2,2048,387,uniform,-0.016473577539010353,1024,2048,0
0.2,2048,387,pilot_adaptive,0.04184854446582076,128,2048,128
0.2,2048,387,regularized_adaptive,-0.011367834509286467,853,2048,128
0.2,2048,388,uniform,-0.0019177455151893064,1024,2048,0
0.2,2048,388,pilot_adaptive,-0.007310276778369484,1045,2048,128
0.2,2048,388,regularized_adaptive,-0.02581781039079578,1134,2048,128
0.2,2048,389,uniform,0.025424840122798997,1024,2048,0
0.2,2048,389,pilot_adaptive,-0.0032183931085070228,1053,2048,128
0.2,2048,389,regularized_adaptive,-0.017498755801471866,1141,2048,128
0.2,2048,390,uniform,-0.002271126764767928,1024,2048,0
0.2,2048,390,pilot_adaptive,-0.006612815339086975,1202,2048,128
0.2,2048,390,regularized_adaptive,-0.017336985053041598,1245,2048,128
0.2,2048,391,uniform,-0.004248324033000017,1024,2048,0
0.2,2048,391,pilot_adaptive,0.0035839675511954994,1467,2048,128
0.2,2048,391,regularized_adaptive,0.004520427727731757,1473,2048,128
0.2,2048,392,uniform,-0.0013519010835114642,1024,2048,0
0.2,2048,392,pilot_adaptive,0.0030537799372951646,1217,2048,128
0.2,2048,392,regularized_adaptive,-0.006314676265035235,1260,2048,128
0.2,2048,393,uniform,-0.022691349802185012,1024,2048,0
0.2,2048,393,pilot_adaptive,0.014250817315142772,1185,2048,128
0.2,2048,393,regularized_adaptive,-0.005608919676836965,1229,2048,128
0.2,2048,394,uniform,0.006346596969076579,1024,2048,0
0.2,2048,394,pilot_adaptive,0.011916409855232235,1202,2048,128
0.2,2048,394,regularized_adaptive,0.008603595010636234,1245,2048,128
0.2,2048,395,uniform,0.008607802534027265,1024,2048,0
0.2,2048,395,pilot_adaptive,-0.005672380070796734,128,2048,128
0.2,2048,395,regularized_adaptive,0.0222134359659516,858,2048,128
0.2,2048,396,uniform,-0.01880632821858086,1024,2048,0
0.2,2048,396,pilot_adaptive,0.02213641166350966,1338,2048,128
0.2,2048,396,regularized_adaptive,0.0018445397655511009,1356,2048,128
0.2,2048,397,uniform,-0.004885713579297235,1024,2048,0
0.2,2048,397,pilot_adaptive,0.01616972684265683,128,2048,128
0.2,2048,397,regularized_adaptive,0.02659169649733162,863,2048,128
0.2,2048,398,uniform,-0.0127294740228856,1024,2048,0
0.2,2048,398,pilot_adaptive,-0.0017923832782491544,1271,2048,128
0.2,2048,398,regularized_adaptive,-0.01596938510469581,1298,2048,128
0.2,2048,399,uniform,-0.031103126839211015,1024,2048,0
0.2,2048,399,pilot_adaptive,-0.005086887121824812,1226,2048,128
0.2,2048,399,regularized_adaptive,-0.01618228445297154,1268,2048,128
0.2,8192,0,uniform,-0.004603334403898263,4096,8192,0
0.2,8192,0,pilot_adaptive,0.002044660901289408,5436,8192,128
0.2,8192,0,regularized_adaptive,-0.004166661215074363,5544,8192,128
0.2,8192,1,uniform,0.0005727234296353245,4096,8192,0
0.2,8192,1,pilot_adaptive,0.0032326089298089222,128,8192,128
0.2,8192,1,regularized_adaptive,0.002489038352956552,3678,8192,128
0.2,8192,2,uniform,-0.0030136618212348587,4096,8192,0
0.2,8192,2,pilot_adaptive,-0.001472905869294383,5381,8192,128
0.2,8192,2,regularized_adaptive,4.373670186685885e-05,5493,8192,128
0.2,8192,3,uniform,0.0019325895919850566,4096,8192,0
0.2,8192,3,pilot_adaptive,-0.0006834385178491331,5502,8192,128
0.2,8192,3,regularized_adaptive,-0.012773067154502549,5606,8192,128
0.2,8192,4,uniform,0.008433827111438585,4096,8192,0
0.2,8192,4,pilot_adaptive,-0.004487676930769791,5381,8192,128
0.2,8192,4,regularized_adaptive,0.010442556519570712,5493,8192,128
0.2,8192,5,uniform,-0.006051545878642539,4096,8192,0
0.2,8192,5,pilot_adaptive,0.0006263101755892286,6130,8192,128
0.2,8192,5,regularized_adaptive,-0.007668682038303398,6157,8192,128
0.2,8192,6,uniform,-0.0030125757403549613,4096,8192,0
0.2,8192,6,pilot_adaptive,-0.003367401566510164,5407,8192,128
0.2,8192,6,regularized_adaptive,-0.002381245814048416,5517,8192,128
0.2,8192,7,uniform,0.0033265991903239645,4096,8192,0
0.2,8192,7,pilot_adaptive,0.006444356485424851,6009,8192,128
0.2,8192,7,regularized_adaptive,-0.009193095232636672,6041,8192,128
0.2,8192,8,uniform,-0.0015817075038260242,4096,8192,0
0.2,8192,8,pilot_adaptive,0.0002203765915211875,5840,8192,128
0.2,8192,8,regularized_adaptive,0.008500856628522957,5892,8192,128
0.2,8192,9,uniform,0.007885325917975639,4096,8192,0
0.2,8192,9,pilot_adaptive,0.0010381383116651044,5618,8192,128
0.2,8192,9,regularized_adaptive,-0.00044144457809647264,5694,8192,128
0.2,8192,10,uniform,0.011047327845087551,4096,8192,0
0.2,8192,10,pilot_adaptive,0.004818263077865925,5582,8192,128
0.2,8192,10,regularized_adaptive,-0.0009932343697345303,5682,8192,128
0.2,8192,11,uniform,0.005659892910334641,4096,8192,0
0.2,8192,11,pilot_adaptive,0.004527023520521478,5277,8192,128
0.2,8192,11,regularized_adaptive,-0.0006200819058319595,5394,8192,128
0.2,8192,12,uniform,-0.0035085041787330518,4096,8192,0
0.2,8192,12,pilot_adaptive,-0.0071867187410750155,4257,8192,128
0.2,8192,12,regularized_adaptive,0.0008476929030387659,4636,8192,128
0.2,8192,13,uniform,-0.011492639649360648,4096,8192,0
0.2,8192,13,pilot_adaptive,-0.009343854179997724,5733,8192,128
0.2,8192,13,regularized_adaptive,0.002213473641723862,5802,8192,128
0.2,8192,14,uniform,-0.01665189728511951,4096,8192,0
0.2,8192,14,pilot_adaptive,-0.0013785560843113664,4272,8192,128
0.2,8192,14,regularized_adaptive,-0.0057951518069017105,4651,8192,128
0.2,8192,15,uniform,0.005165050552836892,4096,8192,0
0.2,8192,15,pilot_adaptive,0.008769977304640353,5559,8192,128
0.2,8192,15,regularized_adaptive,-0.0010371100800741218,5638,8192,128
0.2,8192,16,uniform,0.006561232312936038,4096,8192,0
0.2,8192,16,pilot_adaptive,0.006164427540731765,5734,8192,128
0.2,8192,16,regularized_adaptive,0.0014549193852144704,5791,8192,128
0.2,8192,17,uniform,0.006931413760289384,4096,8192,0
0.2,8192,17,pilot_adaptive,0.0003890587684707292,5502,8192,128
0.2,8192,17,regularized_adaptive,0.001623043132768398,5606,8192,128
0.2,8192,18,uniform,0.0005011783150155047,4096,8192,0
0.2,8192,18,pilot_adaptive,-0.01203938935905624,5902,8192,128
0.2,8192,18,regularized_adaptive,-0.00404766048053995,5945,8192,128
0.2,8192,19,uniform,0.00837962523503366,4096,8192,0
0.2,8192,19,pilot_adaptive,-0.020451335467932097,4389,8192,128
0.2,8192,19,regularized_adaptive,-0.003977372887165043,4761,8192,128
0.2,8192,20,uniform,0.006295110294872064,4096,8192,0
0.2,8192,20,pilot_adaptive,-0.006571131377437478,5577,8192,128
0.2,8192,20,regularized_adaptive,-0.0050725316103545914,5655,8192,128
0.2,8192,21,uniform,0.0034160305835988503,4096,8192,0
0.2,8192,21,pilot_adaptive,-0.008476695941011414,5628,8192,128
0.2,8192,21,regularized_adaptive,-0.0009119406875024438,5725,8192,128
0.2,8192,22,uniform,-0.0022185540096830714,4096,8192,0
0.2,8192,22,pilot_adaptive,-0.003187204154544432,5407,8192,128
0.2,8192,22,regularized_adaptive,-0.0003922102451601184,5517,8192,128
0.2,8192,23,uniform,0.006560689272495868,4096,8192,0
0.2,8192,23,pilot_adaptive,0.00274341625285901,5407,8192,128
0.2,8192,23,regularized_adaptive,-0.007766948692202291,5517,8192,128
0.2,8192,24,uniform,-0.0056629351121944005,4096,8192,0
0.2,8192,24,pilot_adaptive,0.0016604916399911573,5050,8192,128
0.2,8192,24,regularized_adaptive,-0.006187157925118036,5230,8192,128
0.2,8192,25,uniform,0.0040171045321462096,4096,8192,0
0.2,8192,25,pilot_adaptive,-0.005349057929778134,5900,8192,128
0.2,8192,25,regularized_adaptive,0.0029324085639137465,5949,8192,128
0.2,8192,26,uniform,-0.004461873295979135,4096,8192,0
0.2,8192,26,pilot_adaptive,-0.009016372608250833,5080,8192,128
0.2,8192,26,regularized_adaptive,0.0024011263591892096,5259,8192,128
0.2,8192,27,uniform,-0.0022895560838627205,4096,8192,0
0.2,8192,27,pilot_adaptive,-0.0019697955570547876,5733,8192,128
0.2,8192,27,regularized_adaptive,0.0001772469966403456,5802,8192,128
0.2,8192,28,uniform,0.003946645498406731,4096,8192,0
0.2,8192,28,pilot_adaptive,-0.006475420571828039,4311,8192,128
0.2,8192,28,regularized_adaptive,0.0029894784030579657,4688,8192,128
0.2,8192,29,uniform,-0.0011237237845178605,4096,8192,0
0.2,8192,29,pilot_adaptive,-0.0007365374700629701,5022,8192,128
0.2,8192,29,regularized_adaptive,0.012923341058411086,5205,8192,128
0.2,8192,30,uniform,-0.0015649073060508556,4096,8192,0
0.2,8192,30,pilot_adaptive,0.0050216711959585325,5436,8192,128
0.2,8192,30,regularized_adaptive,-0.005027917391010828,5544,8192,128
0.2,8192,31,uniform,0.0007683864139598207,4096,8192,0
0.2,8192,31,pilot_adaptive,0.004749200798313424,5618,8192,128
0.2,8192,31,regularized_adaptive,-0.0001271212438700431,5694,8192,128
0.2,8192,32,uniform,-0.010361493826445134,4096,8192,0
0.2,8192,32,pilot_adaptive,0.00038449672428342296,5050,8192,128
0.2,8192,32,regularized_adaptive,-0.005235614664182542,5230,8192,128
0.2,8192,33,uniform,-0.0007865996922742369,4096,8192,0
0.2,8192,33,pilot_adaptive,0.0034658262779112547,5358,8192,128
0.2,8192,33,regularized_adaptive,0.01010365685432335,5471,8192,128
0.2,8192,34,uniform,0.00216348209317907,4096,8192,0
0.2,8192,34,pilot_adaptive,-0.005705619994626598,4456,8192,128
0.2,8192,34,regularized_adaptive,-0.010601465830010426,4824,8192,128
0.2,8192,35,uniform,0.007708092252745935,4096,8192,0
0.2,8192,35,pilot_adaptive,0.003403076481564238,5769,8192,128
0.2,8192,35,regularized_adaptive,0.004088303406212468,5837,8192,128
0.2,8192,36,uniform,-0.004603334403898263,4096,8192,0
0.2,8192,36,pilot_adaptive,0.0006424329489473912,4701,8192,128
0.2,8192,36,regularized_adaptive,0.0008501613512379436,5050,8192,128
0.2,8192,37,uniform,-0.0036499652866526233,4096,8192,0
0.2,8192,37,pilot_adaptive,-0.0006959673011492917,5970,8192,128
0.2,8192,37,regularized_adaptive,0.0030113868233780927,6009,8192,128
0.2,8192,38,uniform,-0.0023236995198527843,4096,8192,0
0.2,8192,38,pilot_adaptive,-0.011641870590541004,5467,8192,128
0.2,8192,38,regularized_adaptive,-0.0013028118166946712,5574,8192,128
0.2,8192,39,uniform,0.0192796990551245,4096,8192,0
0.2,8192,39,pilot_adaptive,0.00010600512819536334,4360,8192,128
0.2,8192,39,regularized_adaptive,0.002557869194823592,4734,8192,128
0.2,8192,40,uniform,0.005518431802415513,4096,8192,0
0.2,8192,40,pilot_adaptive,-0.0022293165007449822,5596,8192,128
0.2,8192,40,regularized_adaptive,0.01472013664191163,5673,8192,128
0.2,8192,41,uniform,-0.005928514089818204,4096,8192,0
0.2,8192,41,pilot_adaptive,0.0031596204981894083,5719,8192,128
0.2,8192,41,regularized_adaptive,-0.003341310852378765,5777,8192,128
0.2,8192,42,uniform,-0.006723621901369992,4096,8192,0
0.2,8192,42,pilot_adaptive,-0.002811479409130957,4311,8192,128
0.2,8192,42,regularized_adaptive,-0.000978453936793855,4688,8192,128
0.2,8192,43,uniform,0.0019493897897597812,4096,8192,0
0.2,8192,43,pilot_adaptive,-0.0031173220700115856,5509,8192,128
0.2,8192,43,regularized_adaptive,-0.0005313502610047038,5590,8192,128
0.2,8192,44,uniform,-0.0016185661420160535,4096,8192,0
0.2,8192,44,pilot_adaptive,0.0033326898907857228,5150,8192,128
0.2,8192,44,regularized_adaptive,0.005511577235431719,5325,8192,128
0.2,8192,45,uniform,-0.009178861329324661,4096,8192,0
0.2,8192,45,pilot_adaptive,-0.002043115750844926,5080,8192,128
0.2,8192,45,regularized_adaptive,-0.0017866450023831248,5259,8192,128
0.2,8192,46,uniform,-0.0010700649485526625,4096,8192,0
0.2,8192,46,pilot_adaptive,-0.0022642144368263395,5407,8192,128
0.2,8192,46,regularized_adaptive,0.005765032920225899,5517,8192,128
0.2,8192,47,uniform,-0.0025535059401669002,4096,8192,0
0.2,8192,47,pilot_adaptive,-0.005722885288219182,6245,8192,128
0.2,8192,47,regularized_adaptive,-0.0038291452067449328,6264,8192,128
0.2,8192,48,uniform,5.999479348250958e-05,4096,8192,0
0.2,8192,48,pilot_adaptive,-0.0026425167173980135,5337,8192,128
0.2,8192,48,regularized_adaptive,-0.010629869235374123,5452,8192,128
0.2,8192,49,uniform,0.0010670227466933468,4096,8192,0
0.2,8192,49,pilot_adaptive,-0.0033237624375637154,5358,8192,128
0.2,8192,49,regularized_adaptive,-0.004916382628151972,5471,8192,128
0.2,8192,50,uniform,0.0024637475472331083,4096,8192,0
0.2,8192,50,pilot_adaptive,-0.04810548449626584,128,8192,128
0.2,8192,50,regularized_adaptive,-0.007068399337187614,3567,8192,128
0.2,8192,51,uniform,0.00030660141157135,4096,8192,0
0.2,8192,51,pilot_adaptive,0.00353359776629647,4998,8192,128
0.2,8192,51,regularized_adaptive,0.004027968262410919,5182,8192,128
0.2,8192,52,uniform,0.002939617545195894,4096,8192,0
0.2,8192,52,pilot_adaptive,0.0020439071291948885,5150,8192,128
0.2,8192,52,regularized_adaptive,0.0030707774141069955,5325,8192,128
0.2,8192,53,uniform,0.004934158051642434,4096,8192,0
0.2,8192,53,pilot_adaptive,-0.0055932377477492246,5559,8192,128
0.2,8192,53,regularized_adaptive,0.001802137271444959,5638,8192,128
0.2,8192,54,uniform,9.468126991230008e-05,4096,8192,0
0.2,8192,54,pilot_adaptive,0.0059269285809611105,5868,8192,128
0.2,8192,54,regularized_adaptive,-0.008760120687093753,5919,8192,128
0.2,8192,55,uniform,0.010764405629248852,4096,8192,0
0.2,8192,55,pilot_adaptive,0.008745546387591396,5381,8192,128
0.2,8192,55,regularized_adaptive,-0.004542961436514226,5493,8192,128
0.2,8192,56,uniform,0.010501541853825014,4096,8192,0
0.2,8192,56,pilot_adaptive,-0.004342748897707693,5407,8192,128
0.2,8192,56,regularized_adaptive,-0.001515694047125038,5517,8192,128
0.2,8192,57,uniform,-0.0014949913127511039,4096,8192,0
0.2,8192,57,pilot_adaptive,-0.000647372994727391,5502,8192,128
0.2,8192,57,regularized_adaptive,0.003694821043187968,5606,8192,128
0.2,8192,58,uniform,-0.005380555936795428,4096,8192,0
0.2,8192,58,pilot_adaptive,-0.0008563340586502655,4272,8192,128
0.2,8192,58,regularized_adaptive,-0.0026183524250025236,4651,8192,128
0.2,8192,59,uniform,-0.004798454347783032,4096,8192,0
0.2,8192,59,pilot_adaptive,-0.004457399849384203,4334,8192,128
0.2,8192,59,regularized_adaptive,0.008457088783888622,4709,8192,128
0.2,8192,60,uniform,0.002834472035026625,4096,8192,0
0.2,8192,60,pilot_adaptive,-0.04892624094690001,128,8192,128
0.2,8192,60,regularized_adaptive,0.0026334858996186483,3603,8192,128
0.2,8192,61,uniform,0.00719807881879353,4096,8192,0
0.2,8192,61,pilot_adaptive,-0.0061756697801005345,5286,8192,128
0.2,8192,61,regularized_adaptive,0.007175797420287289,5450,8192,128
0.2,8192,62,uniform,-0.0002402706605715288,4096,8192,0
0.2,8192,62,pilot_adaptive,-0.0024765301527365224,4496,8192,128
0.2,8192,62,regularized_adaptive,-0.0022008587796120693,4861,8192,128
0.2,8192,63,uniform,0.001420947036712139,4096,8192,0
0.2,8192,63,pilot_adaptive,-0.000474027604521865,5289,8192,128
0.2,8192,63,regularized_adaptive,-0.006423564417871397,5406,8192,128
0.2,8192,64,uniform,-0.0015649073060508556,4096,8192,0
0.2,8192,64,pilot_adaptive,-0.00030684205234399187,4311,8192,128
0.2,8192,64,regularized_adaptive,-0.005730623770361376,4688,8192,128
0.2,8192,65,uniform,0.0018984461559949928,4096,8192,0
0.2,8192,65,pilot_adaptive,-0.005657947180325529,6098,8192,128
0.2,8192,65,regularized_adaptive,0.0011150673953954637,6130,8192,128
0.2,8192,66,uniform,0.00862840401488274,4096,8192,0
0.2,8192,66,pilot_adaptive,0.00463790425269206,5236,8192,128
0.2,8192,66,regularized_adaptive,-0.002764791967175828,5404,8192,128
0.2,8192,67,uniform,0.0021450527740842773,4096,8192,0
0.2,8192,67,pilot_adaptive,-0.00044602736181742486,5337,8192,128
0.2,8192,67,regularized_adaptive,-0.007580994739230906,5452,8192,128
0.2,8192,68,uniform,-0.01598036430283223,4096,8192,0
0.2,8192,68,pilot_adaptive,-0.0051251590592893415,5618,8192,128
0.2,8192,68,regularized_adaptive,0.007220842334724864,5694,8192,128
0.2,8192,69,uniform,-0.004673793437638185,4096,8192,0
0.2,8192,69,pilot_adaptive,0.010087427309833696,5970,8192,128
0.2,8192,69,regularized_adaptive,-0.004232608669004101,6009,8192,128
0.2,8192,70,uniform,-0.004568647927468916,4096,8192,0
0.2,8192,70,pilot_adaptive,0.0024032283526023157,5381,8192,128
0.2,8192,70,regularized_adaptive,-0.0009994741378691607,5493,8192,128
0.2,8192,71,uniform,-0.006335011134921409,4096,8192,0
0.2,8192,71,pilot_adaptive,0.012811255659447074,4940,8192,128
0.2,8192,71,regularized_adaptive,-0.0012574795023785335,5127,8192,128
0.2,8192,72,uniform,-0.007288380252167492,4096,8192,0
0.2,8192,72,pilot_adaptive,-0.0035345904382668714,5769,8192,128
0.2,8192,72,regularized_adaptive,-0.004442952717243376,5825,8192,128
0.2,8192,73,uniform,0.008645204212657465,4096,8192,0
0.2,8192,73,pilot_adaptive,0.0016507603470503618,5631,8192,128
0.2,8192,73,regularized_adaptive,-0.001272879684687478,5766,8192,128
0.2,8192,74,uniform,0.007302681288523072,4096,8192,0
0.2,8192,74,pilot_adaptive,-0.0060403979252954265,4311,8192,128
0.2,8192,74,regularized_adaptive,0.0043483010573277525,4688,8192,128
0.2,8192,75,uniform,0.0060127311194730915,4096,8192,0
0.2,8192,75,pilot_adaptive,1.957432912202961e-05,5407,8192,128
0.2,8192,75,regularized_adaptive,-0.0026129619457173625,5517,8192,128
0.2,8192,76,uniform,0.009175819127465346,4096,8192,0
0.2,8192,76,pilot_adaptive,0.0007267233596013334,5540,8192,128
0.2,8192,76,regularized_adaptive,-0.012631152923103794,5642,8192,128
0.2,8192,77,uniform,-0.005415785453664945,4096,8192,0
0.2,8192,77,pilot_adaptive,0.003051078295284615,5467,8192,128
0.2,8192,77,regularized_adaptive,-0.0064531866986254904,5574,8192,128
0.2,8192,78,uniform,0.001403060758057073,4096,8192,0
0.2,8192,78,pilot_adaptive,0.0004872765150256697,5934,8192,128
0.2,8192,78,regularized_adaptive,-0.013233839176969298,5982,8192,128
0.2,8192,79,uniform,0.006154735267832834,4096,8192,0
0.2,8192,79,pilot_adaptive,-0.010388472691900574,128,8192,128
0.2,8192,79,regularized_adaptive,-0.0011687192265394941,3743,8192,128
0.2,8192,80,uniform,0.007496715151527056,4096,8192,0
0.2,8192,80,pilot_adaptive,-0.0021842896474848494,4976,8192,128
0.2,8192,80,regularized_adaptive,0.0038220638894346237,5161,8192,128
0.2,8192,81,uniform,0.006048503676783223,4096,8192,0
0.2,8192,81,pilot_adaptive,0.0027675700949054693,5799,8192,128
0.2,8192,81,regularized_adaptive,-0.00014279797816030282,5883,8192,128
0.2,8192,82,uniform,-0.0011930967373774415,4096,8192,0
0.2,8192,82,pilot_adaptive,0.0024575453334274577,4925,8192,128
0.2,8192,82,regularized_adaptive,-0.0019289558108832594,5113,8192,128
0.2,8192,83,uniform,0.0033461145902990985,4096,8192,0
0.2,8192,83,pilot_adaptive,-0.009932496885992848,128,8192,128
0.2,8192,83,regularized_adaptive,0.004178929524179864,3584,8192,128
0.2,8192,84,uniform,0.0031152220891050852,4096,8192,0
0.2,8192,84,pilot_adaptive,-0.004482451555636757,5358,8192,128
0.2,8192,84,regularized_adaptive,0.0032630540447948775,5471,8192,128
0.2,8192,85,uniform,-0.0033312705135037923,4096,8192,0
0.2,8192,85,pilot_adaptive,-0.02150168738111713,128,8192,128
0.2,8192,85,regularized_adaptive,0.007138261277633173,3567,8192,128
0.2,8192,86,uniform,-0.011916479932678747,4096,8192,0
0.2,8192,86,pilot_adaptive,0.00011248402094210519,5277,8192,128
0.2,8192,86,regularized_adaptive,0.006499540612911581,5394,8192,128
0.2,8192,87,uniform,-0.005575132840239583,4096,8192,0
0.2,8192,87,pilot_adaptive,-0.002808364874349767,4539,8192,128
0.2,8192,87,regularized_adaptive,-0.00318606831803514,4901,8192,128
0.2,8192,88,uniform,0.005978587683483472,4096,8192,0
0.2,8192,88,pilot_adaptive,-0.0038972621665864793,5814,8192,128
0.2,8192,88,regularized_adaptive,0.00434754375401436,5868,8192,128
0.2,8192,89,uniform,0.008415397792343349,4096,8192,0
0.2,8192,89,pilot_adaptive,0.0030335080559997785,4334,8192,128
0.2,8192,89,regularized_adaptive,-0.0026744404430600888,4709,8192,128
0.2,8192,90,uniform,-0.0071474621846885356,4096,8192,0
0.2,8192,90,pilot_adaptive,0.002543860074489146,5643,8192,128
0.2,8192,90,regularized_adaptive,0.00014264663558050117,5718,8192,128
0.2,8192,91,uniform,0.0028686154710158007,4096,8192,0
0.2,8192,91,pilot_adaptive,-0.002208303395649036,5358,8192,128
0.2,8192,91,regularized_adaptive,-0.004500199946912531,5471,8192,128
0.2,8192,92,uniform,0.010182304040236456,4096,8192,0
0.2,8192,92,pilot_adaptive,-9.577711090846819e-05,5750,8192,128
0.2,8192,92,regularized_adaptive,-0.005326434474067554,5807,8192,128
0.2,8192,93,uniform,-0.008347980960463186,4096,8192,0
0.2,8192,93,pilot_adaptive,-0.03380043916569431,128,8192,128
0.2,8192,93,regularized_adaptive,0.005715693373514075,3709,8192,128
0.2,8192,94,uniform,-0.00013403906952147437,4096,8192,0
0.2,8192,94,pilot_adaptive,-0.00499637751921167,5540,8192,128
0.2,8192,94,regularized_adaptive,0.003201227140994245,5642,8192,128
0.2,8192,95,uniform,-0.0025188194637371097,4096,8192,0
0.2,8192,95,pilot_adaptive,0.0006661854857044069,5080,8192,128
0.2,8192,95,regularized_adaptive,0.0006148424695169297,5259,8192,128
0.2,8192,96,uniform,0.010376880943680611,4096,8192,0
0.2,8192,96,pilot_adaptive,0.010444608720882709,4456,8192,128
0.2,8192,96,regularized_adaptive,0.004759899290007308,4824,8192,128
0.2,8192,97,uniform,-0.009778306156552397,4096,8192,0
0.2,8192,97,pilot_adaptive,0.010412291099961557,5934,8192,128
0.2,8192,97,regularized_adaptive,-0.004639020139352912,5982,8192,128
0.2,8192,98,uniform,-0.0069355420430290415,4096,8192,0
0.2,8192,98,pilot_adaptive,-0.0005775516691048921,5407,8192,128
0.2,8192,98,regularized_adaptive,0.0017782231479919197,5517,8192,128
0.2,8192,99,uniform,-0.00539844221545005,4096,8192,0
0.2,8192,99,pilot_adaptive,0.004628088647786743,5080,8192,128
0.2,8192,99,regularized_adaptive,0.0016767195270008806,5259,8192,128
0.2,8192,100,uniform,-0.002890086991970797,4096,8192,0
0.2,8192,100,pilot_adaptive,0.012226755622550378,5050,8192,128
0.2,8192,100,regularized_adaptive,-0.0012074001328916673,5230,8192,128
0.2,8192,101,uniform,-0.001848915602769896,4096,8192,0
0.2,8192,101,pilot_adaptive,-0.04422969014604927,128,8192,128
0.2,8192,101,regularized_adaptive,3.853399549935688e-05,3824,8192,128
0.2,8192,102,uniform,-0.0026082508570119955,4096,8192,0
0.2,8192,102,pilot_adaptive,0.002365807985109658,5337,8192,128
0.2,8192,102,regularized_adaptive,-6.554170391925851e-05,5452,8192,128
0.2,8192,103,uniform,0.0058186972564691075,4096,8192,0
0.2,8192,103,pilot_adaptive,-0.0011914706873628056,5501,8192,128
0.2,8192,103,regularized_adaptive,0.0017247061008482945,5583,8192,128
0.2,8192,104,uniform,-0.002324242560292511,4096,8192,0
0.2,8192,104,pilot_adaptive,-0.009339728338312536,128,8192,128
0.2,8192,104,regularized_adaptive,-0.002238351435562169,3626,8192,128
0.2,8192,105,uniform,0.004705980752648831,4096,8192,0
0.2,8192,105,pilot_adaptive,-0.0070081957996412925,5540,8192,128
0.2,8192,105,regularized_adaptive,-0.0038685876521116214,5642,8192,128
0.2,8192,106,uniform,0.0058008109778140415,4096,8192,0
0.2,8192,106,pilot_adaptive,0.0037949255817708583,4456,8192,128
0.2,8192,106,regularized_adaptive,-0.008245875228039878,4824,8192,128
0.2,8192,107,uniform,0.003010619619375543,4096,8192,0
0.2,8192,107,pilot_adaptive,0.004085299582498703,5809,8192,128
0.2,8192,107,regularized_adaptive,0.00032288612351649704,5874,8192,128
0.2,8192,108,uniform,-0.00034650225162069503,4096,8192,0
0.2,8192,108,pilot_adaptive,-0.003041441787380972,5618,8192,128
0.2,8192,108,regularized_adaptive,-0.0062086829964100865,5694,8192,128
0.2,8192,109,uniform,-0.004196837358795058,4096,8192,0
0.2,8192,109,pilot_adaptive,0.011689949808957767,5267,8192,128
0.2,8192,109,regularized_adaptive,0.006133746648702587,5385,8192,128
0.2,8192,110,uniform,0.0033640008689541645,4096,8192,0
0.2,8192,110,pilot_adaptive,0.005097031822072662,4976,8192,128
0.2,8192,110,regularized_adaptive,0.002457319054144147,5161,8192,128
0.2,8192,111,uniform,0.004388372060379897,4096,8192,0
0.2,8192,111,pilot_adaptive,0.002163333704444881,5670,8192,128
0.2,8192,111,regularized_adaptive,-0.00011275675627109294,5743,8192,128
0.2,8192,112,uniform,-0.004656993239863461,4096,8192,0
0.2,8192,112,pilot_adaptive,-0.010136789824993109,5436,8192,128
0.2,8192,112,regularized_adaptive,-0.004022182368562444,5544,8192,128
0.2,8192,113,uniform,0.0006242101038398395,4096,8192,0
0.2,8192,113,pilot_adaptive,0.0011482356904850555,5868,8192,128
0.2,8192,113,regularized_adaptive,0.0018647973744054802,5919,8192,128
0.2,8192,114,uniform,-0.0041800371610203335,4096,8192,0
0.2,8192,114,pilot_adaptive,0.003745084262351206,4940,8192,128
0.2,8192,114,regularized_adaptive,0.007593448027568783,5127,8192,128
0.2,8192,115,uniform,0.0054132862922458,4096,8192,0
0.2,8192,115,pilot_adaptive,0.00259260708795761,5191,8192,128
0.2,8192,115,regularized_adaptive,-0.003795743944313479,5363,8192,128
0.2,8192,116,uniform,-0.009478583742938529,4096,8192,0
0.2,8192,116,pilot_adaptive,0.02924363749727732,128,8192,128
0.2,8192,116,regularized_adaptive,0.007519741127508972,3626,8192,128
0.2,8192,117,uniform,0.0033108850734295814,4096,8192,0
0.2,8192,117,pilot_adaptive,-0.0011176367494551975,5113,8192,128
0.2,8192,117,regularized_adaptive,-0.003488661156981099,5290,8192,128
0.2,8192,118,uniform,-0.0013519010835114642,4096,8192,0
0.2,8192,118,pilot_adaptive,-0.0007666072865211149,4257,8192,128
0.2,8192,118,regularized_adaptive,-0.0023202225504075358,4636,8192,128
0.2,8192,119,uniform,0.0026572383697969215,4096,8192,0
0.2,8192,119,pilot_adaptive,0.0028024069285299547,5900,8192,128
0.2,8192,119,regularized_adaptive,-0.0038585558764347994,5949,8192,128
0.2,8192,120,uniform,-0.0030494343785449907,4096,8192,0
0.2,8192,120,pilot_adaptive,-0.010057482781196558,5643,8192,128
0.2,8192,120,regularized_adaptive,-0.0021226470145849774,5718,8192,128
0.2,8192,121,uniform,-0.0035610769338179082,4096,8192,0
0.2,8192,121,pilot_adaptive,0.0030875405870385286,5769,8192,128
0.2,8192,121,regularized_adaptive,0.0007763100568198844,5837,8192,128
0.2,8192,122,uniform,0.002268084562908168,4096,8192,0
0.2,8192,122,pilot_adaptive,0.0037441029969755846,4290,8192,128
0.2,8192,122,regularized_adaptive,-0.009023221757054056,4668,8192,128
0.2,8192,123,uniform,0.00799210054946542,4096,8192,0
0.2,8192,123,pilot_adaptive,-0.004992842986200952,5769,8192,128
0.2,8192,123,regularized_adaptive,-0.004319612902935699,5825,8192,128
0.2,8192,124,uniform,0.012480368243377171,4096,8192,0
0.2,8192,124,pilot_adaptive,-0.009064811666303019,4456,8192,128
0.2,8192,124,regularized_adaptive,0.013197098848638955,4824,8192,128
0.2,8192,125,uniform,-0.006421727325995885,4096,8192,0
0.2,8192,125,pilot_adaptive,-0.011253540534362116,4957,8192,128
0.2,8192,125,regularized_adaptive,-0.0015206930673579144,5143,8192,128
0.2,8192,126,uniform,0.0011727112973032305,4096,8192,0
0.2,8192,126,pilot_adaptive,0.0036277305334730947,5733,8192,128
0.2,8192,126,regularized_adaptive,-0.008530144323120936,5802,8192,128
0.2,8192,127,uniform,0.0036279507252579,4096,8192,0
0.2,8192,127,pilot_adaptive,0.003142861526474583,5022,8192,128
0.2,8192,127,regularized_adaptive,0.0003732842971433392,5205,8192,128
0.2,8192,128,uniform,-0.0038439991496566073,4096,8192,0
0.2,8192,128,pilot_adaptive,0.00044880274544922827,5814,8192,128
0.2,8192,128,regularized_adaptive,-0.005536905144704285,5868,8192,128
0.2,8192,129,uniform,0.00597750160260313,4096,8192,0
0.2,8192,129,pilot_adaptive,-0.007105562833527923,5502,8192,128
0.2,8192,129,regularized_adaptive,-0.0034245982550547005,5606,8192,128
0.2,8192,130,uniform,-0.010238462037620799,4096,8192,0
0.2,8192,130,pilot_adaptive,-0.003126102890381066,5900,8192,128
0.2,8192,130,regularized_adaptive,0.006090430802383917,5949,8192,128
0.2,8192,131,uniform,0.005872899132874032,4096,8192,0
0.2,8192,131,pilot_adaptive,-0.0015488587937504406,5319,8192,128
0.2,8192,131,regularized_adaptive,0.00045355741131114513,5434,8192,128
0.2,8192,132,uniform,0.007162306261483842,4096,8192,0
0.2,8192,132,pilot_adaptive,-0.0006897366868829913,5381,8192,128
0.2,8192,132,regularized_adaptive,-0.0012312222145123286,5493,8192,128
0.2,8192,133,uniform,-0.006882426247504458,4096,8192,0
0.2,8192,133,pilot_adaptive,0.0014381693508549453,5436,8192,128
0.2,8192,133,regularized_adaptive,-0.003304682865878039,5544,8192,128
0.2,8192,134,uniform,0.0005900666678502198,4096,8192,0
0.2,8192,134,pilot_adaptive,0.005883620444533388,5467,8192,128
0.2,8192,134,regularized_adaptive,-0.008021261617132236,5574,8192,128
0.2,8192,135,uniform,0.0033461145902990985,4096,8192,0
0.2,8192,135,pilot_adaptive,0.005862954896306505,5680,8192,128
0.2,8192,135,regularized_adaptive,-0.0037159768014030092,5773,8192,128
0.2,8192,136,uniform,-0.006016316361772578,4096,8192,0
0.2,8192,136,pilot_adaptive,0.0006281124217002443,4976,8192,128
0.2,8192,136,regularized_adaptive,-0.001552126032437151,5161,8192,128
0.2,8192,137,uniform,0.005324940979851256,4096,8192,0
0.2,8192,137,pilot_adaptive,0.00021021980550273156,5769,8192,128
0.2,8192,137,regularized_adaptive,-0.001748613258208298,5825,8192,128
0.2,8192,138,uniform,-0.0020060908275838507,4096,8192,0
0.2,8192,138,pilot_adaptive,0.0010620855698846299,6028,8192,128
0.2,8192,138,regularized_adaptive,-0.005372351013359644,6064,8192,128
0.2,8192,139,uniform,0.001155911099528062,4096,8192,0
0.2,8192,139,pilot_adaptive,-0.0024765624227742755,5358,8192,128
0.2,8192,139,regularized_adaptive,0.004632439764731711,5471,8192,128
0.2,8192,140,uniform,-0.0026423942930016153,4096,8192,0
0.2,8192,140,pilot_adaptive,0.004160473476090942,5544,8192,128
0.2,8192,140,regularized_adaptive,-0.0018014118723437278,5623,8192,128
0.2,8192,141,uniform,-0.0021291226164086297,4096,8192,0
0.2,8192,141,pilot_adaptive,0.002814520895862316,5643,8192,128
0.2,8192,141,regularized_adaptive,-0.0019455973130719784,5718,8192,128
0.2,8192,142,uniform,0.001720126409885836,4096,8192,0
0.2,8192,142,pilot_adaptive,-0.012860847208428172,5900,8192,128
0.2,8192,142,regularized_adaptive,-0.0002000403172366383,5949,8192,128
0.2,8192,143,uniform,0.002428518030363147,4096,8192,0
0.2,8192,143,pilot_adaptive,0.001354863566549458,5381,8192,128
0.2,8192,143,regularized_adaptive,-0.0066128183249669625,5493,8192,128
0.2,8192,144,uniform,0.004051791008576,4096,8192,0
0.2,8192,144,pilot_adaptive,-0.004657251452796274,5577,8192,128
0.2,8192,144,regularized_adaptive,0.002471866066746653,5655,8192,128
0.2,8192,145,uniform,0.0006426394229350763,4096,8192,0
0.2,8192,145,pilot_adaptive,-0.003367889155154291,5337,8192,128
0.2,8192,145,regularized_adaptive,0.009425884582670463,5452,8192,128
0.2,8192,146,uniform,0.013486310115708111,4096,8192,0
0.2,8192,146,pilot_adaptive,-0.007835584431688858,5150,8192,128
0.2,8192,146,regularized_adaptive,-0.003389552214668967,5325,8192,128
0.2,8192,147,uniform,0.006561232312936038,4096,8192,0
0.2,8192,147,pilot_adaptive,-0.00032467232828814474,5868,8192,128
0.2,8192,147,regularized_adaptive,-0.0017413971740114498,5919,8192,128
0.2,8192,148,uniform,-0.006369697611351199,4096,8192,0
0.2,8192,148,pilot_adaptive,-0.005510683698785712,4334,8192,128
0.2,8192,148,regularized_adaptive,0.0038904259772958305,4709,8192,128
0.2,8192,149,uniform,-0.00029392949653628264,4096,8192,0
0.2,8192,149,pilot_adaptive,0.008019256525058971,5022,8192,128
0.2,8192,149,regularized_adaptive,-0.007367906396549717,5205,8192,128
0.2,8192,150,uniform,-0.003102007133629403,4096,8192,0
0.2,8192,150,pilot_adaptive,0.007192458908362731,4940,8192,128
0.2,8192,150,regularized_adaptive,-0.0008384695113359264,5127,8192,128
0.2,8192,151,uniform,0.001332058683877424,4096,8192,0
0.2,8192,151,pilot_adaptive,0.0038634143639142415,5337,8192,128
0.2,8192,151,regularized_adaptive,-0.0011784663014102748,5452,8192,128
0.2,8192,152,uniform,-0.005169178835576549,4096,8192,0
0.2,8192,152,pilot_adaptive,-0.005683747091854041,5113,8192,128
0.2,8192,152,regularized_adaptive,-0.0006083664327038996,5290,8192,128
0.2,8192,153,uniform,-0.003525847416947947,4096,8192,0
0.2,8192,153,pilot_adaptive,0.002951376814415152,5050,8192,128
0.2,8192,153,regularized_adaptive,-0.0011006819001688761,5230,8192,128
0.2,8192,154,uniform,0.0006599826611499715,4096,8192,0
0.2,8192,154,pilot_adaptive,-0.0018454924563497954,5022,8192,128
0.2,8192,154,regularized_adaptive,0.0050453573219186865,5205,8192,128
0.2,8192,155,uniform,0.004335799305295485,4096,8192,0
0.2,8192,155,pilot_adaptive,-0.009474429348916402,4334,8192,128
0.2,8192,155,regularized_adaptive,-0.007292194894250148,4709,8192,128
0.2,8192,156,uniform,0.002268627603348339,4096,8192,0
0.2,8192,156,pilot_adaptive,-0.03384603674628517,128,8192,128
0.2,8192,156,regularized_adaptive,-0.006886006321605631,3603,8192,128
0.2,8192,157,uniform,-0.0027486258840512257,4096,8192,0
0.2,8192,157,pilot_adaptive,-0.004896867778559688,5022,8192,128
0.2,8192,157,regularized_adaptive,0.002882673586744211,5205,8192,128
0.2,8192,158,uniform,-0.0003275298920857317,4096,8192,0
0.2,8192,158,pilot_adaptive,-0.0035328295751360095,5050,8192,128
0.2,8192,158,regularized_adaptive,-0.002356575008021,5230,8192,128
0.2,8192,159,uniform,-0.004514989091503718,4096,8192,0
0.2,8192,159,pilot_adaptive,0.002339753491780616,5582,8192,128
0.2,8192,159,regularized_adaptive,-0.005028035970928713,5682,8192,128
0.2,8192,160,uniform,0.005449058849555488,4096,8192,0
0.2,8192,160,pilot_adaptive,0.007821715830598652,5080,8192,128
0.2,8192,160,regularized_adaptive,0.011253005986095577,5259,8192,128
0.2,8192,161,uniform,-0.001989290629809126,4096,8192,0
0.2,8192,161,pilot_adaptive,0.005681888176004346,5467,8192,128
0.2,8192,161,regularized_adaptive,0.00045127469369843354,5574,8192,128
0.2,8192,162,uniform,0.00018302658230684443,4096,8192,0
0.2,8192,162,pilot_adaptive,0.005846948757601389,5319,8192,128
0.2,8192,162,regularized_adaptive,0.0011769959288234766,5434,8192,128
0.2,8192,163,uniform,-0.0023426718793877477,4096,8192,0
0.2,8192,163,pilot_adaptive,0.00018310489673156738,4360,8192,128
0.2,8192,163,regularized_adaptive,0.0030193211027431666,4734,8192,128
0.2,8192,164,uniform,0.0006247531442800103,4096,8192,0
0.2,8192,164,pilot_adaptive,-0.0014745380279008735,4539,8192,128
0.2,8192,164,regularized_adaptive,-0.0022447922905204365,4901,8192,128
0.2,8192,165,uniform,-0.0062645521011819305,4096,8192,0
0.2,8192,165,pilot_adaptive,-0.004145571862963049,4334,8192,128
0.2,8192,165,regularized_adaptive,-0.005141750087851449,4709,8192,128
0.2,8192,166,uniform,0.0016502104165860842,4096,8192,0
0.2,8192,166,pilot_adaptive,-0.00021185406195378675,5670,8192,128
0.2,8192,166,regularized_adaptive,-0.005413514816180687,5743,8192,128
0.2,8192,167,uniform,-0.007394611843217103,4096,8192,0
0.2,8192,167,pilot_adaptive,0.00192439232409658,5436,8192,128
0.2,8192,167,regularized_adaptive,0.0014327075506108677,5544,8192,128
0.2,8192,168,uniform,-0.007358839285906971,4096,8192,0
0.2,8192,168,pilot_adaptive,0.004543361015731051,5680,8192,128
0.2,8192,168,regularized_adaptive,0.00039346549956054133,5773,8192,128
0.2,8192,169,uniform,0.002462661466352767,4096,8192,0
0.2,8192,169,pilot_adaptive,0.0021705443474351327,4389,8192,128
0.2,8192,169,regularized_adaptive,0.007737479567746952,4761,8192,128
0.2,8192,170,uniform,0.00032503073066614263,4096,8192,0
0.2,8192,170,pilot_adaptive,-0.010146327628522744,4901,8192,128
0.2,8192,170,regularized_adaptive,-0.00629881513420294,5091,8192,128
0.2,8192,171,uniform,-0.003402815628123612,4096,8192,0
0.2,8192,171,pilot_adaptive,-0.0008223346763722716,5618,8192,128
0.2,8192,171,regularized_adaptive,0.004369238238055129,5694,8192,128
0.2,8192,172,uniform,-0.006598417950785418,4096,8192,0
0.2,8192,172,pilot_adaptive,-0.0074457309981856845,5436,8192,128
0.2,8192,172,regularized_adaptive,-0.009191885943960365,5544,8192,128
0.2,8192,173,uniform,0.00908693077463063,4096,8192,0
0.2,8192,173,pilot_adaptive,0.0030310928469621246,4290,8192,128
0.2,8192,173,regularized_adaptive,0.006811178952482511,4668,8192,128
0.2,8192,174,uniform,-0.004391414262239213,4096,8192,0
0.2,8192,174,pilot_adaptive,-0.00117767615055131,5902,8192,128
0.2,8192,174,regularized_adaptive,0.004750099005540687,5945,8192,128
0.2,8192,175,uniform,0.001650753457026255,4096,8192,0
0.2,8192,175,pilot_adaptive,-0.008965212569941983,4976,8192,128
0.2,8192,175,regularized_adaptive,-0.008927153202499927,5161,8192,128
0.2,8192,176,uniform,-0.008400553715548043,4096,8192,0
0.2,8192,176,pilot_adaptive,-0.005190629854566531,4257,8192,128
0.2,8192,176,regularized_adaptive,0.0015055374682142464,4636,8192,128
0.2,8192,177,uniform,-0.0025014762255222145,4096,8192,0
0.2,8192,177,pilot_adaptive,-0.0018538832176480113,5113,8192,128
0.2,8192,177,regularized_adaptive,-0.005563621645400918,5290,8192,128
0.2,8192,178,uniform,-0.00018715486504650158,4096,8192,0
0.2,8192,178,pilot_adaptive,0.05539145880651786,128,8192,128
0.2,8192,178,regularized_adaptive,0.004882249629647006,3824,8192,128
0.2,8192,179,uniform,-0.00179362764548463,4096,8192,0
0.2,8192,179,pilot_adaptive,0.002743647349616296,5736,8192,128
0.2,8192,179,regularized_adaptive,0.0001110547538472062,5825,8192,128
0.2,8192,180,uniform,0.00412333612319582,4096,8192,0
0.2,8192,180,pilot_adaptive,-0.0006849684654861576,4389,8192,128
0.2,8192,180,regularized_adaptive,-0.003909405725126991,4761,8192,128
0.2,8192,181,uniform,0.008362281996818766,4096,8192,0
0.2,8192,181,pilot_adaptive,0.002879876679770632,5080,8192,128
0.2,8192,181,regularized_adaptive,0.0020934835669401686,5259,8192,128
0.2,8192,182,uniform,-0.004144807644150372,4096,8192,0
0.2,8192,182,pilot_adaptive,-0.0021709895356920583,5467,8192,128
0.2,8192,182,regularized_adaptive,0.0034217556023250495,5574,8192,128
0.2,8192,183,uniform,0.0014561765535821003,4096,8192,0
0.2,8192,183,pilot_adaptive,0.006587888539668629,5289,8192,128
0.2,8192,183,regularized_adaptive,-0.004258043952220181,5406,8192,128
0.2,8192,184,uniform,0.0005206937149910829,4096,8192,0
0.2,8192,184,pilot_adaptive,-0.008673910727421852,5628,8192,128
0.2,8192,184,regularized_adaptive,0.00999418260879148,5725,8192,128
0.2,8192,185,uniform,0.003079992572235124,4096,8192,0
0.2,8192,185,pilot_adaptive,-0.0029073088415536574,5733,8192,128
0.2,8192,185,regularized_adaptive,-0.008553306649876191,5802,8192,128
0.2,8192,186,uniform,-0.011458496213371028,4096,8192,0
0.2,8192,186,pilot_adaptive,2.1524218069224332e-05,5540,8192,128
0.2,8192,186,regularized_adaptive,0.0013741904713895359,5642,8192,128
0.2,8192,187,uniform,-0.0031898094055842208,4096,8192,0
0.2,8192,187,pilot_adaptive,-0.001337854327073007,5970,8192,128
0.2,8192,187,regularized_adaptive,-0.0001582108370756785,6009,8192,128
0.2,8192,188,uniform,-0.003367586111253651,4096,8192,0
0.2,8192,188,pilot_adaptive,0.0037087033559251026,5736,8192,128
0.2,8192,188,regularized_adaptive,-0.005677415995309687,5825,8192,128
0.2,8192,189,uniform,0.002143966693203936,4096,8192,0
0.2,8192,189,pilot_adaptive,0.006867902829582828,5618,8192,128
0.2,8192,189,regularized_adaptive,0.018458904278459087,5694,8192,128
0.2,8192,190,uniform,-0.006034202640427644,4096,8192,0
0.2,8192,190,pilot_adaptive,-0.00027173021959381316,5519,8192,128
0.2,8192,190,regularized_adaptive,0.003293060066204667,5600,8192,128
0.2,8192,191,uniform,0.0009786774342988025,4096,8192,0
0.2,8192,191,pilot_adaptive,0.0020224719796289037,4886,8192,128
0.2,8192,191,regularized_adaptive,0.0016044041267728737,5076,8192,128
0.2,8192,192,uniform,-0.001988204548929229,4096,8192,0
0.2,8192,192,pilot_adaptive,-0.007311931939471883,4976,8192,128
0.2,8192,192,regularized_adaptive,0.00047573651322574406,5161,8192,128
0.2,8192,193,uniform,0.008574745178917986,4096,8192,0
0.2,8192,193,pilot_adaptive,0.012676591543075322,5050,8192,128
0.2,8192,193,regularized_adaptive,-0.004319123114591594,5230,8192,128
0.2,8192,194,uniform,-0.0040911488081856184,4096,8192,0
0.2,8192,194,pilot_adaptive,-0.0018337012028992739,5319,8192,128
0.2,8192,194,regularized_adaptive,-0.008170115533398636,5434,8192,128
0.2,8192,195,uniform,-0.003808769632786646,4096,8192,0
0.2,8192,195,pilot_adaptive,5.55657106859897e-05,5868,8192,128
0.2,8192,195,regularized_adaptive,0.0024860993762181316,5919,8192,128
0.2,8192,196,uniform,-0.0010006919956935256,4096,8192,0
0.2,8192,196,pilot_adaptive,0.0005637953754833447,5467,8192,128
0.2,8192,196,regularized_adaptive,0.005361853704604513,5574,8192,128
0.2,8192,197,uniform,-2.7807478472308134e-05,4096,8192,0
0.2,8192,197,pilot_adaptive,-0.006619645202461388,5358,8192,128
0.2,8192,197,regularized_adaptive,-0.0030311704618193325,5471,8192,128
0.2,8192,198,uniform,0.005713008705859668,4096,8192,0
0.2,8192,198,pilot_adaptive,0.0008555681164605922,4257,8192,128
0.2,8192,198,regularized_adaptive,-0.008897113115397204,4636,8192,128
0.2,8192,199,uniform,-0.0034732746618630905,4096,8192,0
0.2,8192,199,pilot_adaptive,0.008655223733223583,5113,8192,128
0.2,8192,199,regularized_adaptive,0.006813192887269004,5290,8192,128
0.2,8192,200,uniform,0.002903844987885762,4096,8192,0
0.2,8192,200,pilot_adaptive,-0.0032714027790312628,5022,8192,128
0.2,8192,200,regularized_adaptive,-0.004699721961176184,5205,8192,128
0.2,8192,201,uniform,-0.0130123962387243,4096,8192,0
0.2,8192,201,pilot_adaptive,-0.003473154215459129,5643,8192,128
0.2,8192,201,regularized_adaptive,0.0018694764948032905,5718,8192,128
0.2,8192,202,uniform,-0.003666222443987177,4096,8192,0
0.2,8192,202,pilot_adaptive,-0.00715935297962389,5022,8192,128
0.2,8192,202,regularized_adaptive,-0.010953525817152698,5205,8192,128
0.2,8192,203,uniform,-0.0025356196615118343,4096,8192,0
0.2,8192,203,pilot_adaptive,-0.004907692029321176,5900,8192,128
0.2,8192,203,regularized_adaptive,-0.0030777099501060334,5949,8192,128
0.2,8192,204,uniform,-0.004921486136607367,4096,8192,0
0.2,8192,204,pilot_adaptive,-0.01155563515789515,5814,8192,128
0.2,8192,204,regularized_adaptive,0.009626328603262735,5860,8192,128
0.2,8192,205,uniform,0.0014377472344868636,4096,8192,0
0.2,8192,205,pilot_adaptive,-0.010942453765990123,6028,8192,128
0.2,8192,205,regularized_adaptive,-0.01083590738542517,6064,8192,128
0.2,8192,206,uniform,0.004105449844541198,4096,8192,0
0.2,8192,206,pilot_adaptive,-0.0011562175888579773,5868,8192,128
0.2,8192,206,regularized_adaptive,0.002033497793784367,5919,8192,128
0.2,8192,207,uniform,-0.001000148955253355,4096,8192,0
0.2,8192,207,pilot_adaptive,0.0039855128785455385,5358,8192,128
0.2,8192,207,regularized_adaptive,-0.005637822395016201,5471,8192,128
0.2,8192,208,uniform,0.006737922937725571,4096,8192,0
0.2,8192,208,pilot_adaptive,-0.0032981102990281563,5769,8192,128
0.2,8192,208,regularized_adaptive,0.00010254909139462143,5825,8192,128
0.2,8192,209,uniform,-0.0023768153153778115,4096,8192,0
0.2,8192,209,pilot_adaptive,-0.0013996318252562645,5670,8192,128
0.2,8192,209,regularized_adaptive,-0.0016371275026272336,5743,8192,128
0.2,8192,210,uniform,-0.008348524000903357,4096,8192,0
0.2,8192,210,pilot_adaptive,-0.002732403048647747,6138,8192,128
0.2,8192,210,regularized_adaptive,-0.004992469243899844,6168,8192,128
0.2,8192,211,uniform,0.009458198302864318,4096,8192,0
0.2,8192,211,pilot_adaptive,-0.003913116980470921,4496,8192,128
0.2,8192,211,regularized_adaptive,-0.0007913203516847211,4861,8192,128
0.2,8192,212,uniform,-0.0015296777891808944,4096,8192,0
0.2,8192,212,pilot_adaptive,0.008806753745236762,5900,8192,128
0.2,8192,212,regularized_adaptive,-0.0012703040250010567,5949,8192,128
0.2,8192,213,uniform,0.00012991078678181722,4096,8192,0
0.2,8192,213,pilot_adaptive,0.015233674558591037,5436,8192,128
0.2,8192,213,regularized_adaptive,0.0008598473773857584,5544,8192,128
0.2,8192,214,uniform,-0.0021827814523733835,4096,8192,0
0.2,8192,214,pilot_adaptive,-0.006831861405819595,128,8192,128
0.2,8192,214,regularized_adaptive,0.0022824235986469432,3709,8192,128
0.2,8192,215,uniform,-0.007854224683845779,4096,8192,0
0.2,8192,215,pilot_adaptive,0.0012539245371638863,5381,8192,128
0.2,8192,215,regularized_adaptive,0.007064664131906984,5493,8192,128
0.2,8192,216,uniform,0.0017212124907657333,4096,8192,0
0.2,8192,216,pilot_adaptive,0.007747010036923019,5467,8192,128
0.2,8192,216,regularized_adaptive,-0.0035161474056373265,5574,8192,128
0.2,8192,217,uniform,-0.0034201588663385074,4096,8192,0
0.2,8192,217,pilot_adaptive,0.01324356919348979,5643,8192,128
0.2,8192,217,regularized_adaptive,0.002899938672750846,5718,8192,128
0.2,8192,218,uniform,0.0038940727433218747,4096,8192,0
0.2,8192,218,pilot_adaptive,-0.00661376782074008,5582,8192,128
0.2,8192,218,regularized_adaptive,0.0014290874971014667,5682,8192,128
0.2,8192,219,uniform,-0.010928424339002873,4096,8192,0
0.2,8192,219,pilot_adaptive,0.0011076003235888088,5113,8192,128
0.2,8192,219,regularized_adaptive,0.0025415015973400124,5290,8192,128
0.2,8192,220,uniform,-0.004532875370158784,4096,8192,0
0.2,8192,220,pilot_adaptive,0.00016223470675535978,6279,8192,128
0.2,8192,220,regularized_adaptive,-0.005661662268587442,6298,8192,128
0.2,8192,221,uniform,0.0007846435712948185,4096,8192,0
0.2,8192,221,pilot_adaptive,0.002049403133212113,5150,8192,128
0.2,8192,221,regularized_adaptive,0.005871777721595972,5325,8192,128
0.2,8192,222,uniform,0.003221996720594422,4096,8192,0
0.2,8192,222,pilot_adaptive,0.004782273274211324,5769,8192,128
0.2,8192,222,regularized_adaptive,0.002203581335427529,5825,8192,128
0.2,8192,223,uniform,-0.004091691848625789,4096,8192,0
0.2,8192,223,pilot_adaptive,0.0033854366674379577,5022,8192,128
0.2,8192,223,regularized_adaptive,0.002841002115745006,5205,8192,128
0.2,8192,224,uniform,-0.007059659912733718,4096,8192,0
0.2,8192,224,pilot_adaptive,0.006013347440724903,4957,8192,128
0.2,8192,224,regularized_adaptive,0.0015104641872940583,5143,8192,128
0.2,8192,225,uniform,-0.0033133842348487264,4096,8192,0
0.2,8192,225,pilot_adaptive,-0.00370838872238366,5540,8192,128
0.2,8192,225,regularized_adaptive,-0.000415551712266371,5642,8192,128
0.2,8192,226,uniform,-0.004939372415262433,4096,8192,0
0.2,8192,226,pilot_adaptive,0.0050368744226072515,4421,8192,128
0.2,8192,226,regularized_adaptive,-0.011164892058121989,4791,8192,128
0.2,8192,227,uniform,-0.0048689133815225105,4096,8192,0
0.2,8192,227,pilot_adaptive,0.0036556995529370973,5303,8192,128
0.2,8192,227,regularized_adaptive,-0.004409155499394135,5419,8192,128
0.2,8192,228,uniform,0.0014729767513563807,4096,8192,0
0.2,8192,228,pilot_adaptive,0.0039232126432220404,5733,8192,128
0.2,8192,228,regularized_adaptive,-0.0024040667322284826,5802,8192,128
0.2,8192,229,uniform,0.009441941145529764,4096,8192,0
0.2,8192,229,pilot_adaptive,0.005097575869644544,5050,8192,128
0.2,8192,229,regularized_adaptive,-0.008564216120169554,5230,8192,128
0.2,8192,230,uniform,0.0057119226249793265,4096,8192,0
0.2,8192,230,pilot_adaptive,-0.0070082826187252145,4232,8192,128
0.2,8192,230,regularized_adaptive,-0.00043377897853691394,4613,8192,128
0.2,8192,231,uniform,-0.00016872554595126488,4096,8192,0
0.2,8192,231,pilot_adaptive,-0.004862906267370626,5540,8192,128
0.2,8192,231,regularized_adaptive,-0.010159562190346083,5642,8192,128
0.2,8192,232,uniform,-0.0009296899215134324,4096,8192,0
0.2,8192,232,pilot_adaptive,0.004227821260541109,4701,8192,128
0.2,8192,232,regularized_adaptive,-0.004628264490824652,5050,8192,128
0.2,8192,233,uniform,0.005607320155249784,4096,8192,0
0.2,8192,233,pilot_adaptive,-0.004043513132719667,5970,8192,128
0.2,8192,233,regularized_adaptive,-0.006149795460824503,6009,8192,128
0.2,8192,234,uniform,-0.005364298779460874,4096,8192,0
0.2,8192,234,pilot_adaptive,-0.001464873125407884,4272,8192,128
0.2,8192,234,regularized_adaptive,-0.014070506993908438,4651,8192,128
0.2,8192,235,uniform,-0.004002260455350903,4096,8192,0
0.2,8192,235,pilot_adaptive,0.0009379524207817624,5436,8192,128
0.2,8192,235,regularized_adaptive,0.008180203906948957,5544,8192,128
0.2,8192,236,uniform,0.011630515514980289,4096,8192,0
0.2,8192,236,pilot_adaptive,0.005952461693454314,5582,8192,128
0.2,8192,236,regularized_adaptive,-0.005763921048745235,5682,8192,128
0.2,8192,237,uniform,0.008787208361017207,4096,8192,0
0.2,8192,237,pilot_adaptive,-0.017124319644401975,128,8192,128
0.2,8192,237,regularized_adaptive,0.005565402353366444,3650,8192,128
0.2,8192,238,uniform,0.0006258392251603517,4096,8192,0
0.2,8192,238,pilot_adaptive,-0.0026842227029235666,5113,8192,128
0.2,8192,238,regularized_adaptive,-0.0020937366723825512,5290,8192,128
0.2,8192,239,uniform,0.00041283300262096034,4096,8192,0
0.2,8192,239,pilot_adaptive,0.01055489921621433,5022,8192,128
0.2,8192,239,regularized_adaptive,-0.01034112491535133,5205,8192,128
0.2,8192,240,uniform,-0.006334468094481682,4096,8192,0
0.2,8192,240,pilot_adaptive,0.07998896237567177,128,8192,128
0.2,8192,240,regularized_adaptive,0.0024671507292302053,3650,8192,128
0.2,8192,241,uniform,-0.00647592920240081,4096,8192,0
0.2,8192,241,pilot_adaptive,0.00389112189355334,5670,8192,128
0.2,8192,241,regularized_adaptive,0.003975333560668037,5743,8192,128
0.2,8192,242,uniform,0.0019857053875096398,4096,8192,0
0.2,8192,242,pilot_adaptive,-0.00017027646860690027,5643,8192,128
0.2,8192,242,regularized_adaptive,-0.00032740769221462074,5718,8192,128
0.2,8192,243,uniform,0.008398054554128453,4096,8192,0
0.2,8192,243,pilot_adaptive,0.0014331192393179926,5319,8192,128
0.2,8192,243,regularized_adaptive,0.0035203889348931483,5434,8192,128
0.2,8192,244,uniform,-0.00919566152709983,4096,8192,0
0.2,8192,244,pilot_adaptive,-0.0069490511668170996,5670,8192,128
0.2,8192,244,regularized_adaptive,-0.0002685517891407585,5743,8192,128
0.2,8192,245,uniform,-0.011123001242447472,4096,8192,0
0.2,8192,245,pilot_adaptive,0.002786645520825637,5050,8192,128
0.2,8192,245,regularized_adaptive,0.0008041256261224206,5230,8192,128
0.2,8192,246,uniform,-0.005416328494105116,4096,8192,0
0.2,8192,246,pilot_adaptive,0.006054526540089089,5814,8192,128
0.2,8192,246,regularized_adaptive,-0.004634417667271684,5868,8192,128
0.2,8192,247,uniform,0.0005900666678502198,4096,8192,0
0.2,8192,247,pilot_adaptive,0.0034659803635608277,5113,8192,128
0.2,8192,247,regularized_adaptive,-0.002165063348263274,5290,8192,128
0.2,8192,248,uniform,-0.000364388530275761,4096,8192,0
0.2,8192,248,pilot_adaptive,-0.0009939369845559654,5868,8192,128
0.2,8192,248,regularized_adaptive,0.012145536890790343,5919,8192,128
0.2,8192,249,uniform,0.0011212246230982714,4096,8192,0
0.2,8192,249,pilot_adaptive,-0.003825491581081586,5022,8192,128
0.2,8192,249,regularized_adaptive,0.003441624387744646,5205,8192,128
0.2,8192,250,uniform,-0.0012993283284266077,4096,8192,0
0.2,8192,250,pilot_adaptive,-0.007260444040043446,5502,8192,128
0.2,8192,250,regularized_adaptive,0.009541551474956389,5606,8192,128
0.2,8192,251,uniform,-0.0034553883832080245,4096,8192,0
0.2,8192,251,pilot_adaptive,0.0019906654803643065,5436,8192,128
0.2,8192,251,regularized_adaptive,-0.0044528906980034755,5544,8192,128
0.2,8192,252,uniform,-0.0032434682415494187,4096,8192,0
0.2,8192,252,pilot_adaptive,0.011904886552858152,5080,8192,128
0.2,8192,252,regularized_adaptive,0.011104114827676703,5259,8192,128
0.2,8192,253,uniform,0.002974847062065411,4096,8192,0
0.2,8192,253,pilot_adaptive,-0.005463522259395059,5706,8192,128
0.2,8192,253,regularized_adaptive,0.003781330461671839,5765,8192,128
0.2,8192,254,uniform,-0.005591933038014307,4096,8192,0
0.2,8192,254,pilot_adaptive,-0.00908714921015008,5670,8192,128
0.2,8192,254,regularized_adaptive,0.004235255469959842,5743,8192,128
0.2,8192,255,uniform,-0.00840163979642794,4096,8192,0
0.2,8192,255,pilot_adaptive,-0.0005639624004749599,5381,8192,128
0.2,8192,255,regularized_adaptive,-0.006174063359795756,5493,8192,128
0.2,8192,256,uniform,0.003222539761034593,4096,8192,0
0.2,8192,256,pilot_adaptive,0.002424354316482802,5618,8192,128
0.2,8192,256,regularized_adaptive,-0.004700942281768761,5694,8192,128
0.2,8192,257,uniform,-0.0017594842094950103,4096,8192,0
0.2,8192,257,pilot_adaptive,-0.007190317710926486,4360,8192,128
0.2,8192,257,regularized_adaptive,0.005260393720972534,4734,8192,128
0.2,8192,258,uniform,0.00974057747826329,4096,8192,0
0.2,8192,258,pilot_adaptive,0.004055371364662275,5022,8192,128
0.2,8192,258,regularized_adaptive,-0.0005748211075990994,5205,8192,128
0.2,8192,259,uniform,-0.0054331286918798405,4096,8192,0
0.2,8192,259,pilot_adaptive,0.0005096194072171656,5643,8192,128
0.2,8192,259,regularized_adaptive,-0.014585640396207467,5718,8192,128
0.2,8192,260,uniform,-0.004461873295979135,4096,8192,0
0.2,8192,260,pilot_adaptive,0.0008337896774173181,5734,8192,128
0.2,8192,260,regularized_adaptive,-0.008472695625113769,5791,8192,128
0.2,8192,261,uniform,-0.01370018637834658,4096,8192,0
0.2,8192,261,pilot_adaptive,-0.00043576235766407123,5080,8192,128
0.2,8192,261,regularized_adaptive,0.0017808695358501048,5259,8192,128
0.2,8192,262,uniform,-0.005222837671541303,4096,8192,0
0.2,8192,262,pilot_adaptive,-0.0016859997737483923,5050,8192,128
0.2,8192,262,regularized_adaptive,0.004554279094005853,5230,8192,128
0.2,8192,263,uniform,0.001102252263563308,4096,8192,0
0.2,8192,263,pilot_adaptive,0.002734200305741563,5381,8192,128
0.2,8192,263,regularized_adaptive,0.00037487352462273194,5493,8192,128
0.2,8192,264,uniform,-0.0002933864560961119,4096,8192,0
0.2,8192,264,pilot_adaptive,0.0014137691442983602,5814,8192,128
0.2,8192,264,regularized_adaptive,-0.010627532564152276,5860,8192,128
0.2,8192,265,uniform,0.007284795009868006,4096,8192,0
0.2,8192,265,pilot_adaptive,0.007026801456906817,5628,8192,128
0.2,8192,265,regularized_adaptive,0.001958154317887928,5725,8192,128
0.2,8192,266,uniform,-0.004779481988247625,4096,8192,0
0.2,8192,266,pilot_adaptive,0.007832323723078627,5358,8192,128
0.2,8192,266,regularized_adaptive,0.000538042455530352,5471,8192,128
0.2,8192,267,uniform,0.008044130264109661,4096,8192,0
0.2,8192,267,pilot_adaptive,-0.004438490139479612,5113,8192,128
0.2,8192,267,regularized_adaptive,-0.009329254841279333,5290,8192,128
0.2,8192,268,uniform,-0.0041800371610203335,4096,8192,0
0.2,8192,268,pilot_adaptive,-0.0007677523678082387,5358,8192,128
0.2,8192,268,regularized_adaptive,-0.007068865963137938,5471,8192,128
0.2,8192,269,uniform,-0.0006109951483646014,4096,8192,0
0.2,8192,269,pilot_adaptive,-0.004109837853657705,4389,8192,128
0.2,8192,269,regularized_adaptive,0.003833122723965854,4761,8192,128
0.2,8192,270,uniform,-0.000469534040445474,4096,8192,0
0.2,8192,270,pilot_adaptive,-0.0015990837235086985,5467,8192,128
0.2,8192,270,regularized_adaptive,-0.0026391041504409962,5574,8192,128
0.2,8192,271,uniform,-0.0022537835265530326,4096,8192,0
0.2,8192,271,pilot_adaptive,-0.0015819392353315642,5559,8192,128
0.2,8192,271,regularized_adaptive,-0.0022300123376961523,5638,8192,128
0.2,8192,272,uniform,-0.004179494120580163,4096,8192,0
0.2,8192,272,pilot_adaptive,0.0028826565595494458,4360,8192,128
0.2,8192,272,regularized_adaptive,0.003739050299363278,4734,8192,128
0.2,8192,273,uniform,-0.003031005059449754,4096,8192,0
0.2,8192,273,pilot_adaptive,0.0008023862237105384,4976,8192,128
0.2,8192,273,regularized_adaptive,-0.0009494771527647217,5161,8192,128
0.2,8192,274,uniform,-0.0029068871897455217,4096,8192,0
0.2,8192,274,pilot_adaptive,-0.015374910712380174,5467,8192,128
0.2,8192,274,regularized_adaptive,0.011845593299892432,5574,8192,128
0.2,8192,275,uniform,-0.011687216552804802,4096,8192,0
0.2,8192,275,pilot_adaptive,-0.0006083327990427101,5236,8192,128
0.2,8192,275,regularized_adaptive,0.001971684541703489,5404,8192,128
0.2,8192,276,uniform,0.0031520807272951146,4096,8192,0
0.2,8192,276,pilot_adaptive,0.006569113905065649,5080,8192,128
0.2,8192,276,regularized_adaptive,-0.0005363528825643726,5259,8192,128
0.2,8192,277,uniform,-0.00010043867397246942,4096,8192,0
0.2,8192,277,pilot_adaptive,-0.0004369587117531992,5381,8192,128
0.2,8192,277,regularized_adaptive,0.0054004856257936495,5493,8192,128
0.2,8192,278,uniform,0.0008556456454744676,4096,8192,0
0.2,8192,278,pilot_adaptive,0.007226630150337865,5769,8192,128
0.2,8192,278,regularized_adaptive,-0.005323359147417328,5837,8192,128
0.2,8192,279,uniform,0.004972102770712805,4096,8192,0
0.2,8192,279,pilot_adaptive,-0.006935294068820319,4912,8192,128
0.2,8192,279,regularized_adaptive,0.002565882860218416,5101,8192,128
0.2,8192,280,uniform,0.004935244132522332,4096,8192,0
0.2,8192,280,pilot_adaptive,0.0025058869805065775,5900,8192,128
0.2,8192,280,regularized_adaptive,0.0020460248679388116,5949,8192,128
0.2,8192,281,uniform,-0.0014407894363461793,4096,8192,0
0.2,8192,281,pilot_adaptive,-0.013949910828530143,4588,8192,128
0.2,8192,281,regularized_adaptive,-0.002517238525293841,4946,8192,128
0.2,8192,282,uniform,-0.001811513924139696,4096,8192,0
0.2,8192,282,pilot_adaptive,-0.002722906960027416,6163,8192,128
0.2,8192,282,regularized_adaptive,0.002764392937754323,6188,8192,128
0.2,8192,283,uniform,0.0015797513828466059,4096,8192,0
0.2,8192,283,pilot_adaptive,-0.0017666681154930863,4925,8192,128
0.2,8192,283,regularized_adaptive,0.0029669846423794333,5113,8192,128
0.2,8192,284,uniform,-0.0006451385843542212,4096,8192,0
0.2,8192,284,pilot_adaptive,0.003590726004985445,5436,8192,128
0.2,8192,284,regularized_adaptive,0.014066765053244001,5544,8192,128
0.2,8192,285,uniform,0.003911959021976941,4096,8192,0
0.2,8192,285,pilot_adaptive,0.001518116867614161,5900,8192,128
0.2,8192,285,regularized_adaptive,-0.002555364774883273,5949,8192,128
0.2,8192,286,uniform,0.0007662142521995818,4096,8192,0
0.2,8192,286,pilot_adaptive,0.0068192503937427595,5733,8192,128
0.2,8192,286,regularized_adaptive,-0.001810493243265654,5802,8192,128
0.2,8192,287,uniform,0.010252763073975935,4096,8192,0
0.2,8192,287,pilot_adaptive,8.545846177510086e-05,5467,8192,128
0.2,8192,287,regularized_adaptive,-0.003261094536987752,5574,8192,128
0.2,8192,288,uniform,0.0056425496721197455,4096,8192,0
0.2,8192,288,pilot_adaptive,0.0028022926647652824,4389,8192,128
0.2,8192,288,regularized_adaptive,0.003908694819473979,4761,8192,128
0.2,8192,289,uniform,-0.007536615991576845,4096,8192,0
0.2,8192,289,pilot_adaptive,-0.004820901248598464,4767,8192,128
0.2,8192,289,regularized_adaptive,0.003971356408463578,5111,8192,128
0.2,8192,290,uniform,-0.005345869460365638,4096,8192,0
0.2,8192,290,pilot_adaptive,0.00986630241724118,4421,8192,128
0.2,8192,290,regularized_adaptive,-0.0004271965449476056,4791,8192,128
0.2,8192,291,uniform,-0.0016185661420160535,4096,8192,0
0.2,8192,291,pilot_adaptive,0.012047533884871786,5337,8192,128
0.2,8192,291,regularized_adaptive,0.010638353129599931,5452,8192,128
0.2,8192,292,uniform,-0.0009817196361581182,4096,8192,0
0.2,8192,292,pilot_adaptive,0.0005695070541000824,5358,8192,128
0.2,8192,292,regularized_adaptive,0.0007392538708455021,5471,8192,128
0.2,8192,293,uniform,0.006595918789365829,4096,8192,0
0.2,8192,293,pilot_adaptive,-0.0005285821898386445,5596,8192,128
0.2,8192,293,regularized_adaptive,0.0007658522398461542,5673,8192,128
0.2,8192,294,uniform,-0.0016537956588855707,4096,8192,0
0.2,8192,294,pilot_adaptive,-0.00393394490423038,5358,8192,128
0.2,8192,294,regularized_adaptive,0.00018103960232496163,5471,8192,128
0.2,8192,295,uniform,-0.0002218413414762921,4096,8192,0
0.2,8192,295,pilot_adaptive,0.05593862977360731,128,8192,128
0.2,8192,295,regularized_adaptive,-0.004021351433302289,3923,8192,128
0.2,8192,296,uniform,0.0011206815826581007,4096,8192,0
0.2,8192,296,pilot_adaptive,-0.002359670323030638,5022,8192,128
0.2,8192,296,regularized_adaptive,0.0024093984626887277,5205,8192,128
0.2,8192,297,uniform,-0.008154490137898929,4096,8192,0
0.2,8192,297,pilot_adaptive,-0.01223187249890012,6101,8192,128
0.2,8192,297,regularized_adaptive,0.004684549003959759,6129,8192,128
0.2,8192,298,uniform,0.0032214536801546956,4096,8192,0
0.2,8192,298,pilot_adaptive,0.0010590542932966684,5381,8192,128
0.2,8192,298,regularized_adaptive,0.0011200771236401508,5493,8192,128
0.2,8192,299,uniform,-0.0008408015686787174,4096,8192,0
0.2,8192,299,pilot_adaptive,0.001511047969485091,5769,8192,128
0.2,8192,299,regularized_adaptive,0.004413067199685372,5825,8192,128
0.2,8192,300,uniform,6.33595751775573e-06,4096,8192,0
0.2,8192,300,pilot_adaptive,0.011871464792089004,5113,8192,128
0.2,8192,300,regularized_adaptive,0.002231926173701826,5290,8192,128
0.2,8192,301,uniform,-0.0005226498359700571,4096,8192,0
0.2,8192,301,pilot_adaptive,-0.021319297058754128,128,8192,128
0.2,8192,301,regularized_adaptive,0.012304899642824108,3626,8192,128
0.2,8192,302,uniform,-0.0041621508823652675,4096,8192,0
0.2,8192,302,pilot_adaptive,0.003998763917389958,5700,8192,128
0.2,8192,302,regularized_adaptive,-0.005319919413998786,5771,8192,128
0.2,8192,303,uniform,0.0029753901025055818,4096,8192,0
0.2,8192,303,pilot_adaptive,0.003540241310026282,5191,8192,128
0.2,8192,303,regularized_adaptive,0.002705047283132256,5363,8192,128
0.2,8192,304,uniform,0.001666467573920638,4096,8192,0
0.2,8192,304,pilot_adaptive,-0.00603470972791742,5407,8192,128
0.2,8192,304,regularized_adaptive,0.0007487508257191244,5517,8192,128
0.2,8192,305,uniform,-0.006758851418239953,4096,8192,0
0.2,8192,305,pilot_adaptive,0.00030937723960144936,4588,8192,128
0.2,8192,305,regularized_adaptive,0.005570399820719718,4946,8192,128
0.2,8192,306,uniform,0.0025342065809725867,4096,8192,0
0.2,8192,306,pilot_adaptive,-0.004684284112353776,4421,8192,128
0.2,8192,306,regularized_adaptive,-0.0034206811763706213,4791,8192,128
0.2,8192,307,uniform,0.0024453182281378716,4096,8192,0
0.2,8192,307,pilot_adaptive,0.0034879701869088287,5901,8192,128
0.2,8192,307,regularized_adaptive,-0.005534471779180539,5960,8192,128
0.2,8192,308,uniform,-0.0031204364527246398,4096,8192,0
0.2,8192,308,pilot_adaptive,0.007101030602880254,5618,8192,128
0.2,8192,308,regularized_adaptive,-0.0032021557877937035,5694,8192,128
0.2,8192,309,uniform,0.0026745816080118168,4096,8192,0
0.2,8192,309,pilot_adaptive,-0.005505428047210881,5381,8192,128
0.2,8192,309,regularized_adaptive,-0.0008752912044345251,5493,8192,128
0.2,8192,310,uniform,0.0016854399334560455,4096,8192,0
0.2,8192,310,pilot_adaptive,0.009077261018240357,6101,8192,128
0.2,8192,310,regularized_adaptive,-0.0012576448997667633,6129,8192,128
0.2,8192,311,uniform,-0.007200577980213119,4096,8192,0
0.2,8192,311,pilot_adaptive,-0.0037920270819000734,5191,8192,128
0.2,8192,311,regularized_adaptive,-0.005038611349785338,5363,8192,128
0.2,8192,312,uniform,0.012214789265753367,4096,8192,0
0.2,8192,312,pilot_adaptive,-0.008361752880577722,5733,8192,128
0.2,8192,312,regularized_adaptive,0.006101348901738746,5802,8192,128
0.2,8192,313,uniform,0.002992733340720477,4096,8192,0
0.2,8192,313,pilot_adaptive,-0.002776854601646228,5790,8192,128
0.2,8192,313,regularized_adaptive,0.0020837293879871766,5845,8192,128
0.2,8192,314,uniform,0.014085754942935402,4096,8192,0
0.2,8192,314,pilot_adaptive,-0.003802418311546152,5050,8192,128
0.2,8192,314,regularized_adaptive,-0.006559732284570963,5230,8192,128
0.2,8192,315,uniform,-0.010061228372391096,4096,8192,0
0.2,8192,315,pilot_adaptive,0.008312458679575752,5868,8192,128
0.2,8192,315,regularized_adaptive,0.002898756695658644,5919,8192,128
0.2,8192,316,uniform,0.0033802580262887183,4096,8192,0
0.2,8192,316,pilot_adaptive,0.009441856349582611,5319,8192,128
0.2,8192,316,regularized_adaptive,0.007856661555826872,5434,8192,128
0.2,8192,317,uniform,-0.0037204243203921017,4096,8192,0
0.2,8192,317,pilot_adaptive,-0.002716497226463055,5670,8192,128
0.2,8192,317,regularized_adaptive,0.003248026552767236,5743,8192,128
0.2,8192,318,uniform,-0.0019009453174145818,4096,8192,0
0.2,8192,318,pilot_adaptive,0.0026107591433270905,5700,8192,128
0.2,8192,318,regularized_adaptive,-0.0038953905325165294,5771,8192,128
0.2,8192,319,uniform,-0.003597392531567767,4096,8192,0
0.2,8192,319,pilot_adaptive,0.008352206842510146,5467,8192,128
0.2,8192,319,regularized_adaptive,0.003867905728735632,5574,8192,128
0.2,8192,320,uniform,0.0010849090253484128,4096,8192,0
0.2,8192,320,pilot_adaptive,0.004654530311535066,5467,8192,128
0.2,8192,320,regularized_adaptive,-0.003120853937975898,5574,8192,128
0.2,8192,321,uniform,0.0057314380249544605,4096,8192,0
0.2,8192,321,pilot_adaptive,-0.010900873237792652,5670,8192,128
0.2,8192,321,regularized_adaptive,0.005777037164543142,5743,8192,128
0.2,8192,322,uniform,-0.0008061150922489269,4096,8192,0
0.2,8192,322,pilot_adaptive,0.0037183625118633046,5769,8192,128
0.2,8192,322,regularized_adaptive,-0.007835592582214002,5837,8192,128
0.2,8192,323,uniform,-0.0026245080143465493,4096,8192,0
0.2,8192,323,pilot_adaptive,-0.001135646823756442,5022,8192,128
0.2,8192,323,regularized_adaptive,-0.0007131693070294709,5205,8192,128
0.2,8192,324,uniform,-0.00043430452357551275,4096,8192,0
0.2,8192,324,pilot_adaptive,0.00185154500253093,4901,8192,128
0.2,8192,324,regularized_adaptive,0.00021454592648462167,5091,8192,128
0.2,8192,325,uniform,0.0056246633934646795,4096,8192,0
0.2,8192,325,pilot_adaptive,-0.005310600743867244,5436,8192,128
0.2,8192,325,regularized_adaptive,0.0035873725784454358,5544,8192,128
0.2,8192,326,uniform,-0.0025535059401669002,4096,8192,0
0.2,8192,326,pilot_adaptive,0.006270074643935697,4925,8192,128
0.2,8192,326,regularized_adaptive,-0.0015330587676309904,5113,8192,128
0.2,8192,327,uniform,0.0024453182281378716,4096,8192,0
0.2,8192,327,pilot_adaptive,-0.0018064400750916754,4588,8192,128
0.2,8192,327,regularized_adaptive,0.005844508608792154,4946,8192,128
0.2,8192,328,uniform,-0.006511701759710942,4096,8192,0
0.2,8192,328,pilot_adaptive,0.0005439153607040836,5670,8192,128
0.2,8192,328,regularized_adaptive,0.004391219909299249,5743,8192,128
0.2,8192,329,uniform,0.002180825331393965,4096,8192,0
0.2,8192,329,pilot_adaptive,0.0014050327727215262,5436,8192,128
0.2,8192,329,regularized_adaptive,-0.0047398423541933354,5544,8192,128
0.2,8192,330,uniform,9.576735079264154e-05,4096,8192,0
0.2,8192,330,pilot_adaptive,0.00221629682844382,4456,8192,128
0.2,8192,330,regularized_adaptive,0.0009629396508179511,4824,8192,128
0.2,8192,331,uniform,0.00719807881879353,4096,8192,0
0.2,8192,331,pilot_adaptive,-0.04710233772326866,128,8192,128
0.2,8192,331,regularized_adaptive,-0.007946779133751303,3782,8192,128
0.2,8192,332,uniform,0.008839238075661449,4096,8192,0
0.2,8192,332,pilot_adaptive,-0.006026294189410031,5358,8192,128
0.2,8192,332,regularized_adaptive,-0.0013446916906509898,5471,8192,128
0.2,8192,333,uniform,0.0014740628322367222,4096,8192,0
0.2,8192,333,pilot_adaptive,0.0016384451669395617,5577,8192,128
0.2,8192,333,regularized_adaptive,0.0038251587892643713,5655,8192,128
0.2,8192,334,uniform,0.00034346004976137934,4096,8192,0
0.2,8192,334,pilot_adaptive,-0.004562099211590009,5976,8192,128
0.2,8192,334,regularized_adaptive,0.004194272204283145,6010,8192,128
0.2,8192,335,uniform,0.005358541375400705,4096,8192,0
0.2,8192,335,pilot_adaptive,-0.020772126091664678,128,8192,128
0.2,8192,335,regularized_adaptive,-0.008854381359453267,3626,8192,128
0.2,8192,336,uniform,0.004511946889644403,4096,8192,0
0.2,8192,336,pilot_adaptive,0.0018702106104901972,5582,8192,128
0.2,8192,336,regularized_adaptive,-0.0004190295371895303,5682,8192,128
0.2,8192,337,uniform,0.0123015054568274,4096,8192,0
0.2,8192,337,pilot_adaptive,-0.009626724406988973,5113,8192,128
0.2,8192,337,regularized_adaptive,0.0010265707591257112,5290,8192,128
0.2,8192,338,uniform,-0.004726366192723042,4096,8192,0
0.2,8192,338,pilot_adaptive,0.003334478672277985,5436,8192,128
0.2,8192,338,regularized_adaptive,0.0031555408683767716,5544,8192,128
0.2,8192,339,uniform,-0.0002928434156559412,4096,8192,0
0.2,8192,339,pilot_adaptive,-0.0021789407033705466,5733,8192,128
0.2,8192,339,regularized_adaptive,0.0071734048297784625,5802,8192,128
0.2,8192,340,uniform,0.014756744884782957,4096,8192,0
0.2,8192,340,pilot_adaptive,-0.002069038599116002,5884,8192,128
0.2,8192,340,regularized_adaptive,0.005402848328784238,5927,8192,128
0.2,8192,341,uniform,0.006189964784702351,4096,8192,0
0.2,8192,341,pilot_adaptive,-0.0031313003927784244,5902,8192,128
0.2,8192,341,regularized_adaptive,0.0019080406626899027,5945,8192,128
0.2,8192,342,uniform,0.005041475723572386,4096,8192,0
0.2,8192,342,pilot_adaptive,0.017341953669648635,5289,8192,128
0.2,8192,342,regularized_adaptive,0.01122393765604679,5406,8192,128
0.2,8192,343,uniform,0.009227848842110031,4096,8192,0
0.2,8192,343,pilot_adaptive,-0.0010297712763542854,6029,8192,128
0.2,8192,343,regularized_adaptive,0.003839320987211625,6057,8192,128
0.2,8192,344,uniform,7.422038398097186e-06,4096,8192,0
0.2,8192,344,pilot_adaptive,0.006658049780478681,5050,8192,128
0.2,8192,344,regularized_adaptive,-0.003976279547489359,5230,8192,128
0.2,8192,345,uniform,-0.0006641109438896287,4096,8192,0
0.2,8192,345,pilot_adaptive,-0.0006744223987067421,5340,8192,128
0.2,8192,345,regularized_adaptive,-0.0011969126439108635,5501,8192,128
0.2,8192,346,uniform,-0.0100438851341762,4096,8192,0
0.2,8192,346,pilot_adaptive,0.0005387800585112679,5618,8192,128
0.2,8192,346,regularized_adaptive,-0.003965578571693218,5694,8192,128
0.2,8192,347,uniform,-0.005504673806500104,4096,8192,0
0.2,8192,347,pilot_adaptive,-0.0008966258165639118,4272,8192,128
0.2,8192,347,regularized_adaptive,0.005117510297489414,4651,8192,128
0.2,8192,348,uniform,0.009722691199608224,4096,8192,0
0.2,8192,348,pilot_adaptive,-0.004929489301966683,5113,8192,128
0.2,8192,348,regularized_adaptive,-0.003318211166157603,5290,8192,128
0.2,8192,349,uniform,-0.01311862782977391,4096,8192,0
0.2,8192,349,pilot_adaptive,-0.003066315320405355,5809,8192,128
0.2,8192,349,regularized_adaptive,0.004506627957619802,5874,8192,128
0.2,8192,350,uniform,0.00841594083278352,4096,8192,0
0.2,8192,350,pilot_adaptive,-0.004189354292526648,5022,8192,128
0.2,8192,350,regularized_adaptive,-0.006364795734375761,5205,8192,128
0.2,8192,351,uniform,-0.004744795511817834,4096,8192,0
0.2,8192,351,pilot_adaptive,-0.00602841885426697,5577,8192,128
0.2,8192,351,regularized_adaptive,0.00793361320419228,5655,8192,128
0.2,8192,352,uniform,0.0009792204747389732,4096,8192,0
0.2,8192,352,pilot_adaptive,0.008458928742362648,5080,8192,128
0.2,8192,352,regularized_adaptive,-0.0030072736936972433,5259,8192,128
0.2,8192,353,uniform,0.001492492151331959,4096,8192,0
0.2,8192,353,pilot_adaptive,0.005058735183362195,5628,8192,128
0.2,8192,353,regularized_adaptive,0.006319165325499476,5725,8192,128
0.2,8192,354,uniform,-0.0028001125582557407,4096,8192,0
0.2,8192,354,pilot_adaptive,0.004018375802137264,5559,8192,128
0.2,8192,354,regularized_adaptive,0.0076617819895639094,5638,8192,128
0.2,8192,355,uniform,-0.004321498268939461,4096,8192,0
0.2,8192,355,pilot_adaptive,-0.0017661253407230681,5643,8192,128
0.2,8192,355,regularized_adaptive,-0.0004104465281686842,5718,8192,128
0.2,8192,356,uniform,0.0005559232318606,4096,8192,0
0.2,8192,356,pilot_adaptive,-0.007449843058650707,5050,8192,128
0.2,8192,356,regularized_adaptive,0.002357326657475678,5230,8192,128
0.2,8192,357,uniform,0.004829555581912892,4096,8192,0
0.2,8192,357,pilot_adaptive,-0.0023438732779825777,5113,8192,128
0.2,8192,357,regularized_adaptive,-0.0011528049226576798,5290,8192,128
0.2,8192,358,uniform,-0.007783222609665685,4096,8192,0
0.2,8192,358,pilot_adaptive,0.004463743605759962,128,8192,128
0.2,8192,358,regularized_adaptive,0.012325220310371865,3539,8192,128
0.2,8192,359,uniform,0.006702150380415439,4096,8192,0
0.2,8192,359,pilot_adaptive,0.0001678038300823026,5540,8192,128
0.2,8192,359,regularized_adaptive,0.0103393606945974,5642,8192,128
0.2,8192,360,uniform,-0.0007529992967243437,4096,8192,0
0.2,8192,360,pilot_adaptive,0.0018861070814932823,5436,8192,128
0.2,8192,360,regularized_adaptive,0.0011455954114745204,5544,8192,128
0.2,8192,361,uniform,-0.00513232019738652,4096,8192,0
0.2,8192,361,pilot_adaptive,0.0023306755448579963,4421,8192,128
0.2,8192,361,regularized_adaptive,0.001231759159568302,4791,8192,128
0.2,8192,362,uniform,-0.001635366339790778,4096,8192,0
0.2,8192,362,pilot_adaptive,0.011161101224293812,5050,8192,128
0.2,8192,362,regularized_adaptive,-0.005226851736346738,5230,8192,128
0.2,8192,363,uniform,-0.005698707669504088,4096,8192,0
0.2,8192,363,pilot_adaptive,0.0031781365100593817,5670,8192,128
0.2,8192,363,regularized_adaptive,-0.004339400564323359,5743,8192,128
0.2,8192,364,uniform,-0.0012646418519972613,4096,8192,0
0.2,8192,364,pilot_adaptive,-0.0005665566533088473,4290,8192,128
0.2,8192,364,regularized_adaptive,-0.008426610969190396,4668,8192,128
0.2,8192,365,uniform,-0.013824304248050812,4096,8192,0
0.2,8192,365,pilot_adaptive,-0.002795522136668005,5436,8192,128
0.2,8192,365,regularized_adaptive,-2.7729035978474315e-06,5544,8192,128
0.2,8192,366,uniform,0.0028512722328013496,4096,8192,0
0.2,8192,366,pilot_adaptive,-0.0026109221275074646,5289,8192,128
0.2,8192,366,regularized_adaptive,0.002631270663231877,5406,8192,128
0.2,8192,367,uniform,0.005130364076407101,4096,8192,0
0.2,8192,367,pilot_adaptive,-0.00154025294761162,4257,8192,128
0.2,8192,367,regularized_adaptive,-0.001024646612171054,4636,8192,128
0.2,8192,368,uniform,0.0008908751623444289,4096,8192,0
0.2,8192,368,pilot_adaptive,0.04487101266498161,128,8192,128
0.2,8192,368,regularized_adaptive,0.012364819029369034,3678,8192,128
0.2,8192,369,uniform,0.002798699477716493,4096,8192,0
0.2,8192,369,pilot_adaptive,0.006540715805557706,5358,8192,128
0.2,8192,369,regularized_adaptive,0.007951173519337384,5471,8192,128
0.2,8192,370,uniform,0.0019152463537697173,4096,8192,0
0.2,8192,370,pilot_adaptive,0.003289934034750086,4334,8192,128
0.2,8192,370,regularized_adaptive,-0.0038541664428675126,4709,8192,128
0.2,8192,371,uniform,-0.01029049175226504,4096,8192,0
0.2,8192,371,pilot_adaptive,0.004938425927496937,5358,8192,128
0.2,8192,371,regularized_adaptive,-0.0008786871268333662,5471,8192,128
0.2,8192,372,uniform,0.003964531777061797,4096,8192,0
0.2,8192,372,pilot_adaptive,0.002646313309565329,4389,8192,128
0.2,8192,372,regularized_adaptive,0.009280645896163175,4761,8192,128
0.2,8192,373,uniform,-0.008489442068382758,4096,8192,0
0.2,8192,373,pilot_adaptive,0.009476586251329966,5381,8192,128
0.2,8192,373,regularized_adaptive,-0.003855840604474192,5493,8192,128
0.2,8192,374,uniform,-0.004866741219762272,4096,8192,0
0.2,8192,374,pilot_adaptive,-0.010746993232120694,4290,8192,128
0.2,8192,374,regularized_adaptive,-0.005229732627470618,4668,8192,128
0.2,8192,375,uniform,0.00631299657352713,4096,8192,0
0.2,8192,375,pilot_adaptive,-0.004103327772641663,5628,8192,128
0.2,8192,375,regularized_adaptive,0.00861060544291714,5725,8192,128
0.2,8192,376,uniform,-0.0006814541821045239,4096,8192,0
0.2,8192,376,pilot_adaptive,-0.044959251435501724,128,8192,128
0.2,8192,376,regularized_adaptive,-0.0022400333908545456,3567,8192,128
0.2,8192,377,uniform,-0.0061577774696921495,4096,8192,0
0.2,8192,377,pilot_adaptive,-0.00155611281183754,5540,8192,128
0.2,8192,377,regularized_adaptive,0.002819759026301938,5642,8192,128
0.2,8192,378,uniform,0.002339629677528432,4096,8192,0
0.2,8192,378,pilot_adaptive,-0.0001136503618535123,5337,8192,128
0.2,8192,378,regularized_adaptive,-0.004211431784100661,5452,8192,128
0.2,8192,379,uniform,0.0049536734516175684,4096,8192,0
0.2,8192,379,pilot_adaptive,0.006863984991013261,5628,8192,128
0.2,8192,379,regularized_adaptive,-0.015196859423808107,5725,8192,128
0.2,8192,380,uniform,0.009016471740891152,4096,8192,0
0.2,8192,380,pilot_adaptive,0.007514074560931228,5113,8192,128
0.2,8192,380,regularized_adaptive,0.00712453227038079,5290,8192,128
0.2,8192,381,uniform,-0.008950140989890887,4096,8192,0
0.2,8192,381,pilot_adaptive,0.004720533519767756,5596,8192,128
0.2,8192,381,regularized_adaptive,0.00020130330743128866,5673,8192,128
0.2,8192,382,uniform,-0.006564817555235525,4096,8192,0
0.2,8192,382,pilot_adaptive,0.004147470322506397,5381,8192,128
0.2,8192,382,regularized_adaptive,-0.0036902456934932992,5493,8192,128
0.2,8192,383,uniform,0.0009613341960839072,4096,8192,0
0.2,8192,383,pilot_adaptive,-0.012257973496122787,128,8192,128
0.2,8192,383,regularized_adaptive,-0.009359821633529553,3650,8192,128
0.2,8192,384,uniform,-0.003296584037074002,4096,8192,0
0.2,8192,384,pilot_adaptive,-0.006580153509517128,5113,8192,128
0.2,8192,384,regularized_adaptive,0.006430526828276051,5290,8192,128
0.2,8192,385,uniform,-0.006918198804814146,4096,8192,0
0.2,8192,385,pilot_adaptive,-0.031110181910838364,128,8192,128
0.2,8192,385,regularized_adaptive,0.003444824657084844,3709,8192,128
0.2,8192,386,uniform,0.0010675657871335176,4096,8192,0
0.2,8192,386,pilot_adaptive,-0.007316086634935104,5670,8192,128
0.2,8192,386,regularized_adaptive,0.004443113941040355,5743,8192,128
0.2,8192,387,uniform,0.010376880943680611,4096,8192,0
0.2,8192,387,pilot_adaptive,-0.001126736705923559,5596,8192,128
0.2,8192,387,regularized_adaptive,0.007595033010113994,5673,8192,128
0.2,8192,388,uniform,-0.014618869019162872,4096,8192,0
0.2,8192,388,pilot_adaptive,-0.006036232053966639,4290,8192,128
0.2,8192,388,regularized_adaptive,-0.007296794727647438,4668,8192,128
0.2,8192,389,uniform,0.013679257897832198,4096,8192,0
0.2,8192,389,pilot_adaptive,0.009590028321221133,5700,8192,128
0.2,8192,389,regularized_adaptive,-0.00993063519069981,5771,8192,128
0.2,8192,390,uniform,-0.008242835450293917,4096,8192,0
0.2,8192,390,pilot_adaptive,0.014482616360798062,128,8192,128
0.2,8192,390,regularized_adaptive,-0.00679861676606075,3871,8192,128
0.2,8192,391,uniform,0.0013331447647573214,4096,8192,0
0.2,8192,391,pilot_adaptive,-0.0017360403227333343,5577,8192,128
0.2,8192,391,regularized_adaptive,-0.012653448660876254,5655,8192,128
0.2,8192,392,uniform,0.013502567273042665,4096,8192,0
0.2,8192,392,pilot_adaptive,-0.007072685416727786,5643,8192,128
0.2,8192,392,regularized_adaptive,-0.008589170869293561,5718,8192,128
0.2,8192,393,uniform,0.0005017213554556754,4096,8192,0
0.2,8192,393,pilot_adaptive,0.004610105370598028,5358,8192,128
0.2,8192,393,regularized_adaptive,0.0051931320534035486,5471,8192,128
0.2,8192,394,uniform,0.0026913818057869854,4096,8192,0
0.2,8192,394,pilot_adaptive,0.003815310713654707,4272,8192,128
0.2,8192,394,regularized_adaptive,-0.00011666055024539546,4651,8192,128
0.2,8192,395,uniform,0.011259791027186772,4096,8192,0
0.2,8192,395,pilot_adaptive,0.015477313494255629,5191,8192,128
0.2,8192,395,regularized_adaptive,0.004483808653163113,5363,8192,128
0.2,8192,396,uniform,0.003998675213051417,4096,8192,0
0.2,8192,396,pilot_adaptive,0.002546524485942836,5050,8192,128
0.2,8192,396,regularized_adaptive,-0.0033693008580772954,5230,8192,128
0.2,8192,397,uniform,0.009900467905277655,4096,8192,0
0.2,8192,397,pilot_adaptive,-0.005732090553066005,5502,8192,128
0.2,8192,397,regularized_adaptive,-0.00036451446544960575,5606,8192,128
0.2,8192,398,uniform,-0.0011058375058627945,4096,8192,0
0.2,8192,398,pilot_adaptive,-0.003852015274223408,5191,8192,128
0.2,8192,398,regularized_adaptive,4.973196285007475e-06,5363,8192,128
0.2,8192,399,uniform,-0.005380555936795428,4096,8192,0
0.2,8192,399,pilot_adaptive,0.005876174833953751,4976,8192,128
0.2,8192,399,regularized_adaptive,-0.0015186824992081682,5161,8192,128
0.6,2048,0,uniform,0.011819232331645169,1024,2048,0
0.6,2048,0,pilot_adaptive,-0.011067447731870628,1530,2048,128
0.6,2048,0,regularized_adaptive,0.02243380936997974,1532,2048,128
0.6,2048,1,uniform,-0.012418811498276616,1024,2048,0
0.6,2048,1,pilot_adaptive,0.008174522761631775,1564,2048,128
0.6,2048,1,regularized_adaptive,0.012246769219788622,1564,2048,128
0.6,2048,2,uniform,-0.008316982409052764,1024,2048,0
0.6,2048,2,pilot_adaptive,-0.017072892260480588,1532,2048,128
0.6,2048,2,regularized_adaptive,0.01803068414355813,1534,2048,128
0.6,2048,3,uniform,-0.01601982478516173,1024,2048,0
0.6,2048,3,pilot_adaptive,-0.007445074662163043,1597,2048,128
0.6,2048,3,regularized_adaptive,9.915234706603382e-05,1595,2048,128
0.6,2048,4,uniform,0.039727662401311314,1024,2048,0
0.6,2048,4,pilot_adaptive,0.013483604143069372,1532,2048,128
0.6,2048,4,regularized_adaptive,0.041832229295875156,1534,2048,128
0.6,2048,5,uniform,0.007932038586280776,1024,2048,0
0.6,2048,5,pilot_adaptive,-0.012902452694528721,1625,2048,128
0.6,2048,5,regularized_adaptive,0.005308178314550438,1621,2048,128
0.6,2048,6,uniform,-0.008672535820391625,1024,2048,0
0.6,2048,6,pilot_adaptive,-0.004463034600248439,1728,2048,128
0.6,2048,6,regularized_adaptive,0.012454966952992641,1718,2048,128
0.6,2048,7,uniform,-0.02082624421178214,1024,2048,0
0.6,2048,7,pilot_adaptive,0.016975956493008204,1550,2048,128
0.6,2048,7,regularized_adaptive,0.0052241912141991476,1551,2048,128
0.6,2048,8,uniform,-0.003020607988894475,1024,2048,0
0.6,2048,8,pilot_adaptive,-0.02058551227616845,1654,2048,128
0.6,2048,8,regularized_adaptive,0.0031777319800360138,1650,2048,128
0.6,2048,9,uniform,-0.010226978886185067,1024,2048,0
0.6,2048,9,pilot_adaptive,-0.008360126677229962,1581,2048,128
0.6,2048,9,regularized_adaptive,0.002728960231292654,1580,2048,128
0.6,2048,10,uniform,-0.019482092166327236,1024,2048,0
0.6,2048,10,pilot_adaptive,-0.013191698703518773,1564,2048,128
0.6,2048,10,regularized_adaptive,0.01735078741266538,1564,2048,128
0.6,2048,11,uniform,0.000582577459750433,1024,2048,0
0.6,2048,11,pilot_adaptive,-0.008095332670742694,1564,2048,128
0.6,2048,11,regularized_adaptive,0.004117580623677175,1564,2048,128
0.6,2048,12,uniform,0.009909235854512422,1024,2048,0
0.6,2048,12,pilot_adaptive,0.012314397801014398,1660,2048,128
0.6,2048,12,regularized_adaptive,0.014356662019725186,1654,2048,128
0.6,2048,13,uniform,0.016339471299786523,1024,2048,0
0.6,2048,13,pilot_adaptive,-0.0024884508458086207,1665,2048,128
0.6,2048,13,regularized_adaptive,-0.007943187671462626,1660,2048,128
0.6,2048,14,uniform,-0.017082140695657833,1024,2048,0
0.6,2048,14,pilot_adaptive,-0.013070203964236304,1510,2048,128
0.6,2048,14,regularized_adaptive,0.003371404179013049,1515,2048,128
0.6,2048,15,uniform,0.009486481652074219,1024,2048,0
0.6,2048,15,pilot_adaptive,0.0078308055893056,1655,2048,128
0.6,2048,15,regularized_adaptive,-0.01702917859250852,1650,2048,128
0.6,2048,16,uniform,0.017683623345241206,1024,2048,0
0.6,2048,16,pilot_adaptive,-0.05602418343428339,1606,2048,128
0.6,2048,16,regularized_adaptive,0.02636328223989326,1604,2048,128
0.6,2048,17,uniform,0.02276970674506018,1024,2048,0
0.6,2048,17,pilot_adaptive,0.0036291588271669672,1595,2048,128
0.6,2048,17,regularized_adaptive,0.0071958602531011495,1593,2048,128
0.6,2048,18,uniform,0.01224415869584361,1024,2048,0
0.6,2048,18,pilot_adaptive,0.005187153896930918,1724,2048,128
0.6,2048,18,regularized_adaptive,-0.008322888357231273,1714,2048,128
0.6,2048,19,uniform,0.000443831554031493,1024,2048,0
0.6,2048,19,pilot_adaptive,-0.0284476374414091,1564,2048,128
0.6,2048,19,regularized_adaptive,0.0030985624891252117,1564,2048,128
0.6,2048,20,uniform,-0.028245078291172065,1024,2048,0
0.6,2048,20,pilot_adaptive,0.015257961124499064,1612,2048,128
0.6,2048,20,regularized_adaptive,-0.02819180710640734,1610,2048,128
0.6,2048,21,uniform,0.028280716509077597,1024,2048,0
0.6,2048,21,pilot_adaptive,0.008929480172224724,1435,2048,128
0.6,2048,21,regularized_adaptive,0.008317910965618958,1444,2048,128
0.6,2048,22,uniform,-0.009379298319548868,1024,2048,0
0.6,2048,22,pilot_adaptive,-0.008274122851424037,1487,2048,128
0.6,2048,22,regularized_adaptive,0.014492322191909435,1491,2048,128
0.6,2048,23,uniform,-0.009947314912986949,1024,2048,0
0.6,2048,23,pilot_adaptive,-0.008185781147277416,1590,2048,128
0.6,2048,23,regularized_adaptive,-0.010021591316697664,1589,2048,128
0.6,2048,24,uniform,0.026234146287986815,1024,2048,0
0.6,2048,24,pilot_adaptive,0.029216001142870263,1601,2048,128
0.6,2048,24,regularized_adaptive,-0.010555525004134259,1599,2048,128
0.6,2048,25,uniform,-0.021673924778418785,1024,2048,0
0.6,2048,25,pilot_adaptive,-0.021335963813691405,1601,2048,128
0.6,2048,25,regularized_adaptive,0.018181149646590344,1599,2048,128
0.6,2048,26,uniform,-0.021389916481699744,1024,2048,0
0.6,2048,26,pilot_adaptive,-0.005076100447953702,1655,2048,128
0.6,2048,26,regularized_adaptive,-0.025174009179437684,1650,2048,128
0.6,2048,27,uniform,0.005104988589652026,1024,2048,0
0.6,2048,27,pilot_adaptive,0.007694917576999916,1514,2048,128
0.6,2048,27,regularized_adaptive,0.0016212276614188115,1517,2048,128
0.6,2048,28,uniform,0.00962957188131408,1024,2048,0
0.6,2048,28,pilot_adaptive,-0.050359685166228685,1547,2048,128
0.6,2048,28,regularized_adaptive,-0.006971285067297606,1549,2048,128
0.6,2048,29,uniform,0.020367583112630094,1024,2048,0
0.6,2048,29,pilot_adaptive,0.004208489242978231,1696,2048,128
0.6,2048,29,regularized_adaptive,0.0017458059687444072,1685,2048,128
0.6,2048,30,uniform,-0.00019573015402662985,1024,2048,0
0.6,2048,30,pilot_adaptive,0.017111016496109133,1616,2048,128
0.6,2048,30,regularized_adaptive,-0.016427132831928093,1613,2048,128
0.6,2048,31,uniform,0.001926729505205338,1024,2048,0
0.6,2048,31,pilot_adaptive,0.016737987364647267,1601,2048,128
0.6,2048,31,regularized_adaptive,-0.010746542476509857,1599,2048,128
0.6,2048,32,uniform,0.010405707333330683,1024,2048,0
0.6,2048,32,pilot_adaptive,-0.009803368277289115,1496,2048,128
0.6,2048,32,regularized_adaptive,-0.00038465036663504204,1501,2048,128
0.6,2048,33,uniform,0.014646282328273696,1024,2048,0
0.6,2048,33,pilot_adaptive,-0.008981840222263449,1525,2048,128
0.6,2048,33,regularized_adaptive,0.024739503284997855,1527,2048,128
0.6,2048,34,uniform,-0.015102771265665504,1024,2048,0
0.6,2048,34,pilot_adaptive,-0.0026553713222868813,1660,2048,128
0.6,2048,34,regularized_adaptive,0.005897274196987934,1654,2048,128
0.6,2048,35,uniform,0.023758305379176003,1024,2048,0
0.6,2048,35,pilot_adaptive,-0.008913927061507065,1495,2048,128
0.6,2048,35,regularized_adaptive,-0.0071750595326560695,1499,2048,128
0.6,2048,36,uniform,0.006871894837544912,1024,2048,0
0.6,2048,36,pilot_adaptive,0.01945280762398982,1587,2048,128
0.6,2048,36,regularized_adaptive,0.028069320450061164,1586,2048,128
0.6,2048,37,uniform,0.005673005183090329,1024,2048,0
0.6,2048,37,pilot_adaptive,0.0067429793526389,1537,2048,128
0.6,2048,37,regularized_adaptive,0.012988530304155144,1538,2048,128
0.6,2048,38,uniform,0.010900006650388705,1024,2048,0
0.6,2048,38,pilot_adaptive,0.023970476820791453,1472,2048,128
0.6,2048,38,regularized_adaptive,-0.00687577667659478,1478,2048,128
0.6,2048,39,uniform,-0.012770020586094999,1024,2048,0
0.6,2048,39,pilot_adaptive,0.007916281778824641,1577,2048,128
0.6,2048,39,regularized_adaptive,0.006669016807017036,1576,2048,128
0.6,2048,40,uniform,0.03598355888518656,1024,2048,0
0.6,2048,40,pilot_adaptive,0.0029994388054085386,1625,2048,128
0.6,2048,40,regularized_adaptive,-0.0014278926051024543,1621,2048,128
0.6,2048,41,uniform,0.0070843580196441325,1024,2048,0
0.6,2048,41,pilot_adaptive,0.011564485708353556,1618,2048,128
0.6,2048,41,regularized_adaptive,-0.002242318630947371,1615,2048,128
0.6,2048,42,uniform,0.015281499712810898,1024,2048,0
0.6,2048,42,pilot_adaptive,0.007635681274551609,1550,2048,128
0.6,2048,42,regularized_adaptive,-0.01028385426103351,1551,2048,128
0.6,2048,43,uniform,-0.0018889191255390125,1024,2048,0
0.6,2048,43,pilot_adaptive,0.006214336886055771,1487,2048,128
0.6,2048,43,regularized_adaptive,0.004660105312462748,1491,2048,128
0.6,2048,44,uniform,-0.0261963359083206,1024,2048,0
0.6,2048,44,pilot_adaptive,0.016576102366806844,1585,2048,128
0.6,2048,44,regularized_adaptive,0.011578152551901977,1584,2048,128
0.6,2048,45,uniform,-0.011993885134078175,1024,2048,0
0.6,2048,45,pilot_adaptive,-0.0029521831092845785,1495,2048,128
0.6,2048,45,regularized_adaptive,-0.009705216838211017,1499,2048,128
0.6,2048,46,uniform,-0.005563649688804295,1024,2048,0
0.6,2048,46,pilot_adaptive,0.011523053064166677,1547,2048,128
0.6,2048,46,regularized_adaptive,0.016805510224507603,1548,2048,128
0.6,2048,47,uniform,-0.0007594024239440111,1024,2048,0
0.6,2048,47,pilot_adaptive,0.014293733009010157,1564,2048,128
0.6,2048,47,regularized_adaptive,-0.013186597263451505,1564,2048,128
0.6,2048,48,uniform,-0.024073876249088633,1024,2048,0
0.6,2048,48,pilot_adaptive,-0.02217572861722439,1413,2048,128
0.6,2048,48,regularized_adaptive,-0.021457378431152252,1424,2048,128
0.6,2048,49,uniform,-0.0005491114036052513,1024,2048,0
0.6,2048,49,pilot_adaptive,-0.0095118857895653,1579,2048,128
0.6,2048,49,regularized_adaptive,0.002662025867724238,1578,2048,128
0.6,2048,50,uniform,0.005458369839230648,1024,2048,0
0.6,2048,50,pilot_adaptive,-0.01401369240270367,1618,2048,128
0.6,2048,50,regularized_adaptive,0.007632265969874763,1615,2048,128
0.6,2048,51,uniform,-0.012698475471475179,1024,2048,0
0.6,2048,51,pilot_adaptive,-0.011195994439095136,1624,2048,128
0.6,2048,51,regularized_adaptive,0.01951212736278707,1621,2048,128
0.6,2048,52,uniform,-0.03319241578527188,1024,2048,0
0.6,2048,52,pilot_adaptive,-0.003911230483434003,1543,2048,128
0.6,2048,52,regularized_adaptive,-0.009427585772599612,1544,2048,128
0.6,2048,53,uniform,-0.013264319903152577,1024,2048,0
0.6,2048,53,pilot_adaptive,0.0008419126115252196,1645,2048,128
0.6,2048,53,regularized_adaptive,-0.013363341363248571,1640,2048,128
0.6,2048,54,uniform,-0.0005469392418445684,1024,2048,0
0.6,2048,54,pilot_adaptive,0.03232539881390262,1553,2048,128
0.6,2048,54,regularized_adaptive,-0.015826807930820364,1554,2048,128
0.6,2048,55,uniform,0.022628788677581002,1024,2048,0
0.6,2048,55,pilot_adaptive,-0.001993977463600083,1564,2048,128
0.6,2048,55,regularized_adaptive,0.01429628372904379,1564,2048,128
0.6,2048,56,uniform,-0.007471474004176359,1024,2048,0
0.6,2048,56,pilot_adaptive,0.005973723335110592,1625,2048,128
0.6,2048,56,regularized_adaptive,0.006199463833512442,1621,2048,128
0.6,2048,57,uniform,-0.01404262751692964,1024,2048,0
0.6,2048,57,pilot_adaptive,0.005283030457718163,1613,2048,128
0.6,2048,57,regularized_adaptive,0.03158839937566127,1609,2048,128
0.6,2048,58,uniform,0.005458369839230648,1024,2048,0
0.6,2048,58,pilot_adaptive,-0.018283092145468638,1495,2048,128
0.6,2048,58,regularized_adaptive,-0.017136616459583864,1499,2048,128
0.6,2048,59,uniform,0.012241986534083149,1024,2048,0
0.6,2048,59,pilot_adaptive,-0.011199407491867097,1625,2048,128
0.6,2048,59,regularized_adaptive,0.019124362311246368,1621,2048,128
0.6,2048,60,uniform,-0.025064647044964916,1024,2048,0
0.6,2048,60,pilot_adaptive,-0.009616453813729775,1595,2048,128
0.6,2048,60,regularized_adaptive,-0.007792366671312445,1593,2048,128
0.6,2048,61,uniform,0.0012915121206681368,1024,2048,0
0.6,2048,61,pilot_adaptive,0.026139033805448242,1587,2048,128
0.6,2048,61,regularized_adaptive,0.004666758634697898,1586,2048,128
0.6,2048,62,uniform,0.01952207470775391,1024,2048,0
0.6,2048,62,pilot_adaptive,0.014947224305789208,1585,2048,128
0.6,2048,62,regularized_adaptive,-0.01462113104982854,1584,2048,128
0.6,2048,63,uniform,0.00023136837193249438,1024,2048,0
0.6,2048,63,pilot_adaptive,0.02570224519610098,1673,2048,128
0.6,2048,63,regularized_adaptive,0.019488143980318395,1667,2048,128
0.6,2048,64,uniform,-0.00655224832292034,1024,2048,0
0.6,2048,64,pilot_adaptive,-0.0010113603000502236,1631,2048,128
0.6,2048,64,regularized_adaptive,0.0072743328547947295,1627,2048,128
0.6,2048,65,uniform,-0.01630383308188077,1024,2048,0
0.6,2048,65,pilot_adaptive,0.002146297969813138,1658,2048,128
0.6,2048,65,regularized_adaptive,-0.01595429759139244,1650,2048,128
0.6,2048,66,uniform,0.000443831554031493,1024,2048,0
0.6,2048,66,pilot_adaptive,0.004863308434137514,1447,2048,128
0.6,2048,66,regularized_adaptive,0.004048754543030442,1459,2048,128
0.6,2048,67,uniform,-0.019768272624806515,1024,2048,0
0.6,2048,67,pilot_adaptive,0.006995442054023804,1597,2048,128
0.6,2048,67,regularized_adaptive,0.014722203534710432,1595,2048,128
0.6,2048,68,uniform,-0.004362587872589141,1024,2048,0
0.6,2048,68,pilot_adaptive,0.008611175167629548,1518,2048,128
0.6,2048,68,regularized_adaptive,-0.024318598768088284,1522,2048,128
0.6,2048,69,uniform,-0.02266469557429507,1024,2048,0
0.6,2048,69,pilot_adaptive,0.012013118881479046,1514,2048,128
0.6,2048,69,regularized_adaptive,0.021406093604870002,1517,2048,128
0.6,2048,70,uniform,-0.015243689333144905,1024,2048,0
0.6,2048,70,pilot_adaptive,0.01624453048812946,1526,2048,128
0.6,2048,70,regularized_adaptive,0.006591493566266204,1529,2048,128
0.6,2048,71,uniform,-0.027750778974114043,1024,2048,0
0.6,2048,71,pilot_adaptive,-0.016554827984508025,1518,2048,128
0.6,2048,71,regularized_adaptive,-0.009361489669849954,1522,2048,128
0.6,2048,72,uniform,0.012241986534083149,1024,2048,0
0.6,2048,72,pilot_adaptive,0.002892094716235305,1545,2048,128
0.6,2048,72,regularized_adaptive,0.011301249704330663,1546,2048,128
0.6,2048,73,uniform,-0.032483481124354396,1024,2048,0
0.6,2048,73,pilot_adaptive,-0.018400659152593812,1610,2048,128
0.6,2048,73,regularized_adaptive,-0.009475754309963724,1607,2048,128
0.6,2048,74,uniform,0.01923589424927441,1024,2048,0
0.6,2048,74,pilot_adaptive,0.029148012443204085,1587,2048,128
0.6,2048,74,regularized_adaptive,-0.02539591547790665,1586,2048,128
0.6,2048,75,uniform,0.01266691289828159,1024,2048,0
0.6,2048,75,pilot_adaptive,0.009613472395327727,1641,2048,128
0.6,2048,75,regularized_adaptive,0.0030286066464534356,1637,2048,128
0.6,2048,76,uniform,-0.008247609456193183,1024,2048,0
0.6,2048,76,pilot_adaptive,0.018201837530268716,1544,2048,128
0.6,2048,76,regularized_adaptive,-0.008546046989080791,1546,2048,128
0.6,2048,77,uniform,0.01294874903324017,1024,2048,0
0.6,2048,77,pilot_adaptive,0.0016226722500159996,1422,2048,128
0.6,2048,77,regularized_adaptive,0.023539033071866222,1433,2048,128
0.6,2048,78,uniform,-0.004362587872589141,1024,2048,0
0.6,2048,78,pilot_adaptive,-0.02043068125759251,1530,2048,128
0.6,2048,78,regularized_adaptive,-0.0005552405712799802,1532,2048,128
0.6,2048,79,uniform,-0.006482875370060315,1024,2048,0
0.6,2048,79,pilot_adaptive,0.0030000442843093333,1624,2048,128
0.6,2048,79,regularized_adaptive,-0.0076398641669472855,1620,2048,128
0.6,2048,80,uniform,-0.01997856364514594,1024,2048,0
0.6,2048,80,pilot_adaptive,-0.01646099114993871,1543,2048,128
0.6,2048,80,regularized_adaptive,-0.0035161338349977145,1544,2048,128
0.6,2048,81,uniform,0.02898747900823484,1024,2048,0
0.6,2048,81,pilot_adaptive,0.016422656049890905,1495,2048,128
0.6,2048,81,regularized_adaptive,0.008196180649812868,1499,2048,128
0.6,2048,82,uniform,0.000513204506891296,1024,2048,0
0.6,2048,82,pilot_adaptive,0.009543715480240356,1610,2048,128
0.6,2048,82,regularized_adaptive,-0.016243725051234614,1607,2048,128
0.6,2048,83,uniform,0.00913310040249582,1024,2048,0
0.6,2048,83,pilot_adaptive,-0.03027756350318911,1591,2048,128
0.6,2048,83,regularized_adaptive,-0.01120146746519457,1589,2048,128
0.6,2048,84,uniform,0.023548014358837244,1024,2048,0
0.6,2048,84,pilot_adaptive,0.0060505475797701935,1613,2048,128
0.6,2048,84,regularized_adaptive,-0.018483796664500618,1610,2048,128
0.6,2048,85,uniform,0.017115606751802903,1024,2048,0
0.6,2048,85,pilot_adaptive,0.03382954477950417,1554,2048,128
0.6,2048,85,regularized_adaptive,-0.0030151099195808717,1555,2048,128
0.6,2048,86,uniform,-0.01383016433483042,1024,2048,0
0.6,2048,86,pilot_adaptive,-0.017261394441641764,1564,2048,128
0.6,2048,86,regularized_adaptive,-0.02741841642672216,1564,2048,128
0.6,2048,87,uniform,0.02559675674168871,1024,2048,0
0.6,2048,87,pilot_adaptive,0.004915663967960282,1500,2048,128
0.6,2048,87,regularized_adaptive,0.01560445624656348,1505,2048,128
0.6,2048,88,uniform,0.012523822669041729,1024,2048,0
0.6,2048,88,pilot_adaptive,-0.009282094750583392,1537,2048,128
0.6,2048,88,regularized_adaptive,0.01084799116204438,1538,2048,128
0.6,2048,89,uniform,-0.01425509069902886,1024,2048,0
0.6,2048,89,pilot_adaptive,0.022417820165054114,1564,2048,128
0.6,2048,89,regularized_adaptive,0.017349512052648675,1564,2048,128
0.6,2048,90,uniform,0.014362274031554656,1024,2048,0
0.6,2048,90,pilot_adaptive,0.01106070413795257,1530,2048,128
0.6,2048,90,regularized_adaptive,0.018760316269223698,1532,2048,128
0.6,2048,91,uniform,0.024538785154713527,1024,2048,0
0.6,2048,91,pilot_adaptive,0.026509197023463327,1564,2048,128
0.6,2048,91,regularized_adaptive,0.001064352300072069,1564,2048,128
0.6,2048,92,uniform,-0.017999194215153613,1024,2048,0
0.6,2048,92,pilot_adaptive,0.003644356653529246,1547,2048,128
0.6,2048,92,regularized_adaptive,0.012291942270398093,1549,2048,128
0.6,2048,93,uniform,-0.00648070320830052,1024,2048,0
0.6,2048,93,pilot_adaptive,0.012639717067773115,1655,2048,128
0.6,2048,93,regularized_adaptive,0.010519771958010904,1650,2048,128
0.6,2048,94,uniform,-0.014324463651888442,1024,2048,0
0.6,2048,94,pilot_adaptive,-0.006056021041622506,1564,2048,128
0.6,2048,94,regularized_adaptive,0.010210008310701624,1564,2048,128
0.6,2048,95,uniform,0.056121945787644845,1024,2048,0
0.6,2048,95,pilot_adaptive,-0.00808768051064157,1564,2048,128
0.6,2048,95,regularized_adaptive,0.004117580623677175,1564,2048,128
0.6,2048,96,uniform,-0.013689246267351018,1024,2048,0
0.6,2048,96,pilot_adaptive,0.005483953085520521,1550,2048,128
0.6,2048,96,regularized_adaptive,0.02919340446289287,1551,2048,128
0.6,2048,97,uniform,0.027361490827821577,1024,2048,0
0.6,2048,97,pilot_adaptive,0.01984408706070273,1516,2048,128
0.6,2048,97,regularized_adaptive,0.005716017463283207,1519,2048,128
0.6,2048,98,uniform,0.019873283795572294,1024,2048,0
0.6,2048,98,pilot_adaptive,-0.018304931437145955,1648,2048,128
0.6,2048,98,regularized_adaptive,0.025607059936024856,1644,2048,128
0.6,2048,99,uniform,-0.00648070320830052,1024,2048,0
0.6,2048,99,pilot_adaptive,-0.005599169938657722,1540,2048,128
0.6,2048,99,regularized_adaptive,-0.019510956294537918,1542,2048,128
0.6,2048,100,uniform,0.029906704689491304,1024,2048,0
0.6,2048,100,pilot_adaptive,0.027842784419011557,1600,2048,128
0.6,2048,100,regularized_adaptive,-0.02526229319485984,1597,2048,128
0.6,2048,101,uniform,-0.027820151926973624,1024,2048,0
0.6,2048,101,pilot_adaptive,0.004933862150790058,1577,2048,128
0.6,2048,101,regularized_adaptive,0.00898252854765802,1576,2048,128
0.6,2048,102,uniform,-0.00761239207165576,1024,2048,0
0.6,2048,102,pilot_adaptive,-0.008346387500402175,1595,2048,128
0.6,2048,102,regularized_adaptive,0.02550392570566562,1593,2048,128
0.6,2048,103,uniform,0.0030562462068005614,1024,2048,0
0.6,2048,103,pilot_adaptive,0.012815094797934745,1518,2048,128
0.6,2048,103,regularized_adaptive,0.0010496093835586917,1522,2048,128
0.6,2048,104,uniform,0.011112469832487926,1024,2048,0
0.6,2048,104,pilot_adaptive,-0.010373879959630239,1591,2048,128
0.6,2048,104,regularized_adaptive,-0.01485209792228237,1589,2048,128
0.6,2048,105,uniform,0.005107160751412709,1024,2048,0
0.6,2048,105,pilot_adaptive,-0.02523746719533837,1595,2048,128
0.6,2048,105,regularized_adaptive,-0.014646839156460034,1593,2048,128
0.6,2048,106,uniform,-0.0012537017410018114,1024,2048,0
0.6,2048,106,pilot_adaptive,0.0025420870044831068,1703,2048,128
0.6,2048,106,regularized_adaptive,-0.012144621226559904,1692,2048,128
0.6,2048,107,uniform,-0.005069350371746162,1024,2048,0
0.6,2048,107,pilot_adaptive,-0.010694025201602342,1676,2048,128
0.6,2048,107,regularized_adaptive,-4.6575267475090776e-05,1668,2048,128
0.6,2048,108,uniform,-0.004503505940068542,1024,2048,0
0.6,2048,108,pilot_adaptive,-0.0024401798449119605,1655,2048,128
0.6,2048,108,regularized_adaptive,0.02049055219008522,1650,2048,128
0.6,2048,109,uniform,-0.016514124102219307,1024,2048,0
0.6,2048,109,pilot_adaptive,0.014154957476393393,1577,2048,128
0.6,2048,109,regularized_adaptive,0.006627084690944973,1576,2048,128
0.6,2048,110,uniform,0.011465851082066547,1024,2048,0
0.6,2048,110,pilot_adaptive,0.0140180392556436,1577,2048,128
0.6,2048,110,regularized_adaptive,0.01411636010014694,1576,2048,128
0.6,2048,111,uniform,-0.01319494695029344,1024,2048,0
0.6,2048,111,pilot_adaptive,0.0024634196908431827,1641,2048,128
0.6,2048,111,regularized_adaptive,-0.0055088775100455845,1637,2048,128
0.6,2048,112,uniform,0.02637506435546577,1024,2048,0
0.6,2048,112,pilot_adaptive,-0.021079484184463704,1540,2048,128
0.6,2048,112,regularized_adaptive,0.01257254671421204,1541,2048,128
0.6,2048,113,uniform,-0.005069350371746162,1024,2048,0
0.6,2048,113,pilot_adaptive,-0.007085242056309005,1564,2048,128
0.6,2048,113,regularized_adaptive,0.012253146019872596,1564,2048,128
0.6,2048,114,uniform,0.0017164384848665781,1024,2048,0
0.6,2048,114,pilot_adaptive,4.533416552010561e-05,1564,2048,128
0.6,2048,114,regularized_adaptive,-0.014194137157851339,1564,2048,128
0.6,2048,115,uniform,0.03781983808593925,1024,2048,0
0.6,2048,115,pilot_adaptive,-0.054303832712714994,1518,2048,128
0.6,2048,115,regularized_adaptive,0.01432984712044727,1522,2048,128
0.6,2048,116,uniform,0.023827678332035807,1024,2048,0
0.6,2048,116,pilot_adaptive,-0.03445988181840165,1633,2048,128
0.6,2048,116,regularized_adaptive,-0.008377168023587123,1630,2048,128
0.6,2048,117,uniform,-0.018283202511872654,1024,2048,0
0.6,2048,117,pilot_adaptive,0.010520771925914496,1550,2048,128
0.6,2048,117,regularized_adaptive,-0.016806423480496546,1551,2048,128
0.6,2048,118,uniform,0.01973236572809267,1024,2048,0
0.6,2048,118,pilot_adaptive,0.0009098030096538201,1575,2048,128
0.6,2048,118,regularized_adaptive,0.017385893011643838,1575,2048,128
0.6,2048,119,uniform,-0.0007594024239440111,1024,2048,0
0.6,2048,119,pilot_adaptive,0.008120490460276186,1487,2048,128
0.6,2048,119,regularized_adaptive,0.01993573589219355,1491,2048,128
0.6,2048,120,uniform,0.014572565051893638,1024,2048,0
0.6,2048,120,pilot_adaptive,-0.0221985673989471,1624,2048,128
0.6,2048,120,regularized_adaptive,-0.01898330976934104,1620,2048,128
0.6,2048,121,uniform,0.0219935712930438,1024,2048,0
0.6,2048,121,pilot_adaptive,0.027390513305913022,1595,2048,128
0.6,2048,121,regularized_adaptive,-0.0020118713303926006,1593,2048,128
0.6,2048,122,uniform,-0.010439442068284732,1024,2048,0
0.6,2048,122,pilot_adaptive,0.016567290307394233,1581,2048,128
0.6,2048,122,regularized_adaptive,0.024283179717966896,1580,2048,128
0.6,2048,123,uniform,-0.0394080158866863,1024,2048,0
0.6,2048,123,pilot_adaptive,0.00854585695448773,1694,2048,128
0.6,2048,123,regularized_adaptive,0.008160385118110569,1686,2048,128
0.6,2048,124,uniform,0.0155633358477697,1024,2048,0
0.6,2048,124,pilot_adaptive,0.004628509885625021,1543,2048,128
0.6,2048,124,regularized_adaptive,0.0002649401881674729,1544,2048,128
0.6,2048,125,uniform,0.00609575938552831,1024,2048,0
0.6,2048,125,pilot_adaptive,0.011699411903121404,1547,2048,128
0.6,2048,125,regularized_adaptive,-0.017700358908949942,1549,2048,128
0.6,2048,126,uniform,0.027292117874961774,1024,2048,0
0.6,2048,126,pilot_adaptive,0.01595783993807498,1658,2048,128
0.6,2048,126,regularized_adaptive,-0.013052923432676389,1654,2048,128
0.6,2048,127,uniform,-0.02661909011075836,1024,2048,0
0.6,2048,127,pilot_adaptive,-0.015302147627825002,1552,2048,128
0.6,2048,127,regularized_adaptive,0.005379251493117798,1552,2048,128
0.6,2048,128,uniform,0.013302130282818792,1024,2048,0
0.6,2048,128,pilot_adaptive,0.026655752533921162,1584,2048,128
0.6,2048,128,regularized_adaptive,-0.00956581365740683,1582,2048,128
0.6,2048,129,uniform,-0.004997805257126342,1024,2048,0
0.6,2048,129,pilot_adaptive,0.005976830434208602,1500,2048,128
0.6,2048,129,regularized_adaptive,0.02393636025508694,1505,2048,128
0.6,2048,130,uniform,-0.015384607400624306,1024,2048,0
0.6,2048,130,pilot_adaptive,0.009596046318098517,1660,2048,128
0.6,2048,130,regularized_adaptive,0.0044466061341476015,1655,2048,128
0.6,2048,131,uniform,-0.02697247136033698,1024,2048,0
0.6,2048,131,pilot_adaptive,0.020041547344581523,1443,2048,128
0.6,2048,131,regularized_adaptive,-0.020450418080437016,1452,2048,128
0.6,2048,132,uniform,0.06007851248586882,1024,2048,0
0.6,2048,132,pilot_adaptive,-0.0186100439241923,1581,2048,128
0.6,2048,132,regularized_adaptive,-0.02162011018470822,1580,2048,128
0.6,2048,133,uniform,-0.0025263086718368966,1024,2048,0
0.6,2048,133,pilot_adaptive,0.018631839988654808,1633,2048,128
0.6,2048,133,regularized_adaptive,-0.030477212869029158,1629,2048,128
0.6,2048,134,uniform,-0.005069350371746162,1024,2048,0
0.6,2048,134,pilot_adaptive,0.001064352300072069,1564,2048,128
0.6,2048,134,regularized_adaptive,0.005116192997959623,1564,2048,128
0.6,2048,135,uniform,-0.027679233859494223,1024,2048,0
0.6,2048,135,pilot_adaptive,-0.039430038056877725,1689,2048,128
0.6,2048,135,regularized_adaptive,-0.013645572675141215,1681,2048,128
0.6,2048,136,uniform,0.008779719152917198,1024,2048,0
0.6,2048,136,pilot_adaptive,0.007566737975675086,1581,2048,128
0.6,2048,136,regularized_adaptive,0.010390399783737903,1580,2048,128
0.6,2048,137,uniform,0.007578657336702155,1024,2048,0
0.6,2048,137,pilot_adaptive,-0.004123857058796143,1487,2048,128
0.6,2048,137,regularized_adaptive,-0.002707343758864611,1491,2048,128
0.6,2048,138,uniform,0.005456197677470187,1024,2048,0
0.6,2048,138,pilot_adaptive,-0.02065738937527306,1585,2048,128
0.6,2048,138,regularized_adaptive,0.0054809313670795,1584,2048,128
0.6,2048,139,uniform,-0.044001972131207934,1024,2048,0
0.6,2048,139,pilot_adaptive,0.011229026445253587,1564,2048,128
0.6,2048,139,regularized_adaptive,-0.026414702612372443,1564,2048,128
0.6,2048,140,uniform,0.0029153281393211605,1024,2048,0
0.6,2048,140,pilot_adaptive,-0.017138309069686608,1595,2048,128
0.6,2048,140,regularized_adaptive,0.002414580040475456,1593,2048,128
0.6,2048,141,uniform,-0.009945142751226266,1024,2048,0
0.6,2048,141,pilot_adaptive,0.006335887155033082,1591,2048,128
0.6,2048,141,regularized_adaptive,0.0021821930291398006,1589,2048,128
0.6,2048,142,uniform,-0.002242300375117634,1024,2048,0
0.6,2048,142,pilot_adaptive,-0.009863662385552141,1537,2048,128
0.6,2048,142,regularized_adaptive,-2.7470849795707686e-05,1538,2048,128
0.6,2048,143,uniform,-0.037571736685934054,1024,2048,0
0.6,2048,143,pilot_adaptive,0.0035025840812114017,1625,2048,128
0.6,2048,143,regularized_adaptive,0.0251537115592958,1621,2048,128
0.6,2048,144,uniform,-0.015525525468103707,1024,2048,0
0.6,2048,144,pilot_adaptive,0.009967585006482094,1667,2048,128
0.6,2048,144,regularized_adaptive,-0.006118516112773031,1660,2048,128
0.6,2048,145,uniform,-0.015174316380285324,1024,2048,0
0.6,2048,145,pilot_adaptive,0.006716089927987556,1606,2048,128
0.6,2048,145,regularized_adaptive,0.03361536386893904,1604,2048,128
0.6,2048,146,uniform,-0.02018885466548448,1024,2048,0
0.6,2048,146,pilot_adaptive,0.009197366976234078,1564,2048,128
0.6,2048,146,regularized_adaptive,0.032611827590622755,1564,2048,128
0.6,2048,147,uniform,0.006943439952164732,1024,2048,0
0.6,2048,147,pilot_adaptive,-0.015319935434763954,1658,2048,128
0.6,2048,147,regularized_adaptive,0.02161715515612761,1650,2048,128
0.6,2048,148,uniform,0.03902089990215407,1024,2048,0
0.6,2048,148,pilot_adaptive,0.020594409606702446,1550,2048,128
0.6,2048,148,regularized_adaptive,0.005543505095731871,1551,2048,128
0.6,2048,149,uniform,0.008779719152917198,1024,2048,0
0.6,2048,149,pilot_adaptive,0.022869608297100164,1483,2048,128
0.6,2048,149,regularized_adaptive,-0.015028661847683589,1489,2048,128
0.6,2048,150,uniform,0.008567255970817977,1024,2048,0
0.6,2048,150,pilot_adaptive,-0.0021292651510004257,1610,2048,128
0.6,2048,150,regularized_adaptive,0.02948842732740531,1607,2048,128
0.6,2048,151,uniform,-0.0008287753768033701,1024,2048,0
0.6,2048,151,pilot_adaptive,0.003099427568641455,1572,2048,128
0.6,2048,151,regularized_adaptive,0.017138960178912366,1572,2048,128
0.6,2048,152,uniform,-0.011499585817020153,1024,2048,0
0.6,2048,152,pilot_adaptive,-0.01270084562494822,1615,2048,128
0.6,2048,152,regularized_adaptive,-0.006810816033259615,1610,2048,128
0.6,2048,153,uniform,-0.02972797624234569,1024,2048,0
0.6,2048,153,pilot_adaptive,0.0004052690562587058,1583,2048,128
0.6,2048,153,regularized_adaptive,-0.02095578510190177,1582,2048,128
0.6,2048,154,uniform,-0.022380687277576028,1024,2048,0
0.6,2048,154,pilot_adaptive,0.015189277057496509,1667,2048,128
0.6,2048,154,regularized_adaptive,0.01210030574751697,1660,2048,128
0.6,2048,155,uniform,0.022910624812539804,1024,2048,0
0.6,2048,155,pilot_adaptive,0.015292597770833471,1683,2048,128
0.6,2048,155,regularized_adaptive,-0.010810916471342358,1676,2048,128
0.6,2048,156,uniform,-0.002383218442597257,1024,2048,0
0.6,2048,156,pilot_adaptive,-0.0157592907813513,1653,2048,128
0.6,2048,156,regularized_adaptive,-0.033400925453278996,1647,2048,128
0.6,2048,157,uniform,0.04488529091575033,1024,2048,0
0.6,2048,157,pilot_adaptive,-0.008508611559644885,1624,2048,128
0.6,2048,157,regularized_adaptive,-0.003482473278687226,1621,2048,128
0.6,2048,158,uniform,-0.024145421363708452,1024,2048,0
0.6,2048,158,pilot_adaptive,-0.024743590933571147,1525,2048,128
0.6,2048,158,regularized_adaptive,0.022168161892227922,1527,2048,128
0.6,2048,159,uniform,0.013443048350298192,1024,2048,0
0.6,2048,159,pilot_adaptive,0.00040435109739689334,1595,2048,128
0.6,2048,159,regularized_adaptive,-0.0016570424886349633,1593,2048,128
0.6,2048,160,uniform,-0.02400667545798929,1024,2048,0
0.6,2048,160,pilot_adaptive,-0.01623472414698912,1564,2048,128
0.6,2048,160,regularized_adaptive,-0.03251478245949824,1564,2048,128
0.6,2048,161,uniform,-0.018705956714310856,1024,2048,0
0.6,2048,161,pilot_adaptive,-0.032719798584292414,1461,2048,128
0.6,2048,161,regularized_adaptive,0.0046912162677553715,1469,2048,128
0.6,2048,162,uniform,-0.008319154570813003,1024,2048,0
0.6,2048,162,pilot_adaptive,0.010231689430988067,1564,2048,128
0.6,2048,162,regularized_adaptive,0.01022021119083616,1564,2048,128
0.6,2048,163,uniform,0.006661603817206152,1024,2048,0
0.6,2048,163,pilot_adaptive,-0.013761690519724423,1618,2048,128
0.6,2048,163,regularized_adaptive,0.005207648089251893,1616,2048,128
0.6,2048,164,uniform,-0.03658313805181801,1024,2048,0
0.6,2048,164,pilot_adaptive,0.003817737322484027,1537,2048,128
0.6,2048,164,regularized_adaptive,0.01646105020881461,1538,2048,128
0.6,2048,165,uniform,0.031389602640664926,1024,2048,0
0.6,2048,165,pilot_adaptive,-0.009808456699262669,1518,2048,128
0.6,2048,165,regularized_adaptive,0.012191014247132537,1522,2048,128
0.6,2048,166,uniform,0.00199827461982538,1024,2048,0
0.6,2048,166,pilot_adaptive,0.027225707678026123,1587,2048,128
0.6,2048,166,regularized_adaptive,-0.02235132894075309,1586,2048,128
0.6,2048,167,uniform,-0.008460072638292404,1024,2048,0
0.6,2048,167,pilot_adaptive,0.007951884939268017,1694,2048,128
0.6,2048,167,regularized_adaptive,0.0356373216792093,1686,2048,128
0.6,2048,168,uniform,0.007225276087123533,1024,2048,0
0.6,2048,168,pilot_adaptive,0.007967770691542753,1514,2048,128
0.6,2048,168,regularized_adaptive,-0.010667362377303258,1517,2048,128
0.6,2048,169,uniform,0.006236677453007711,1024,2048,0
0.6,2048,169,pilot_adaptive,0.0030985624891252117,1564,2048,128
0.6,2048,169,regularized_adaptive,0.007164432147197863,1564,2048,128
0.6,2048,170,uniform,-0.005917030938382917,1024,2048,0
0.6,2048,170,pilot_adaptive,0.02729184210729818,1545,2048,128
0.6,2048,170,regularized_adaptive,-0.015318872649453086,1546,2048,128
0.6,2048,171,uniform,-0.009025917069970246,1024,2048,0
0.6,2048,171,pilot_adaptive,-0.010484817990765505,1625,2048,128
0.6,2048,171,regularized_adaptive,-0.009077110490792739,1621,2048,128
0.6,2048,172,uniform,-0.01375644705845036,1024,2048,0
0.6,2048,172,pilot_adaptive,0.012435686792865552,1644,2048,128
0.6,2048,172,regularized_adaptive,-0.011130537482708869,1638,2048,128
0.6,2048,173,uniform,0.013796429599876814,1024,2048,0
0.6,2048,173,pilot_adaptive,-0.00785252628572164,1495,2048,128
0.6,2048,173,regularized_adaptive,-0.011626621861019482,1499,2048,128
0.6,2048,174,uniform,-0.003018435827134458,1024,2048,0
0.6,2048,174,pilot_adaptive,-0.03940484769006791,1689,2048,128
0.6,2048,174,regularized_adaptive,-0.012703574558553088,1681,2048,128
0.6,2048,175,uniform,-0.024288511592948092,1024,2048,0
0.6,2048,175,pilot_adaptive,-0.00173702137029641,1581,2048,128
0.6,2048,175,regularized_adaptive,0.01156843027216159,1580,2048,128
0.6,2048,176,uniform,-0.021392088643459983,1024,2048,0
0.6,2048,176,pilot_adaptive,0.00920119305628464,1564,2048,128
0.6,2048,176,regularized_adaptive,-0.024370289543184986,1564,2048,128
0.6,2048,177,uniform,0.015632708800629502,1024,2048,0
0.6,2048,177,pilot_adaptive,0.03005234057684747,1495,2048,128
0.6,2048,177,regularized_adaptive,-0.0048005324100902635,1499,2048,128
0.6,2048,178,uniform,0.04121056035248516,1024,2048,0
0.6,2048,178,pilot_adaptive,0.045072258965959455,1670,2048,128
0.6,2048,178,regularized_adaptive,0.014133801706487925,1664,2048,128
0.6,2048,179,uniform,0.010405707333330683,1024,2048,0
0.6,2048,179,pilot_adaptive,0.009631061234495752,1510,2048,128
0.6,2048,179,regularized_adaptive,0.012091028042056862,1515,2048,128
0.6,2048,180,uniform,0.020369755274390333,1024,2048,0
0.6,2048,180,pilot_adaptive,-0.005680504167000722,1540,2048,128
0.6,2048,180,regularized_adaptive,-0.006991999873710464,1541,2048,128
0.6,2048,181,uniform,-0.007755482300895844,1024,2048,0
0.6,2048,181,pilot_adaptive,-0.0007735534152962797,1641,2048,128
0.6,2048,181,regularized_adaptive,0.026564633530269055,1637,2048,128
0.6,2048,182,uniform,0.012172613581223568,1024,2048,0
0.6,2048,182,pilot_adaptive,0.009329095664590281,1687,2048,128
0.6,2048,182,regularized_adaptive,-0.01989180968618931,1676,2048,128
0.6,2048,183,uniform,0.003409627456378961,1024,2048,0
0.6,2048,183,pilot_adaptive,0.026898511682183712,1728,2048,128
0.6,2048,183,regularized_adaptive,0.005535888513053533,1718,2048,128
0.6,2048,184,uniform,-0.019059337963889478,1024,2048,0
0.6,2048,184,pilot_adaptive,0.022893842591071967,1553,2048,128
0.6,2048,184,regularized_adaptive,0.00667201822257224,1554,2048,128
0.6,2048,185,uniform,0.021427726861365737,1024,2048,0
0.6,2048,185,pilot_adaptive,-0.01133253911965526,1575,2048,128
0.6,2048,185,regularized_adaptive,0.007640070001426413,1575,2048,128
0.6,2048,186,uniform,-0.02287498659463405,1024,2048,0
0.6,2048,186,pilot_adaptive,0.013109932245296219,1525,2048,128
0.6,2048,186,regularized_adaptive,-0.031671903717706895,1527,2048,128
0.6,2048,187,uniform,-0.017856103985913974,1024,2048,0
0.6,2048,187,pilot_adaptive,-0.006830706701922873,1660,2048,128
0.6,2048,187,regularized_adaptive,0.02064259525173162,1655,2048,128
0.6,2048,188,uniform,-0.03297778044141242,1024,2048,0
0.6,2048,188,pilot_adaptive,-0.0019948527378964576,1639,2048,128
0.6,2048,188,regularized_adaptive,0.013128691717649743,1635,2048,128
0.6,2048,189,uniform,0.0008644135947092346,1024,2048,0
0.6,2048,189,pilot_adaptive,-0.01289720555136653,1413,2048,128
0.6,2048,189,regularized_adaptive,0.015583721745442536,1424,2048,128
0.6,2048,190,uniform,-0.015241517171384666,1024,2048,0
0.6,2048,190,pilot_adaptive,-0.002445972041223654,1676,2048,128
0.6,2048,190,regularized_adaptive,-0.005845269869345637,1666,2048,128
0.6,2048,191,uniform,-0.008954371955350426,1024,2048,0
0.6,2048,191,pilot_adaptive,0.016623567436756193,1667,2048,128
0.6,2048,191,regularized_adaptive,-0.0001688687756645768,1661,2048,128
0.6,2048,192,uniform,-0.0031615260563740977,1024,2048,0
0.6,2048,192,pilot_adaptive,0.013836258145261682,1591,2048,128
0.6,2048,192,regularized_adaptive,-0.04216847542397173,1589,2048,128
0.6,2048,193,uniform,-0.010083888656945428,1024,2048,0
0.6,2048,193,pilot_adaptive,0.013280035987763505,1618,2048,128
0.6,2048,193,regularized_adaptive,-0.027630081196454936,1615,2048,128
0.6,2048,194,uniform,0.013371503235678373,1024,2048,0
0.6,2048,194,pilot_adaptive,-0.026748740659172876,1514,2048,128
0.6,2048,194,regularized_adaptive,0.02244517128165724,1517,2048,128
0.6,2048,195,uniform,0.02913056923747448,1024,2048,0
0.6,2048,195,pilot_adaptive,0.005949213997472058,1593,2048,128
0.6,2048,195,regularized_adaptive,0.009008750409709276,1592,2048,128
0.6,2048,196,uniform,-0.0031615260563740977,1024,2048,0
0.6,2048,196,pilot_adaptive,-0.011134532034162481,1564,2048,128
0.6,2048,196,regularized_adaptive,-0.002991314477866047,1564,2048,128
0.6,2048,197,uniform,-0.014961853198186104,1024,2048,0
0.6,2048,197,pilot_adaptive,-0.020306970605145525,1564,2048,128
0.6,2048,197,regularized_adaptive,0.005149352358397086,1564,2048,128
0.6,2048,198,uniform,-0.007046547639977918,1024,2048,0
0.6,2048,198,pilot_adaptive,-0.02898918032100206,1553,2048,128
0.6,2048,198,regularized_adaptive,0.019667441773018823,1554,2048,128
0.6,2048,199,uniform,0.0020676475726847388,1024,2048,0
0.6,2048,199,pilot_adaptive,0.0010611109551114106,1624,2048,128
0.6,2048,199,regularized_adaptive,-0.003391803400133564,1621,2048,128
0.6,2048,200,uniform,0.015209954598191078,1024,2048,0
0.6,2048,200,pilot_adaptive,0.02988623450899619,1660,2048,128
0.6,2048,200,regularized_adaptive,0.023373632229606867,1655,2048,128
0.6,2048,201,uniform,0.008710346200057839,1024,2048,0
0.6,2048,201,pilot_adaptive,-0.001181761881283605,1579,2048,128
0.6,2048,201,regularized_adaptive,0.0006445991258069439,1578,2048,128
0.6,2048,202,uniform,0.032590664456880414,1024,2048,0
0.6,2048,202,pilot_adaptive,0.021663381401504922,1543,2048,128
0.6,2048,202,regularized_adaptive,0.011193970036762813,1544,2048,128
0.6,2048,203,uniform,-0.009379298319548868,1024,2048,0
0.6,2048,203,pilot_adaptive,0.0035207420564943304,1585,2048,128
0.6,2048,203,regularized_adaptive,0.04136874513704025,1584,2048,128
0.6,2048,204,uniform,0.022839079697919984,1024,2048,0
0.6,2048,204,pilot_adaptive,-0.0019137333225228703,1500,2048,128
0.6,2048,204,regularized_adaptive,0.01297227840778492,1505,2048,128
0.6,2048,205,uniform,-0.02563049147664276,1024,2048,0
0.6,2048,205,pilot_adaptive,0.01920920707145546,1443,2048,128
0.6,2048,205,regularized_adaptive,-0.009810990680076737,1452,2048,128
0.6,2048,206,uniform,0.005107160751412709,1024,2048,0
0.6,2048,206,pilot_adaptive,0.02729423819678456,1550,2048,128
0.6,2048,206,regularized_adaptive,0.0007314530863146151,1551,2048,128
0.6,2048,207,uniform,-0.021955760913377587,1024,2048,0
0.6,2048,207,pilot_adaptive,-0.007971583816874572,1600,2048,128
0.6,2048,207,regularized_adaptive,-0.00159628027217662,1597,2048,128
0.6,2048,208,uniform,-0.01079282331786291,1024,2048,0
0.6,2048,208,pilot_adaptive,0.0021776919320318777,1633,2048,128
0.6,2048,208,regularized_adaptive,0.00496595644195208,1629,2048,128
0.6,2048,209,uniform,0.004257308023015605,1024,2048,0
0.6,2048,209,pilot_adaptive,-0.018067659298499406,1624,2048,128
0.6,2048,209,regularized_adaptive,-0.004651898834616586,1620,2048,128
0.6,2048,210,uniform,0.0009381308710897374,1024,2048,0
0.6,2048,210,pilot_adaptive,0.016538846263301932,1504,2048,128
0.6,2048,210,regularized_adaptive,-0.02142430401635509,1508,2048,128
0.6,2048,211,uniform,0.024536612992953066,1024,2048,0
0.6,2048,211,pilot_adaptive,-0.0036419853899457566,1639,2048,128
0.6,2048,211,regularized_adaptive,-0.01408633185735142,1635,2048,128
0.6,2048,212,uniform,0.0021391926873045586,1024,2048,0
0.6,2048,212,pilot_adaptive,0.006663764133032601,1587,2048,128
0.6,2048,212,regularized_adaptive,0.0039025185753175373,1586,2048,128
0.6,2048,213,uniform,0.007862665633421195,1024,2048,0
0.6,2048,213,pilot_adaptive,0.0220541606815553,1573,2048,128
0.6,2048,213,regularized_adaptive,0.016932739314704848,1573,2048,128
0.6,2048,214,uniform,0.014856573348612456,1024,2048,0
0.6,2048,214,pilot_adaptive,0.01837490698728461,1564,2048,128
0.6,2048,214,regularized_adaptive,-0.0009800607691156094,1564,2048,128
0.6,2048,215,uniform,0.0056708330213298686,1024,2048,0
0.6,2048,215,pilot_adaptive,0.009744894090087164,1554,2048,128
0.6,2048,215,regularized_adaptive,-0.002821733443075458,1555,2048,128
0.6,2048,216,uniform,-0.00768393718627558,1024,2048,0
0.6,2048,216,pilot_adaptive,0.0314470819723095,1591,2048,128
0.6,2048,216,regularized_adaptive,-0.009472534803677268,1589,2048,128
0.6,2048,217,uniform,0.023686760264556184,1024,2048,0
0.6,2048,217,pilot_adaptive,0.00889707059841427,1526,2048,128
0.6,2048,217,regularized_adaptive,0.004625970539880675,1529,2048,128
0.6,2048,218,uniform,-0.0011127836735226326,1024,2048,0
0.6,2048,218,pilot_adaptive,-0.014192861797835077,1564,2048,128
0.6,2048,218,regularized_adaptive,-0.000966031808930512,1564,2048,128
0.6,2048,219,uniform,-0.01425509069902886,1024,2048,0
0.6,2048,219,pilot_adaptive,-0.0009596550088463163,1564,2048,128
0.6,2048,219,regularized_adaptive,0.018368530187200416,1564,2048,128
0.6,2048,220,uniform,0.0030562462068005614,1024,2048,0
0.6,2048,220,pilot_adaptive,0.004411233879780707,1606,2048,128
0.6,2048,220,regularized_adaptive,-0.0030263208502366856,1604,2048,128
0.6,2048,221,uniform,-0.027961069994453025,1024,2048,0
0.6,2048,221,pilot_adaptive,0.006120120110361671,1667,2048,128
0.6,2048,221,regularized_adaptive,-0.007915953269460152,1661,2048,128
0.6,2048,222,uniform,0.015138409483571258,1024,2048,0
0.6,2048,222,pilot_adaptive,0.0012928028453597085,1624,2048,128
0.6,2048,222,regularized_adaptive,-0.0077755349028187926,1620,2048,128
0.6,2048,223,uniform,-0.01722088660137655,1024,2048,0
0.6,2048,223,pilot_adaptive,0.004821262911098301,1612,2048,128
0.6,2048,223,regularized_adaptive,-0.006810816033259615,1610,2048,128
0.6,2048,224,uniform,0.022134489360522758,1024,2048,0
0.6,2048,224,pilot_adaptive,-0.012574280880568667,1552,2048,128
0.6,2048,224,regularized_adaptive,-0.006589770089339586,1552,2048,128
0.6,2048,225,uniform,-0.0019582920783988156,1024,2048,0
0.6,2048,225,pilot_adaptive,-0.028859391607413576,1587,2048,128
0.6,2048,225,regularized_adaptive,-0.015565337181349781,1586,2048,128
0.6,2048,226,uniform,0.0065163414262060515,1024,2048,0
0.6,2048,226,pilot_adaptive,0.013613620574163598,1583,2048,128
0.6,2048,226,regularized_adaptive,-0.00849521484211535,1582,2048,128
0.6,2048,227,uniform,-0.03863188043466992,1024,2048,0
0.6,2048,227,pilot_adaptive,-0.0032169030580552205,1552,2048,128
0.6,2048,227,regularized_adaptive,-0.031289036525596226,1552,2048,128
0.6,2048,228,uniform,-0.005917030938382917,1024,2048,0
0.6,2048,228,pilot_adaptive,0.01346996077987861,1540,2048,128
0.6,2048,228,regularized_adaptive,0.0028853954859607844,1541,2048,128
0.6,2048,229,uniform,0.010052326083752061,1024,2048,0
0.6,2048,229,pilot_adaptive,0.020865114034528065,1632,2048,128
0.6,2048,229,regularized_adaptive,0.0042481723053745535,1628,2048,128
0.6,2048,230,uniform,0.006236677453007711,1024,2048,0
0.6,2048,230,pilot_adaptive,-0.0016154471180148677,1612,2048,128
0.6,2048,230,regularized_adaptive,0.03165159979745369,1610,2048,128
0.6,2048,231,uniform,-0.012770020586094999,1024,2048,0
0.6,2048,231,pilot_adaptive,-0.001099263621350377,1665,2048,128
0.6,2048,231,regularized_adaptive,-0.008562279097166003,1660,2048,128
0.6,2048,232,uniform,-0.02054440807682334,1024,2048,0
0.6,2048,232,pilot_adaptive,-0.009670132995324154,1581,2048,128
0.6,2048,232,regularized_adaptive,-0.014283731271520717,1580,2048,128
0.6,2048,233,uniform,-0.005917030938382917,1024,2048,0
0.6,2048,233,pilot_adaptive,0.005841756963532618,1648,2048,128
0.6,2048,233,regularized_adaptive,-0.0190517819580045,1644,2048,128
0.6,2048,234,uniform,-0.002877517759654835,1024,2048,0
0.6,2048,234,pilot_adaptive,-0.000683550656660592,1605,2048,128
0.6,2048,234,regularized_adaptive,0.009739422978030432,1603,2048,128
0.6,2048,235,uniform,0.02248787061010138,1024,2048,0
0.6,2048,235,pilot_adaptive,-0.01820955432868332,1639,2048,128
0.6,2048,235,regularized_adaptive,0.029934327332576616,1635,2048,128
0.6,2048,236,uniform,-0.006975002525358098,1024,2048,0
0.6,2048,236,pilot_adaptive,-0.0129403958852492,1687,2048,128
0.6,2048,236,regularized_adaptive,-0.029805542955503972,1676,2048,128
0.6,2048,237,uniform,-0.011993885134078175,1024,2048,0
0.6,2048,237,pilot_adaptive,-0.005521652974258329,1581,2048,128
0.6,2048,237,regularized_adaptive,0.020862817565918568,1580,2048,128
0.6,2048,238,uniform,0.00270286495722194,1024,2048,0
0.6,2048,238,pilot_adaptive,-0.030918984523813586,1530,2048,128
0.6,2048,238,regularized_adaptive,-0.001168777445263225,1532,2048,128
0.6,2048,239,uniform,-0.0008287753768033701,1024,2048,0
0.6,2048,239,pilot_adaptive,0.0030164678310714566,1597,2048,128
0.6,2048,239,regularized_adaptive,0.0010559315695445326,1595,2048,128
0.6,2048,240,uniform,0.006871894837544912,1024,2048,0
0.6,2048,240,pilot_adaptive,-0.0009634810888971002,1564,2048,128
0.6,2048,240,regularized_adaptive,-0.0030104448781184123,1564,2048,128
0.6,2048,241,uniform,0.010687543468289484,1024,2048,0
0.6,2048,241,pilot_adaptive,-0.015215706012437158,1564,2048,128
0.6,2048,241,regularized_adaptive,-0.017247365481456667,1564,2048,128
0.6,2048,242,uniform,-0.02032977273296388,1024,2048,0
0.6,2048,242,pilot_adaptive,0.029135686664441107,1507,2048,128
0.6,2048,242,regularized_adaptive,-0.011910301898314435,1513,2048,128
0.6,2048,243,uniform,0.03273158252435959,1024,2048,0
0.6,2048,243,pilot_adaptive,-0.023358923568733703,1564,2048,128
0.6,2048,243,regularized_adaptive,0.002085921154657444,1564,2048,128
0.6,2048,244,uniform,-0.004928432304266983,1024,2048,0
0.6,2048,244,pilot_adaptive,-0.014143961571443375,1532,2048,128
0.6,2048,244,regularized_adaptive,0.018903827626473357,1534,2048,128
0.6,2048,245,uniform,0.019871111633811833,1024,2048,0
0.6,2048,245,pilot_adaptive,0.02473210077768473,1510,2048,128
0.6,2048,245,regularized_adaptive,-0.013389606341107418,1515,2048,128
0.6,2048,246,uniform,0.01966082061347285,1024,2048,0
0.6,2048,246,pilot_adaptive,-0.031795736713363665,1579,2048,128
0.6,2048,246,regularized_adaptive,-0.005654500203755353,1578,2048,128
0.6,2048,247,uniform,-0.025912327611601116,1024,2048,0
0.6,2048,247,pilot_adaptive,0.01680985591879669,1581,2048,128
0.6,2048,247,regularized_adaptive,-0.004932479321152594,1580,2048,128
0.6,2048,248,uniform,0.024536612992953066,1024,2048,0
0.6,2048,248,pilot_adaptive,0.0038377187298525017,1641,2048,128
0.6,2048,248,regularized_adaptive,0.017774275423615538,1637,2048,128
0.6,2048,249,uniform,-0.014677844901467063,1024,2048,0
0.6,2048,249,pilot_adaptive,0.001529227682124934,1584,2048,128
0.6,2048,249,regularized_adaptive,-0.0007680912878226254,1582,2048,128
0.6,2048,250,uniform,0.003199336436040201,1024,2048,0
0.6,2048,250,pilot_adaptive,-0.025711449679995946,1650,2048,128
0.6,2048,250,regularized_adaptive,-0.016806630808372303,1645,2048,128
0.6,2048,251,uniform,-0.024500974775047313,1024,2048,0
0.6,2048,251,pilot_adaptive,-0.0014511791028567478,1537,2048,128
0.6,2048,251,regularized_adaptive,-0.02002511446497368,1538,2048,128
0.6,2048,252,uniform,-0.008531617752912224,1024,2048,0
0.6,2048,252,pilot_adaptive,-0.006076426801891577,1564,2048,128
0.6,2048,252,regularized_adaptive,4.533416552010561e-05,1564,2048,128
0.6,2048,253,uniform,-0.0032308990092334566,1024,2048,0
0.6,2048,253,pilot_adaptive,0.0010265745135132898,1660,2048,128
0.6,2048,253,regularized_adaptive,0.027330790706351915,1654,2048,128
0.6,2048,254,uniform,-0.02075687125892256,1024,2048,0
0.6,2048,254,pilot_adaptive,-0.02844636208139195,1564,2048,128
0.6,2048,254,regularized_adaptive,-0.013177669743333231,1564,2048,128
0.6,2048,255,uniform,0.011394305967446727,1024,2048,0
0.6,2048,255,pilot_adaptive,-0.012753061616554762,1540,2048,128
0.6,2048,255,regularized_adaptive,0.0014170171532233988,1542,2048,128
0.6,2048,256,uniform,0.025100285262870448,1024,2048,0
0.6,2048,256,pilot_adaptive,-0.008804683301343763,1644,2048,128
0.6,2048,256,regularized_adaptive,0.00274813998025103,1638,2048,128
0.6,2048,257,uniform,0.049407702045651924,1024,2048,0
0.6,2048,257,pilot_adaptive,0.014465536809875057,1504,2048,128
0.6,2048,257,regularized_adaptive,0.00991925106827296,1507,2048,128
0.6,2048,258,uniform,0.0021391926873045586,1024,2048,0
0.6,2048,258,pilot_adaptive,-0.0184281197156404,1581,2048,128
0.6,2048,258,regularized_adaptive,0.028654113731994335,1580,2048,128
0.6,2048,259,uniform,0.0035548898473792834,1024,2048,0
0.6,2048,259,pilot_adaptive,0.009190990176149882,1564,2048,128
0.6,2048,259,regularized_adaptive,-0.000964756448913584,1564,2048,128
0.6,2048,260,uniform,0.015209954598191078,1024,2048,0
0.6,2048,260,pilot_adaptive,-6.809678655883555e-05,1545,2048,128
0.6,2048,260,regularized_adaptive,0.003027651453941904,1546,2048,128
0.6,2048,261,uniform,-0.01637537819650059,1024,2048,0
0.6,2048,261,pilot_adaptive,0.000689885000496937,1525,2048,128
0.6,2048,261,regularized_adaptive,-0.032106138206478674,1527,2048,128
0.6,2048,262,uniform,0.02531274844496989,1024,2048,0
0.6,2048,262,pilot_adaptive,0.02049567375602257,1526,2048,128
0.6,2048,262,regularized_adaptive,0.017580688588577975,1529,2048,128
0.6,2048,263,uniform,-0.009307753204929048,1024,2048,0
0.6,2048,263,pilot_adaptive,-0.0006808281821483186,1574,2048,128
0.6,2048,263,regularized_adaptive,0.0005378582792251452,1574,2048,128
0.6,2048,264,uniform,-0.018070739329773433,1024,2048,0
0.6,2048,264,pilot_adaptive,0.0049419964035358754,1534,2048,128
0.6,2048,264,regularized_adaptive,-0.00844807537211456,1535,2048,128
0.6,2048,265,uniform,0.007368366316363173,1024,2048,0
0.6,2048,265,pilot_adaptive,-0.0025430644356042587,1583,2048,128
0.6,2048,265,regularized_adaptive,0.012054282660453386,1582,2048,128
0.6,2048,266,uniform,0.006733148931825972,1024,2048,0
0.6,2048,266,pilot_adaptive,-0.0031877082552213,1605,2048,128
0.6,2048,266,regularized_adaptive,-0.006890984783154641,1603,2048,128
0.6,2048,267,uniform,-0.034532223507206306,1024,2048,0
0.6,2048,267,pilot_adaptive,0.04074611762680169,1564,2048,128
0.6,2048,267,regularized_adaptive,0.026488791263194256,1564,2048,128
0.6,2048,268,uniform,0.004187935070156024,1024,2048,0
0.6,2048,268,pilot_adaptive,0.0006421104745589767,1575,2048,128
0.6,2048,268,regularized_adaptive,-0.020237042733860067,1575,2048,128
0.6,2048,269,uniform,-0.03849096236719052,1024,2048,0
0.6,2048,269,pilot_adaptive,0.0048621159577845185,1660,2048,128
0.6,2048,269,regularized_adaptive,-0.02052013396294483,1654,2048,128
0.6,2048,270,uniform,-0.01997856364514594,1024,2048,0
0.6,2048,270,pilot_adaptive,0.017105506894530165,1607,2048,128
0.6,2048,270,regularized_adaptive,-0.0025596076093826747,1605,2048,128
0.6,2048,271,uniform,-0.0011106115117619497,1024,2048,0
0.6,2048,271,pilot_adaptive,0.007409705972537428,1621,2048,128
0.6,2048,271,regularized_adaptive,-0.0003908575041752238,1617,2048,128
0.6,2048,272,uniform,-0.018211657397252834,1024,2048,0
0.6,2048,272,pilot_adaptive,0.022457993555333844,1621,2048,128
0.6,2048,272,regularized_adaptive,-0.00361891166668038,1617,2048,128
0.6,2048,273,uniform,-0.0021013823076384552,1024,2048,0
0.6,2048,273,pilot_adaptive,-0.0482370855587797,1577,2048,128
0.6,2048,273,regularized_adaptive,-0.009281218037727301,1576,2048,128
0.6,2048,274,uniform,0.02531492060673013,1024,2048,0
0.6,2048,274,pilot_adaptive,-0.009963837864917613,1625,2048,128
0.6,2048,274,regularized_adaptive,-0.002957091364190201,1621,2048,128
0.6,2048,275,uniform,0.008920637220396599,1024,2048,0
0.6,2048,275,pilot_adaptive,0.009067446722809458,1616,2048,128
0.6,2048,275,regularized_adaptive,0.0058860975007671845,1613,2048,128
0.6,2048,276,uniform,0.004823152454693447,1024,2048,0
0.6,2048,276,pilot_adaptive,-0.001099263621350377,1665,2048,128
0.6,2048,276,regularized_adaptive,-0.001910578014716502,1660,2048,128
0.6,2048,277,uniform,0.01584517198272828,1024,2048,0
0.6,2048,277,pilot_adaptive,-0.007671780362919156,1665,2048,128
0.6,2048,277,regularized_adaptive,-0.0009842953720692327,1660,2048,128
0.6,2048,278,uniform,-0.0038682885555313407,1024,2048,0
0.6,2048,278,pilot_adaptive,0.018829886881552738,1748,2048,128
0.6,2048,278,regularized_adaptive,-0.0125186009355851,1733,2048,128
0.6,2048,279,uniform,-0.01418571774616928,1024,2048,0
0.6,2048,279,pilot_adaptive,-0.0021869640685653335,1633,2048,128
0.6,2048,279,regularized_adaptive,-0.006207025464187721,1630,2048,128
0.6,2048,280,uniform,0.008851264267537018,1024,2048,0
0.6,2048,280,pilot_adaptive,-0.016220695186804024,1564,2048,128
0.6,2048,280,regularized_adaptive,-0.020308245965162675,1564,2048,128
0.6,2048,281,uniform,0.011960150399124347,1024,2048,0
0.6,2048,281,pilot_adaptive,0.024787752405897145,1605,2048,128
0.6,2048,281,regularized_adaptive,-0.017117882084597857,1603,2048,128
0.6,2048,282,uniform,-0.005704567756283252,1024,2048,0
0.6,2048,282,pilot_adaptive,-0.005080021060790529,1600,2048,128
0.6,2048,282,regularized_adaptive,-0.023763286913847326,1597,2048,128
0.6,2048,283,uniform,0.007719575404181556,1024,2048,0
0.6,2048,283,pilot_adaptive,-0.006159866542936987,1616,2048,128
0.6,2048,283,regularized_adaptive,0.006845493903332112,1613,2048,128
0.6,2048,284,uniform,0.040224133880129576,1024,2048,0
0.6,2048,284,pilot_adaptive,-0.011344227768317117,1676,2048,128
0.6,2048,284,regularized_adaptive,0.0052155968321844215,1668,2048,128
0.6,2048,285,uniform,-0.0019582920783988156,1024,2048,0
0.6,2048,285,pilot_adaptive,-0.0012518901474919408,1581,2048,128
0.6,2048,285,regularized_adaptive,0.006758706305654116,1580,2048,128
0.6,2048,286,uniform,0.015632708800629502,1024,2048,0
0.6,2048,286,pilot_adaptive,-0.007077589896207881,1564,2048,128
0.6,2048,286,regularized_adaptive,-0.018267658976025336,1564,2048,128
0.6,2048,287,uniform,0.029553323439912904,1024,2048,0
0.6,2048,287,pilot_adaptive,0.015562474261002657,1613,2048,128
0.6,2048,287,regularized_adaptive,-0.002165031897519376,1609,2048,128
0.6,2048,288,uniform,0.024185403905134906,1024,2048,0
0.6,2048,288,pilot_adaptive,0.010040489036295841,1506,2048,128
0.6,2048,288,regularized_adaptive,0.004188819210414585,1510,2048,128
0.6,2048,289,uniform,0.0023494837076433184,1024,2048,0
0.6,2048,289,pilot_adaptive,-0.024678720438024326,1591,2048,128
0.6,2048,289,regularized_adaptive,0.00573644091920078,1589,2048,128
0.6,2048,290,uniform,-0.0004038490126049288,1024,2048,0
0.6,2048,290,pilot_adaptive,0.026279078366953423,1625,2048,128
0.6,2048,290,regularized_adaptive,-0.007479103300227274,1621,2048,128
0.6,2048,291,uniform,0.00630605040586707,1024,2048,0
0.6,2048,291,pilot_adaptive,0.005128946598128015,1564,2048,128
0.6,2048,291,regularized_adaptive,0.004112479183609907,1564,2048,128
0.6,2048,292,uniform,-0.0066953385521599795,1024,2048,0
0.6,2048,292,pilot_adaptive,-0.00017921898213291154,1632,2048,128
0.6,2048,292,regularized_adaptive,0.005817301680192899,1628,2048,128
0.6,2048,293,uniform,0.0063082225676275305,1024,2048,0
0.6,2048,293,pilot_adaptive,-0.019744434089993268,1616,2048,128
0.6,2048,293,regularized_adaptive,0.017097508505106496,1613,2048,128
0.6,2048,294,uniform,-0.008249781617953422,1024,2048,0
0.6,2048,294,pilot_adaptive,-0.003210513655882319,1518,2048,128
0.6,2048,294,regularized_adaptive,-0.01800136225752058,1522,2048,128
0.6,2048,295,uniform,0.0043288531376354245,1024,2048,0
0.6,2048,295,pilot_adaptive,-0.013382186427693954,1601,2048,128
0.6,2048,295,regularized_adaptive,-0.016251196984367278,1599,2048,128
0.6,2048,296,uniform,-0.00471596912216754,1024,2048,0
0.6,2048,296,pilot_adaptive,-0.015220998745830494,1613,2048,128
0.6,2048,296,regularized_adaptive,0.030481170762082788,1609,2048,128
0.6,2048,297,uniform,0.010262617104091043,1024,2048,0
0.6,2048,297,pilot_adaptive,0.03833000443171464,1660,2048,128
0.6,2048,297,regularized_adaptive,0.016548654138446195,1654,2048,128
0.6,2048,298,uniform,0.03237820127478097,1024,2048,0
0.6,2048,298,pilot_adaptive,0.009207569856368836,1564,2048,128
0.6,2048,298,regularized_adaptive,-0.026409601172305175,1564,2048,128
0.6,2048,299,uniform,-0.0025956816246960335,1024,2048,0
0.6,2048,299,pilot_adaptive,0.027530667135447717,1610,2048,128
0.6,2048,299,regularized_adaptive,-0.0157531032906435,1607,2048,128
0.6,2048,300,uniform,-0.022309142162956208,1024,2048,0
0.6,2048,300,pilot_adaptive,0.009516274895687071,1545,2048,128
0.6,2048,300,regularized_adaptive,-0.0010538579234006251,1546,2048,128
0.6,2048,301,uniform,0.01888468516145625,1024,2048,0
0.6,2048,301,pilot_adaptive,-0.040656724655778076,1564,2048,128
0.6,2048,301,regularized_adaptive,0.011239229325388123,1564,2048,128
0.6,2048,302,uniform,0.0006541225743702528,1024,2048,0
0.6,2048,302,pilot_adaptive,-0.03150469184506455,1564,2048,128
0.6,2048,302,regularized_adaptive,-0.017269046601742888,1564,2048,128
0.6,2048,303,uniform,0.003409627456378961,1024,2048,0
0.6,2048,303,pilot_adaptive,-0.01827531113612646,1564,2048,128
0.6,2048,303,regularized_adaptive,0.013270888794407854,1564,2048,128
0.6,2048,304,uniform,0.014787200395753097,1024,2048,0
0.6,2048,304,pilot_adaptive,0.041765135761353434,1564,2048,128
0.6,2048,304,regularized_adaptive,0.027521838357931094,1564,2048,128
0.6,2048,305,uniform,-0.004785342075027343,1024,2048,0
0.6,2048,305,pilot_adaptive,-0.00997605648435873,1518,2048,128
0.6,2048,305,regularized_adaptive,-0.03086681603463881,1522,2048,128
0.6,2048,306,uniform,-0.019343346260608518,1024,2048,0
0.6,2048,306,pilot_adaptive,0.015018315835442109,1678,2048,128
0.6,2048,306,regularized_adaptive,0.008166799422824167,1672,2048,128
0.6,2048,307,uniform,-0.02400450329622905,1024,2048,0
0.6,2048,307,pilot_adaptive,0.012787633289694456,1605,2048,128
0.6,2048,307,regularized_adaptive,0.0021394478799855454,1603,2048,128
0.6,2048,308,uniform,-0.0016070829905802109,1024,2048,0
0.6,2048,308,pilot_adaptive,-0.01467898560512082,1633,2048,128
0.6,2048,308,regularized_adaptive,0.01962295183212437,1629,2048,128
0.6,2048,309,uniform,0.00609575938552831,1024,2048,0
0.6,2048,309,pilot_adaptive,-0.0038609457991937157,1624,2048,128
0.6,2048,309,regularized_adaptive,0.021385368279264738,1621,2048,128
0.6,2048,310,uniform,-0.015735816488442245,1024,2048,0
0.6,2048,310,pilot_adaptive,-0.0030904915020976143,1752,2048,128
0.6,2048,310,regularized_adaptive,0.01625426526459217,1738,2048,128
0.6,2048,311,uniform,-0.004431960825448722,1024,2048,0
0.6,2048,311,pilot_adaptive,-0.012136694605118903,1703,2048,128
0.6,2048,311,regularized_adaptive,-0.009795949472661158,1692,2048,128
0.6,2048,312,uniform,0.02573767480916833,1024,2048,0
0.6,2048,312,pilot_adaptive,-0.025906465148196167,1585,2048,128
0.6,2048,312,regularized_adaptive,0.006409532236394733,1584,2048,128
0.6,2048,313,uniform,-0.003655825373431898,1024,2048,0
0.6,2048,313,pilot_adaptive,-0.01751665129455282,1504,2048,128
0.6,2048,313,regularized_adaptive,0.010279365496956072,1507,2048,128
0.6,2048,314,uniform,-0.0040785795758701004,1024,2048,0
0.6,2048,314,pilot_adaptive,0.012338714431108788,1591,2048,128
0.6,2048,314,regularized_adaptive,-0.012935273274902181,1589,2048,128
0.6,2048,315,uniform,-0.01064973308862327,1024,2048,0
0.6,2048,315,pilot_adaptive,-0.011593633616768573,1422,2048,128
0.6,2048,315,regularized_adaptive,0.02892639593136892,1431,2048,128
0.6,2048,316,uniform,0.0042594801847758434,1024,2048,0
0.6,2048,316,pilot_adaptive,0.023013837524530234,1544,2048,128
0.6,2048,316,regularized_adaptive,-0.01696892274577011,1546,2048,128
0.6,2048,317,uniform,-0.022096678980856987,1024,2048,0
0.6,2048,317,pilot_adaptive,0.0030916020255015164,1593,2048,128
0.6,2048,317,regularized_adaptive,0.023040668968418943,1592,2048,128
0.6,2048,318,uniform,-0.0018195461726796536,1024,2048,0
0.6,2048,318,pilot_adaptive,0.016866297451634593,1645,2048,128
0.6,2048,318,regularized_adaptive,-0.0172613153082819,1640,2048,128
0.6,2048,319,uniform,-0.004291042757969321,1024,2048,0
0.6,2048,319,pilot_adaptive,0.0010359945353116684,1496,2048,128
0.6,2048,319,regularized_adaptive,-0.0024292402668631974,1501,2048,128
0.6,2048,320,uniform,0.0015018031410068966,1024,2048,0
0.6,2048,320,pilot_adaptive,-0.015990218576401594,1648,2048,128
0.6,2048,320,regularized_adaptive,-0.0009381093976817967,1644,2048,128
0.6,2048,321,uniform,0.019166521296415273,1024,2048,0
0.6,2048,321,pilot_adaptive,0.0008994384066897121,1597,2048,128
0.6,2048,321,regularized_adaptive,0.0026311966332029924,1595,2048,128
0.6,2048,322,uniform,-0.009587417178127167,1024,2048,0
0.6,2048,322,pilot_adaptive,-0.014193952443287694,1519,2048,128
0.6,2048,322,regularized_adaptive,-0.0181605792632078,1523,2048,128
0.6,2048,323,uniform,-0.0016786281052002527,1024,2048,0
0.6,2048,323,pilot_adaptive,0.0018470614908155936,1639,2048,128
0.6,2048,323,regularized_adaptive,0.007542741347517201,1635,2048,128
0.6,2048,324,uniform,-0.03022444772116395,1024,2048,0
0.6,2048,324,pilot_adaptive,-0.0004107389898436731,1534,2048,128
0.6,2048,324,regularized_adaptive,-0.004591397874299186,1535,2048,128
0.6,2048,325,uniform,-0.022380687277576028,1024,2048,0
0.6,2048,325,pilot_adaptive,-0.011424133771101408,1534,2048,128
0.6,2048,325,regularized_adaptive,-5.5243314939334986e-05,1535,2048,128
0.6,2048,326,uniform,0.03117713945856615,1024,2048,0
0.6,2048,326,pilot_adaptive,0.006818064701822224,1613,2048,128
0.6,2048,326,regularized_adaptive,0.0037143252337498156,1609,2048,128
0.6,2048,327,uniform,0.0070843580196441325,1024,2048,0
0.6,2048,327,pilot_adaptive,-0.006634764765667489,1621,2048,128
0.6,2048,327,regularized_adaptive,0.02492823816746259,1617,2048,128
0.6,2048,328,uniform,0.0017164384848665781,1024,2048,0
0.6,2048,328,pilot_adaptive,-0.008073477817483576,1618,2048,128
0.6,2048,328,regularized_adaptive,-0.010108597552545673,1615,2048,128
0.6,2048,329,uniform,0.005529914953850468,1024,2048,0
0.6,2048,329,pilot_adaptive,0.016196463457007426,1585,2048,128
0.6,2048,329,regularized_adaptive,0.03921480228246621,1584,2048,128
0.6,2048,330,uniform,0.010123871198371881,1024,2048,0
0.6,2048,330,pilot_adaptive,-0.0038670715787815224,1587,2048,128
0.6,2048,330,regularized_adaptive,0.040272413999411616,1586,2048,128
0.6,2048,331,uniform,-0.01934117409884828,1024,2048,0
0.6,2048,331,pilot_adaptive,0.012194269000960323,1418,2048,128
0.6,2048,331,regularized_adaptive,-0.004057331047018553,1431,2048,128
0.6,2048,332,uniform,0.001855184390585518,1024,2048,0
0.6,2048,332,pilot_adaptive,-0.014791517953566258,1577,2048,128
0.6,2048,332,regularized_adaptive,0.017146340492353862,1576,2048,128
0.6,2048,333,uniform,-0.02965643112772587,1024,2048,0
0.6,2048,333,pilot_adaptive,0.008352421514987385,1606,2048,128
0.6,2048,333,regularized_adaptive,0.023344086989715573,1603,2048,128
0.6,2048,334,uniform,0.004044844840916384,1024,2048,0
0.6,2048,334,pilot_adaptive,-0.022343731514232745,1564,2048,128
0.6,2048,334,regularized_adaptive,-0.02844253600134139,1564,2048,128
0.6,2048,335,uniform,0.007296821201743353,1024,2048,0
0.6,2048,335,pilot_adaptive,-0.030200905633044117,1612,2048,128
0.6,2048,335,regularized_adaptive,0.015118434630378208,1610,2048,128
0.6,2048,336,uniform,0.012101068466603748,1024,2048,0
0.6,2048,336,pilot_adaptive,-0.024403329301306398,1667,2048,128
0.6,2048,336,regularized_adaptive,0.01680163338941043,1660,2048,128
0.6,2048,337,uniform,0.008569428132578438,1024,2048,0
0.6,2048,337,pilot_adaptive,0.016382722033678854,1605,2048,128
0.6,2048,337,regularized_adaptive,-0.015085120056478774,1603,2048,128
0.6,2048,338,uniform,-0.02584295465874198,1024,2048,0
0.6,2048,338,pilot_adaptive,-0.007128882444250584,1676,2048,128
0.6,2048,338,regularized_adaptive,-0.015814962297323154,1668,2048,128
0.6,2048,339,uniform,-0.019343346260608518,1024,2048,0
0.6,2048,339,pilot_adaptive,0.0021028509789197125,1650,2048,128
0.6,2048,339,regularized_adaptive,-0.040377961000851004,1645,2048,128
0.6,2048,340,uniform,-0.015384607400624306,1024,2048,0
0.6,2048,340,pilot_adaptive,-0.015614919199878008,1583,2048,128
0.6,2048,340,regularized_adaptive,0.004971518312343215,1582,2048,128
0.6,2048,341,uniform,-0.01015760593332593,1024,2048,0
0.6,2048,341,pilot_adaptive,-0.02467414786969324,1641,2048,128
0.6,2048,341,regularized_adaptive,0.007224345734073601,1637,2048,128
0.6,2048,342,uniform,0.017187151866422945,1024,2048,0
0.6,2048,342,pilot_adaptive,0.01354509010044469,1782,2048,128
0.6,2048,342,regularized_adaptive,-0.004708365775402679,1757,2048,128
0.6,2048,343,uniform,0.023194633109258622,1024,2048,0
0.6,2048,343,pilot_adaptive,-0.036963979644349054,1514,2048,128
0.6,2048,343,regularized_adaptive,0.005374464118624078,1517,2048,128
0.6,2048,344,uniform,-0.019907018530525677,1024,2048,0
0.6,2048,344,pilot_adaptive,-0.03492596663076264,1574,2048,128
0.6,2048,344,regularized_adaptive,0.014868574998989303,1574,2048,128
0.6,2048,345,uniform,0.0017142663231061173,1024,2048,0
0.6,2048,345,pilot_adaptive,0.01248081324028949,1601,2048,128
0.6,2048,345,regularized_adaptive,0.004508292385415724,1599,2048,128
0.6,2048,346,uniform,-0.021814842845898186,1024,2048,0
0.6,2048,346,pilot_adaptive,-0.02324154280741042,1595,2048,128
0.6,2048,346,regularized_adaptive,0.02771715139109976,1593,2048,128
0.6,2048,347,uniform,-0.015384607400624306,1024,2048,0
0.6,2048,347,pilot_adaptive,0.0014088112464026858,1553,2048,128
0.6,2048,347,regularized_adaptive,0.0020764941485168498,1554,2048,128
0.6,2048,348,uniform,-0.013054028882813595,1024,2048,0
0.6,2048,348,pilot_adaptive,-0.010705348151628824,1554,2048,128
0.6,2048,348,regularized_adaptive,-0.005924862597381564,1555,2048,128
0.6,2048,349,uniform,0.03244974638940079,1024,2048,0
0.6,2048,349,pilot_adaptive,0.008880728496677315,1511,2048,128
0.6,2048,349,regularized_adaptive,-0.015984184183967853,1514,2048,128
0.6,2048,350,uniform,-0.01093374138534231,1024,2048,0
0.6,2048,350,pilot_adaptive,-0.013890908396088308,1625,2048,128
0.6,2048,350,regularized_adaptive,-0.009145918922271123,1621,2048,128
0.6,2048,351,uniform,0.016551934481885522,1024,2048,0
0.6,2048,351,pilot_adaptive,-0.0027046947155847656,1607,2048,128
0.6,2048,351,regularized_adaptive,-0.0024025824479226854,1605,2048,128
0.6,2048,352,uniform,-0.018493493532211636,1024,2048,0
0.6,2048,352,pilot_adaptive,0.014048226047774226,1625,2048,128
0.6,2048,352,regularized_adaptive,-0.0018156576566431548,1621,2048,128
0.6,2048,353,uniform,-0.013760791381970838,1024,2048,0
0.6,2048,353,pilot_adaptive,0.011437509251262079,1554,2048,128
0.6,2048,353,regularized_adaptive,-0.011075258246057595,1555,2048,128
0.6,2048,354,uniform,-0.004856887189647163,1024,2048,0
0.6,2048,354,pilot_adaptive,0.001735547183749353,1518,2048,128
0.6,2048,354,regularized_adaptive,-0.014317376669462645,1522,2048,128
0.6,2048,355,uniform,0.02170956299632454,1024,2048,0
0.6,2048,355,pilot_adaptive,0.024133048046944494,1587,2048,128
0.6,2048,355,regularized_adaptive,-0.0023125339611521634,1586,2048,128
0.6,2048,356,uniform,-0.003655825373431898,1024,2048,0
0.6,2048,356,pilot_adaptive,0.009166425269222178,1506,2048,128
0.6,2048,356,regularized_adaptive,0.025957787306738145,1510,2048,128
0.6,2048,357,uniform,-0.0025978537864567164,1024,2048,0
0.6,2048,357,pilot_adaptive,-0.008056919662976947,1581,2048,128
0.6,2048,357,regularized_adaptive,-0.01620100229588739,1580,2048,128
0.6,2048,358,uniform,-0.004926260142506522,1024,2048,0
0.6,2048,358,pilot_adaptive,0.005214074146397851,1644,2048,128
0.6,2048,358,regularized_adaptive,0.027665115731507872,1638,2048,128
0.6,2048,359,uniform,-0.00019355799226594694,1024,2048,0
0.6,2048,359,pilot_adaptive,0.011830274374095118,1537,2048,128
0.6,2048,359,regularized_adaptive,-0.01793819843094302,1538,2048,128
0.6,2048,360,uniform,-0.022168224095476807,1024,2048,0
0.6,2048,360,pilot_adaptive,0.029528807363537468,1720,2048,128
0.6,2048,360,regularized_adaptive,-0.007559820971591913,1709,2048,128
0.6,2048,361,uniform,0.023053715041779443,1024,2048,0
0.6,2048,361,pilot_adaptive,0.00020657294095360879,1577,2048,128
0.6,2048,361,regularized_adaptive,-0.013446988242219016,1576,2048,128
0.6,2048,362,uniform,-0.019130883078509298,1024,2048,0
0.6,2048,362,pilot_adaptive,-0.01342837813551312,1504,2048,128
0.6,2048,362,regularized_adaptive,-0.010699548425468608,1508,2048,128
0.6,2048,363,uniform,-0.02033194489472412,1024,2048,0
0.6,2048,363,pilot_adaptive,-0.037013439098418255,1506,2048,128
0.6,2048,363,regularized_adaptive,0.007865878797576387,1510,2048,128
0.6,2048,364,uniform,0.012805658804000752,1024,2048,0
0.6,2048,364,pilot_adaptive,-0.0029982259473612105,1655,2048,128
0.6,2048,364,regularized_adaptive,-0.02989404918707872,1650,2048,128
0.6,2048,365,uniform,0.013302130282818792,1024,2048,0
0.6,2048,365,pilot_adaptive,0.007445026789404063,1665,2048,128
0.6,2048,365,regularized_adaptive,-0.02050179652879147,1660,2048,128
0.6,2048,366,uniform,0.0028437830247013407,1024,2048,0
0.6,2048,366,pilot_adaptive,-0.0036336077811457423,1650,2048,128
0.6,2048,366,regularized_adaptive,-0.01874188880153027,1645,2048,128
0.6,2048,367,uniform,0.024254776857994487,1024,2048,0
0.6,2048,367,pilot_adaptive,-0.0276722977676076,1676,2048,128
0.6,2048,367,regularized_adaptive,0.004681467791720295,1666,2048,128
0.6,2048,368,uniform,-0.015594898420963288,1024,2048,0
0.6,2048,368,pilot_adaptive,0.025678246514486358,1636,2048,128
0.6,2048,368,regularized_adaptive,-0.014528141526501281,1632,2048,128
0.6,2048,369,uniform,0.01549179073314988,1024,2048,0
0.6,2048,369,pilot_adaptive,0.0013640165999585507,1534,2048,128
0.6,2048,369,regularized_adaptive,-0.010619084500145037,1535,2048,128
0.6,2048,370,uniform,0.020367583112630094,1024,2048,0
0.6,2048,370,pilot_adaptive,0.0014362973037173044,1585,2048,128
0.6,2048,370,regularized_adaptive,0.00964044651825613,1584,2048,128
0.6,2048,371,uniform,-0.007965773321234382,1024,2048,0
0.6,2048,371,pilot_adaptive,-0.004303794381279924,1507,2048,128
0.6,2048,371,regularized_adaptive,-0.006398491807943385,1513,2048,128
0.6,2048,372,uniform,-0.010298524000804887,1024,2048,0
0.6,2048,372,pilot_adaptive,-0.004365302053440101,1579,2048,128
0.6,2048,372,regularized_adaptive,-0.02764873908179699,1578,2048,128
0.6,2048,373,uniform,0.013724884485256994,1024,2048,0
0.6,2048,373,pilot_adaptive,0.04121560482238429,1581,2048,128
0.6,2048,373,regularized_adaptive,-0.021733839497930285,1580,2048,128
0.6,2048,374,uniform,-0.02252160534505543,1024,2048,0
0.6,2048,374,pilot_adaptive,0.00272577354108805,1648,2048,128
0.6,2048,374,regularized_adaptive,0.01233447526917153,1644,2048,128
0.6,2048,375,uniform,-0.012841565700714819,1024,2048,0
0.6,2048,375,pilot_adaptive,-0.0033239448630272284,1575,2048,128
0.6,2048,375,regularized_adaptive,-0.006661783378131281,1575,2048,128
0.6,2048,376,uniform,0.005458369839230648,1024,2048,0
0.6,2048,376,pilot_adaptive,0.0014459645412866484,1552,2048,128
0.6,2048,376,regularized_adaptive,-0.0027410635009911255,1552,2048,128
0.6,2048,377,uniform,0.014149810849455435,1024,2048,0
0.6,2048,377,pilot_adaptive,-0.019817696539932372,1472,2048,128
0.6,2048,377,regularized_adaptive,-0.02342013535813714,1478,2048,128
0.6,2048,378,uniform,-0.011568958769879734,1024,2048,0
0.6,2048,378,pilot_adaptive,-0.007571295322181593,1591,2048,128
0.6,2048,378,regularized_adaptive,0.01920673768418235,1589,2048,128
0.6,2048,379,uniform,0.010193244151231462,1024,2048,0
0.6,2048,379,pilot_adaptive,-0.02511668398808875,1613,2048,128
0.6,2048,379,regularized_adaptive,0.019717052953987957,1609,2048,128
0.6,2048,380,uniform,0.0003007413247916313,1024,2048,0
0.6,2048,380,pilot_adaptive,0.0323607194590384,1667,2048,128
0.6,2048,380,regularized_adaptive,-0.009334966131341327,1660,2048,128
0.6,2048,381,uniform,0.0030562462068005614,1024,2048,0
0.6,2048,381,pilot_adaptive,-0.007541380764481742,1641,2048,128
0.6,2048,381,regularized_adaptive,-0.011250452242762998,1637,2048,128
0.6,2048,382,uniform,0.002561946889742539,1024,2048,0
0.6,2048,382,pilot_adaptive,-0.008801753457506889,1553,2048,128
0.6,2048,382,regularized_adaptive,-0.01342225526864227,1554,2048,128
0.6,2048,383,uniform,0.0161985532323069,1024,2048,0
0.6,2048,383,pilot_adaptive,-0.007601947742530646,1579,2048,128
0.6,2048,383,regularized_adaptive,0.010978551939203052,1578,2048,128
0.6,2048,384,uniform,0.0022085656401639175,1024,2048,0
0.6,2048,384,pilot_adaptive,-6.263865981182004e-05,1648,2048,128
0.6,2048,384,regularized_adaptive,0.009772700605006235,1644,2048,128
0.6,2048,385,uniform,0.0003722864394114511,1024,2048,0
0.6,2048,385,pilot_adaptive,-0.01809715223403452,1530,2048,128
0.6,2048,385,regularized_adaptive,0.0022426645800225353,1532,2048,128
0.6,2048,386,uniform,-0.01644475114936017,1024,2048,0
0.6,2048,386,pilot_adaptive,-0.01747253072895183,1573,2048,128
0.6,2048,386,regularized_adaptive,0.007918196196735505,1573,2048,128
0.6,2048,387,uniform,0.0010768767768084553,1024,2048,0
0.6,2048,387,pilot_adaptive,-0.0015258937366063874,1658,2048,128
0.6,2048,387,regularized_adaptive,0.018075440079455718,1650,2048,128
0.6,2048,388,uniform,0.024536612992953066,1024,2048,0
0.6,2048,388,pilot_adaptive,-0.011239690361323662,1532,2048,128
0.6,2048,388,regularized_adaptive,6.16880011211629e-05,1534,2048,128
0.6,2048,389,uniform,-0.011287122634920932,1024,2048,0
0.6,2048,389,pilot_adaptive,-0.002088139948327794,1547,2048,128
0.6,2048,389,regularized_adaptive,0.011072392274030007,1549,2048,128
0.6,2048,390,uniform,-0.011215577520301112,1024,2048,0
0.6,2048,390,pilot_adaptive,0.022430573765222506,1564,2048,128
0.6,2048,390,regularized_adaptive,0.019384997601718745,1564,2048,128
0.6,2048,391,uniform,0.005527742792090229,1024,2048,0
0.6,2048,391,pilot_adaptive,-0.0009623793878262843,1670,2048,128
0.6,2048,391,regularized_adaptive,0.017746667859643073,1664,2048,128
0.6,2048,392,uniform,-0.009095290022829827,1024,2048,0
0.6,2048,392,pilot_adaptive,0.010162646067244485,1581,2048,128
0.6,2048,392,regularized_adaptive,-0.004095636772395106,1580,2048,128
0.6,2048,393,uniform,0.023476469244217424,1024,2048,0
0.6,2048,393,pilot_adaptive,-0.004623159198544502,1540,2048,128
0.6,2048,393,regularized_adaptive,-0.007382754415164561,1541,2048,128
0.6,2048,394,uniform,0.013865802552736395,1024,2048,0
0.6,2048,394,pilot_adaptive,0.012819286528738982,1550,2048,128
0.6,2048,394,regularized_adaptive,0.03026529390987298,1551,2048,128
0.6,2048,395,uniform,0.011110297670727465,1024,2048,0
0.6,2048,395,pilot_adaptive,0.011029098969870366,1526,2048,128
0.6,2048,395,regularized_adaptive,0.010292414742263278,1529,2048,128
0.6,2048,396,uniform,0.017540533116001344,1024,2048,0
0.6,2048,396,pilot_adaptive,0.021946128021832823,1597,2048,128
0.6,2048,396,regularized_adaptive,-0.007158687130045971,1595,2048,128
0.6,2048,397,uniform,0.0070149850667845515,1024,2048,0
0.6,2048,397,pilot_adaptive,-0.010990996127711261,1658,2048,128
0.6,2048,397,regularized_adaptive,-0.043399804212059356,1650,2048,128
0.6,2048,398,uniform,-0.02372266716127025,1024,2048,0
0.6,2048,398,pilot_adaptive,0.025812895433245164,1553,2048,128
0.6,2048,398,regularized_adaptive,-0.006572583453225311,1554,2048,128
0.6,2048,399,uniform,-0.02386358522874965,1024,2048,0
0.6,2048,399,pilot_adaptive,-0.022257334666251127,1554,2048,128
0.6,2048,399,regularized_adaptive,-0.016991451839911464,1555,2048,128
0.6,8192,0,uniform,0.012188870738558344,4096,8192,0
0.6,8192,0,pilot_adaptive,0.005181875337155639,6681,8192,128
0.6,8192,0,regularized_adaptive,0.0019314147500887335,6674,8192,128
0.6,8192,1,uniform,-0.0042921288388494405,4096,8192,0
0.6,8192,1,pilot_adaptive,0.0024158858722488352,6746,8192,128
0.6,8192,1,regularized_adaptive,0.00043866942763715056,6735,8192,128
0.6,8192,2,uniform,-0.006164180596911928,4096,8192,0
0.6,8192,2,pilot_adaptive,0.0018301730237616498,6570,8192,128
0.6,8192,2,regularized_adaptive,-0.0008347268994314261,6570,8192,128
0.6,8192,3,uniform,-0.0006179413160244396,4096,8192,0
0.6,8192,3,pilot_adaptive,-0.0018706668660991577,6894,8192,128
0.6,8192,3,regularized_adaptive,0.01385079265403244,6874,8192,128
0.6,8192,4,uniform,0.005706062538199608,4096,8192,0
0.6,8192,4,pilot_adaptive,0.005378178592858274,6894,8192,128
0.6,8192,4,regularized_adaptive,-0.002255377284614446,6874,8192,128
0.6,8192,5,uniform,-0.012752677347880104,4096,8192,0
0.6,8192,5,pilot_adaptive,-0.0001826320946373139,7012,8192,128
0.6,8192,5,regularized_adaptive,-0.0058866814441784765,6989,8192,128
0.6,8192,6,uniform,-0.009943513629906198,4096,8192,0
0.6,8192,6,pilot_adaptive,-0.00445013905408953,6724,8192,128
0.6,8192,6,regularized_adaptive,0.01569389410305877,6715,8192,128
0.6,8192,7,uniform,0.011446335682091413,4096,8192,0
0.6,8192,7,pilot_adaptive,-0.010007942701605765,6794,8192,128
0.6,8192,7,regularized_adaptive,0.007282068007477993,6784,8192,128
0.6,8192,8,uniform,-0.007046547639977918,4096,8192,0
0.6,8192,8,pilot_adaptive,-0.00012385983081431018,6794,8192,128
0.6,8192,8,regularized_adaptive,0.0018905209700562642,6782,8192,128
0.6,8192,9,uniform,0.013796429599876814,4096,8192,0
0.6,8192,9,pilot_adaptive,-0.0012496639192763892,6706,8192,128
0.6,8192,9,regularized_adaptive,0.007853154825155362,6699,8192,128
0.6,8192,10,uniform,0.02066784856668391,4096,8192,0
0.6,8192,10,pilot_adaptive,0.004290220319977167,6941,8192,128
0.6,8192,10,regularized_adaptive,-0.009510497526042494,6917,8192,128
0.6,8192,11,uniform,0.008585685289913214,4096,8192,0
0.6,8192,11,pilot_adaptive,0.004445791831218515,6406,8192,128
0.6,8192,11,regularized_adaptive,0.0007485771160188337,6414,8192,128
0.6,8192,12,uniform,-0.004927889263826812,4096,8192,0
0.6,8192,12,pilot_adaptive,-0.00982416571033684,6138,8192,128
0.6,8192,12,regularized_adaptive,0.0013529602576581867,6168,8192,128
0.6,8192,13,uniform,-0.010951084623557206,4096,8192,0
0.6,8192,13,pilot_adaptive,0.0006144994704874174,6403,8192,128
0.6,8192,13,regularized_adaptive,-0.0007000242669809031,6414,8192,128
0.6,8192,14,uniform,-0.011834537747503537,4096,8192,0
0.6,8192,14,pilot_adaptive,-0.020407416662182376,6883,8192,128
0.6,8192,14,regularized_adaptive,-0.019551780378129324,6866,8192,128
0.6,8192,15,uniform,0.009044755090101053,4096,8192,0
0.6,8192,15,pilot_adaptive,0.009339476798830071,6570,8192,128
0.6,8192,15,regularized_adaptive,-0.0013194078121357977,6570,8192,128
0.6,8192,16,uniform,0.008656687364092863,4096,8192,0
0.6,8192,16,pilot_adaptive,0.018123677827022733,6647,8192,128
0.6,8192,16,regularized_adaptive,-0.0070992016963147275,6643,8192,128
0.6,8192,17,uniform,0.011765030455240022,4096,8192,0
0.6,8192,17,pilot_adaptive,0.0008414028605679968,6746,8192,128
0.6,8192,17,regularized_adaptive,-0.017481789308470885,6735,8192,128
0.6,8192,18,uniform,0.0015018031410068966,4096,8192,0
0.6,8192,18,pilot_adaptive,0.01093419949640706,6749,8192,128
0.6,8192,18,regularized_adaptive,0.010976523004964878,6741,8192,128
0.6,8192,19,uniform,0.007967268103150738,4096,8192,0
0.6,8192,19,pilot_adaptive,0.0102672494772037,6904,8192,128
0.6,8192,19,regularized_adaptive,0.0043220556569590896,6881,8192,128
0.6,8192,20,uniform,0.009062098328315948,4096,8192,0
0.6,8192,20,pilot_adaptive,-0.006098409521560155,6611,8192,128
0.6,8192,20,regularized_adaptive,-0.007150594060992832,6609,8192,128
0.6,8192,21,uniform,0.006394938758702007,4096,8192,0
0.6,8192,21,pilot_adaptive,-0.0031722893934519325,6904,8192,128
0.6,8192,21,regularized_adaptive,-0.01969755396522488,6881,8192,128
0.6,8192,22,uniform,-0.013512012602121759,4096,8192,0
0.6,8192,22,pilot_adaptive,-0.0018054639702581587,6230,8192,128
0.6,8192,22,regularized_adaptive,-0.011152611791750866,6258,8192,128
0.6,8192,23,uniform,0.006077330066433295,4096,8192,0
0.6,8192,23,pilot_adaptive,-0.012201892228109523,6681,8192,128
0.6,8192,23,regularized_adaptive,0.0049915670381740496,6674,8192,128
0.6,8192,24,uniform,-0.010756507720113051,4096,8192,0
0.6,8192,24,pilot_adaptive,0.002849309193495464,6623,8192,128
0.6,8192,24,regularized_adaptive,-0.003933749412556753,6620,8192,128
0.6,8192,25,uniform,0.006077330066433295,4096,8192,0
0.6,8192,25,pilot_adaptive,-0.0017275406114779512,6855,8192,128
0.6,8192,25,regularized_adaptive,0.001695384567311442,6839,8192,128
0.6,8192,26,uniform,-0.009131605620579686,4096,8192,0
0.6,8192,26,pilot_adaptive,-0.013774465417988102,6630,8192,128
0.6,8192,26,regularized_adaptive,0.004282123507692304,6626,8192,128
0.6,8192,27,uniform,-0.0011648133881670963,4096,8192,0
0.6,8192,27,pilot_adaptive,-0.0016970425215599994,6453,8192,128
0.6,8192,27,regularized_adaptive,-0.012779259616584104,6461,8192,128
0.6,8192,28,uniform,0.004752693420953746,4096,8192,0
0.6,8192,28,pilot_adaptive,0.007787625418560373,6326,8192,128
0.6,8192,28,regularized_adaptive,-0.0016172140626494746,6342,8192,128
0.6,8192,29,uniform,0.0009197015519945007,4096,8192,0
0.6,8192,29,pilot_adaptive,-0.008103640441256,6570,8192,128
0.6,8192,29,regularized_adaptive,0.0035256461141092155,6570,8192,128
0.6,8192,30,uniform,-0.0039913203443558976,4096,8192,0
0.6,8192,30,pilot_adaptive,0.006872444315943915,6724,8192,128
0.6,8192,30,regularized_adaptive,-0.005839826307301843,6715,8192,128
0.6,8192,31,uniform,-0.005968517612587432,4096,8192,0
0.6,8192,31,pilot_adaptive,0.0012649610492180274,6706,8192,128
0.6,8192,31,regularized_adaptive,0.002215300411875565,6699,8192,128
0.6,8192,32,uniform,0.017576848713751425,4096,8192,0
0.6,8192,32,pilot_adaptive,-0.0016380296572359176,6681,8192,128
0.6,8192,32,regularized_adaptive,-0.005292402103284521,6674,8192,128
0.6,8192,33,uniform,-0.007293697298507373,4096,8192,0
0.6,8192,33,pilot_adaptive,0.007885629083028367,6570,8192,128
0.6,8192,33,regularized_adaptive,-0.007133498526604276,6570,8192,128
0.6,8192,34,uniform,-0.00218864153915288,4096,8192,0
0.6,8192,34,pilot_adaptive,-0.00955781319424287,6570,8192,128
0.6,8192,34,regularized_adaptive,-0.010283469407123436,6570,8192,128
0.6,8192,35,uniform,0.006854008558890068,4096,8192,0
0.6,8192,35,pilot_adaptive,0.00016418007893148623,6749,8192,128
0.6,8192,35,regularized_adaptive,0.015998210745744257,6741,8192,128
0.6,8192,36,uniform,-0.008319154570813003,4096,8192,0
0.6,8192,36,pilot_adaptive,0.00033672043387300565,6855,8192,128
0.6,8192,36,regularized_adaptive,0.001726178713097437,6830,8192,128
0.6,8192,37,uniform,-0.00411543821406013,4096,8192,0
0.6,8192,37,pilot_adaptive,-0.0005906955766142863,6848,8192,128
0.6,8192,37,regularized_adaptive,-0.0030124127024570013,6835,8192,128
0.6,8192,38,uniform,-0.008866026642955882,4096,8192,0
0.6,8192,38,pilot_adaptive,0.010987450455146486,6746,8192,128
0.6,8192,38,regularized_adaptive,-0.0009020496486441543,6735,8192,128
0.6,8192,39,uniform,-0.019377489696598138,4096,8192,0
0.6,8192,39,pilot_adaptive,0.0003228665371654005,6667,8192,128
0.6,8192,39,regularized_adaptive,0.004751355236605526,6662,8192,128
0.6,8192,40,uniform,0.008143958727940048,4096,8192,0
0.6,8192,40,pilot_adaptive,-0.004462665078777017,6691,8192,128
0.6,8192,40,regularized_adaptive,-0.012471047411263703,6685,8192,128
0.6,8192,41,uniform,-0.010068174540051045,4096,8192,0
0.6,8192,41,pilot_adaptive,0.007430482191469356,6639,8192,128
0.6,8192,41,regularized_adaptive,-0.002375150414747673,6636,8192,128
0.6,8192,42,uniform,0.002225908878379035,4096,8192,0
0.6,8192,42,pilot_adaptive,-0.005187678350053848,6231,8192,128
0.6,8192,42,regularized_adaptive,0.012083324717720667,6255,8192,128
0.6,8192,43,uniform,0.005458369839230648,4096,8192,0
0.6,8192,43,pilot_adaptive,-0.006501095478011143,6507,8192,128
0.6,8192,43,regularized_adaptive,-0.014117674250474943,6509,8192,128
0.6,8192,44,uniform,-0.0017837736153695216,4096,8192,0
0.6,8192,44,pilot_adaptive,0.006463591572122174,6773,8192,128
0.6,8192,44,regularized_adaptive,0.004136226111144503,6759,8192,128
0.6,8192,45,uniform,-0.017381863109271256,4096,8192,0
0.6,8192,45,pilot_adaptive,0.0018178982506001917,6640,8192,128
0.6,8192,45,regularized_adaptive,-0.00162566003374931,6635,8192,128
0.6,8192,46,uniform,0.005123417908747263,4096,8192,0
0.6,8192,46,pilot_adaptive,0.008993717543343549,6435,8192,128
0.6,8192,46,regularized_adaptive,-0.013636609259130461,6444,8192,128
0.6,8192,47,uniform,-0.008141920905583744,4096,8192,0
0.6,8192,47,pilot_adaptive,0.006112695497981657,7028,8192,128
0.6,8192,47,regularized_adaptive,0.007344947244102618,7005,8192,128
0.6,8192,48,uniform,-0.0009355500082931512,4096,8192,0
0.6,8192,48,pilot_adaptive,0.0025571293853811072,6570,8192,128
0.6,8192,48,regularized_adaptive,0.00279920981198567,6570,8192,128
0.6,8192,49,uniform,0.0013608850735274958,4096,8192,0
0.6,8192,49,pilot_adaptive,-0.0036632688072945063,6616,8192,128
0.6,8192,49,regularized_adaptive,-0.007873112725728104,6614,8192,128
0.6,8192,50,uniform,-0.02264572321475966,4096,8192,0
0.6,8192,50,pilot_adaptive,0.005471085985176871,7242,8192,128
0.6,8192,50,regularized_adaptive,-0.009048597326499097,7197,8192,128
0.6,8192,51,uniform,0.002261138395248552,4096,8192,0
0.6,8192,51,pilot_adaptive,0.007636386499161429,6453,8192,128
0.6,8192,51,regularized_adaptive,0.007051289347632328,6461,8192,128
0.6,8192,52,uniform,0.003922356092531998,4096,8192,0
0.6,8192,52,pilot_adaptive,0.002153385797508567,6640,8192,128
0.6,8192,52,regularized_adaptive,-0.005504069029522052,6635,8192,128
0.6,8192,53,uniform,-0.008318068489932662,4096,8192,0
0.6,8192,53,pilot_adaptive,-0.013035079286514817,6924,8192,128
0.6,8192,53,regularized_adaptive,-0.004832813427220084,6903,8192,128
0.6,8192,54,uniform,-0.0011290408308571864,4096,8192,0
0.6,8192,54,pilot_adaptive,-0.00275677984807976,6860,8192,128
0.6,8192,54,regularized_adaptive,0.015364472728902068,6839,8192,128
0.6,8192,55,uniform,0.021038573054477427,4096,8192,0
0.6,8192,55,pilot_adaptive,0.009634136714986918,6667,8192,128
0.6,8192,55,regularized_adaptive,0.013936899239933687,6662,8192,128
0.6,8192,56,uniform,-0.004451476225423856,4096,8192,0
0.6,8192,56,pilot_adaptive,7.773716077752457e-05,6280,8192,128
0.6,8192,56,regularized_adaptive,0.01709405512475881,6296,8192,128
0.6,8192,57,uniform,-0.0015718534737106937,4096,8192,0
0.6,8192,57,pilot_adaptive,0.0001291819443124398,6746,8192,128
0.6,8192,57,regularized_adaptive,-0.018555663924407773,6735,8192,128
0.6,8192,58,uniform,-0.013248062745818023,4096,8192,0
0.6,8192,58,pilot_adaptive,0.006458044924271156,6848,8192,128
0.6,8192,58,regularized_adaptive,0.006356214127616666,6835,8192,128
0.6,8192,59,uniform,-0.014714160499217366,4096,8192,0
0.6,8192,59,pilot_adaptive,-0.007238180341647249,6377,8192,128
0.6,8192,59,regularized_adaptive,0.010055355303138058,6390,8192,128
0.6,8192,60,uniform,0.00030182740567197275,4096,8192,0
0.6,8192,60,pilot_adaptive,-0.0030159210214745213,6570,8192,128
0.6,8192,60,regularized_adaptive,0.002798819767363736,6570,8192,128
0.6,8192,61,uniform,0.006290336288972687,4096,8192,0
0.6,8192,61,pilot_adaptive,0.000912630379296675,6962,8192,128
0.6,8192,61,regularized_adaptive,0.00432339429783235,6932,8192,128
0.6,8192,62,uniform,-0.0008472046958986068,4096,8192,0
0.6,8192,62,pilot_adaptive,-0.004712109193628522,6570,8192,128
0.6,8192,62,regularized_adaptive,-0.002289874763972244,6570,8192,128
0.6,8192,63,uniform,-0.001535537875960391,4096,8192,0
0.6,8192,63,pilot_adaptive,6.226977260481714e-05,6490,8192,128
0.6,8192,63,regularized_adaptive,0.008704323631370303,6495,8192,128
0.6,8192,64,uniform,-0.005811342387773477,4096,8192,0
0.6,8192,64,pilot_adaptive,-0.007157078100292091,6740,8192,128
0.6,8192,64,regularized_adaptive,-0.0069851406717658104,6731,8192,128
0.6,8192,65,uniform,-0.00833758388990824,4096,8192,0
0.6,8192,65,pilot_adaptive,-0.005006790971584407,7049,8192,128
0.6,8192,65,regularized_adaptive,0.00017740177783431843,7022,8192,128
0.6,8192,66,uniform,0.004718006944523956,4096,8192,0
0.6,8192,66,pilot_adaptive,0.006063531103619568,6904,8192,128
0.6,8192,66,regularized_adaptive,0.007807226338603868,6881,8192,128
0.6,8192,67,uniform,0.0008313562395997343,4096,8192,0
0.6,8192,67,pilot_adaptive,-0.0018055838958900283,6570,8192,128
0.6,8192,67,regularized_adaptive,-0.00810221027764313,6570,8192,128
0.6,8192,68,uniform,-0.009750022807342384,4096,8192,0
0.6,8192,68,pilot_adaptive,0.004979623844785119,6570,8192,128
0.6,8192,68,regularized_adaptive,0.0018286128452748018,6570,8192,128
0.6,8192,69,uniform,-0.009944056670346368,4096,8192,0
0.6,8192,69,pilot_adaptive,-0.002573574036693782,6384,8192,128
0.6,8192,69,regularized_adaptive,0.010010545361140655,6395,8192,128
0.6,8192,70,uniform,-0.0158268770030372,4096,8192,0
0.6,8192,70,pilot_adaptive,-0.006752005685814355,6667,8192,128
0.6,8192,70,regularized_adaptive,0.0035862230298532305,6662,8192,128
0.6,8192,71,uniform,-0.009909370193916578,4096,8192,0
0.6,8192,71,pilot_adaptive,0.00786265872674019,6424,8192,128
0.6,8192,71,regularized_adaptive,-0.0020052450692639168,6433,8192,128
0.6,8192,72,uniform,-0.01277056362653517,4096,8192,0
0.6,8192,72,pilot_adaptive,-0.0034919636941060928,6749,8192,128
0.6,8192,72,regularized_adaptive,0.006775384923070393,6741,8192,128
0.6,8192,73,uniform,0.009928208214047607,4096,8192,0
0.6,8192,73,pilot_adaptive,0.00019431821340332167,7459,8192,128
0.6,8192,73,regularized_adaptive,-0.008961014766460496,7353,8192,128
0.6,8192,74,uniform,0.011394305967446727,4096,8192,0
0.6,8192,74,pilot_adaptive,-0.009210037382101577,6326,8192,128
0.6,8192,74,regularized_adaptive,0.0042022132453688466,6342,8192,128
0.6,8192,75,uniform,0.0070485854623342226,4096,8192,0
0.6,8192,75,pilot_adaptive,-0.011011614700888961,6623,8192,128
0.6,8192,75,regularized_adaptive,0.0014575697707041035,6620,8192,128
0.6,8192,76,uniform,0.007508741343402625,4096,8192,0
0.6,8192,76,pilot_adaptive,-0.003928387030637581,6859,8192,128
0.6,8192,76,regularized_adaptive,0.012692143570635417,6841,8192,128
0.6,8192,77,uniform,0.015403988461195284,4096,8192,0
0.6,8192,77,pilot_adaptive,-0.012389099283731886,6787,8192,128
0.6,8192,77,regularized_adaptive,0.019174424889124908,6775,8192,128
0.6,8192,78,uniform,-0.0008997774509832412,4096,8192,0
0.6,8192,78,pilot_adaptive,0.0008723791806303227,7027,8192,128
0.6,8192,78,regularized_adaptive,0.012183462674930756,7000,8192,128
0.6,8192,79,uniform,0.007649659410881804,4096,8192,0
0.6,8192,79,pilot_adaptive,0.004395592844935625,6299,8192,128
0.6,8192,79,regularized_adaptive,-0.010085920073531929,6323,8192,128
0.6,8192,80,uniform,0.018141064024108977,4096,8192,0
0.6,8192,80,pilot_adaptive,-0.008148554426276933,6485,8192,128
0.6,8192,80,regularized_adaptive,0.006541955305780722,6492,8192,128
0.6,8192,81,uniform,0.009451252135204702,4096,8192,0
0.6,8192,81,pilot_adaptive,0.0021862881351887298,7122,8192,128
0.6,8192,81,regularized_adaptive,0.002202690146630659,7077,8192,128
0.6,8192,82,uniform,-0.006392900936345702,4096,8192,0
0.6,8192,82,pilot_adaptive,0.0013139537588774397,6384,8192,128
0.6,8192,82,regularized_adaptive,0.010171789116178886,6395,8192,128
0.6,8192,83,uniform,0.002120763368209544,4096,8192,0
0.6,8192,83,pilot_adaptive,0.006212162002255828,6299,8192,128
0.6,8192,83,regularized_adaptive,0.006663134091771439,6323,8192,128
0.6,8192,84,uniform,0.007401423671472673,4096,8192,0
0.6,8192,84,pilot_adaptive,-0.0009143141144402067,6616,8192,128
0.6,8192,84,regularized_adaptive,0.004498598230323503,6614,8192,128
0.6,8192,85,uniform,-0.006446559772310456,4096,8192,0
0.6,8192,85,pilot_adaptive,0.007525733823616876,6378,8192,128
0.6,8192,85,regularized_adaptive,-0.0043938733654490525,6395,8192,128
0.6,8192,86,uniform,-0.003867202474650999,4096,8192,0
0.6,8192,86,pilot_adaptive,6.506952712836966e-05,6929,8192,128
0.6,8192,86,regularized_adaptive,-0.0007880767925242393,6911,8192,128
0.6,8192,87,uniform,-0.00879611064965613,4096,8192,0
0.6,8192,87,pilot_adaptive,-0.005923681460515473,6570,8192,128
0.6,8192,87,regularized_adaptive,-0.003499691830061269,6570,8192,128
0.6,8192,88,uniform,0.006130988902398049,4096,8192,0
0.6,8192,88,pilot_adaptive,-0.011921713834105008,6823,8192,128
0.6,8192,88,regularized_adaptive,-0.002815115903039289,6810,8192,128
0.6,8192,89,uniform,0.0037093498699928285,4096,8192,0
0.6,8192,89,pilot_adaptive,-0.0066492076585216164,6570,8192,128
0.6,8192,89,regularized_adaptive,0.006190806067050247,6570,8192,128
0.6,8192,90,uniform,-0.010492014823369145,4096,8192,0
0.6,8192,90,pilot_adaptive,-0.002862029601305882,6706,8192,128
0.6,8192,90,regularized_adaptive,-0.00178677429097307,6699,8192,128
0.6,8192,91,uniform,0.005370567567276052,4096,8192,0
0.6,8192,91,pilot_adaptive,-0.01268621615061405,6616,8192,128
0.6,8192,91,regularized_adaptive,-0.0016959257715710718,6614,8192,128
0.6,8192,92,uniform,0.015386645222980389,4096,8192,0
0.6,8192,92,pilot_adaptive,0.0011706932894098854,6678,8192,128
0.6,8192,92,regularized_adaptive,0.0028037565043895762,6673,8192,128
0.6,8192,93,uniform,-0.015737988650202928,4096,8192,0
0.6,8192,93,pilot_adaptive,0.012489187649601274,6570,8192,128
0.6,8192,93,regularized_adaptive,-0.0051960750245260146,6570,8192,128
0.6,8192,94,uniform,0.021550758650190294,4096,8192,0
0.6,8192,94,pilot_adaptive,0.0063650018377311435,6509,8192,128
0.6,8192,94,regularized_adaptive,-0.011391287687098961,6513,8192,128
0.6,8192,95,uniform,-0.005245497956095524,4096,8192,0
0.6,8192,95,pilot_adaptive,-0.00017041824414631979,6630,8192,128
0.6,8192,95,regularized_adaptive,0.0003124000689399553,6626,8192,128
0.6,8192,96,uniform,-0.024588234006561516,4096,8192,0
0.6,8192,96,pilot_adaptive,0.004754440380234759,6859,8192,128
0.6,8192,96,regularized_adaptive,0.008501140332532908,6841,8192,128
0.6,8192,97,uniform,0.01891937163788604,4096,8192,0
0.6,8192,97,pilot_adaptive,-0.0039507915086448575,6950,8192,128
0.6,8192,97,regularized_adaptive,-0.004782731055719691,6929,8192,128
0.6,8192,98,uniform,0.008920637220396599,4096,8192,0
0.6,8192,98,pilot_adaptive,-0.0002560229256137747,6667,8192,128
0.6,8192,98,regularized_adaptive,0.0045522834581538385,6662,8192,128
0.6,8192,99,uniform,-0.00854896099112712,4096,8192,0
0.6,8192,99,pilot_adaptive,0.005425059858865988,6630,8192,128
0.6,8192,99,regularized_adaptive,0.004442446406946243,6626,8192,128
0.6,8192,100,uniform,-0.004786428155907685,4096,8192,0
0.6,8192,100,pilot_adaptive,0.019272705196915374,6570,8192,128
0.6,8192,100,regularized_adaptive,0.003040705171657332,6570,8192,128
0.6,8192,101,uniform,0.00024708248882687744,4096,8192,0
0.6,8192,101,pilot_adaptive,-0.005196335054274193,6570,8192,128
0.6,8192,101,regularized_adaptive,-0.003500276896993948,6570,8192,128
0.6,8192,102,uniform,-0.001466164923101032,4096,8192,0
0.6,8192,102,pilot_adaptive,0.00546423975005228,6570,8192,128
0.6,8192,102,regularized_adaptive,0.016849430648267938,6570,8192,128
0.6,8192,103,uniform,0.009698401793733491,4096,8192,0
0.6,8192,103,pilot_adaptive,0.003061855166314742,6440,8192,128
0.6,8192,103,regularized_adaptive,0.0021397278218390214,6446,8192,128
0.6,8192,104,uniform,0.029411862331993333,4096,8192,0
0.6,8192,104,pilot_adaptive,-0.002673877296281657,5948,8192,128
0.6,8192,104,regularized_adaptive,0.009126823416265473,6020,8192,128
0.6,8192,105,uniform,0.006942896911724561,4096,8192,0
0.6,8192,105,pilot_adaptive,-0.009467700889406627,6819,8192,128
0.6,8192,105,regularized_adaptive,-0.012262211778727883,6803,8192,128
0.6,8192,106,uniform,0.010245816906316318,4096,8192,0
0.6,8192,106,pilot_adaptive,0.00579239244160068,6640,8192,128
0.6,8192,106,regularized_adaptive,0.004158678147668016,6635,8192,128
0.6,8192,107,uniform,0.0029511006966310704,4096,8192,0
0.6,8192,107,pilot_adaptive,-0.0075766191638140246,7002,8192,128
0.6,8192,107,regularized_adaptive,0.0035858344991802626,6976,8192,128
0.6,8192,108,uniform,-0.000688400349764362,4096,8192,0
0.6,8192,108,pilot_adaptive,-0.008686160097285844,6706,8192,128
0.6,8192,108,regularized_adaptive,0.00457371573025378,6699,8192,128
0.6,8192,109,uniform,-0.008813453887870581,4096,8192,0
0.6,8192,109,pilot_adaptive,0.013498119165900158,6424,8192,128
0.6,8192,109,regularized_adaptive,-0.00700237258531744,6431,8192,128
0.6,8192,110,uniform,0.003516402087868964,4096,8192,0
0.6,8192,110,pilot_adaptive,0.006860094722926591,6403,8192,128
0.6,8192,110,regularized_adaptive,-0.007862280531891974,6414,8192,128
0.6,8192,111,uniform,0.0054946854369807285,4096,8192,0
0.6,8192,111,pilot_adaptive,-0.008150006904040774,6762,8192,128
0.6,8192,111,regularized_adaptive,0.010144055696735266,6751,8192,128
0.6,8192,112,uniform,-0.0065885639206701985,4096,8192,0
0.6,8192,112,pilot_adaptive,0.015133085961040904,6681,8192,128
0.6,8192,112,regularized_adaptive,-0.0064815865878917744,6674,8192,128
0.6,8192,113,uniform,0.0048751821693381325,4096,8192,0
0.6,8192,113,pilot_adaptive,0.0032236532189776623,6907,8192,128
0.6,8192,113,regularized_adaptive,0.004959144502134749,6890,8192,128
0.6,8192,114,uniform,-0.005334386308929906,4096,8192,0
0.6,8192,114,pilot_adaptive,-0.008538048746856264,6424,8192,128
0.6,8192,114,regularized_adaptive,0.0002043626150839417,6433,8192,128
0.6,8192,115,uniform,0.00616621841926801,4096,8192,0
0.6,8192,115,pilot_adaptive,0.00800091925970492,6773,8192,128
0.6,8192,115,regularized_adaptive,0.0030305963229789734,6759,8192,128
0.6,8192,116,uniform,0.011588339830450711,4096,8192,0
0.6,8192,116,pilot_adaptive,-0.0031554758545818684,5954,8192,128
0.6,8192,116,regularized_adaptive,-0.004884610863418071,6010,8192,128
0.6,8192,117,uniform,0.0033391684226394824,4096,8192,0
0.6,8192,117,pilot_adaptive,-0.0017828025096883193,6794,8192,128
0.6,8192,117,regularized_adaptive,0.002086982706281826,6782,8192,128
0.6,8192,118,uniform,-0.00561513636300881,4096,8192,0
0.6,8192,118,pilot_adaptive,-0.004378285860321296,6859,8192,128
0.6,8192,118,regularized_adaptive,0.004841496519764621,6841,8192,128
0.6,8192,119,uniform,0.0022091086806040883,4096,8192,0
0.6,8192,119,pilot_adaptive,0.0047684228008483265,6973,8192,128
0.6,8192,119,regularized_adaptive,-0.00548104160753593,6951,8192,128
0.6,8192,120,uniform,-0.0031262965395041364,4096,8192,0
0.6,8192,120,pilot_adaptive,0.014876297496472124,6762,8192,128
0.6,8192,120,regularized_adaptive,-0.018786642776474016,6751,8192,128
0.6,8192,121,uniform,-0.007276897100732649,4096,8192,0
0.6,8192,121,pilot_adaptive,0.003088960213803005,6924,8192,128
0.6,8192,121,regularized_adaptive,-0.005681826497698994,6903,8192,128
0.6,8192,122,uniform,0.002826982826926394,4096,8192,0
0.6,8192,122,pilot_adaptive,0.004654032647457673,6279,8192,128
0.6,8192,122,regularized_adaptive,-0.012754864810639477,6298,8192,128
0.6,8192,123,uniform,0.0107764318211242,4096,8192,0
0.6,8192,123,pilot_adaptive,-0.00820610644559605,6722,8192,128
0.6,8192,123,regularized_adaptive,-0.008578185448461673,6715,8192,128
0.6,8192,124,uniform,0.012596996904981839,4096,8192,0
0.6,8192,124,pilot_adaptive,0.008127254457573785,6570,8192,128
0.6,8192,124,regularized_adaptive,0.0025573894151290633,6570,8192,128
0.6,8192,125,uniform,0.01657036380098076,4096,8192,0
0.6,8192,125,pilot_adaptive,0.012814137186992647,6468,8192,128
0.6,8192,125,regularized_adaptive,-0.004030452001237639,6474,8192,128
0.6,8192,126,uniform,0.0018199548737155569,4096,8192,0
0.6,8192,126,pilot_adaptive,0.005687462695053491,6894,8192,128
0.6,8192,126,regularized_adaptive,-0.012346158905209181,6874,8192,128
0.6,8192,127,uniform,0.0024204857818229675,4096,8192,0
0.6,8192,127,pilot_adaptive,0.006191391133982704,6570,8192,128
0.6,8192,127,regularized_adaptive,0.0011028266175207024,6570,8192,128
0.6,8192,128,uniform,0.0020324180558147775,4096,8192,0
0.6,8192,128,pilot_adaptive,-0.0017150584001212055,6403,8192,128
0.6,8192,128,regularized_adaptive,-0.007660278187406222,6414,8192,128
0.6,8192,129,uniform,0.010422507531105407,4096,8192,0
0.6,8192,129,pilot_adaptive,0.004629798933282081,6819,8192,128
0.6,8192,129,regularized_adaptive,-0.007211750396974859,6803,8192,128
0.6,8192,130,uniform,0.01273628585114095,4096,8192,0
0.6,8192,130,pilot_adaptive,0.0064438196100183864,6950,8192,128
0.6,8192,130,regularized_adaptive,-0.012743600511045061,6929,8192,128
0.6,8192,131,uniform,0.0057954939314744935,4096,8192,0
0.6,8192,131,pilot_adaptive,-0.003258066455515851,6570,8192,128
0.6,8192,131,regularized_adaptive,-0.00035102109828144545,6570,8192,128
0.6,8192,132,uniform,0.008038813217770557,4096,8192,0
0.6,8192,132,pilot_adaptive,-0.007047623007091053,6623,8192,128
0.6,8192,132,regularized_adaptive,0.0043226133463950545,6620,8192,128
0.6,8192,133,uniform,-0.011022086697736855,4096,8192,0
0.6,8192,133,pilot_adaptive,0.0006872512183432322,6762,8192,128
0.6,8192,133,regularized_adaptive,-0.0116671491421807,6751,8192,128
0.6,8192,134,uniform,0.00028339808657673604,4096,8192,0
0.6,8192,134,pilot_adaptive,0.003930265025342439,6787,8192,128
0.6,8192,134,regularized_adaptive,-0.011951574151792377,6775,8192,128
0.6,8192,135,uniform,0.0029863302135010317,4096,8192,0
0.6,8192,135,pilot_adaptive,0.009391597927378759,7068,8192,128
0.6,8192,135,regularized_adaptive,-0.011731423549013131,7034,8192,128
0.6,8192,136,uniform,0.009221445714890364,4096,8192,0
0.6,8192,136,pilot_adaptive,-0.005534186551183096,6523,8192,128
0.6,8192,136,regularized_adaptive,-0.0024778067545582205,6526,8192,128
0.6,8192,137,uniform,0.004523430041079801,4096,8192,0
0.6,8192,137,pilot_adaptive,0.0009823959701301677,6722,8192,128
0.6,8192,137,regularized_adaptive,0.006056133458385404,6715,8192,128
0.6,8192,138,uniform,-0.006728938947709429,4096,8192,0
0.6,8192,138,pilot_adaptive,-0.008064665999540255,6994,8192,128
0.6,8192,138,regularized_adaptive,0.008243926108453592,6972,8192,128
0.6,8192,139,uniform,-0.002189184579592829,4096,8192,0
0.6,8192,139,pilot_adaptive,-0.003607384651406309,6616,8192,128
0.6,8192,139,regularized_adaptive,0.002252099643093808,6614,8192,128
0.6,8192,140,uniform,-0.0013068175365268386,4096,8192,0
0.6,8192,140,pilot_adaptive,0.017334826642778745,6570,8192,128
0.6,8192,140,regularized_adaptive,-0.0010773273855312349,6570,8192,128
0.6,8192,141,uniform,-0.027801722607878387,4096,8192,0
0.6,8192,141,pilot_adaptive,0.006984254069116846,6706,8192,128
0.6,8192,141,regularized_adaptive,-0.0008284544322055831,6699,8192,128
0.6,8192,142,uniform,0.0040280446431416594,4096,8192,0
0.6,8192,142,pilot_adaptive,0.009858293764626436,6950,8192,128
0.6,8192,142,regularized_adaptive,-0.0006477195693997961,6929,8192,128
0.6,8192,143,uniform,-0.01107357337194137,4096,8192,0
0.6,8192,143,pilot_adaptive,-0.0026840834706222116,6667,8192,128
0.6,8192,143,regularized_adaptive,0.012379439597511976,6662,8192,128
0.6,8192,144,uniform,0.00759600057491705,4096,8192,0
0.6,8192,144,pilot_adaptive,-0.005999144305564252,6611,8192,128
0.6,8192,144,regularized_adaptive,0.004441430575705785,6609,8192,128
0.6,8192,145,uniform,0.001855184390585518,4096,8192,0
0.6,8192,145,pilot_adaptive,-0.004468793625722056,6570,8192,128
0.6,8192,145,regularized_adaptive,0.016365919869428924,6570,8192,128
0.6,8192,146,uniform,0.0076306870513468406,4096,8192,0
0.6,8192,146,pilot_adaptive,0.015710858557578367,6819,8192,128
0.6,8192,146,regularized_adaptive,-0.02329904499313762,6803,8192,128
0.6,8192,147,uniform,0.020721507402648665,4096,8192,0
0.6,8192,147,pilot_adaptive,-0.0036945267511038216,6424,8192,128
0.6,8192,147,regularized_adaptive,-0.007107364310635189,6433,8192,128
0.6,8192,148,uniform,-0.012505527689351092,4096,8192,0
0.6,8192,148,pilot_adaptive,-0.012078388833746123,6284,8192,128
0.6,8192,148,regularized_adaptive,-0.007222875028027653,6305,8192,128
0.6,8192,149,uniform,0.0002823120056968387,4096,8192,0
0.6,8192,149,pilot_adaptive,0.010304013025148051,6824,8192,128
0.6,8192,149,regularized_adaptive,0.00022500042113826613,6809,8192,128
0.6,8192,150,uniform,-0.010756507720113051,4096,8192,0
0.6,8192,150,pilot_adaptive,0.00944330744766153,6697,8192,128
0.6,8192,150,regularized_adaptive,-0.00222673478721902,6689,8192,128
0.6,8192,151,uniform,-0.006446559772310456,4096,8192,0
0.6,8192,151,pilot_adaptive,0.0034534773672326713,6523,8192,128
0.6,8192,151,regularized_adaptive,-0.0020417556237847245,6526,8192,128
0.6,8192,152,uniform,0.021215806719706687,4096,8192,0
0.6,8192,152,pilot_adaptive,0.007402053296752142,6570,8192,128
0.6,8192,152,regularized_adaptive,0.0018282878080900788,6570,8192,128
0.6,8192,153,uniform,-0.016179715212176093,4096,8192,0
0.6,8192,153,pilot_adaptive,0.004475624642595988,6509,8192,128
0.6,8192,153,regularized_adaptive,-0.0008711825642494508,6513,8192,128
0.6,8192,154,uniform,0.0033212821439844165,4096,8192,0
0.6,8192,154,pilot_adaptive,-0.003958719674622357,6623,8192,128
0.6,8192,154,regularized_adaptive,0.006899647232438411,6620,8192,128
0.6,8192,155,uniform,-0.0012542447814419821,4096,8192,0
0.6,8192,155,pilot_adaptive,0.0042009641084826965,6377,8192,128
0.6,8192,155,regularized_adaptive,-0.011723542017153976,6390,8192,128
0.6,8192,156,uniform,-0.010192292409755721,4096,8192,0
0.6,8192,156,pilot_adaptive,0.0074016632521306525,6570,8192,128
0.6,8192,156,regularized_adaptive,0.0025564793110116613,6570,8192,128
0.6,8192,157,uniform,-0.004821657672777424,4096,8192,0
0.6,8192,157,pilot_adaptive,-0.014887678048065789,6570,8192,128
0.6,8192,157,regularized_adaptive,-0.00034998097929006544,6570,8192,128
0.6,8192,158,uniform,-0.005015148495341459,4096,8192,0
0.6,8192,158,pilot_adaptive,-0.006407712298849733,6570,8192,128
0.6,8192,158,regularized_adaptive,-0.00543802543625671,6570,8192,128
0.6,8192,159,uniform,0.004893611488433147,4096,8192,0
0.6,8192,159,pilot_adaptive,0.0049229536185989575,6941,8192,128
0.6,8192,159,regularized_adaptive,-0.0056503783923684825,6917,8192,128
0.6,8192,160,uniform,-0.0031620690968142684,4096,8192,0
0.6,8192,160,pilot_adaptive,0.00022967013334096453,6681,8192,128
0.6,8192,160,regularized_adaptive,0.018648254642202544,6674,8192,128
0.6,8192,161,uniform,8.936422357275209e-05,4096,8192,0
0.6,8192,161,pilot_adaptive,-0.003650612519925711,6773,8192,128
0.6,8192,161,regularized_adaptive,-0.018411302533417606,6759,8192,128
0.6,8192,162,uniform,0.002914785098881212,4096,8192,0
0.6,8192,162,pilot_adaptive,0.0098251978305256,6570,8192,128
0.6,8192,162,regularized_adaptive,-0.0010772623780940238,6570,8192,128
0.6,8192,163,uniform,-0.0030731807439795533,4096,8192,0
0.6,8192,163,pilot_adaptive,-0.001783322044065172,6344,8192,128
0.6,8192,163,regularized_adaptive,0.0038336147556045086,6361,8192,128
0.6,8192,164,uniform,0.003179821036065067,4096,8192,0
0.6,8192,164,pilot_adaptive,-0.010526069893223022,6570,8192,128
0.6,8192,164,regularized_adaptive,-0.0010761572516658768,6570,8192,128
0.6,8192,165,uniform,0.013531393662692737,4096,8192,0
0.6,8192,165,pilot_adaptive,-0.01142938388818604,6611,8192,128
0.6,8192,165,regularized_adaptive,-0.0076165717840550595,6609,8192,128
0.6,8192,166,uniform,0.0006015498192858404,4096,8192,0
0.6,8192,166,pilot_adaptive,-0.0022135181513461832,6794,8192,128
0.6,8192,166,regularized_adaptive,0.009686359562569469,6782,8192,128
0.6,8192,167,uniform,-0.012399839138741653,4096,8192,0
0.6,8192,167,pilot_adaptive,0.008159524109510374,6724,8192,128
0.6,8192,167,regularized_adaptive,0.0026439159388530475,6715,8192,128
0.6,8192,168,uniform,-0.013883280130355447,4096,8192,0
0.6,8192,168,pilot_adaptive,0.006866301979863043,7003,8192,128
0.6,8192,168,regularized_adaptive,-0.00978058024795847,6971,8192,128
0.6,8192,169,uniform,-0.00393820454883087,4096,8192,0
0.6,8192,169,pilot_adaptive,0.0006890648532366095,6509,8192,128
0.6,8192,169,regularized_adaptive,-0.0163351253381403,6513,8192,128
0.6,8192,170,uniform,0.0007955836822898243,4096,8192,0
0.6,8192,170,pilot_adaptive,-0.009379785593649048,6315,8192,128
0.6,8192,170,regularized_adaptive,-0.02732249469409731,6328,8192,128
0.6,8192,171,uniform,-0.004627623809772996,4096,8192,0
0.6,8192,171,pilot_adaptive,-0.003530701884503773,6656,8192,128
0.6,8192,171,regularized_adaptive,0.007942424248823632,6652,8192,128
0.6,8192,172,uniform,0.008144501768379997,4096,8192,0
0.6,8192,172,pilot_adaptive,-0.010434944127924561,6724,8192,128
0.6,8192,172,regularized_adaptive,-0.008147863104338127,6715,8192,128
0.6,8192,173,uniform,0.013390475595213558,4096,8192,0
0.6,8192,173,pilot_adaptive,-0.005094510677341346,6231,8192,128
0.6,8192,173,regularized_adaptive,-0.0009531405797787995,6255,8192,128
0.6,8192,174,uniform,0.004045930921796725,4096,8192,0
0.6,8192,174,pilot_adaptive,-0.002160791546154006,6138,8192,128
0.6,8192,174,regularized_adaptive,-0.010453418141984416,6168,8192,128
0.6,8192,175,uniform,-0.0015176515973057692,4096,8192,0
0.6,8192,175,pilot_adaptive,0.008438400868759133,6453,8192,128
0.6,8192,175,regularized_adaptive,-0.011814430643909857,6461,8192,128
0.6,8192,176,uniform,0.004680605265893756,4096,8192,0
0.6,8192,176,pilot_adaptive,0.01563987361192687,6570,8192,128
0.6,8192,176,regularized_adaptive,-0.005922186289464948,6570,8192,128
0.6,8192,177,uniform,-0.003708941168956925,4096,8192,0
0.6,8192,177,pilot_adaptive,-0.004380433013801421,6697,8192,128
0.6,8192,177,regularized_adaptive,-0.010216724477687622,6689,8192,128
0.6,8192,178,uniform,-0.0017480010580598337,4096,8192,0
0.6,8192,178,pilot_adaptive,0.008153497635092877,5628,8192,128
0.6,8192,178,regularized_adaptive,-0.0035673906300767166,5725,8192,128
0.6,8192,179,uniform,-0.00851264539337726,4096,8192,0
0.6,8192,179,pilot_adaptive,0.0023469332390707587,7122,8192,128
0.6,8192,179,regularized_adaptive,0.007927037419904415,7077,8192,128
0.6,8192,180,uniform,-0.0016769989838801846,4096,8192,0
0.6,8192,180,pilot_adaptive,-0.0006716776933485269,6509,8192,128
0.6,8192,180,regularized_adaptive,-0.004159683206978015,6513,8192,128
0.6,8192,181,uniform,0.011076154234738067,4096,8192,0
0.6,8192,181,pilot_adaptive,0.0035566748991769925,6681,8192,128
0.6,8192,181,regularized_adaptive,0.0005844283090766789,6674,8192,128
0.6,8192,182,uniform,-0.005988033012562566,4096,8192,0
0.6,8192,182,pilot_adaptive,-0.0016882779533345937,6787,8192,128
0.6,8192,182,regularized_adaptive,0.006648824067810755,6775,8192,128
0.6,8192,183,uniform,0.0001424800190977793,4096,8192,0
0.6,8192,183,pilot_adaptive,0.009059619315641254,6490,8192,128
0.6,8192,183,regularized_adaptive,-0.0008242287789878011,6495,8192,128
0.6,8192,184,uniform,-0.0056861384371889034,4096,8192,0
0.6,8192,184,pilot_adaptive,-0.011320084571556643,7003,8192,128
0.6,8192,184,regularized_adaptive,-0.0024396183800737825,6971,8192,128
0.6,8192,185,uniform,0.00727784884220839,4096,8192,0
0.6,8192,185,pilot_adaptive,-0.011676475874453418,6894,8192,128
0.6,8192,185,regularized_adaptive,0.011058076234818581,6874,8192,128
0.6,8192,186,uniform,-0.004609194490678203,4096,8192,0
0.6,8192,186,pilot_adaptive,0.005687027088334795,6819,8192,128
0.6,8192,186,regularized_adaptive,0.0059420456154838375,6808,8192,128
0.6,8192,187,uniform,-0.006817284260103973,4096,8192,0
0.6,8192,187,pilot_adaptive,0.00781415517705819,6848,8192,128
0.6,8192,187,regularized_adaptive,0.0014338982605249795,6835,8192,128
0.6,8192,188,uniform,-0.0036563684138720687,4096,8192,0
0.6,8192,188,pilot_adaptive,-0.003721474139327774,7153,8192,128
0.6,8192,188,regularized_adaptive,0.005323331305176704,7108,8192,128
0.6,8192,189,uniform,0.010122242077051813,4096,8192,0
0.6,8192,189,pilot_adaptive,0.004807456730306359,6667,8192,128
0.6,8192,189,regularized_adaptive,0.017521232591296898,6663,8192,128
0.6,8192,190,uniform,-0.010438899027844561,4096,8192,0
0.6,8192,190,pilot_adaptive,0.0010065548954435455,6499,8192,128
0.6,8192,190,regularized_adaptive,-0.005464282625564421,6502,8192,128
0.6,8192,191,uniform,0.0009722743070791351,4096,8192,0
0.6,8192,191,pilot_adaptive,0.003074771184346292,6186,8192,128
0.6,8192,191,regularized_adaptive,-0.002083563002729716,6207,8192,128
0.6,8192,192,uniform,-0.007276354060292478,4096,8192,0
0.6,8192,192,pilot_adaptive,-0.00901920823549962,6403,8192,128
0.6,8192,192,regularized_adaptive,0.0009390301834278914,6414,8192,128
0.6,8192,193,uniform,0.012701599374711381,4096,8192,0
0.6,8192,193,pilot_adaptive,0.001588677664089988,6570,8192,128
0.6,8192,193,regularized_adaptive,0.0018310831278790518,6570,8192,128
0.6,8192,194,uniform,-0.007718623662705815,4096,8192,0
0.6,8192,194,pilot_adaptive,-0.0055635357127774565,6480,8192,128
0.6,8192,194,regularized_adaptive,-0.011553574408552647,6485,8192,128
0.6,8192,195,uniform,-0.004998348297566735,4096,8192,0
0.6,8192,195,pilot_adaptive,-0.001698205264767494,6907,8192,128
0.6,8192,195,regularized_adaptive,-0.009677907189747481,6890,8192,128
0.6,8192,196,uniform,0.002314254190773579,4096,8192,0
0.6,8192,196,pilot_adaptive,0.002396398380795195,6787,8192,128
0.6,8192,196,regularized_adaptive,-0.003103227996600455,6775,8192,128
0.6,8192,197,uniform,-0.0014650788422209127,4096,8192,0
0.6,8192,197,pilot_adaptive,0.00881177801520494,6616,8192,128
0.6,8192,197,regularized_adaptive,-0.004245364099025317,6614,8192,128
0.6,8192,198,uniform,0.007684888927751765,4096,8192,0
0.6,8192,198,pilot_adaptive,0.002033436359095142,6138,8192,128
0.6,8192,198,regularized_adaptive,0.006277759061505628,6168,8192,128
0.6,8192,199,uniform,-0.02214979477638157,4096,8192,0
0.6,8192,199,pilot_adaptive,0.004011497160678723,6570,8192,128
0.6,8192,199,regularized_adaptive,0.0037678565555875343,6570,8192,128
0.6,8192,200,uniform,0.0047169208636438364,4096,8192,0
0.6,8192,200,pilot_adaptive,-0.006892913271049794,6570,8192,128
0.6,8192,200,regularized_adaptive,-0.005679845833113317,6570,8192,128
0.6,8192,201,uniform,0.011746601136145007,4096,8192,0
0.6,8192,201,pilot_adaptive,-0.0023926951711886746,6762,8192,128
0.6,8192,201,regularized_adaptive,-0.00022083938830685934,6751,8192,128
0.6,8192,202,uniform,-0.010597160333538858,4096,8192,0
0.6,8192,202,pilot_adaptive,-0.009079174615033159,6453,8192,128
0.6,8192,202,regularized_adaptive,0.005984451697651383,6461,8192,128
0.6,8192,203,uniform,-0.014643701465477443,4096,8192,0
0.6,8192,203,pilot_adaptive,-0.008043370471994882,6950,8192,128
0.6,8192,203,regularized_adaptive,0.0006136138848967798,6929,8192,128
0.6,8192,204,uniform,-0.01934171713928845,4096,8192,0
0.6,8192,204,pilot_adaptive,-0.015370603759972346,6570,8192,128
0.6,8192,204,regularized_adaptive,0.001588222612031287,6570,8192,128
0.6,8192,205,uniform,0.001608034732056507,4096,8192,0
0.6,8192,205,pilot_adaptive,-0.0047742196288150796,6994,8192,128
0.6,8192,205,regularized_adaptive,-0.0030749473870675947,6972,8192,128
0.6,8192,206,uniform,0.005476799158325885,4096,8192,0
0.6,8192,206,pilot_adaptive,0.003252036284550841,6855,8192,128
0.6,8192,206,regularized_adaptive,0.0028055294717576063,6839,8192,128
0.6,8192,207,uniform,0.00021239601239708694,4096,8192,0
0.6,8192,207,pilot_adaptive,0.006581261318468701,6616,8192,128
0.6,8192,207,regularized_adaptive,-0.00882687094076906,6614,8192,128
0.6,8192,208,uniform,0.008903837022621652,4096,8192,0
0.6,8192,208,pilot_adaptive,-0.004512388879408857,6824,8192,128
0.6,8192,208,regularized_adaptive,0.005266874206300787,6809,8192,128
0.6,8192,209,uniform,-0.007664964826740617,4096,8192,0
0.6,8192,209,pilot_adaptive,-0.004451801574586578,6824,8192,128
0.6,8192,209,regularized_adaptive,0.00963097706488647,6809,8192,128
0.6,8192,210,uniform,-0.01372447578422098,4096,8192,0
0.6,8192,210,pilot_adaptive,-0.005655269826909892,7137,8192,128
0.6,8192,210,regularized_adaptive,-0.008630759553094558,7102,8192,128
0.6,8192,211,uniform,0.010264246225411555,4096,8192,0
0.6,8192,211,pilot_adaptive,0.004566059946518819,6485,8192,128
0.6,8192,211,regularized_adaptive,0.008718644396591313,6492,8192,128
0.6,8192,212,uniform,-0.004079665656750442,4096,8192,0
0.6,8192,212,pilot_adaptive,0.012461437240505302,6950,8192,128
0.6,8192,212,regularized_adaptive,6.506952712836966e-05,6929,8192,128
0.6,8192,213,uniform,-0.0036563684138720687,4096,8192,0
0.6,8192,213,pilot_adaptive,0.0017380726650902956,6724,8192,128
0.6,8192,213,regularized_adaptive,0.005550844649813924,6715,8192,128
0.6,8192,214,uniform,-0.006040062727207252,4096,8192,0
0.6,8192,214,pilot_adaptive,0.000633510907670165,6410,8192,128
0.6,8192,214,regularized_adaptive,0.0008608874231644803,6423,8192,128
0.6,8192,215,uniform,0.0076149729344522354,4096,8192,0
0.6,8192,215,pilot_adaptive,0.0025583262244853744,6453,8192,128
0.6,8192,215,regularized_adaptive,-0.01627068344608973,6461,8192,128
0.6,8192,216,uniform,0.0004075159562816344,4096,8192,0
0.6,8192,216,pilot_adaptive,-0.005357544378339574,6746,8192,128
0.6,8192,216,regularized_adaptive,-0.0023875952247379706,6735,8192,128
0.6,8192,217,uniform,-0.004927889263826812,4096,8192,0
0.6,8192,217,pilot_adaptive,0.00839594478486061,6762,8192,128
0.6,8192,217,regularized_adaptive,-0.001249877039494307,6751,8192,128
0.6,8192,218,uniform,0.002403685584048243,4096,8192,0
0.6,8192,218,pilot_adaptive,0.018513485299176735,6904,8192,128
0.6,8192,218,regularized_adaptive,-0.004236982110340626,6881,8192,128
0.6,8192,219,uniform,0.011553110313580972,4096,8192,0
0.6,8192,219,pilot_adaptive,-0.016195003800358654,6403,8192,128
0.6,8192,219,regularized_adaptive,0.004199830883539479,6414,8192,128
0.6,8192,220,uniform,0.00249094481556289,4096,8192,0
0.6,8192,220,pilot_adaptive,0.011431837604280015,6315,8192,128
0.6,8192,220,regularized_adaptive,0.021153661844360738,6328,8192,128
0.6,8192,221,uniform,-0.001341504012956407,4096,8192,0
0.6,8192,221,pilot_adaptive,0.0021169668417616583,6773,8192,128
0.6,8192,221,regularized_adaptive,0.005530100009805694,6759,8192,128
0.6,8192,222,uniform,0.004858381971563408,4096,8192,0
0.6,8192,222,pilot_adaptive,0.008074062656704517,6722,8192,128
0.6,8192,222,regularized_adaptive,0.001452624258526325,6715,8192,128
0.6,8192,223,uniform,-0.004927889263826812,4096,8192,0
0.6,8192,223,pilot_adaptive,0.0035246710025550465,6570,8192,128
0.6,8192,223,regularized_adaptive,-0.0005931665323227753,6570,8192,128
0.6,8192,224,uniform,-0.009415070876858556,4096,8192,0
0.6,8192,224,pilot_adaptive,0.009852065536866239,6424,8192,128
0.6,8192,224,regularized_adaptive,-0.003412362303010119,6433,8192,128
0.6,8192,225,uniform,-0.008249238577513252,4096,8192,0
0.6,8192,225,pilot_adaptive,0.011278785516580014,6570,8192,128
0.6,8192,225,regularized_adaptive,-0.0018051288438311053,6570,8192,128
0.6,8192,226,uniform,-0.0070476337208582596,4096,8192,0
0.6,8192,226,pilot_adaptive,0.0018297179717029488,6570,8192,128
0.6,8192,226,regularized_adaptive,-0.006892653241302282,6570,8192,128
0.6,8192,227,uniform,-0.006111607841827071,4096,8192,0
0.6,8192,227,pilot_adaptive,0.005137008854570246,6529,8192,128
0.6,8192,227,regularized_adaptive,-0.00968432343948833,6531,8192,128
0.6,8192,228,uniform,-0.003620595856562381,4096,8192,0
0.6,8192,228,pilot_adaptive,-0.009062596183396332,6894,8192,128
0.6,8192,228,regularized_adaptive,-0.005815301575059495,6874,8192,128
0.6,8192,229,uniform,0.007403595833233134,4096,8192,0
0.6,8192,229,pilot_adaptive,0.006917372384047771,6570,8192,128
0.6,8192,229,regularized_adaptive,0.0059459303206567116,6570,8192,128
0.6,8192,230,uniform,-0.0010060090420326295,4096,8192,0
0.6,8192,230,pilot_adaptive,-0.018136842682095144,6924,8192,128
0.6,8192,230,regularized_adaptive,-0.004346252146146479,6903,8192,128
0.6,8192,231,uniform,0.005812837169689389,4096,8192,0
0.6,8192,231,pilot_adaptive,-0.009247431843639964,6667,8192,128
0.6,8192,231,regularized_adaptive,0.0034608331268749515,6662,8192,128
0.6,8192,232,uniform,-0.0002293305495760789,4096,8192,0
0.6,8192,232,pilot_adaptive,0.016157395251644835,6855,8192,128
0.6,8192,232,regularized_adaptive,0.006515323966976516,6830,8192,128
0.6,8192,233,uniform,0.00584806668655935,4096,8192,0
0.6,8192,233,pilot_adaptive,-0.0005890806472462762,6871,8192,128
0.6,8192,233,regularized_adaptive,0.009269170835614626,6856,8192,128
0.6,8192,234,uniform,-0.005811885428213648,4096,8192,0
0.6,8192,234,pilot_adaptive,-0.006803573333512114,6358,8192,128
0.6,8192,234,regularized_adaptive,-3.6748477026948834e-06,6371,8192,128
0.6,8192,235,uniform,0.01273682889158112,4096,8192,0
0.6,8192,235,pilot_adaptive,0.0007870235927568414,6681,8192,128
0.6,8192,235,regularized_adaptive,0.013140919675248663,6674,8192,128
0.6,8192,236,uniform,0.021427726861365737,4096,8192,0
0.6,8192,236,pilot_adaptive,0.01057491689530854,6941,8192,128
0.6,8192,236,regularized_adaptive,-0.006656228544780651,6917,8192,128
0.6,8192,237,uniform,0.011783459774335037,4096,8192,0
0.6,8192,237,pilot_adaptive,-0.002175070702043924,6485,8192,128
0.6,8192,237,regularized_adaptive,0.0034700563296147235,6492,8192,128
0.6,8192,238,uniform,-0.0027723722494855663,4096,8192,0
0.6,8192,238,pilot_adaptive,0.006928908497745412,6746,8192,128
0.6,8192,238,regularized_adaptive,0.00805274246450327,6735,8192,128
0.6,8192,239,uniform,0.0018020685950604909,4096,8192,0
0.6,8192,239,pilot_adaptive,0.017398896213422277,6623,8192,128
0.6,8192,239,regularized_adaptive,0.028823995244992795,6620,8192,128
0.6,8192,240,uniform,-0.011604731327189866,4096,8192,0
0.6,8192,240,pilot_adaptive,-0.005290550218038925,5900,8192,128
0.6,8192,240,regularized_adaptive,0.0008502101972228671,5949,8192,128
0.6,8192,241,uniform,0.0005836635406307744,4096,8192,0
0.6,8192,241,pilot_adaptive,0.003070783073620187,6647,8192,128
0.6,8192,241,regularized_adaptive,-0.018270774953106583,6643,8192,128
0.6,8192,242,uniform,0.0022795677143437887,4096,8192,0
0.6,8192,242,pilot_adaptive,-0.002523524680345335,6794,8192,128
0.6,8192,242,regularized_adaptive,-0.0008245663024627481,6782,8192,128
0.6,8192,243,uniform,0.013531936703132907,4096,8192,0
0.6,8192,243,pilot_adaptive,0.002286069847718397,6529,8192,128
0.6,8192,243,regularized_adaptive,0.0026168916915861873,6531,8192,128
0.6,8192,244,uniform,-0.0014656218826610834,4096,8192,0
0.6,8192,244,pilot_adaptive,-0.0015223357466412901,6424,8192,128
0.6,8192,244,regularized_adaptive,0.0016047859553182109,6433,8192,128
0.6,8192,245,uniform,-0.011234006839396349,4096,8192,0
0.6,8192,245,pilot_adaptive,0.010774381731745719,6681,8192,128
0.6,8192,245,regularized_adaptive,-0.002993073262782864,6674,8192,128
0.6,8192,246,uniform,-0.009079032865495273,4096,8192,0
0.6,8192,246,pilot_adaptive,0.007312267299944275,6848,8192,128
0.6,8192,246,regularized_adaptive,0.003310290608314559,6835,8192,128
0.6,8192,247,uniform,0.0006720088530253188,4096,8192,0
0.6,8192,247,pilot_adaptive,-0.006152327238542865,6697,8192,128
0.6,8192,247,regularized_adaptive,-0.0024142852924976532,6689,8192,128
0.6,8192,248,uniform,0.00724370540621877,4096,8192,0
0.6,8192,248,pilot_adaptive,0.0005402897449994226,6358,8192,128
0.6,8192,248,regularized_adaptive,-0.0055030962156898955,6371,8192,128
0.6,8192,249,uniform,-0.003919775229736078,4096,8192,0
0.6,8192,249,pilot_adaptive,0.015880783904666074,6570,8192,128
0.6,8192,249,regularized_adaptive,0.003041550268337523,6570,8192,128
0.6,8192,250,uniform,-0.00697608860623844,4096,8192,0
0.6,8192,250,pilot_adaptive,-0.01008248931066702,6787,8192,128
0.6,8192,250,regularized_adaptive,0.002569204858783203,6775,8192,128
0.6,8192,251,uniform,-0.005210268439225785,4096,8192,0
0.6,8192,251,pilot_adaptive,-0.0010828306276554622,6681,8192,128
0.6,8192,251,regularized_adaptive,0.006200926059877543,6674,8192,128
0.6,8192,252,uniform,-0.004662853326642957,4096,8192,0
0.6,8192,252,pilot_adaptive,0.0013471823044183262,6570,8192,128
0.6,8192,252,regularized_adaptive,-0.005679975847986851,6570,8192,128
0.6,8192,253,uniform,0.003798781263267492,4096,8192,0
0.6,8192,253,pilot_adaptive,-0.00779488633789005,6632,8192,128
0.6,8192,253,regularized_adaptive,0.0028821861518423253,6629,8192,128
0.6,8192,254,uniform,-0.013035056523278632,4096,8192,0
0.6,8192,254,pilot_adaptive,0.01175381928466035,6762,8192,128
0.6,8192,254,regularized_adaptive,0.004641479668138104,6751,8192,128
0.6,8192,255,uniform,-0.013141831154768413,4096,8192,0
0.6,8192,255,pilot_adaptive,-8.291713696173542e-05,6706,8192,128
0.6,8192,255,regularized_adaptive,-0.010853252128130153,6699,8192,128
0.6,8192,256,uniform,-0.006729481988149599,4096,8192,0
0.6,8192,256,pilot_adaptive,0.005837924750910939,6468,8192,128
0.6,8192,256,regularized_adaptive,-0.010358101466221958,6474,8192,128
0.6,8192,257,uniform,-0.0038325159982212087,4096,8192,0
0.6,8192,257,pilot_adaptive,-0.006322973095074902,6344,8192,128
0.6,8192,257,regularized_adaptive,0.006407170630916448,6361,8192,128
0.6,8192,258,uniform,-0.010492014823369145,4096,8192,0
0.6,8192,258,pilot_adaptive,0.007001118011288221,7038,8192,128
0.6,8192,258,regularized_adaptive,-0.006300870273193704,7005,8192,128
0.6,8192,259,uniform,-0.011922340019458355,4096,8192,0
0.6,8192,259,pilot_adaptive,0.0016818897524505383,6740,8192,128
0.6,8192,259,regularized_adaptive,-0.0165674757942591,6731,8192,128
0.6,8192,260,uniform,-0.009043260308185141,4096,8192,0
0.6,8192,260,pilot_adaptive,-0.0038935213176635175,6639,8192,128
0.6,8192,260,regularized_adaptive,-0.006158847003081336,6636,8192,128
0.6,8192,261,uniform,0.017082006356253454,4096,8192,0
0.6,8192,261,pilot_adaptive,-0.0025318901831395957,6570,8192,128
0.6,8192,261,regularized_adaptive,0.0025561542738269383,6570,8192,128
0.6,8192,262,uniform,-0.003320873442948513,4096,8192,0
0.6,8192,262,pilot_adaptive,0.00279920981198567,6570,8192,128
0.6,8192,262,regularized_adaptive,0.007644913812599907,6570,8192,128
0.6,8192,263,uniform,0.001184194448738185,4096,8192,0
0.6,8192,263,pilot_adaptive,0.002455532860327625,6616,8192,128
0.6,8192,263,regularized_adaptive,-0.00191035584451138,6614,8192,128
0.6,8192,264,uniform,0.0003538571203166585,4096,8192,0
0.6,8192,264,pilot_adaptive,0.003590711628611465,6597,8192,128
0.6,8192,264,regularized_adaptive,0.0018296055591408011,6596,8192,128
0.6,8192,265,uniform,0.012330331846477693,4096,8192,0
0.6,8192,265,pilot_adaptive,0.010218080640013505,7038,8192,128
0.6,8192,265,regularized_adaptive,0.0032445234529584477,7005,8192,128
0.6,8192,266,uniform,-0.010880082549377557,4096,8192,0
0.6,8192,266,pilot_adaptive,0.013944205499268558,6570,8192,128
0.6,8192,266,regularized_adaptive,-0.007860324873349755,6570,8192,128
0.6,8192,267,uniform,0.011323303893266856,4096,8192,0
0.6,8192,267,pilot_adaptive,-0.007184146649189982,6697,8192,128
0.6,8192,267,regularized_adaptive,0.006595098541733679,6689,8192,128
0.6,8192,268,uniform,-0.0037620569644815083,4096,8192,0
0.6,8192,268,pilot_adaptive,-0.0048755375637575815,6616,8192,128
0.6,8192,268,regularized_adaptive,-0.005296984665943638,6614,8192,128
0.6,8192,269,uniform,-0.0022601866537727,4096,8192,0
0.6,8192,269,pilot_adaptive,-0.005680365892608785,6570,8192,128
0.6,8192,269,regularized_adaptive,0.001587702552535597,6570,8192,128
0.6,8192,270,uniform,-0.003372903157593199,4096,8192,0
0.6,8192,270,pilot_adaptive,-0.002509373850464347,6787,8192,128
0.6,8192,270,regularized_adaptive,0.01649846122535925,6775,8192,128
0.6,8192,271,uniform,0.009504367930729507,4096,8192,0
0.6,8192,271,pilot_adaptive,0.010784407690753839,6773,8192,128
0.6,8192,271,regularized_adaptive,0.010149110619898205,6759,8192,128
0.6,8192,272,uniform,-0.017522238136310486,4096,8192,0
0.6,8192,272,pilot_adaptive,0.0037788218083935066,6435,8192,128
0.6,8192,272,regularized_adaptive,0.003746409527800476,6444,8192,128
0.6,8192,273,uniform,-0.007223781305207622,4096,8192,0
0.6,8192,273,pilot_adaptive,0.0031365201218062078,6468,8192,128
0.6,8192,273,regularized_adaptive,-0.01058568788104508,6474,8192,128
0.6,8192,274,uniform,-0.0080535755931892,4096,8192,0
0.6,8192,274,pilot_adaptive,0.009537480436958456,6746,8192,128
0.6,8192,274,regularized_adaptive,0.006388547682864565,6735,8192,128
0.6,8192,275,uniform,0.005334795009966364,4096,8192,0
0.6,8192,275,pilot_adaptive,0.009141319673955262,6808,8192,128
0.6,8192,275,regularized_adaptive,-0.008974719111235485,6790,8192,128
0.6,8192,276,uniform,0.0020503043344696215,4096,8192,0
0.6,8192,276,pilot_adaptive,0.009876278438350705,6630,8192,128
0.6,8192,276,regularized_adaptive,0.008698057659317304,6626,8192,128
0.6,8192,277,uniform,0.011695114461940492,4096,8192,0
0.6,8192,277,pilot_adaptive,0.0009281609499175447,6616,8192,128
0.6,8192,277,regularized_adaptive,-0.01407698941221569,6614,8192,128
0.6,8192,278,uniform,-0.0012352724219070188,4096,8192,0
0.6,8192,278,pilot_adaptive,-0.0028199979978310585,6894,8192,128
0.6,8192,278,regularized_adaptive,-0.006788697051129278,6874,8192,128
0.6,8192,279,uniform,0.002951643737071241,4096,8192,0
0.6,8192,279,pilot_adaptive,-0.011956423374631209,6348,8192,128
0.6,8192,279,regularized_adaptive,0.004058515917734762,6360,8192,128
0.6,8192,280,uniform,0.0035510885642985324,4096,8192,0
0.6,8192,280,pilot_adaptive,0.004550994165824496,6883,8192,128
0.6,8192,280,regularized_adaptive,0.004319136708168192,6866,8192,128
0.6,8192,281,uniform,0.010227387587221526,4096,8192,0
0.6,8192,281,pilot_adaptive,-0.007654595253434371,6859,8192,128
0.6,8192,281,regularized_adaptive,0.0045053472576735976,6841,8192,128
0.6,8192,282,uniform,-0.007223238264767007,4096,8192,0
0.6,8192,282,pilot_adaptive,0.0003744665657877677,7012,8192,128
0.6,8192,282,regularized_adaptive,0.0037877137762757362,6989,8192,128
0.6,8192,283,uniform,-0.0003344760597455698,4096,8192,0
0.6,8192,283,pilot_adaptive,-0.004055899403298979,6317,8192,128
0.6,8192,283,regularized_adaptive,0.002785655788392183,6332,8192,128
0.6,8192,284,uniform,-0.006074749203637042,4096,8192,0
0.6,8192,284,pilot_adaptive,-0.0035698725512126606,6724,8192,128
0.6,8192,284,regularized_adaptive,0.0028683954313671878,6715,8192,128
0.6,8192,285,uniform,0.0017679251590710932,4096,8192,0
0.6,8192,285,pilot_adaptive,-0.0026296525312473618,6883,8192,128
0.6,8192,285,regularized_adaptive,-0.014605463911660843,6866,8192,128
0.6,8192,286,uniform,0.0024557152986931507,4096,8192,0
0.6,8192,286,pilot_adaptive,0.011291569538956048,6824,8192,128
0.6,8192,286,regularized_adaptive,-0.004333265499834371,6809,8192,128
0.6,8192,287,uniform,0.014945461701447393,4096,8192,0
0.6,8192,287,pilot_adaptive,0.009259796626977956,6623,8192,128
0.6,8192,287,regularized_adaptive,0.006919950543828102,6620,8192,128
0.6,8192,288,uniform,-0.007806425934660188,4096,8192,0
0.6,8192,288,pilot_adaptive,0.007621544391134161,6762,8192,128
0.6,8192,288,regularized_adaptive,0.013720573150791782,6751,8192,128
0.6,8192,289,uniform,-0.019995906883360393,4096,8192,0
0.6,8192,289,pilot_adaptive,-0.00226306067225035,6988,8192,128
0.6,8192,289,regularized_adaptive,0.0020801531013568964,6948,8192,128
0.6,8192,290,uniform,-0.00736578545356692,4096,8192,0
0.6,8192,290,pilot_adaptive,-0.01755283800100682,6570,8192,128
0.6,8192,290,regularized_adaptive,0.007400753148013028,6570,8192,128
0.6,8192,291,uniform,-0.002560995148266465,4096,8192,0
0.6,8192,291,pilot_adaptive,-0.012791300327017252,6611,8192,128
0.6,8192,291,regularized_adaptive,0.01844191292063957,6609,8192,128
0.6,8192,292,uniform,-0.0046623102862027865,4096,8192,0
0.6,8192,292,pilot_adaptive,-0.00035108610571843446,6570,8192,128
0.6,8192,292,regularized_adaptive,-0.004227038236302438,6570,8192,128
0.6,8192,293,uniform,0.010387278014235668,4096,8192,0
0.6,8192,293,pilot_adaptive,0.004410749167608752,6656,8192,128
0.6,8192,293,regularized_adaptive,-0.0014747804617164517,6652,8192,128
0.6,8192,294,uniform,-0.0015187376781856665,4096,8192,0
0.6,8192,294,pilot_adaptive,-0.0015601230825635914,6570,8192,128
0.6,8192,294,regularized_adaptive,0.000376390315396935,6570,8192,128
0.6,8192,295,uniform,0.01930961152565469,4096,8192,0
0.6,8192,295,pilot_adaptive,-0.0075771711483494375,6647,8192,128
0.6,8192,295,regularized_adaptive,-0.010184091231659531,6643,8192,128
0.6,8192,296,uniform,-0.0018358033300144294,4096,8192,0
0.6,8192,296,pilot_adaptive,-0.00543945559986958,6570,8192,128
0.6,8192,296,regularized_adaptive,0.0025551791622725473,6570,8192,128
0.6,8192,297,uniform,-0.012417725417396719,4096,8192,0
0.6,8192,297,pilot_adaptive,-0.015630474490158752,6948,8192,128
0.6,8192,297,regularized_adaptive,0.004954727716092289,6929,8192,128
0.6,8192,298,uniform,0.006854008558890068,4096,8192,0
0.6,8192,298,pilot_adaptive,0.010776219664807463,6667,8192,128
0.6,8192,298,regularized_adaptive,0.005373779267230039,6662,8192,128
0.6,8192,299,uniform,-0.002224957136902961,4096,8192,0
0.6,8192,299,pilot_adaptive,-0.004705409075990263,6691,8192,128
0.6,8192,299,regularized_adaptive,0.007787496642944647,6685,8192,128
0.6,8192,300,uniform,0.0031445915191951057,4096,8192,0
0.6,8192,300,pilot_adaptive,0.014681479931737962,6640,8192,128
0.6,8192,300,regularized_adaptive,-0.001385836030054599,6635,8192,128
0.6,8192,301,uniform,-0.0021718413413779336,4096,8192,0
0.6,8192,301,pilot_adaptive,0.0019254159114455716,6378,8192,128
0.6,8192,301,regularized_adaptive,0.0005043982309235195,6395,8192,128
0.6,8192,302,uniform,-0.0044861627018536465,4096,8192,0
0.6,8192,302,pilot_adaptive,0.006508273954843546,6824,8192,128
0.6,8192,302,regularized_adaptive,-0.00680365350248846,6809,8192,128
0.6,8192,303,uniform,0.0028264397864866675,4096,8192,0
0.6,8192,303,pilot_adaptive,0.009832446960050922,6824,8192,128
0.6,8192,303,regularized_adaptive,0.007378849616583749,6809,8192,128
0.6,8192,304,uniform,0.005829094327024165,4096,8192,0
0.6,8192,304,pilot_adaptive,0.012656782698512115,6667,8192,128
0.6,8192,304,regularized_adaptive,-0.0007425194997362494,6662,8192,128
0.6,8192,305,uniform,-0.010333210477234678,4096,8192,0
0.6,8192,305,pilot_adaptive,0.0012399348696038315,6745,8192,128
0.6,8192,305,regularized_adaptive,0.008341345990394156,6731,8192,128
0.6,8192,306,uniform,-0.0015528811141755083,4096,8192,0
0.6,8192,306,pilot_adaptive,0.002620093995810868,6410,8192,128
0.6,8192,306,regularized_adaptive,-0.0049229578030948185,6423,8192,128
0.6,8192,307,uniform,0.00235056978852366,4096,8192,0
0.6,8192,307,pilot_adaptive,0.003510842690400584,7204,8192,128
0.6,8192,307,regularized_adaptive,-0.008999430521409613,7158,8192,128
0.6,8192,308,uniform,-0.0020666958312086647,4096,8192,0
0.6,8192,308,pilot_adaptive,0.002127633660115369,6740,8192,128
0.6,8192,308,regularized_adaptive,-0.005033085143909655,6731,8192,128
0.6,8192,309,uniform,0.0033570547012943264,4096,8192,0
0.6,8192,309,pilot_adaptive,0.007508146558032114,6706,8192,128
0.6,8192,309,regularized_adaptive,-0.0070063156329356335,6699,8192,128
0.6,8192,310,uniform,0.001202080727393251,4096,8192,0
0.6,8192,310,pilot_adaptive,-0.015369826133931896,6948,8192,128
0.6,8192,310,regularized_adaptive,0.008546578269478133,6929,8192,128
0.6,8192,311,uniform,-0.0106865917268133,4096,8192,0
0.6,8192,311,pilot_adaptive,-0.004908981712214211,6860,8192,128
0.6,8192,311,regularized_adaptive,-0.00615505430574026,6839,8192,128
0.6,8192,312,uniform,-0.007965773321234382,4096,8192,0
0.6,8192,312,pilot_adaptive,0.0045303409687417195,6772,8192,128
0.6,8192,312,regularized_adaptive,0.0037010650944085954,6764,8192,128
0.6,8192,313,uniform,0.0065895156621461615,4096,8192,0
0.6,8192,313,pilot_adaptive,-0.007745169255252593,6236,8192,128
0.6,8192,313,regularized_adaptive,-0.006875338242728235,6258,8192,128
0.6,8192,314,uniform,-0.023492317700515963,4096,8192,0
0.6,8192,314,pilot_adaptive,0.014427976307855306,6570,8192,128
0.6,8192,314,regularized_adaptive,-0.005682186100843589,6570,8192,128
0.6,8192,315,uniform,0.009980780969132241,4096,8192,0
0.6,8192,315,pilot_adaptive,0.005726896389019909,6499,8192,128
0.6,8192,315,regularized_adaptive,0.014389962389589894,6502,8192,128
0.6,8192,316,uniform,0.004398769130935176,4096,8192,0
0.6,8192,316,pilot_adaptive,-0.0016249758979379747,6523,8192,128
0.6,8192,316,regularized_adaptive,-0.0011006310475337733,6526,8192,128
0.6,8192,317,uniform,-0.005917030938382917,4096,8192,0
0.6,8192,317,pilot_adaptive,-0.001232565846046696,6762,8192,128
0.6,8192,317,regularized_adaptive,-0.011504730431164623,6751,8192,128
0.6,8192,318,uniform,-0.002719799494400932,4096,8192,0
0.6,8192,318,pilot_adaptive,0.004119151619226158,6824,8192,128
0.6,8192,318,regularized_adaptive,-0.00832289077140591,6809,8192,128
0.6,8192,319,uniform,0.03170775437337381,4096,8192,0
0.6,8192,319,pilot_adaptive,-0.016407207083799724,6706,8192,128
0.6,8192,319,regularized_adaptive,0.004746539081348922,6699,8192,128
0.6,8192,320,uniform,-0.0014125060871362782,4096,8192,0
0.6,8192,320,pilot_adaptive,-0.00020564345197027212,6640,8192,128
0.6,8192,320,regularized_adaptive,0.018659364292391678,6635,8192,128
0.6,8192,321,uniform,0.00427628038255079,4096,8192,0
0.6,8192,321,pilot_adaptive,-0.011357548760412728,6762,8192,128
0.6,8192,321,regularized_adaptive,0.009047935497908166,6751,8192,128
0.6,8192,322,uniform,0.0002828550461370094,4096,8192,0
0.6,8192,322,pilot_adaptive,0.004524425488049322,6894,8192,128
0.6,8192,322,regularized_adaptive,-0.007698357522700983,6874,8192,128
0.6,8192,323,uniform,-0.01736289074973585,4096,8192,0
0.6,8192,323,pilot_adaptive,0.006800583972473073,6517,8192,128
0.6,8192,323,regularized_adaptive,-0.014763084841568519,6520,8192,128
0.6,8192,324,uniform,-0.001783230574929795,4096,8192,0
0.6,8192,324,pilot_adaptive,0.0036175446485883223,6245,8192,128
0.6,8192,324,regularized_adaptive,0.0061328656459122,6264,8192,128
0.6,8192,325,uniform,0.008073499694200126,4096,8192,0
0.6,8192,325,pilot_adaptive,-0.004523752737292885,6724,8192,128
0.6,8192,325,regularized_adaptive,0.004072671406737727,6715,8192,128
0.6,8192,326,uniform,0.011942264120469503,4096,8192,0
0.6,8192,326,pilot_adaptive,0.010210351375279259,6384,8192,128
0.6,8192,326,regularized_adaptive,-0.0085454289183311,6395,8192,128
0.6,8192,327,uniform,-0.00655224832292034,4096,8192,0
0.6,8192,327,pilot_adaptive,-0.0017479466036459668,6808,8192,128
0.6,8192,327,regularized_adaptive,0.007588807729600133,6790,8192,128
0.6,8192,328,uniform,-0.008831883206965818,4096,8192,0
0.6,8192,328,pilot_adaptive,0.004705840228929836,6762,8192,128
0.6,8192,328,regularized_adaptive,0.005076358783542179,6751,8192,128
0.6,8192,329,uniform,0.0032340229124699915,4096,8192,0
0.6,8192,329,pilot_adaptive,-0.010671154542141847,6762,8192,128
0.6,8192,329,regularized_adaptive,-0.0023585544008709602,6751,8192,128
0.6,8192,330,uniform,0.0015733482556269385,4096,8192,0
0.6,8192,330,pilot_adaptive,0.00031289803729073196,6904,8192,128
0.6,8192,330,regularized_adaptive,0.008411351837342651,6881,8192,128
0.6,8192,331,uniform,0.005513114756075743,4096,8192,0
0.6,8192,331,pilot_adaptive,-0.0048604491482110435,6692,8192,128
0.6,8192,331,regularized_adaptive,-0.004956771721334463,6679,8192,128
0.6,8192,332,uniform,0.011359076450576766,4096,8192,0
0.6,8192,332,pilot_adaptive,0.008889840235296709,6894,8192,128
0.6,8192,332,regularized_adaptive,-0.007728926185649909,6874,8192,128
0.6,8192,333,uniform,-0.0015707673928305743,4096,8192,0
0.6,8192,333,pilot_adaptive,0.0017129789039233012,6611,8192,128
0.6,8192,333,regularized_adaptive,0.014433960818854286,6609,8192,128
0.6,8192,334,uniform,-0.004255813241099582,4096,8192,0
0.6,8192,334,pilot_adaptive,-0.00764257429576598,6715,8192,128
0.6,8192,334,regularized_adaptive,0.016339893225974733,6709,8192,128
0.6,8192,335,uniform,0.009733088270163281,4096,8192,0
0.6,8192,335,pilot_adaptive,0.005970552032522947,6236,8192,128
0.6,8192,335,regularized_adaptive,0.012393690345803843,6270,8192,128
0.6,8192,336,uniform,0.0040990467173213085,4096,8192,0
0.6,8192,336,pilot_adaptive,0.0030886727366149502,6681,8192,128
0.6,8192,336,regularized_adaptive,-0.008409761963313445,6674,8192,128
0.6,8192,337,uniform,0.010723316025599394,4096,8192,0
0.6,8192,337,pilot_adaptive,0.014354413621900819,6860,8192,128
0.6,8192,337,regularized_adaptive,0.003387530527463656,6839,8192,128
0.6,8192,338,uniform,-0.011780878911538784,4096,8192,0
0.6,8192,338,pilot_adaptive,0.004084224684970494,6681,8192,128
0.6,8192,338,regularized_adaptive,-0.0026235778173758773,6674,8192,128
0.6,8192,339,uniform,-0.011392268145090645,4096,8192,0
0.6,8192,339,pilot_adaptive,0.006627428199337149,6824,8192,128
0.6,8192,339,regularized_adaptive,-0.0006089875381013465,6809,8192,128
0.6,8192,340,uniform,0.02670893020506926,4096,8192,0
0.6,8192,340,pilot_adaptive,-0.002843202190165761,6731,8192,128
0.6,8192,340,regularized_adaptive,-0.004066185081589402,6724,8192,128
0.6,8192,341,uniform,0.008939066539491836,4096,8192,0
0.6,8192,341,pilot_adaptive,0.01160282345367658,6749,8192,128
0.6,8192,341,regularized_adaptive,0.005148056647446109,6741,8192,128
0.6,8192,342,uniform,0.007455082507437649,4096,8192,0
0.6,8192,342,pilot_adaptive,-0.008522957485482374,6490,8192,128
0.6,8192,342,regularized_adaptive,-0.004659588302369122,6495,8192,128
0.6,8192,343,uniform,0.013584509458217986,4096,8192,0
0.6,8192,343,pilot_adaptive,-0.002036589024605129,6688,8192,128
0.6,8192,343,regularized_adaptive,0.003617626329807,6684,8192,128
0.6,8192,344,uniform,-0.0009528932465080464,4096,8192,0
0.6,8192,344,pilot_adaptive,-0.0011604278673610358,6630,8192,128
0.6,8192,344,regularized_adaptive,-0.006940095242688349,6626,8192,128
0.6,8192,345,uniform,0.017187694906862894,4096,8192,0
0.6,8192,345,pilot_adaptive,-0.008529137301813927,6697,8192,128
0.6,8192,345,regularized_adaptive,-0.0043684222284442464,6689,8192,128
0.6,8192,346,uniform,0.007613886853572116,4096,8192,0
0.6,8192,346,pilot_adaptive,0.006951802567852661,6740,8192,128
0.6,8192,346,regularized_adaptive,-0.006828385063872622,6731,8192,128
0.6,8192,347,uniform,-0.00869042209904669,4096,8192,0
0.6,8192,347,pilot_adaptive,-0.002418596749264146,6358,8192,128
0.6,8192,347,regularized_adaptive,-0.0006666207580999783,6371,8192,128
0.6,8192,348,uniform,0.01294874903324017,4096,8192,0
0.6,8192,348,pilot_adaptive,0.012473491789999902,6697,8192,128
0.6,8192,348,regularized_adaptive,-0.004256493872118905,6689,8192,128
0.6,8192,349,uniform,-0.016161828933521027,4096,8192,0
0.6,8192,349,pilot_adaptive,0.0026521016728601188,6623,8192,128
0.6,8192,349,regularized_adaptive,-0.014012160205949309,6620,8192,128
0.6,8192,350,uniform,0.011977493637339243,4096,8192,0
0.6,8192,350,pilot_adaptive,0.00037665034514444695,6570,8192,128
0.6,8192,350,regularized_adaptive,0.01321627402609471,6570,8192,128
0.6,8192,351,uniform,-0.019165026514498917,4096,8192,0
0.6,8192,351,pilot_adaptive,-0.01092973558211141,6647,8192,128
0.6,8192,351,regularized_adaptive,0.012191197995547687,6643,8192,128
0.6,8192,352,uniform,-0.001500308359090874,4096,8192,0
0.6,8192,352,pilot_adaptive,0.0089619804287423,6681,8192,128
0.6,8192,352,regularized_adaptive,-0.005354583734246576,6674,8192,128
0.6,8192,353,uniform,-0.003990234263475556,4096,8192,0
0.6,8192,353,pilot_adaptive,0.009478707134319309,7003,8192,128
0.6,8192,353,regularized_adaptive,0.008314803779375102,6971,8192,128
0.6,8192,354,uniform,-0.011426954621519991,4096,8192,0
0.6,8192,354,pilot_adaptive,0.006917437391484982,6570,8192,128
0.6,8192,354,regularized_adaptive,0.010067733309188864,6570,8192,128
0.6,8192,355,uniform,-0.0056877675585085274,4096,8192,0
0.6,8192,355,pilot_adaptive,-9.811622838784562e-05,6762,8192,128
0.6,8192,355,regularized_adaptive,-0.002624736223984292,6751,8192,128
0.6,8192,356,uniform,-0.004396731308578983,4096,8192,0
0.6,8192,356,pilot_adaptive,-0.010525484826290343,6570,8192,128
0.6,8192,356,regularized_adaptive,-0.00010764052293799065,6570,8192,128
0.6,8192,357,uniform,0.0021028770895547,4096,8192,0
0.6,8192,357,pilot_adaptive,-0.0016578147637519303,6697,8192,128
0.6,8192,357,regularized_adaptive,0.006264392828727927,6689,8192,128
0.6,8192,358,uniform,0.009750974548818347,4096,8192,0
0.6,8192,358,pilot_adaptive,-0.0011807771947108803,6230,8192,128
0.6,8192,358,regularized_adaptive,0.019438374643077183,6258,8192,128
0.6,8192,359,uniform,0.01070542974694455,4096,8192,0
0.6,8192,359,pilot_adaptive,0.0016007302515604893,6859,8192,128
0.6,8192,359,regularized_adaptive,0.0009978447441042482,6841,8192,128
0.6,8192,360,uniform,-0.0006179413160244396,4096,8192,0
0.6,8192,360,pilot_adaptive,0.0008508324005070955,6724,8192,128
0.6,8192,360,regularized_adaptive,-0.004616913691026681,6715,8192,128
0.6,8192,361,uniform,-0.013617701152731199,4096,8192,0
0.6,8192,361,pilot_adaptive,0.0021746824759666383,6499,8192,128
0.6,8192,361,regularized_adaptive,-0.005394504100899367,6504,8192,128
0.6,8192,362,uniform,-0.004538735456938503,4096,8192,0
0.6,8192,362,pilot_adaptive,0.0037674015035288333,6570,8192,128
0.6,8192,362,regularized_adaptive,-0.004953149501241483,6570,8192,128
0.6,8192,363,uniform,-0.009626447978077879,4096,8192,0
0.6,8192,363,pilot_adaptive,-0.013319682295271251,6794,8192,128
0.6,8192,363,regularized_adaptive,-0.003878800872582855,6782,8192,128
0.6,8192,364,uniform,-0.003107867220409344,4096,8192,0
0.6,8192,364,pilot_adaptive,-0.011317725603516626,6740,8192,128
0.6,8192,364,regularized_adaptive,0.0014834138433418298,6731,8192,128
0.6,8192,365,uniform,0.01420238360454007,4096,8192,0
0.6,8192,365,pilot_adaptive,-0.0007694470005455978,6724,8192,128
0.6,8192,365,regularized_adaptive,0.005787888536540886,6715,8192,128
0.6,8192,366,uniform,0.0022795677143437887,4096,8192,0
0.6,8192,366,pilot_adaptive,-0.0038949022875028882,6406,8192,128
0.6,8192,366,regularized_adaptive,0.005931248120746191,6414,8192,128
0.6,8192,367,uniform,0.00498249984126764,4096,8192,0
0.6,8192,367,pilot_adaptive,-0.011568781228524339,6236,8192,128
0.6,8192,367,regularized_adaptive,-0.0011092322086448947,6258,8192,128
0.6,8192,368,uniform,-0.0011116975926422912,4096,8192,0
0.6,8192,368,pilot_adaptive,-0.012464192008966757,6060,8192,128
0.6,8192,368,regularized_adaptive,-0.007950856292675335,6100,8192,128
0.6,8192,369,uniform,0.001485002943232172,4096,8192,0
0.6,8192,369,pilot_adaptive,0.01224678218581221,6570,8192,128
0.6,8192,369,regularized_adaptive,-0.0010784975193963708,6570,8192,128
0.6,8192,370,uniform,0.0019440727434202332,4096,8192,0
0.6,8192,370,pilot_adaptive,0.005347537764895383,6377,8192,128
0.6,8192,370,regularized_adaptive,-0.00651100321795961,6390,8192,128
0.6,8192,371,uniform,0.016852742976379287,4096,8192,0
0.6,8192,371,pilot_adaptive,0.0020209210980425274,6616,8192,128
0.6,8192,371,regularized_adaptive,-0.0011078394460083407,6614,8192,128
0.6,8192,372,uniform,0.023935539044405485,4096,8192,0
0.6,8192,372,pilot_adaptive,-0.0019000735259876445,6718,8192,128
0.6,8192,372,regularized_adaptive,0.015340383203866437,6707,8192,128
0.6,8192,373,uniform,-0.016179715212176093,4096,8192,0
0.6,8192,373,pilot_adaptive,0.00421260796143208,6616,8192,128
0.6,8192,373,regularized_adaptive,0.004935442739348539,6614,8192,128
0.6,8192,374,uniform,-0.01319494695029344,4096,8192,0
0.6,8192,374,pilot_adaptive,0.0034224943990938117,6647,8192,128
0.6,8192,374,regularized_adaptive,-0.00241015970540992,6643,8192,128
0.6,8192,375,uniform,0.02545475259332941,4096,8192,0
0.6,8192,375,pilot_adaptive,-0.0012009407790894988,6623,8192,128
0.6,8192,375,regularized_adaptive,0.008172936691918209,6620,8192,128
0.6,8192,376,uniform,-0.007737052981800607,4096,8192,0
0.6,8192,376,pilot_adaptive,-0.010722164195128725,6668,8192,128
0.6,8192,376,regularized_adaptive,0.01423819611899002,6660,8192,128
0.6,8192,377,uniform,-0.011428040702400333,4096,8192,0
0.6,8192,377,pilot_adaptive,-0.0027690938947743104,6819,8192,128
0.6,8192,377,regularized_adaptive,0.004977115004776933,6803,8192,128
0.6,8192,378,uniform,0.001237853284703161,4096,8192,0
0.6,8192,378,pilot_adaptive,-0.002637852370111271,6523,8192,128
0.6,8192,378,regularized_adaptive,-0.004839245984523344,6526,8192,128
0.6,8192,379,uniform,0.0060599868282184,4096,8192,0
0.6,8192,379,pilot_adaptive,-0.017457978555990072,7003,8192,128
0.6,8192,379,regularized_adaptive,0.002115907869525091,6971,8192,128
0.6,8192,380,uniform,0.013143325936684547,4096,8192,0
0.6,8192,380,pilot_adaptive,-0.01671841869738766,6697,8192,128
0.6,8192,380,regularized_adaptive,-0.0038057707126085694,6689,8192,128
0.6,8192,381,uniform,-0.021056050632096257,4096,8192,0
0.6,8192,381,pilot_adaptive,0.0019448035277248588,6656,8192,128
0.6,8192,381,regularized_adaptive,0.00295279528174619,6652,8192,128
0.6,8192,382,uniform,-0.020066365917100315,4096,8192,0
0.6,8192,382,pilot_adaptive,0.006917307376610782,6570,8192,128
0.6,8192,382,regularized_adaptive,-0.01343363530995334,6570,8192,128
0.6,8192,383,uniform,-0.00038759185527015294,4096,8192,0
0.6,8192,383,pilot_adaptive,0.0008483191763780651,6299,8192,128
0.6,8192,383,regularized_adaptive,-0.017372194107209138,6323,8192,128
0.6,8192,384,uniform,-0.00471596912216754,4096,8192,0
0.6,8192,384,pilot_adaptive,0.010355789378479918,6697,8192,128
0.6,8192,384,regularized_adaptive,0.00902516602017489,6689,8192,128
0.6,8192,385,uniform,-0.009061689627279934,4096,8192,0
0.6,8192,385,pilot_adaptive,-0.005002687242006476,6467,8192,128
0.6,8192,385,regularized_adaptive,0.0002857498128309155,6477,8192,128
0.6,8192,386,uniform,-0.0014119630466961075,4096,8192,0
0.6,8192,386,pilot_adaptive,-0.003674534901379256,6762,8192,128
0.6,8192,386,regularized_adaptive,0.00853027738167722,6751,8192,128
0.6,8192,387,uniform,0.010652856991859694,4096,8192,0
0.6,8192,387,pilot_adaptive,-0.002663418826837183,6656,8192,128
0.6,8192,387,regularized_adaptive,0.007531796853820105,6652,8192,128
0.6,8192,388,uniform,0.015863058261383345,4096,8192,0
0.6,8192,388,pilot_adaptive,-0.009331415524146403,6326,8192,128
0.6,8192,388,regularized_adaptive,-0.0019498888684473803,6342,8192,128
0.6,8192,389,uniform,0.014908603063257364,4096,8192,0
0.6,8192,389,pilot_adaptive,-0.0203492913788208,6860,8192,128
0.6,8192,389,regularized_adaptive,0.0052494982997962625,6839,8192,128
0.6,8192,390,uniform,-0.009609104739862984,4096,8192,0
0.6,8192,390,pilot_adaptive,-0.012161249951745168,6692,8192,128
0.6,8192,390,regularized_adaptive,0.00946608878666122,6679,8192,128
0.6,8192,391,uniform,-0.003319244321628001,4096,8192,0
0.6,8192,391,pilot_adaptive,-0.0012507449123956293,6611,8192,128
0.6,8192,391,regularized_adaptive,-0.0018834147400440537,6609,8192,128
0.6,8192,392,uniform,-0.02458769096612179,4096,8192,0
0.6,8192,392,pilot_adaptive,-0.011469039650407131,6740,8192,128
0.6,8192,392,regularized_adaptive,-0.011206803964336709,6731,8192,128
0.6,8192,393,uniform,-0.0009707795251628903,4096,8192,0
0.6,8192,393,pilot_adaptive,0.00617459163412748,6616,8192,128
0.6,8192,393,regularized_adaptive,0.005309555099120344,6614,8192,128
0.6,8192,394,uniform,0.007207389808468689,4096,8192,0
0.6,8192,394,pilot_adaptive,0.0029120458309738195,6138,8192,128
0.6,8192,394,regularized_adaptive,0.0008127167918271505,6168,8192,128
0.6,8192,395,uniform,-0.0076655078671807875,4096,8192,0
0.6,8192,395,pilot_adaptive,0.002079115162571532,6652,8192,128
0.6,8192,395,regularized_adaptive,-0.015830572669663256,6645,8192,128
0.6,8192,396,uniform,0.00452234396019946,4096,8192,0
0.6,8192,396,pilot_adaptive,0.0020724484726767356,6570,8192,128
0.6,8192,396,regularized_adaptive,-0.007861755036962625,6570,8192,128
0.6,8192,397,uniform,0.011077240315617964,4096,8192,0
0.6,8192,397,pilot_adaptive,-0.02603206640721889,6819,8192,128
0.6,8192,397,regularized_adaptive,-0.011759125411385574,6803,8192,128
0.6,8192,398,uniform,-0.008248695537073525,4096,8192,0
0.6,8192,398,pilot_adaptive,0.0030348908577452205,6993,8192,128
0.6,8192,398,regularized_adaptive,0.018491554586901437,6974,8192,128
0.6,8192,399,uniform,-0.011322352151790893,4096,8192,0
0.6,8192,399,pilot_adaptive,-0.001447228025586722,6794,8192,128
0.6,8192,399,regularized_adaptive,-0.0006405332083535553,6782,8192,128
1.2,2048,0,uniform,0.006220081538159006,1024,2048,0
1.2,2048,0,pilot_adaptive,0.01178126402900781,1792,2048,128
1.2,2048,0,regularized_adaptive,0.009441085398183224,1792,2048,128
1.2,2048,1,uniform,-0.00897096787019902,1024,2048,0
1.2,2048,1,pilot_adaptive,-0.01203928138796928,1792,2048,128
1.2,2048,1,regularized_adaptive,0.0048375290406477145,1792,2048,128
1.2,2048,2,uniform,-0.02571646034435071,1024,2048,0
1.2,2048,2,pilot_adaptive,-0.03985517827156193,1777,2048,128
1.2,2048,2,regularized_adaptive,0.027692231379389032,1763,2048,128
1.2,2048,3,uniform,0.015546739932920994,1024,2048,0
1.2,2048,3,pilot_adaptive,-0.02108410364777269,1792,2048,128
1.2,2048,3,regularized_adaptive,-0.00404500276388764,1792,2048,128
1.2,2048,4,uniform,0.055608878393977657,1024,2048,0
1.2,2048,4,pilot_adaptive,-0.0033190400387022034,1792,2048,128
1.2,2048,4,regularized_adaptive,-0.0033190400387022034,1792,2048,128
1.2,2048,5,uniform,-0.051647693145785434,1024,2048,0
1.2,2048,5,pilot_adaptive,0.01549656720609005,1792,2048,128
1.2,2048,5,regularized_adaptive,0.026155605371532165,1792,2048,128
1.2,2048,6,uniform,-0.011726472752207728,1024,2048,0
1.2,2048,6,pilot_adaptive,-0.03957512998202839,1792,2048,128
1.2,2048,6,regularized_adaptive,0.02793211173243937,1792,2048,128
1.2,2048,7,uniform,0.051511393628274504,1024,2048,0
1.2,2048,7,pilot_adaptive,-0.018419344106412217,1792,2048,128
1.2,2048,7,regularized_adaptive,-0.016642837745505012,1792,2048,128
1.2,2048,8,uniform,0.012791235050912286,1024,2048,0
1.2,2048,8,pilot_adaptive,0.04553488488624158,1792,2048,128
1.2,2048,8,regularized_adaptive,0.02970861809334635,1792,2048,128
1.2,2048,9,uniform,0.0034645766561502978,1024,2048,0
1.2,2048,9,pilot_adaptive,0.0028987322244724556,1792,2048,128
1.2,2048,9,regularized_adaptive,0.03875344035314954,1792,2048,128
1.2,2048,10,uniform,0.0024044329074146553,1024,2048,0
1.2,2048,10,pilot_adaptive,0.0083905417624619,1792,2048,128
1.2,2048,10,regularized_adaptive,0.03309934035989226,1792,2048,128
1.2,2048,11,uniform,0.0008499898416209906,1024,2048,0
1.2,2048,11,pilot_adaptive,0.015334276750821774,1792,2048,128
1.2,2048,11,regularized_adaptive,-0.010425065482330353,1792,2048,128
1.2,2048,12,uniform,0.013285534367970309,1024,2048,0
1.2,2048,12,pilot_adaptive,0.0048375290406477145,1792,2048,128
1.2,2048,12,regularized_adaptive,0.024216808555357128,1792,2048,128
1.2,2048,13,uniform,0.02296557401231092,1024,2048,0
1.2,2048,13,pilot_adaptive,-0.016642837745505012,1792,2048,128
1.2,2048,13,regularized_adaptive,-0.02536307909477209,1792,2048,128
1.2,2048,14,uniform,-0.016530720017068123,1024,2048,0
1.2,2048,14,pilot_adaptive,0.0005585535936480923,1792,2048,128
1.2,2048,14,regularized_adaptive,0.0226025926497182,1792,2048,128
1.2,2048,15,uniform,0.0105300294859616,1024,2048,0
1.2,2048,15,pilot_adaptive,0.00023397268311176056,1792,2048,128
1.2,2048,15,regularized_adaptive,0.011217591759090428,1792,2048,128
1.2,2048,16,uniform,0.019009007314086945,1024,2048,0
1.2,2048,16,pilot_adaptive,0.017273073566997033,1792,2048,128
1.2,2048,16,regularized_adaptive,-0.01987126955678309,1792,2048,128
1.2,2048,17,uniform,0.02692214071053467,1024,2048,0
1.2,2048,17,pilot_adaptive,0.013720060845182847,1792,2048,128
1.2,2048,17,regularized_adaptive,0.004675238585379438,1792,2048,128
1.2,2048,18,uniform,0.0064325447202582264,1024,2048,0
1.2,2048,18,pilot_adaptive,-0.031743141813215026,1792,2048,128
1.2,2048,18,regularized_adaptive,0.0083905417624619,1792,2048,128
1.2,2048,19,uniform,-0.009324349119777642,1024,2048,0
1.2,2048,19,pilot_adaptive,0.02970861809334635,1792,2048,128
1.2,2048,19,regularized_adaptive,-0.014638930626270641,1789,2048,128
1.2,2048,20,uniform,-0.02536307909477209,1024,2048,0
1.2,2048,20,pilot_adaptive,0.01638482038654354,1792,2048,128
1.2,2048,20,regularized_adaptive,-0.004207293219155694,1792,2048,128
1.2,2048,21,uniform,0.004383802337406761,1024,2048,0
1.2,2048,21,pilot_adaptive,-0.00404500276388764,1792,2048,128
1.2,2048,21,regularized_adaptive,0.006451744946286642,1792,2048,128
1.2,2048,22,uniform,-0.016743183199167344,1024,2048,0
1.2,2048,22,pilot_adaptive,-0.013815787748876263,1792,2048,128
1.2,2048,22,regularized_adaptive,0.032373377634706824,1792,2048,128
1.2,2048,23,uniform,0.0014158342732988327,1024,2048,0
1.2,2048,23,pilot_adaptive,-0.0004919900420734535,1792,2048,128
1.2,2048,23,regularized_adaptive,0.0126695172094613,1792,2048,128
1.2,2048,24,uniform,0.02664030457557587,1024,2048,0
1.2,2048,24,pilot_adaptive,-0.008648559121423371,1792,2048,128
1.2,2048,24,regularized_adaptive,-0.030205726811689093,1792,2048,128
1.2,2048,25,uniform,-0.030238871474252305,1024,2048,0
1.2,2048,25,pilot_adaptive,0.00039626313838003746,1792,2048,128
1.2,2048,25,regularized_adaptive,0.0037869854049259466,1792,2048,128
1.2,2048,26,uniform,-0.03539649998869132,1024,2048,0
1.2,2048,26,pilot_adaptive,-0.01454175047406192,1792,2048,128
1.2,2048,26,regularized_adaptive,0.0032233131350085653,1792,2048,128
1.2,2048,27,uniform,0.006926844037316249,1024,2048,0
1.2,2048,27,pilot_adaptive,0.02171433946926471,1792,2048,128
1.2,2048,27,regularized_adaptive,0.02171433946926471,1792,2048,128
1.2,2048,28,uniform,0.00035569052456296824,1024,2048,0
1.2,2048,28,pilot_adaptive,0.0066140354015546965,1792,2048,128
1.2,2048,28,regularized_adaptive,-0.02108410364777269,1792,2048,128
1.2,2048,29,uniform,0.01399229686712733,1024,2048,0
1.2,2048,29,pilot_adaptive,-0.011313318662783844,1792,2048,128
1.2,2048,29,regularized_adaptive,-0.008648559121423371,1792,2048,128
1.2,2048,30,uniform,-0.007063143554826734,1024,2048,0
1.2,2048,30,pilot_adaptive,0.03059687127379984,1792,2048,128
1.2,2048,30,regularized_adaptive,0.0011222258635654736,1792,2048,128
1.2,2048,31,uniform,-0.0031065768566029828,1024,2048,0
1.2,2048,31,pilot_adaptive,0.0028987322244724556,1792,2048,128
1.2,2048,31,regularized_adaptive,-0.009374521846608808,1792,2048,128
1.2,2048,32,uniform,-0.008617586620620399,1024,2048,0
1.2,2048,32,pilot_adaptive,-0.0201958504673192,1792,2048,128
1.2,2048,32,regularized_adaptive,0.03398759354034575,1792,2048,128
1.2,2048,33,uniform,0.009894812101424177,1024,2048,0
1.2,2048,33,pilot_adaptive,0.0066140354015546965,1792,2048,128
1.2,2048,33,regularized_adaptive,0.01460831402563656,1792,2048,128
1.2,2048,34,uniform,-0.024374480460656267,1024,2048,0
1.2,2048,34,pilot_adaptive,-0.023586572733865108,1792,2048,128
1.2,2048,34,regularized_adaptive,-0.04151392679820365,1792,2048,128
1.2,2048,35,uniform,0.024166635828525962,1024,2048,0
1.2,2048,35,pilot_adaptive,0.021552049013996433,1792,2048,128
1.2,2048,35,regularized_adaptive,-0.0033190400387022034,1792,2048,128
1.2,2048,36,uniform,-0.00897096787019902,1024,2048,0
1.2,2048,36,pilot_adaptive,-0.012201571843237558,1792,2048,128
1.2,2048,36,regularized_adaptive,0.009116504487647115,1792,2048,128
1.2,2048,37,uniform,-0.006002999806091092,1024,2048,0
1.2,2048,37,pilot_adaptive,0.01799903629218247,1792,2048,128
1.2,2048,37,regularized_adaptive,0.021150667199347106,1792,2048,128
1.2,2048,38,uniform,0.008622205170589314,1024,2048,0
1.2,2048,38,pilot_adaptive,-0.009536812301876862,1792,2048,128
1.2,2048,38,regularized_adaptive,0.020262414018893837,1792,2048,128
1.2,2048,39,uniform,-0.02175989364612696,1024,2048,0
1.2,2048,39,pilot_adaptive,-0.0068720527605163895,1792,2048,128
1.2,2048,39,regularized_adaptive,-0.0244748259143186,1792,2048,128
1.2,2048,40,uniform,0.038369086602768165,1024,2048,0
1.2,2048,40,pilot_adaptive,0.0021727694992870195,1792,2048,128
1.2,2048,40,regularized_adaptive,-0.024637116369586876,1792,2048,128
1.2,2048,41,uniform,-0.010878792185571307,1024,2048,0
1.2,2048,41,pilot_adaptive,-0.0024307868582487124,1792,2048,128
1.2,2048,41,regularized_adaptive,-0.012927534568422772,1792,2048,128
1.2,2048,42,uniform,0.011590173234697243,1024,2048,0
1.2,2048,42,pilot_adaptive,-0.01203928138796928,1792,2048,128
1.2,2048,42,regularized_adaptive,0.0012845163188335285,1792,2048,128
1.2,2048,43,uniform,-0.007063143554826734,1024,2048,0
1.2,2048,43,pilot_adaptive,0.0005585535936480923,1792,2048,128
1.2,2048,43,regularized_adaptive,-0.0344079013545755,1792,2048,128
1.2,2048,44,uniform,-0.03087408885878995,1024,2048,0
1.2,2048,44,pilot_adaptive,-0.01397807820414454,1792,2048,128
1.2,2048,44,regularized_adaptive,0.01178126402900781,1792,2048,128
1.2,2048,45,uniform,-0.013280915818001393,1024,2048,0
1.2,2048,45,pilot_adaptive,-0.010425065482330353,1792,2048,128
1.2,2048,45,regularized_adaptive,-0.03973742043729667,1792,2048,128
1.2,2048,46,uniform,-0.009324349119777642,1024,2048,0
1.2,2048,46,pilot_adaptive,0.03842885944261343,1792,2048,128
1.2,2048,46,regularized_adaptive,0.044082959435870706,1792,2048,128
1.2,2048,47,uniform,0.001203371091199612,1024,2048,0
1.2,2048,47,pilot_adaptive,0.0126695172094613,1792,2048,128
1.2,2048,47,regularized_adaptive,-0.010988737752247735,1792,2048,128
1.2,2048,48,uniform,-0.0424619528185024,1024,2048,0
1.2,2048,48,pilot_adaptive,0.04214416261969567,1792,2048,128
1.2,2048,48,regularized_adaptive,0.015983438571893993,1792,2048,128
1.2,2048,49,uniform,0.010742492668060821,1024,2048,0
1.2,2048,49,pilot_adaptive,0.007339998126740133,1792,2048,128
1.2,2048,49,regularized_adaptive,0.005888072676369038,1792,2048,128
1.2,2048,50,uniform,0.008268823921010693,1024,2048,0
1.2,2048,50,pilot_adaptive,0.01178126402900781,1792,2048,128
1.2,2048,50,regularized_adaptive,0.03059687127379984,1792,2048,128
1.2,2048,51,uniform,-0.02797766590930162,1024,2048,0
1.2,2048,51,pilot_adaptive,0.014446023570368283,1792,2048,128
1.2,2048,51,regularized_adaptive,-0.019307597286865708,1792,2048,128
1.2,2048,52,uniform,-0.02260757421276338,1024,2048,0
1.2,2048,52,pilot_adaptive,0.0030610226797405105,1792,2048,128
1.2,2048,52,regularized_adaptive,0.019937833108357506,1792,2048,128
1.2,2048,53,uniform,-0.02260757421276338,1024,2048,0
1.2,2048,53,pilot_adaptive,0.006451744946286642,1792,2048,128
1.2,2048,53,regularized_adaptive,0.01178126402900781,1792,2048,128
1.2,2048,54,uniform,-0.0031065768566029828,1024,2048,0
1.2,2048,54,pilot_adaptive,0.02720614900725371,1792,2048,128
1.2,2048,54,regularized_adaptive,0.03503813717606752,1792,2048,128
1.2,2048,55,uniform,0.025721078894319627,1024,2048,0
1.2,2048,55,pilot_adaptive,0.01210584493954392,1792,2048,128
1.2,2048,55,regularized_adaptive,0.01977554265308945,1792,2048,128
1.2,2048,56,uniform,-0.010878792185571307,1024,2048,0
1.2,2048,56,pilot_adaptive,-0.010262775027062077,1792,2048,128
1.2,2048,56,regularized_adaptive,0.01210584493954392,1792,2048,128
1.2,2048,57,uniform,-0.019004388764118252,1024,2048,0
1.2,2048,57,pilot_adaptive,-0.02003356001205092,1792,2048,128
1.2,2048,57,regularized_adaptive,0.008228251307193624,1792,2048,128
1.2,2048,58,uniform,0.00395887597320832,1024,2048,0
1.2,2048,58,pilot_adaptive,0.053691453965591496,1792,2048,128
1.2,2048,58,regularized_adaptive,-0.008648559121423371,1792,2048,128
1.2,2048,59,uniform,0.014486596184185352,1024,2048,0
1.2,2048,59,pilot_adaptive,0.0011222258635654736,1792,2048,128
1.2,2048,59,regularized_adaptive,0.011279358825982078,1791,2048,128
1.2,2048,60,uniform,-0.03885876736985727,1024,2048,0
1.2,2048,60,pilot_adaptive,-0.0019439154924445479,1792,2048,128
1.2,2048,60,regularized_adaptive,-0.03158085135794675,1792,2048,128
1.2,2048,61,uniform,-0.0074165248044053556,1024,2048,0
1.2,2048,61,pilot_adaptive,-0.0077603059409698805,1792,2048,128
1.2,2048,61,regularized_adaptive,-0.01575458456505152,1792,2048,128
1.2,2048,62,uniform,0.01420476004922655,1024,2048,0
1.2,2048,62,pilot_adaptive,0.013557770389914792,1792,2048,128
1.2,2048,62,regularized_adaptive,-0.0201958504673192,1792,2048,128
1.2,2048,63,uniform,-0.007063143554826734,1024,2048,0
1.2,2048,63,pilot_adaptive,0.01799903629218247,1792,2048,128
1.2,2048,63,regularized_adaptive,0.011055301303822374,1792,2048,128
1.2,2048,64,uniform,-0.012786616500943593,1024,2048,0
1.2,2048,64,pilot_adaptive,0.0037869854049259466,1792,2048,128
1.2,2048,64,regularized_adaptive,0.024216808555357128,1792,2048,128
1.2,2048,65,uniform,-0.02522216102729291,1024,2048,0
1.2,2048,65,pilot_adaptive,-0.0029944591281660937,1792,2048,128
1.2,2048,65,regularized_adaptive,-0.0033190400387022034,1792,2048,128
1.2,2048,66,uniform,-0.030167326359632707,1024,2048,0
1.2,2048,66,pilot_adaptive,-0.02592675136468947,1792,2048,128
1.2,2048,66,regularized_adaptive,-0.03529615453502921,1792,2048,128
1.2,2048,67,uniform,-0.0156830394504317,1024,2048,0
1.2,2048,67,pilot_adaptive,0.029870908548614405,1792,2048,128
1.2,2048,67,regularized_adaptive,0.010004757668100606,1792,2048,128
1.2,2048,68,uniform,-0.008476668553140998,1024,2048,0
1.2,2048,68,pilot_adaptive,0.01977554265308945,1792,2048,128
1.2,2048,68,regularized_adaptive,0.0011222258635654736,1792,2048,128
1.2,2048,69,uniform,-0.027270903410144376,1024,2048,0
1.2,2048,69,pilot_adaptive,-0.0015425336777952214,1792,2048,128
1.2,2048,69,regularized_adaptive,0.010167048123368883,1792,2048,128
1.2,2048,70,uniform,-0.02260757421276338,1024,2048,0
1.2,2048,70,pilot_adaptive,-0.005095546399609185,1792,2048,128
1.2,2048,70,regularized_adaptive,0.012831807664729356,1792,2048,128
1.2,2048,71,uniform,0.03024349002422122,1024,2048,0
1.2,2048,71,pilot_adaptive,-0.0024307868582487124,1792,2048,128
1.2,2048,71,regularized_adaptive,0.010167048123368883,1792,2048,128
1.2,2048,72,uniform,-0.00897096787019902,1024,2048,0
1.2,2048,72,pilot_adaptive,0.00023397268311176056,1792,2048,128
1.2,2048,72,regularized_adaptive,0.008715122672997788,1792,2048,128
1.2,2048,73,uniform,0.00395887597320832,1024,2048,0
1.2,2048,73,pilot_adaptive,0.0057257822211012055,1792,2048,128
1.2,2048,73,regularized_adaptive,0.0048375290406477145,1792,2048,128
1.2,2048,74,uniform,0.03250469558917213,1024,2048,0
1.2,2048,74,pilot_adaptive,0.030759161729067896,1792,2048,128
1.2,2048,74,regularized_adaptive,-0.016642837745505012,1792,2048,128
1.2,2048,75,uniform,0.0103891114184822,1024,2048,0
1.2,2048,75,pilot_adaptive,-0.026413622730493858,1792,2048,128
1.2,2048,75,regularized_adaptive,-0.01486633138459803,1792,2048,128
1.2,2048,76,uniform,-0.01865100751453963,1024,2048,0
1.2,2048,76,pilot_adaptive,-0.0031567495834341486,1792,2048,128
1.2,2048,76,regularized_adaptive,-0.018419344106412217,1792,2048,128
1.2,2048,77,uniform,0.015193358683342373,1024,2048,0
1.2,2048,77,pilot_adaptive,0.045697175341509855,1792,2048,128
1.2,2048,77,regularized_adaptive,0.0126695172094613,1792,2048,128
1.2,2048,78,uniform,-0.02882534647593804,1024,2048,0
1.2,2048,78,pilot_adaptive,0.0030610226797405105,1792,2048,128
1.2,2048,78,regularized_adaptive,0.0083905417624619,1792,2048,128
1.2,2048,79,uniform,-0.030733170791310327,1024,2048,0
1.2,2048,79,pilot_adaptive,-0.0004919900420734535,1792,2048,128
1.2,2048,79,regularized_adaptive,0.023328555374903415,1792,2048,128
1.2,2048,80,uniform,-0.026069841593929333,1024,2048,0
1.2,2048,80,pilot_adaptive,0.009116504487647115,1792,2048,128
1.2,2048,80,regularized_adaptive,0.02510506173581062,1792,2048,128
1.2,2048,81,uniform,0.03073778934127902,1024,2048,0
1.2,2048,81,pilot_adaptive,0.012831807664729356,1792,2048,128
1.2,2048,81,regularized_adaptive,-0.0031567495834341486,1792,2048,128
1.2,2048,82,uniform,-0.005014401171975047,1024,2048,0
1.2,2048,82,pilot_adaptive,-0.013089825023690826,1792,2048,128
1.2,2048,82,regularized_adaptive,0.0048375290406477145,1792,2048,128
1.2,2048,83,uniform,0.011236791985118622,1024,2048,0
1.2,2048,83,pilot_adaptive,0.0057257822211012055,1792,2048,128
1.2,2048,83,regularized_adaptive,-0.008648559121423371,1792,2048,128
1.2,2048,84,uniform,0.024873398327682983,1024,2048,0
1.2,2048,84,pilot_adaptive,0.022338613221301262,1747,2048,128
1.2,2048,84,regularized_adaptive,-0.009747821784492627,1736,2048,128
1.2,2048,85,uniform,0.02056345037988061,1024,2048,0
1.2,2048,85,pilot_adaptive,0.02098837674407905,1792,2048,128
1.2,2048,85,regularized_adaptive,-0.067273269031356,1792,2048,128
1.2,2048,86,uniform,-0.021053131146969717,1024,2048,0
1.2,2048,86,pilot_adaptive,0.01977554265308945,1792,2048,128
1.2,2048,86,regularized_adaptive,0.0028987322244724556,1792,2048,128
1.2,2048,87,uniform,0.029536727525063977,1024,2048,0
1.2,2048,87,pilot_adaptive,0.019049579927904015,1792,2048,128
1.2,2048,87,regularized_adaptive,0.011943554484275865,1792,2048,128
1.2,2048,88,uniform,0.01759548231577268,1024,2048,0
1.2,2048,88,pilot_adaptive,0.03132283399898528,1792,2048,128
1.2,2048,88,regularized_adaptive,-0.012927534568422772,1792,2048,128
1.2,2048,89,uniform,-0.022820037394862602,1024,2048,0
1.2,2048,89,pilot_adaptive,0.014446023570368283,1792,2048,128
1.2,2048,89,regularized_adaptive,-0.04773169906137853,1792,2048,128
1.2,2048,90,uniform,0.01363891561754893,1024,2048,0
1.2,2048,90,pilot_adaptive,0.011943554484275865,1792,2048,128
1.2,2048,90,regularized_adaptive,-0.0022684964029804355,1792,2048,128
1.2,2048,91,uniform,0.02056345037988061,1024,2048,0
1.2,2048,91,pilot_adaptive,-0.0010556623119908348,1792,2048,128
1.2,2048,91,regularized_adaptive,0.005563491765833151,1792,2048,128
1.2,2048,92,uniform,-0.02882534647593804,1024,2048,0
1.2,2048,92,pilot_adaptive,-0.023424282278597275,1792,2048,128
1.2,2048,92,regularized_adaptive,0.02349084583017169,1792,2048,128
1.2,2048,93,uniform,-0.043168715317659645,1024,2048,0
1.2,2048,93,pilot_adaptive,-0.020691774757257475,1776,2048,128
1.2,2048,93,regularized_adaptive,0.005510055422400573,1762,2048,128
1.2,2048,94,uniform,0.03971106648646261,1024,2048,0
1.2,2048,94,pilot_adaptive,0.013720060845182847,1792,2048,128
1.2,2048,94,regularized_adaptive,-0.02108410364777269,1792,2048,128
1.2,2048,95,uniform,-0.06542521755582897,1024,2048,0
1.2,2048,95,pilot_adaptive,0.01888728947263596,1792,2048,128
1.2,2048,95,regularized_adaptive,-0.0003296995868056207,1792,2048,128
1.2,2048,96,uniform,-0.045783302132189174,1024,2048,0
1.2,2048,96,pilot_adaptive,-0.0033190400387022034,1792,2048,128
1.2,2048,96,regularized_adaptive,0.0057257822211012055,1792,2048,128
1.2,2048,97,uniform,0.02678122264305527,1024,2048,0
1.2,2048,97,pilot_adaptive,0.0075022885820081875,1792,2048,128
1.2,2048,97,regularized_adaptive,0.0066140354015546965,1792,2048,128
1.2,2048,98,uniform,0.021411130946517032,1024,2048,0
1.2,2048,98,pilot_adaptive,-0.02003356001205092,1792,2048,128
1.2,2048,98,regularized_adaptive,0.015658857661357883,1792,2048,128
1.2,2048,99,uniform,-0.01829762626496101,1024,2048,0
1.2,2048,99,pilot_adaptive,-0.0201958504673192,1792,2048,128
1.2,2048,99,regularized_adaptive,0.03414988399561403,1792,2048,128
1.2,2048,100,uniform,-0.017449945698324365,1024,2048,0
1.2,2048,100,pilot_adaptive,-0.0015425336777952214,1792,2048,128
1.2,2048,100,regularized_adaptive,-0.0019439154924445479,1792,2048,128
1.2,2048,101,uniform,0.02762890320969169,1024,2048,0
1.2,2048,101,pilot_adaptive,0.03059687127379984,1792,2048,128
1.2,2048,101,regularized_adaptive,0.04109361898397412,1792,2048,128
1.2,2048,102,uniform,-0.012786616500943593,1024,2048,0
1.2,2048,102,pilot_adaptive,0.0021727694992870195,1792,2048,128
1.2,2048,102,regularized_adaptive,0.0268815680967176,1792,2048,128
1.2,2048,103,uniform,0.0024044329074146553,1024,2048,0
1.2,2048,103,pilot_adaptive,-0.025525369550040367,1792,2048,128
1.2,2048,103,regularized_adaptive,-0.01397807820414454,1792,2048,128
1.2,2048,104,uniform,0.00728022528689487,1024,2048,0
1.2,2048,104,pilot_adaptive,0.017110783111728756,1792,2048,128
1.2,2048,104,regularized_adaptive,0.017110783111728756,1792,2048,128
1.2,2048,105,uniform,-0.004307638672818026,1024,2048,0
1.2,2048,105,pilot_adaptive,0.011943554484275865,1792,2048,128
1.2,2048,105,regularized_adaptive,0.010004757668100606,1792,2048,128
1.2,2048,106,uniform,-0.005014401171975047,1024,2048,0
1.2,2048,106,pilot_adaptive,-0.0029944591281660937,1792,2048,128
1.2,2048,106,regularized_adaptive,-0.029078382271854553,1792,2048,128
1.2,2048,107,uniform,-0.010031111618934663,1024,2048,0
1.2,2048,107,pilot_adaptive,-0.013815787748876263,1792,2048,128
1.2,2048,107,regularized_adaptive,-0.00404500276388764,1792,2048,128
1.2,2048,108,uniform,-0.011232173435149706,1024,2048,0
1.2,2048,108,pilot_adaptive,0.0020104790440189646,1792,2048,128
1.2,2048,108,regularized_adaptive,-0.00404500276388764,1792,2048,128
1.2,2048,109,uniform,-0.032287613857104214,1024,2048,0
1.2,2048,109,pilot_adaptive,0.017110783111728756,1792,2048,128
1.2,2048,109,regularized_adaptive,-0.016642837745505012,1792,2048,128
1.2,2048,110,uniform,0.009328967669746335,1024,2048,0
1.2,2048,110,pilot_adaptive,0.005563491765833151,1792,2048,128
1.2,2048,110,regularized_adaptive,-0.036022117260214426,1792,2048,128
1.2,2048,111,uniform,-0.014835358883795058,1024,2048,0
1.2,2048,111,pilot_adaptive,-0.0077603059409698805,1792,2048,128
1.2,2048,111,regularized_adaptive,0.010167048123368883,1792,2048,128
1.2,2048,112,uniform,0.015052440615863194,1024,2048,0
1.2,2048,112,pilot_adaptive,-0.012201571843237558,1792,2048,128
1.2,2048,112,regularized_adaptive,0.018161326747450524,1792,2048,128
1.2,2048,113,uniform,-0.004307638672818026,1024,2048,0
1.2,2048,113,pilot_adaptive,-0.010425065482330353,1792,2048,128
1.2,2048,113,regularized_adaptive,-0.013089825023690826,1792,2048,128
1.2,2048,114,uniform,-0.010666329003472086,1024,2048,0
1.2,2048,114,pilot_adaptive,-0.008323978210887262,1792,2048,128
1.2,2048,114,regularized_adaptive,0.0021727694992870195,1792,2048,128
1.2,2048,115,uniform,0.00706776210479565,1024,2048,0
1.2,2048,115,pilot_adaptive,-0.012765244113154939,1792,2048,128
1.2,2048,115,regularized_adaptive,0.0226025926497182,1792,2048,128
1.2,2048,116,uniform,0.03561358172075946,1024,2048,0
1.2,2048,116,pilot_adaptive,0.0039492758601942235,1792,2048,128
1.2,2048,116,regularized_adaptive,0.018161326747450524,1792,2048,128
1.2,2048,117,uniform,-0.020346368647812474,1024,2048,0
1.2,2048,117,pilot_adaptive,0.0011222258635654736,1792,2048,128
1.2,2048,117,regularized_adaptive,-0.010262775027062077,1792,2048,128
1.2,2048,118,uniform,0.009328967669746335,1024,2048,0
1.2,2048,118,pilot_adaptive,-0.02197235682822618,1792,2048,128
1.2,2048,118,regularized_adaptive,0.007339998126740133,1792,2048,128
1.2,2048,119,uniform,-0.002258896289966339,1024,2048,0
1.2,2048,119,pilot_adaptive,0.04036765625878869,1792,2048,128
1.2,2048,119,regularized_adaptive,0.030759161729067896,1792,2048,128
1.2,2048,120,uniform,0.008622205170589314,1024,2048,0
1.2,2048,120,pilot_adaptive,0.0012845163188335285,1792,2048,128
1.2,2048,120,regularized_adaptive,0.03132283399898528,1792,2048,128
1.2,2048,121,uniform,0.02402571776104656,1024,2048,0
1.2,2048,121,pilot_adaptive,-0.006709762305248113,1792,2048,128
1.2,2048,121,regularized_adaptive,-0.0031567495834341486,1792,2048,128
1.2,2048,122,uniform,-0.014835358883795058,1024,2048,0
1.2,2048,122,pilot_adaptive,-0.012927534568422772,1792,2048,128
1.2,2048,122,regularized_adaptive,-0.010425065482330353,1792,2048,128
1.2,2048,123,uniform,-0.05680532166022423,1024,2048,0
1.2,2048,123,pilot_adaptive,0.013265181090451161,1779,2048,128
1.2,2048,123,regularized_adaptive,0.00901227950694139,1765,2048,128
1.2,2048,124,uniform,0.014699059366284573,1024,2048,0
1.2,2048,124,pilot_adaptive,0.008552832217729733,1792,2048,128
1.2,2048,124,regularized_adaptive,0.017110783111728756,1792,2048,128
1.2,2048,125,uniform,0.0034645766561502978,1024,2048,0
1.2,2048,125,pilot_adaptive,0.010893010848554097,1792,2048,128
1.2,2048,125,regularized_adaptive,0.009116504487647115,1792,2048,128
1.2,2048,126,uniform,0.034906819221602214,1024,2048,0
1.2,2048,126,pilot_adaptive,0.0011222258635654736,1792,2048,128
1.2,2048,126,regularized_adaptive,0.01799903629218247,1792,2048,128
1.2,2048,127,uniform,-0.04111997293480796,1024,2048,0
1.2,2048,127,pilot_adaptive,0.030434580818531787,1792,2048,128
1.2,2048,127,regularized_adaptive,0.016547110841811374,1792,2048,128
1.2,2048,128,uniform,0.005513319039001985,1024,2048,0
1.2,2048,128,pilot_adaptive,-0.02108410364777269,1792,2048,128
1.2,2048,128,regularized_adaptive,-0.01397807820414454,1792,2048,128
1.2,2048,129,uniform,-0.011373091502629107,1024,2048,0
1.2,2048,129,pilot_adaptive,-0.0077603059409698805,1792,2048,128
1.2,2048,129,regularized_adaptive,0.008228251307193624,1792,2048,128
1.2,2048,130,uniform,-0.02522216102729291,1024,2048,0
1.2,2048,130,pilot_adaptive,-0.013089825023690826,1792,2048,128
1.2,2048,130,regularized_adaptive,0.005563491765833151,1792,2048,128
1.2,2048,131,uniform,0.026427841393476648,1024,2048,0
1.2,2048,131,pilot_adaptive,0.02599331491626411,1792,2048,128
1.2,2048,131,regularized_adaptive,-0.043854105429028234,1792,2048,128
1.2,2048,132,uniform,0.019503306631144968,1024,2048,0
1.2,2048,132,pilot_adaptive,0.01460831402563656,1792,2048,128
1.2,2048,132,regularized_adaptive,-0.0006542804973417304,1792,2048,128
1.2,2048,133,uniform,-0.002258896289966339,1024,2048,0
1.2,2048,133,pilot_adaptive,-0.007435725030433549,1792,2048,128
1.2,2048,133,regularized_adaptive,0.018161326747450524,1792,2048,128
1.2,2048,134,uniform,-0.006922225487347333,1024,2048,0
1.2,2048,134,pilot_adaptive,-0.0059837995800628985,1792,2048,128
1.2,2048,134,regularized_adaptive,-0.012201571843237558,1792,2048,128
1.2,2048,135,uniform,-0.040272292368171536,1024,2048,0
1.2,2048,135,pilot_adaptive,-0.03246910453840046,1792,2048,128
1.2,2048,135,regularized_adaptive,-5.118676269288969e-06,1792,2048,128
1.2,2048,136,uniform,-0.006568844237768934,1024,2048,0
1.2,2048,136,pilot_adaptive,-0.01825705365114394,1792,2048,128
1.2,2048,136,regularized_adaptive,0.00039626313838003746,1792,2048,128
1.2,2048,137,uniform,0.008622205170589314,1024,2048,0
1.2,2048,137,pilot_adaptive,0.03754060626215994,1792,2048,128
1.2,2048,137,regularized_adaptive,0.013882351300450901,1792,2048,128
1.2,2048,138,uniform,0.02006915106282281,1024,2048,0
1.2,2048,138,pilot_adaptive,-0.0244748259143186,1792,2048,128
1.2,2048,138,regularized_adaptive,-0.0077603059409698805,1792,2048,128
1.2,2048,139,uniform,0.05045124987953886,1024,2048,0
1.2,2048,139,pilot_adaptive,0.0038079677635194376,1778,2048,128
1.2,2048,139,regularized_adaptive,-0.010608355821154047,1764,2048,128
1.2,2048,140,uniform,0.0024044329074146553,1024,2048,0
1.2,2048,140,pilot_adaptive,0.020262414018893837,1792,2048,128
1.2,2048,140,regularized_adaptive,-0.010988737752247735,1792,2048,128
1.2,2048,141,uniform,-0.011585554684728328,1024,2048,0
1.2,2048,141,pilot_adaptive,-0.008486268666155095,1792,2048,128
1.2,2048,141,regularized_adaptive,-0.053061218144099476,1792,2048,128
1.2,2048,142,uniform,-0.006215462988190312,1024,2048,0
1.2,2048,142,pilot_adaptive,0.019937833108357506,1792,2048,128
1.2,2048,142,regularized_adaptive,-0.030692598177493258,1792,2048,128
1.2,2048,143,uniform,-0.012574153318844372,1024,2048,0
1.2,2048,143,pilot_adaptive,-0.023586572733865108,1792,2048,128
1.2,2048,143,regularized_adaptive,0.03842885944261343,1792,2048,128
1.2,2048,144,uniform,0.022117893445674275,1024,2048,0
1.2,2048,144,pilot_adaptive,-0.028916091816586276,1792,2048,128
1.2,2048,144,regularized_adaptive,0.009441085398183224,1792,2048,128
1.2,2048,145,uniform,-0.013634297067580015,1024,2048,0
1.2,2048,145,pilot_adaptive,0.013720060845182847,1792,2048,128
1.2,2048,145,regularized_adaptive,-0.009536812301876862,1792,2048,128
1.2,2048,146,uniform,0.021411130946517032,1024,2048,0
1.2,2048,146,pilot_adaptive,-0.02197235682822618,1792,2048,128
1.2,2048,146,regularized_adaptive,-0.02730187591094735,1792,2048,128
1.2,2048,147,uniform,0.006926844037316249,1024,2048,0
1.2,2048,147,pilot_adaptive,0.0126695172094613,1792,2048,128
1.2,2048,147,regularized_adaptive,-0.009536812301876862,1792,2048,128
1.2,2048,148,uniform,0.0563156408931349,1024,2048,0
1.2,2048,148,pilot_adaptive,0.008228251307193624,1792,2048,128
1.2,2048,148,regularized_adaptive,0.006776325856822751,1792,2048,128
1.2,2048,149,uniform,-0.007628987986504576,1024,2048,0
1.2,2048,149,pilot_adaptive,-0.0013802432225269445,1792,2048,128
1.2,2048,149,regularized_adaptive,-0.024637116369586876,1792,2048,128
1.2,2048,150,uniform,0.011731091302176644,1024,2048,0
1.2,2048,150,pilot_adaptive,0.0037869854049259466,1792,2048,128
1.2,2048,150,regularized_adaptive,0.01178126402900781,1792,2048,128
1.2,2048,151,uniform,-0.009324349119777642,1024,2048,0
1.2,2048,151,pilot_adaptive,-0.013089825023690826,1792,2048,128
1.2,2048,151,regularized_adaptive,0.010167048123368883,1792,2048,128
1.2,2048,152,uniform,-0.018156708197481608,1024,2048,0
1.2,2048,152,pilot_adaptive,-0.012201571843237558,1792,2048,128
1.2,2048,152,regularized_adaptive,0.02171433946926471,1792,2048,128
1.2,2048,153,uniform,0.019009007314086945,1024,2048,0
1.2,2048,153,pilot_adaptive,0.01638482038654354,1792,2048,128
1.2,2048,153,regularized_adaptive,-0.01115102820751579,1792,2048,128
1.2,2048,154,uniform,-0.030945633973409548,1024,2048,0
1.2,2048,154,pilot_adaptive,-0.01486633138459803,1792,2048,128
1.2,2048,154,regularized_adaptive,0.0028987322244724556,1792,2048,128
1.2,2048,155,uniform,0.032151314339593506,1024,2048,0
1.2,2048,155,pilot_adaptive,-0.03957512998202839,1792,2048,128
1.2,2048,155,regularized_adaptive,-0.03158085135794675,1792,2048,128
1.2,2048,156,uniform,-0.009677730369356263,1024,2048,0
1.2,2048,156,pilot_adaptive,-0.0033190400387022034,1792,2048,128
1.2,2048,156,regularized_adaptive,-0.0003296995868056207,1792,2048,128
1.2,2048,157,uniform,-0.03207515067500477,1024,2048,0
1.2,2048,157,pilot_adaptive,-0.01397807820414454,1792,2048,128
1.2,2048,157,regularized_adaptive,0.004826940252153689,1780,2048,128
1.2,2048,158,uniform,-0.040059829186072315,1024,2048,0
1.2,2048,158,pilot_adaptive,-0.0024307868582487124,1792,2048,128
1.2,2048,158,regularized_adaptive,-0.03957512998202839,1792,2048,128
1.2,2048,159,uniform,0.015900121182499616,1024,2048,0
1.2,2048,159,pilot_adaptive,-0.010425065482330353,1792,2048,128
1.2,2048,159,regularized_adaptive,-0.0068720527605163895,1792,2048,128
1.2,2048,160,uniform,-0.027624284659722997,1024,2048,0
1.2,2048,160,pilot_adaptive,-0.016642837745505012,1792,2048,128
1.2,2048,160,regularized_adaptive,0.021150667199347106,1792,2048,128
1.2,2048,161,uniform,0.06564229928789689,1024,2048,0
1.2,2048,161,pilot_adaptive,-0.010425065482330353,1792,2048,128
1.2,2048,161,regularized_adaptive,-0.012201571843237558,1792,2048,128
1.2,2048,162,uniform,-0.013280915818001393,1024,2048,0
1.2,2048,162,pilot_adaptive,0.007664579037276242,1792,2048,128
1.2,2048,162,regularized_adaptive,-0.008648559121423371,1792,2048,128
1.2,2048,163,uniform,-0.003600876173660783,1024,2048,0
1.2,2048,163,pilot_adaptive,0.03148512445425333,1792,2048,128
1.2,2048,163,regularized_adaptive,0.013882351300450901,1792,2048,128
1.2,2048,164,uniform,0.04091212830267765,1024,2048,0
1.2,2048,164,pilot_adaptive,0.029870908548614405,1792,2048,128
1.2,2048,164,regularized_adaptive,0.0226025926497182,1792,2048,128
1.2,2048,165,uniform,0.016394420499557638,1024,2048,0
1.2,2048,165,pilot_adaptive,-0.014704040929329754,1792,2048,128
1.2,2048,165,regularized_adaptive,0.0005585535936480923,1792,2048,128
1.2,2048,166,uniform,-0.05440319802779414,1024,2048,0
1.2,2048,166,pilot_adaptive,-0.0077603059409698805,1792,2048,128
1.2,2048,166,regularized_adaptive,0.00023397268311176056,1792,2048,128
1.2,2048,167,uniform,-0.042321034751023,1024,2048,0
1.2,2048,167,pilot_adaptive,-0.03263139499366852,1792,2048,128
1.2,2048,167,regularized_adaptive,0.00039626313838003746,1792,2048,128
1.2,2048,168,uniform,-0.014694440816315657,1024,2048,0
1.2,2048,168,pilot_adaptive,-0.010425065482330353,1792,2048,128
1.2,2048,168,regularized_adaptive,0.004999819495915547,1792,2048,128
1.2,2048,169,uniform,2.309274984346743e-06,1024,2048,0
1.2,2048,169,pilot_adaptive,0.01832361720271858,1792,2048,128
1.2,2048,169,regularized_adaptive,-0.017531090925958503,1792,2048,128
1.2,2048,170,uniform,-0.007769906053983977,1024,2048,0
1.2,2048,170,pilot_adaptive,-0.01736880047069045,1792,2048,128
1.2,2048,170,regularized_adaptive,-0.009536812301876862,1792,2048,128
1.2,2048,171,uniform,-0.015895502632530922,1024,2048,0
1.2,2048,171,pilot_adaptive,-0.0004919900420734535,1792,2048,128
1.2,2048,171,regularized_adaptive,0.009441085398183224,1792,2048,128
1.2,2048,172,uniform,-0.03850538612027865,1024,2048,0
1.2,2048,172,pilot_adaptive,-0.004933255944341131,1792,2048,128
1.2,2048,172,regularized_adaptive,0.008715122672997788,1792,2048,128
1.2,2048,173,uniform,0.01674780174913626,1024,2048,0
1.2,2048,173,pilot_adaptive,0.024379099010625183,1792,2048,128
1.2,2048,173,regularized_adaptive,-0.0386868768015749,1792,2048,128
1.2,2048,174,uniform,-0.016743183199167344,1024,2048,0
1.2,2048,174,pilot_adaptive,-0.0361844077154827,1792,2048,128
1.2,2048,174,regularized_adaptive,-0.03246910453840046,1792,2048,128
1.2,2048,175,uniform,0.04592883874963727,1024,2048,0
1.2,2048,175,pilot_adaptive,-0.019307597286865708,1792,2048,128
1.2,2048,175,regularized_adaptive,0.0083905417624619,1792,2048,128
1.2,2048,176,uniform,0.034694356039502994,1024,2048,0
1.2,2048,176,pilot_adaptive,0.02599331491626411,1792,2048,128
1.2,2048,176,regularized_adaptive,0.0039492758601942235,1792,2048,128
1.2,2048,177,uniform,0.02452001707810436,1024,2048,0
1.2,2048,177,pilot_adaptive,-0.03957512998202839,1792,2048,128
1.2,2048,177,regularized_adaptive,0.0020104790440189646,1792,2048,128
1.2,2048,178,uniform,0.061826650657152316,1024,2048,0
1.2,2048,178,pilot_adaptive,-0.016642837745505012,1792,2048,128
1.2,2048,178,regularized_adaptive,0.01977554265308945,1792,2048,128
1.2,2048,179,uniform,0.008127905853531292,1024,2048,0
1.2,2048,179,pilot_adaptive,-0.021810066372958126,1792,2048,128
1.2,2048,179,regularized_adaptive,-0.0068720527605163895,1792,2048,128
1.2,2048,180,uniform,0.0176670274303925,1024,2048,0
1.2,2048,180,pilot_adaptive,-0.0201958504673192,1792,2048,128
1.2,2048,180,regularized_adaptive,0.0037869854049259466,1792,2048,128
1.2,2048,181,uniform,-0.0060745449207109115,1024,2048,0
1.2,2048,181,pilot_adaptive,-0.011313318662783844,1792,2048,128
1.2,2048,181,regularized_adaptive,0.011217591759090428,1792,2048,128
1.2,2048,182,uniform,0.011590173234697243,1024,2048,0
1.2,2048,182,pilot_adaptive,0.013720060845182847,1792,2048,128
1.2,2048,182,regularized_adaptive,-0.026413622730493858,1792,2048,128
1.2,2048,183,uniform,0.004312257222786942,1024,2048,0
1.2,2048,183,pilot_adaptive,-0.018983016376329598,1792,2048,128
1.2,2048,183,regularized_adaptive,-0.028027838636132785,1792,2048,128
1.2,2048,184,uniform,-0.02571646034435071,1024,2048,0
1.2,2048,184,pilot_adaptive,-0.01115102820751579,1792,2048,128
1.2,2048,184,regularized_adaptive,-0.011313318662783844,1792,2048,128
1.2,2048,185,uniform,0.026074460143898248,1024,2048,0
1.2,2048,185,pilot_adaptive,-0.030692598177493258,1792,2048,128
1.2,2048,185,regularized_adaptive,-0.0024307868582487124,1792,2048,128
1.2,2048,186,uniform,0.03695556160445368,1024,2048,0
1.2,2048,186,pilot_adaptive,-0.005107714251396445,1752,2048,128
1.2,2048,186,regularized_adaptive,-0.004300992814437521,1741,2048,128
1.2,2048,187,uniform,-0.03468973748953408,1024,2048,0
1.2,2048,187,pilot_adaptive,0.0012845163188335285,1792,2048,128
1.2,2048,187,regularized_adaptive,-0.0033190400387022034,1792,2048,128
1.2,2048,188,uniform,-0.029673027042574462,1024,2048,0
1.2,2048,188,pilot_adaptive,-0.021810066372958126,1792,2048,128
1.2,2048,188,regularized_adaptive,0.012268135394811752,1792,2048,128
1.2,2048,189,uniform,-0.009183431052298241,1024,2048,0
1.2,2048,189,pilot_adaptive,0.0581432227777241,1778,2048,128
1.2,2048,189,regularized_adaptive,-0.03841437609162157,1765,2048,128
1.2,2048,190,uniform,-0.03278191317416179,1024,2048,0
1.2,2048,190,pilot_adaptive,-0.019307597286865708,1792,2048,128
1.2,2048,190,regularized_adaptive,0.0039492758601942235,1792,2048,128
1.2,2048,191,uniform,-0.042815334068081023,1024,2048,0
1.2,2048,191,pilot_adaptive,-0.010262775027062077,1792,2048,128
1.2,2048,191,regularized_adaptive,-0.01203928138796928,1792,2048,128
1.2,2048,192,uniform,-0.006215462988190312,1024,2048,0
1.2,2048,192,pilot_adaptive,-0.0022684964029804355,1792,2048,128
1.2,2048,192,regularized_adaptive,0.024216808555357128,1792,2048,128
1.2,2048,193,uniform,0.026427841393476648,1024,2048,0
1.2,2048,193,pilot_adaptive,-0.008653616839893852,1765,2048,128
1.2,2048,193,regularized_adaptive,0.019932570672921424,1750,2048,128
1.2,2048,194,uniform,0.02056345037988061,1024,2048,0
1.2,2048,194,pilot_adaptive,0.02510506173581062,1792,2048,128
1.2,2048,194,regularized_adaptive,-0.008486268666155095,1792,2048,128
1.2,2048,195,uniform,0.03144455184043626,1024,2048,0
1.2,2048,195,pilot_adaptive,-0.02730187591094735,1792,2048,128
1.2,2048,195,regularized_adaptive,0.010004757668100606,1792,2048,128
1.2,2048,196,uniform,-0.008476668553140998,1024,2048,0
1.2,2048,196,pilot_adaptive,0.0126695172094613,1792,2048,128
1.2,2048,196,regularized_adaptive,0.008228251307193624,1792,2048,128
1.2,2048,197,uniform,-0.043168715317659645,1024,2048,0
1.2,2048,197,pilot_adaptive,-0.03351964817412201,1792,2048,128
1.2,2048,197,regularized_adaptive,-0.01454175047406192,1792,2048,128
1.2,2048,198,uniform,-0.015895502632530922,1024,2048,0
1.2,2048,198,pilot_adaptive,0.011943554484275865,1792,2048,128
1.2,2048,198,regularized_adaptive,0.01178126402900781,1792,2048,128
1.2,2048,199,uniform,-0.01843854433244041,1024,2048,0
1.2,2048,199,pilot_adaptive,-0.0386868768015749,1792,2048,128
1.2,2048,199,regularized_adaptive,0.024865970376429347,1792,2048,128
1.2,2048,200,uniform,0.018302244814929702,1024,2048,0
1.2,2048,200,pilot_adaptive,-0.029804344997039767,1792,2048,128
1.2,2048,200,regularized_adaptive,0.017273073566997033,1792,2048,128
1.2,2048,201,uniform,0.0038179579057289192,1024,2048,0
1.2,2048,201,pilot_adaptive,-0.0024307868582487124,1792,2048,128
1.2,2048,201,regularized_adaptive,-0.009536812301876862,1792,2048,128
1.2,2048,202,uniform,-0.05200107439536383,1024,2048,0
1.2,2048,202,pilot_adaptive,0.002912720463534635,1778,2048,128
1.2,2048,202,regularized_adaptive,0.018394421518500348,1764,2048,128
1.2,2048,203,uniform,-0.014694440816315657,1024,2048,0
1.2,2048,203,pilot_adaptive,0.051914947604684514,1792,2048,128
1.2,2048,203,regularized_adaptive,0.0021727694992870195,1792,2048,128
1.2,2048,204,uniform,0.03059687127379984,1024,2048,0
1.2,2048,204,pilot_adaptive,-0.022698319553411617,1792,2048,128
1.2,2048,204,regularized_adaptive,0.0268815680967176,1792,2048,128
1.2,2048,205,uniform,-0.03801108680322063,1024,2048,0
1.2,2048,205,pilot_adaptive,-0.0022684964029804355,1792,2048,128
1.2,2048,205,regularized_adaptive,-0.010262775027062077,1792,2048,128
1.2,2048,206,uniform,0.0010624530237202112,1024,2048,0
1.2,2048,206,pilot_adaptive,-0.007598015485701604,1792,2048,128
1.2,2048,206,regularized_adaptive,-0.018419344106412217,1792,2048,128
1.2,2048,207,uniform,-0.0345488194220549,1024,2048,0
1.2,2048,207,pilot_adaptive,-0.009536812301876862,1792,2048,128
1.2,2048,207,regularized_adaptive,-0.009536812301876862,1792,2048,128
1.2,2048,208,uniform,-0.011726472752207728,1024,2048,0
1.2,2048,208,pilot_adaptive,-0.004207293219155694,1792,2048,128
1.2,2048,208,regularized_adaptive,-0.012765244113154939,1792,2048,128
1.2,2048,209,uniform,0.007421143354374271,1024,2048,0
1.2,2048,209,pilot_adaptive,-0.013815787748876263,1792,2048,128
1.2,2048,209,regularized_adaptive,0.0012845163188335285,1792,2048,128
1.2,2048,210,uniform,-0.023667717961499024,1024,2048,0
1.2,2048,210,pilot_adaptive,0.0048375290406477145,1792,2048,128
1.2,2048,210,regularized_adaptive,0.009278794942915392,1792,2048,128
1.2,2048,211,uniform,0.02762890320969169,1024,2048,0
1.2,2048,211,pilot_adaptive,0.0075022885820081875,1792,2048,128
1.2,2048,211,regularized_adaptive,-0.030854888632761535,1792,2048,128
1.2,2048,212,uniform,-0.007769906053983977,1024,2048,0
1.2,2048,212,pilot_adaptive,0.01670940129707943,1792,2048,128
1.2,2048,212,regularized_adaptive,0.0020104790440189646,1792,2048,128
1.2,2048,213,uniform,0.05165231169575413,1024,2048,0
1.2,2048,213,pilot_adaptive,-0.005821509124794622,1792,2048,128
1.2,2048,213,regularized_adaptive,-0.022536029098143562,1792,2048,128
1.2,2048,214,uniform,0.01674780174913626,1024,2048,0
1.2,2048,214,pilot_adaptive,0.014770604480904392,1792,2048,128
1.2,2048,214,regularized_adaptive,0.022440302194449924,1792,2048,128
1.2,2048,215,uniform,-0.0038133393557600037,1024,2048,0
1.2,2048,215,pilot_adaptive,-0.0012179527672591117,1792,2048,128
1.2,2048,215,regularized_adaptive,-0.024312535459050766,1792,2048,128
1.2,2048,216,uniform,-0.009677730369356263,1024,2048,0
1.2,2048,216,pilot_adaptive,-0.016642837745505012,1792,2048,128
1.2,2048,216,regularized_adaptive,-0.05750248404636715,1792,2048,128
1.2,2048,217,uniform,0.0077745246039526705,1024,2048,0
1.2,2048,217,pilot_adaptive,0.010167048123368883,1792,2048,128
1.2,2048,217,regularized_adaptive,0.015334276750821774,1792,2048,128
1.2,2048,218,uniform,0.011943554484275865,1024,2048,0
1.2,2048,218,pilot_adaptive,0.0011222258635654736,1792,2048,128
1.2,2048,218,regularized_adaptive,0.0014468067741015833,1792,2048,128
1.2,2048,219,uniform,-0.019004388764118252,1024,2048,0
1.2,2048,219,pilot_adaptive,0.0030610226797405105,1792,2048,128
1.2,2048,219,regularized_adaptive,0.005563491765833151,1792,2048,128
1.2,2048,220,uniform,0.0022635148399352545,1024,2048,0
1.2,2048,220,pilot_adaptive,-0.005821509124794622,1792,2048,128
1.2,2048,220,regularized_adaptive,-0.005821509124794622,1792,2048,128
1.2,2048,221,uniform,0.034906819221602214,1024,2048,0
1.2,2048,221,pilot_adaptive,-0.009374521846608808,1792,2048,128
1.2,2048,221,regularized_adaptive,0.005563491765833151,1792,2048,128
1.2,2048,222,uniform,0.022471274695252896,1024,2048,0
1.2,2048,222,pilot_adaptive,-0.0006542804973417304,1792,2048,128
1.2,2048,222,regularized_adaptive,0.0126695172094613,1792,2048,128
1.2,2048,223,uniform,-0.030379789541731705,1024,2048,0
1.2,2048,223,pilot_adaptive,0.011943554484275865,1792,2048,128
1.2,2048,223,regularized_adaptive,0.0057257822211012055,1792,2048,128
1.2,2048,224,uniform,0.0633810937229462,1024,2048,0
1.2,2048,224,pilot_adaptive,-0.012765244113154939,1792,2048,128
1.2,2048,224,regularized_adaptive,-0.009374521846608808,1792,2048,128
1.2,2048,225,uniform,-0.012927534568422772,1024,2048,0
1.2,2048,225,pilot_adaptive,0.0037869854049259466,1792,2048,128
1.2,2048,225,regularized_adaptive,-0.0022684964029804355,1792,2048,128
1.2,2048,226,uniform,0.021623594128616253,1024,2048,0
1.2,2048,226,pilot_adaptive,-0.010933041563956802,1749,2048,128
1.2,2048,226,regularized_adaptive,-0.006676496286537992,1738,2048,128
1.2,2048,227,uniform,0.02762890320969169,1024,2048,0
1.2,2048,227,pilot_adaptive,-0.009374521846608808,1792,2048,128
1.2,2048,227,regularized_adaptive,0.01549656720609005,1792,2048,128
1.2,2048,228,uniform,-0.009677730369356263,1024,2048,0
1.2,2048,228,pilot_adaptive,-0.012927534568422772,1792,2048,128
1.2,2048,228,regularized_adaptive,-0.004933255944341131,1792,2048,128
1.2,2048,229,uniform,0.008975586420167714,1024,2048,0
1.2,2048,229,pilot_adaptive,-0.017206510015422394,1792,2048,128
1.2,2048,229,regularized_adaptive,0.009116504487647115,1792,2048,128
1.2,2048,230,uniform,0.004665638472365341,1024,2048,0
1.2,2048,230,pilot_adaptive,0.010167048123368883,1792,2048,128
1.2,2048,230,regularized_adaptive,-0.02286061000867967,1792,2048,128
1.2,2048,231,uniform,-0.02486877977771429,1024,2048,0
1.2,2048,231,pilot_adaptive,-0.01914530683159743,1792,2048,128
1.2,2048,231,regularized_adaptive,-0.03585982680494637,1792,2048,128
1.2,2048,232,uniform,-0.019852069330754674,1024,2048,0
1.2,2048,232,pilot_adaptive,0.0039492758601942235,1792,2048,128
1.2,2048,232,regularized_adaptive,0.02793211173243937,1792,2048,128
1.2,2048,233,uniform,-0.008476668553140998,1024,2048,0
1.2,2048,233,pilot_adaptive,-0.024637116369586876,1792,2048,128
1.2,2048,233,regularized_adaptive,0.0020104790440189646,1792,2048,128
1.2,2048,234,uniform,-0.01207985400178635,1024,2048,0
1.2,2048,234,pilot_adaptive,0.021552049013996433,1792,2048,128
1.2,2048,234,regularized_adaptive,-0.020921813192504413,1792,2048,128
1.2,2048,235,uniform,-0.058572227908117114,1024,2048,0
1.2,2048,235,pilot_adaptive,-0.013089825023690826,1792,2048,128
1.2,2048,235,regularized_adaptive,0.005563491765833151,1792,2048,128
1.2,2048,236,uniform,-0.020699749897391095,1024,2048,0
1.2,2048,236,pilot_adaptive,-0.0068720527605163895,1792,2048,128
1.2,2048,236,regularized_adaptive,0.010329338578636715,1792,2048,128
1.2,2048,237,uniform,-0.014694440816315657,1024,2048,0
1.2,2048,237,pilot_adaptive,0.017435364022265087,1792,2048,128
1.2,2048,237,regularized_adaptive,-0.010425065482330353,1792,2048,128
1.2,2048,238,uniform,0.0034645766561502978,1024,2048,0
1.2,2048,238,pilot_adaptive,-0.01914530683159743,1792,2048,128
1.2,2048,238,regularized_adaptive,0.013720060845182847,1792,2048,128
1.2,2048,239,uniform,-0.029885490224673683,1024,2048,0
1.2,2048,239,pilot_adaptive,0.02882036491289286,1792,2048,128
1.2,2048,239,regularized_adaptive,-0.01115102820751579,1792,2048,128
1.2,2048,240,uniform,0.005866700288580384,1024,2048,0
1.2,2048,240,pilot_adaptive,0.009441085398183224,1792,2048,128
1.2,2048,240,regularized_adaptive,-0.029966635452308044,1792,2048,128
1.2,2048,241,uniform,0.012437853801333665,1024,2048,0
1.2,2048,241,pilot_adaptive,0.01299409811999741,1792,2048,128
1.2,2048,241,regularized_adaptive,-0.0201958504673192,1792,2048,128
1.2,2048,242,uniform,-0.03574988123826994,1024,2048,0
1.2,2048,242,pilot_adaptive,-0.029966635452308044,1792,2048,128
1.2,2048,242,regularized_adaptive,0.02631789582680022,1792,2048,128
1.2,2048,243,uniform,0.05249999226239033,1024,2048,0
1.2,2048,243,pilot_adaptive,-0.0201958504673192,1792,2048,128
1.2,2048,243,regularized_adaptive,-0.012927534568422772,1792,2048,128
1.2,2048,244,uniform,-0.005862081738611691,1024,2048,0
1.2,2048,244,pilot_adaptive,0.03132283399898528,1792,2048,128
1.2,2048,244,regularized_adaptive,-0.024637116369586876,1792,2048,128
1.2,2048,245,uniform,0.008975586420167714,1024,2048,0
1.2,2048,245,pilot_adaptive,-0.009212231391340753,1792,2048,128
1.2,2048,245,regularized_adaptive,-0.01486633138459803,1792,2048,128
1.2,2048,246,uniform,0.026074460143898248,1024,2048,0
1.2,2048,246,pilot_adaptive,-0.006709762305248113,1792,2048,128
1.2,2048,246,regularized_adaptive,0.006451744946286642,1792,2048,128
1.2,2048,247,uniform,-0.04111997293480796,1024,2048,0
1.2,2048,247,pilot_adaptive,0.0126695172094613,1792,2048,128
1.2,2048,247,regularized_adaptive,-0.004770965489073076,1792,2048,128
1.2,2048,248,uniform,0.03144455184043626,1024,2048,0
1.2,2048,248,pilot_adaptive,-0.0006542804973417304,1792,2048,128
1.2,2048,248,regularized_adaptive,0.0012845163188335285,1792,2048,128
1.2,2048,249,uniform,-0.024162017278557046,1024,2048,0
1.2,2048,249,pilot_adaptive,-0.009536812301876862,1792,2048,128
1.2,2048,249,regularized_adaptive,0.010004757668100606,1792,2048,128
1.2,2048,250,uniform,-0.003035031741983163,1024,2048,0
1.2,2048,250,pilot_adaptive,0.052803200785138005,1792,2048,128
1.2,2048,250,regularized_adaptive,-0.007435725030433549,1792,2048,128
1.2,2048,251,uniform,-0.03214669578962459,1024,2048,0
1.2,2048,251,pilot_adaptive,0.03431217445088186,1792,2048,128
1.2,2048,251,regularized_adaptive,-0.012201571843237558,1792,2048,128
1.2,2048,252,uniform,-0.010172029686414064,1024,2048,0
1.2,2048,252,pilot_adaptive,-0.008648559121423371,1792,2048,128
1.2,2048,252,regularized_adaptive,-0.0004919900420734535,1792,2048,128
1.2,2048,253,uniform,-0.011726472752207728,1024,2048,0
1.2,2048,253,pilot_adaptive,-0.0077603059409698805,1792,2048,128
1.2,2048,253,regularized_adaptive,-0.011313318662783844,1792,2048,128
1.2,2048,254,uniform,0.008127905853531292,1024,2048,0
1.2,2048,254,pilot_adaptive,0.027043858551985878,1792,2048,128
1.2,2048,254,regularized_adaptive,0.01921187038317207,1792,2048,128
1.2,2048,255,uniform,0.014699059366284573,1024,2048,0
1.2,2048,255,pilot_adaptive,-0.0006542804973417304,1792,2048,128
1.2,2048,255,regularized_adaptive,0.0066140354015546965,1792,2048,128
1.2,2048,256,uniform,-0.02161897557864756,1024,2048,0
1.2,2048,256,pilot_adaptive,0.0380274776279641,1792,2048,128
1.2,2048,256,regularized_adaptive,-0.010425065482330353,1792,2048,128
1.2,2048,257,uniform,-0.008123287303562376,1024,2048,0
1.2,2048,257,pilot_adaptive,-0.002206599326738168,1750,2048,128
1.2,2048,257,regularized_adaptive,0.0054042902429041195,1740,2048,128
1.2,2048,258,uniform,-0.0020464331078671183,1024,2048,0
1.2,2048,258,pilot_adaptive,0.009278794942915392,1792,2048,128
1.2,2048,258,regularized_adaptive,-0.0045792381120828285,1791,2048,128
1.2,2048,259,uniform,-0.013775215135059415,1024,2048,0
1.2,2048,259,pilot_adaptive,0.028658074457624583,1792,2048,128
1.2,2048,259,regularized_adaptive,0.005563491765833151,1792,2048,128
1.2,2048,260,uniform,0.06564229928789689,1024,2048,0
1.2,2048,260,pilot_adaptive,0.008715122672997788,1792,2048,128
1.2,2048,260,regularized_adaptive,0.010004757668100606,1792,2048,128
1.2,2048,261,uniform,-0.01829762626496101,1024,2048,0
1.2,2048,261,pilot_adaptive,0.004999819495915547,1792,2048,128
1.2,2048,261,regularized_adaptive,0.037865187172696047,1792,2048,128
1.2,2048,262,uniform,0.025367697644741005,1024,2048,0
1.2,2048,262,pilot_adaptive,-0.0031567495834341486,1792,2048,128
1.2,2048,262,regularized_adaptive,-0.017531090925958503,1792,2048,128
1.2,2048,263,uniform,-0.019004388764118252,1024,2048,0
1.2,2048,263,pilot_adaptive,-0.004933255944341131,1792,2048,128
1.2,2048,263,regularized_adaptive,0.01178126402900781,1792,2048,128
1.2,2048,264,uniform,-0.024021099211077646,1024,2048,0
1.2,2048,264,pilot_adaptive,0.029546327638078074,1792,2048,128
1.2,2048,264,regularized_adaptive,0.01638482038654354,1792,2048,128
1.2,2048,265,uniform,0.00035569052456296824,1024,2048,0
1.2,2048,265,pilot_adaptive,0.0028987322244724556,1792,2048,128
1.2,2048,265,regularized_adaptive,-0.0109393695293043,1791,2048,128
1.2,2048,266,uniform,-0.001552133790809318,1024,2048,0
1.2,2048,266,pilot_adaptive,0.024379099010625183,1792,2048,128
1.2,2048,266,regularized_adaptive,-0.01115102820751579,1792,2048,128
1.2,2048,267,uniform,-0.019852069330754674,1024,2048,0
1.2,2048,267,pilot_adaptive,-0.004386673078772052,1778,2048,128
1.2,2048,267,regularized_adaptive,0.011557816770015439,1765,2048,128
1.2,2048,268,uniform,-0.00035107197459427475,1024,2048,0
1.2,2048,268,pilot_adaptive,0.02882036491289286,1792,2048,128
1.2,2048,268,regularized_adaptive,0.01210584493954392,1792,2048,128
1.2,2048,269,uniform,0.03059687127379984,1024,2048,0
1.2,2048,269,pilot_adaptive,-0.03529615453502921,1792,2048,128
1.2,2048,269,regularized_adaptive,-0.02286061000867967,1792,2048,128
1.2,2048,270,uniform,-0.02557554227687131,1024,2048,0
1.2,2048,270,pilot_adaptive,0.009116504487647115,1792,2048,128
1.2,2048,270,regularized_adaptive,-0.0006542804973417304,1792,2048,128
1.2,2048,271,uniform,-0.010878792185571307,1024,2048,0
1.2,2048,271,pilot_adaptive,-0.01825705365114394,1792,2048,128
1.2,2048,271,regularized_adaptive,-0.0031567495834341486,1792,2048,128
1.2,2048,272,uniform,-0.02500969784519369,1024,2048,0
1.2,2048,272,pilot_adaptive,-0.005821509124794622,1792,2048,128
1.2,2048,272,regularized_adaptive,-0.0068720527605163895,1792,2048,128
1.2,2048,273,uniform,-0.006922225487347333,1024,2048,0
1.2,2048,273,pilot_adaptive,-0.010425065482330353,1792,2048,128
1.2,2048,273,regularized_adaptive,0.005888072676369038,1792,2048,128
1.2,2048,274,uniform,0.01399229686712733,1024,2048,0
1.2,2048,274,pilot_adaptive,-0.011313318662783844,1792,2048,128
1.2,2048,274,regularized_adaptive,0.0057257822211012055,1792,2048,128
1.2,2048,275,uniform,0.010035730168903578,1024,2048,0
1.2,2048,275,pilot_adaptive,0.0057257822211012055,1792,2048,128
1.2,2048,275,regularized_adaptive,0.015334276750821774,1792,2048,128
1.2,2048,276,uniform,0.012437853801333665,1024,2048,0
1.2,2048,276,pilot_adaptive,-0.0077603059409698805,1792,2048,128
1.2,2048,276,regularized_adaptive,-0.0024307868582487124,1792,2048,128
1.2,2048,277,uniform,0.02021006913030199,1024,2048,0
1.2,2048,277,pilot_adaptive,-0.012927534568422772,1792,2048,128
1.2,2048,277,regularized_adaptive,-0.008486268666155095,1792,2048,128
1.2,2048,278,uniform,-0.0039542574232394045,1024,2048,0
1.2,2048,278,pilot_adaptive,-0.031743141813215026,1792,2048,128
1.2,2048,278,regularized_adaptive,-0.0059837995800628985,1792,2048,128
1.2,2048,279,uniform,-0.012574153318844372,1024,2048,0
1.2,2048,279,pilot_adaptive,0.02066379583354294,1792,2048,128
1.2,2048,279,regularized_adaptive,-0.01397807820414454,1792,2048,128
1.2,2048,280,uniform,0.006220081538159006,1024,2048,0
1.2,2048,280,pilot_adaptive,-0.0068720527605163895,1792,2048,128
1.2,2048,280,regularized_adaptive,0.011943554484275865,1792,2048,128
1.2,2048,281,uniform,0.0103891114184822,1024,2048,0
1.2,2048,281,pilot_adaptive,-0.0068720527605163895,1792,2048,128
1.2,2048,281,regularized_adaptive,0.01888728947263596,1792,2048,128
1.2,2048,282,uniform,-0.02154743046402774,1024,2048,0
1.2,2048,282,pilot_adaptive,0.0020104790440189646,1792,2048,128
1.2,2048,282,regularized_adaptive,-0.023748863189133163,1792,2048,128
1.2,2048,283,uniform,0.0105300294859616,1024,2048,0
1.2,2048,283,pilot_adaptive,0.014446023570368283,1792,2048,128
1.2,2048,283,regularized_adaptive,0.042870125344881105,1792,2048,128
1.2,2048,284,uniform,0.03787478728571014,1024,2048,0
1.2,2048,284,pilot_adaptive,-0.007598015485701604,1792,2048,128
1.2,2048,284,regularized_adaptive,-0.026251332275225803,1792,2048,128
1.2,2048,285,uniform,0.006220081538159006,1024,2048,0
1.2,2048,285,pilot_adaptive,-0.0031567495834341486,1792,2048,128
1.2,2048,285,regularized_adaptive,0.030434580818531787,1792,2048,128
1.2,2048,286,uniform,0.02381325457894734,1024,2048,0
1.2,2048,286,pilot_adaptive,0.024379099010625183,1792,2048,128
1.2,2048,286,regularized_adaptive,-0.009536812301876862,1792,2048,128
1.2,2048,287,uniform,0.027982284459270312,1024,2048,0
1.2,2048,287,pilot_adaptive,-0.02164777591769007,1792,2048,128
1.2,2048,287,regularized_adaptive,-0.01914530683159743,1792,2048,128
1.2,2048,288,uniform,0.029042428208006177,1024,2048,0
1.2,2048,288,pilot_adaptive,-0.020921813192504413,1792,2048,128
1.2,2048,288,regularized_adaptive,-0.0077603059409698805,1792,2048,128
1.2,2048,289,uniform,0.005866700288580384,1024,2048,0
1.2,2048,289,pilot_adaptive,0.022764883104986033,1792,2048,128
1.2,2048,289,regularized_adaptive,0.008228251307193624,1792,2048,128
1.2,2048,290,uniform,0.04889680681374542,1024,2048,0
1.2,2048,290,pilot_adaptive,-0.0068720527605163895,1792,2048,128
1.2,2048,290,regularized_adaptive,0.02882036491289286,1792,2048,128
1.2,2048,291,uniform,0.011590173234697243,1024,2048,0
1.2,2048,291,pilot_adaptive,-0.016480547290236958,1792,2048,128
1.2,2048,291,regularized_adaptive,0.01549656720609005,1792,2048,128
1.2,2048,292,uniform,-0.004520101854917247,1024,2048,0
1.2,2048,292,pilot_adaptive,0.0011222258635654736,1792,2048,128
1.2,2048,292,regularized_adaptive,-0.00404500276388764,1792,2048,128
1.2,2048,293,uniform,-0.020205450580333295,1024,2048,0
1.2,2048,293,pilot_adaptive,-0.008486268666155095,1792,2048,128
1.2,2048,293,regularized_adaptive,0.036652353081706446,1792,2048,128
1.2,2048,294,uniform,-0.00897096787019902,1024,2048,0
1.2,2048,294,pilot_adaptive,-0.0024307868582487124,1792,2048,128
1.2,2048,294,regularized_adaptive,0.0028987322244724556,1792,2048,128
1.2,2048,295,uniform,-0.00035107197459427475,1024,2048,0
1.2,2048,295,pilot_adaptive,0.0126695172094613,1792,2048,128
1.2,2048,295,regularized_adaptive,0.0011222258635654736,1792,2048,128
1.2,2048,296,uniform,-0.0046610199223966475,1024,2048,0
1.2,2048,296,pilot_adaptive,-0.0013802432225269445,1792,2048,128
1.2,2048,296,regularized_adaptive,0.0083905417624619,1792,2048,128
1.2,2048,297,uniform,0.0034645766561502978,1024,2048,0
1.2,2048,297,pilot_adaptive,-0.03529615453502921,1792,2048,128
1.2,2048,297,regularized_adaptive,0.0011222258635654736,1792,2048,128
1.2,2048,298,uniform,0.054054435328184214,1024,2048,0
1.2,2048,298,pilot_adaptive,-0.04861995224183202,1792,2048,128
1.2,2048,298,regularized_adaptive,0.02066379583354294,1792,2048,128
1.2,2048,299,uniform,-0.010172029686414064,1024,2048,0
1.2,2048,299,pilot_adaptive,-0.0006542804973417304,1792,2048,128
1.2,2048,299,regularized_adaptive,0.0016090972293694161,1792,2048,128
1.2,2048,300,uniform,-0.0345488194220549,1024,2048,0
1.2,2048,300,pilot_adaptive,-0.043128142703842576,1792,2048,128
1.2,2048,300,regularized_adaptive,0.008228251307193624,1792,2048,128
1.2,2048,301,uniform,0.01710118299871466,1024,2048,0
1.2,2048,301,pilot_adaptive,-0.021201152234835652,1777,2048,128
1.2,2048,301,regularized_adaptive,-0.026479624526659196,1763,2048,128
1.2,2048,302,uniform,-0.0034599581061816043,1024,2048,0
1.2,2048,302,pilot_adaptive,-0.008648559121423371,1792,2048,128
1.2,2048,302,regularized_adaptive,-0.004207293219155694,1792,2048,128
1.2,2048,303,uniform,-0.016602265131687943,1024,2048,0
1.2,2048,303,pilot_adaptive,0.02542964264634673,1792,2048,128
1.2,2048,303,regularized_adaptive,-0.0031567495834341486,1792,2048,128
1.2,2048,304,uniform,0.014558141298805172,1024,2048,0
1.2,2048,304,pilot_adaptive,0.017671377027419277,1776,2048,128
1.2,2048,304,regularized_adaptive,-0.006233841338011192,1762,2048,128
1.2,2048,305,uniform,-0.014341059566737036,1024,2048,0
1.2,2048,305,pilot_adaptive,0.0037869854049259466,1792,2048,128
1.2,2048,305,regularized_adaptive,0.011055301303822374,1792,2048,128
1.2,2048,306,uniform,-0.02161897557864756,1024,2048,0
1.2,2048,306,pilot_adaptive,-0.0201958504673192,1792,2048,128
1.2,2048,306,regularized_adaptive,0.034875846720799464,1792,2048,128
1.2,2048,307,uniform,-0.036950943054484986,1024,2048,0
1.2,2048,307,pilot_adaptive,0.0040820759747386415,1779,2048,128
1.2,2048,307,regularized_adaptive,-0.02218123468158839,1765,2048,128
1.2,2048,308,uniform,-0.002258896289966339,1024,2048,0
1.2,2048,308,pilot_adaptive,-0.0040251343914781135,1777,2048,128
1.2,2048,308,regularized_adaptive,0.02408077431898592,1763,2048,128
1.2,2048,309,uniform,0.0010624530237202112,1024,2048,0
1.2,2048,309,pilot_adaptive,0.0057257822211012055,1792,2048,128
1.2,2048,309,regularized_adaptive,0.02776982127717109,1792,2048,128
1.2,2048,310,uniform,0.028194747641369533,1024,2048,0
1.2,2048,310,pilot_adaptive,-0.016642837745505012,1792,2048,128
1.2,2048,310,regularized_adaptive,-0.009049940936072476,1792,2048,128
1.2,2048,311,uniform,-0.03815200487070003,1024,2048,0
1.2,2048,311,pilot_adaptive,0.01799903629218247,1792,2048,128
1.2,2048,311,regularized_adaptive,0.0005585535936480923,1792,2048,128
1.2,2048,312,uniform,0.009823266986804358,1024,2048,0
1.2,2048,312,pilot_adaptive,0.0039492758601942235,1792,2048,128
1.2,2048,312,regularized_adaptive,-0.038849167256843176,1792,2048,128
1.2,2048,313,uniform,-0.0074165248044053556,1024,2048,0
1.2,2048,313,pilot_adaptive,0.011943554484275865,1792,2048,128
1.2,2048,313,regularized_adaptive,0.0057257822211012055,1792,2048,128
1.2,2048,314,uniform,-0.01207985400178635,1024,2048,0
1.2,2048,314,pilot_adaptive,0.011055301303822374,1792,2048,128
1.2,2048,314,regularized_adaptive,-0.0068720527605163895,1792,2048,128
1.2,2048,315,uniform,-0.02175989364612696,1024,2048,0
1.2,2048,315,pilot_adaptive,0.021552049013996433,1792,2048,128
1.2,2048,315,regularized_adaptive,0.03059687127379984,1792,2048,128
1.2,2048,316,uniform,-0.00239981435744574,1024,2048,0
1.2,2048,316,pilot_adaptive,0.0030610226797405105,1792,2048,128
1.2,2048,316,regularized_adaptive,0.00023397268311176056,1792,2048,128
1.2,2048,317,uniform,-0.0350431187391127,1024,2048,0
1.2,2048,317,pilot_adaptive,0.01549656720609005,1792,2048,128
1.2,2048,317,regularized_adaptive,0.028658074457624583,1792,2048,128
1.2,2048,318,uniform,-0.0038133393557600037,1024,2048,0
1.2,2048,318,pilot_adaptive,-0.016642837745505012,1792,2048,128
1.2,2048,318,regularized_adaptive,-0.04329043315911085,1792,2048,128
1.2,2048,319,uniform,-0.010172029686414064,1024,2048,0
1.2,2048,319,pilot_adaptive,0.013557770389914792,1792,2048,128
1.2,2048,319,regularized_adaptive,-0.007598015485701604,1792,2048,128
1.2,2048,320,uniform,2.309274984346743e-06,1024,2048,0
1.2,2048,320,pilot_adaptive,-0.0006542804973417304,1792,2048,128
1.2,2048,320,regularized_adaptive,-0.0031567495834341486,1792,2048,128
1.2,2048,321,uniform,0.024379099010625183,1024,2048,0
1.2,2048,321,pilot_adaptive,0.00023397268311176056,1792,2048,128
1.2,2048,321,regularized_adaptive,-0.025525369550040367,1792,2048,128
1.2,2048,322,uniform,0.03957014841898321,1024,2048,0
1.2,2048,322,pilot_adaptive,-0.0015425336777952214,1792,2048,128
1.2,2048,322,regularized_adaptive,-0.0068720527605163895,1792,2048,128
1.2,2048,323,uniform,0.002051051657836034,1024,2048,0
1.2,2048,323,pilot_adaptive,0.007778884463245372,1779,2048,128
1.2,2048,323,regularized_adaptive,0.026518189548511817,1765,2048,128
1.2,2048,324,uniform,-0.036810024987005585,1024,2048,0
1.2,2048,324,pilot_adaptive,-0.04579290224520327,1792,2048,128
1.2,2048,324,regularized_adaptive,-0.005095546399609185,1792,2048,128
1.2,2048,325,uniform,0.01385137879964815,1024,2048,0
1.2,2048,325,pilot_adaptive,0.011055301303822374,1792,2048,128
1.2,2048,325,regularized_adaptive,-0.0077603059409698805,1792,2048,128
1.2,2048,326,uniform,-0.022960955462342003,1024,2048,0
1.2,2048,326,pilot_adaptive,-0.02108410364777269,1792,2048,128
1.2,2048,326,regularized_adaptive,-0.01736880047069045,1792,2048,128
1.2,2048,327,uniform,0.005866700288580384,1024,2048,0
1.2,2048,327,pilot_adaptive,-0.022698319553411617,1792,2048,128
1.2,2048,327,regularized_adaptive,0.004675238585379438,1792,2048,128
1.2,2048,328,uniform,-0.007557442871884756,1024,2048,0
1.2,2048,328,pilot_adaptive,-0.0031567495834341486,1792,2048,128
1.2,2048,328,regularized_adaptive,0.0039492758601942235,1792,2048,128
1.2,2048,329,uniform,0.0015567523407780115,1024,2048,0
1.2,2048,329,pilot_adaptive,0.014446023570368283,1792,2048,128
1.2,2048,329,regularized_adaptive,0.0012845163188335285,1792,2048,128
1.2,2048,330,uniform,0.00728022528689487,1024,2048,0
1.2,2048,330,pilot_adaptive,0.02776982127717109,1792,2048,128
1.2,2048,330,regularized_adaptive,-0.004933255944341131,1792,2048,128
1.2,2048,331,uniform,-0.032640995106682835,1024,2048,0
1.2,2048,331,pilot_adaptive,-0.0404633831624821,1792,2048,128
1.2,2048,331,regularized_adaptive,0.0028987322244724556,1792,2048,128
1.2,2048,332,uniform,0.0022635148399352545,1024,2048,0
1.2,2048,332,pilot_adaptive,0.024541389465893237,1792,2048,128
1.2,2048,332,regularized_adaptive,-0.0013802432225269445,1792,2048,128
1.2,2048,333,uniform,0.015052440615863194,1024,2048,0
1.2,2048,333,pilot_adaptive,-0.01575458456505152,1792,2048,128
1.2,2048,333,regularized_adaptive,-0.0013802432225269445,1792,2048,128
1.2,2048,334,uniform,-0.010384492868513284,1024,2048,0
1.2,2048,334,pilot_adaptive,0.028658074457624583,1792,2048,128
1.2,2048,334,regularized_adaptive,-0.0012179527672591117,1792,2048,128
1.2,2048,335,uniform,0.0010624530237202112,1024,2048,0
1.2,2048,335,pilot_adaptive,0.01888728947263596,1792,2048,128
1.2,2048,335,regularized_adaptive,0.022764883104986033,1792,2048,128
1.2,2048,336,uniform,0.013144616300490908,1024,2048,0
1.2,2048,336,pilot_adaptive,-0.008648559121423371,1792,2048,128
1.2,2048,336,regularized_adaptive,-0.017531090925958503,1792,2048,128
1.2,2048,337,uniform,-0.0011987525412306965,1024,2048,0
1.2,2048,337,pilot_adaptive,0.0023350599545550743,1792,2048,128
1.2,2048,337,regularized_adaptive,0.00023397268311176056,1792,2048,128
1.2,2048,338,uniform,-0.033842056922897656,1024,2048,0
1.2,2048,338,pilot_adaptive,-0.0033540106363578737,1778,2048,128
1.2,2048,338,regularized_adaptive,0.010660676128319002,1764,2048,128
1.2,2048,339,uniform,-0.02140651239654834,1024,2048,0
1.2,2048,339,pilot_adaptive,0.04392066898060287,1792,2048,128
1.2,2048,339,regularized_adaptive,0.0048375290406477145,1792,2048,128
1.2,2048,340,uniform,0.018655626064508324,1024,2048,0
1.2,2048,340,pilot_adaptive,-0.0059837995800628985,1792,2048,128
1.2,2048,340,regularized_adaptive,0.02082608628881122,1792,2048,128
1.2,2048,341,uniform,-0.0074165248044053556,1024,2048,0
1.2,2048,341,pilot_adaptive,0.00023397268311176056,1792,2048,128
1.2,2048,341,regularized_adaptive,0.0021727694992870195,1792,2048,128
1.2,2048,342,uniform,0.013285534367970309,1024,2048,0
1.2,2048,342,pilot_adaptive,-0.016642837745505012,1792,2048,128
1.2,2048,342,regularized_adaptive,0.01799903629218247,1792,2048,128
1.2,2048,343,uniform,0.02678122264305527,1024,2048,0
1.2,2048,343,pilot_adaptive,-0.01914530683159743,1792,2048,128
1.2,2048,343,regularized_adaptive,0.039479403078335196,1792,2048,128
1.2,2048,344,uniform,-0.02882534647593804,1024,2048,0
1.2,2048,344,pilot_adaptive,-0.01736880047069045,1792,2048,128
1.2,2048,344,regularized_adaptive,-0.035133864079760935,1792,2048,128
1.2,2048,345,uniform,-0.00239981435744574,1024,2048,0
1.2,2048,345,pilot_adaptive,0.023653136285439746,1792,2048,128
1.2,2048,345,regularized_adaptive,0.004675238585379438,1792,2048,128
1.2,2048,346,uniform,0.0442334776163642,1024,2048,0
1.2,2048,346,pilot_adaptive,-0.011313318662783844,1792,2048,128
1.2,2048,346,regularized_adaptive,-0.023748863189133163,1792,2048,128
1.2,2048,347,uniform,-0.02833104715888024,1024,2048,0
1.2,2048,347,pilot_adaptive,-0.0004919900420734535,1792,2048,128
1.2,2048,347,regularized_adaptive,-0.004933255944341131,1792,2048,128
1.2,2048,348,uniform,-0.016248883882109322,1024,2048,0
1.2,2048,348,pilot_adaptive,0.007100906767358861,1792,2048,128
1.2,2048,348,regularized_adaptive,-0.030854888632761535,1792,2048,128
1.2,2048,349,uniform,-0.03108655204088895,1024,2048,0
1.2,2048,349,pilot_adaptive,-0.026457054594252627,1779,2048,128
1.2,2048,349,regularized_adaptive,-0.015337432608108603,1765,2048,128
1.2,2048,350,uniform,-0.017096564448745966,1024,2048,0
1.2,2048,350,pilot_adaptive,0.01404209294869152,1779,2048,128
1.2,2048,350,regularized_adaptive,-0.013170300963029957,1766,2048,128
1.2,2048,351,uniform,0.01985668788072359,1024,2048,0
1.2,2048,351,pilot_adaptive,-0.02536307909477209,1792,2048,128
1.2,2048,351,regularized_adaptive,0.0226025926497182,1792,2048,128
1.2,2048,352,uniform,0.044374395683843604,1024,2048,0
1.2,2048,352,pilot_adaptive,0.010004757668100606,1792,2048,128
1.2,2048,352,regularized_adaptive,-0.013815787748876263,1792,2048,128
1.2,2048,353,uniform,-0.014835358883795058,1024,2048,0
1.2,2048,353,pilot_adaptive,0.0075022885820081875,1792,2048,128
1.2,2048,353,regularized_adaptive,-0.024637116369586876,1792,2048,128
1.2,2048,354,uniform,-0.03179331454004597,1024,2048,0
1.2,2048,354,pilot_adaptive,-0.02197235682822618,1792,2048,128
1.2,2048,354,regularized_adaptive,-0.01914530683159743,1792,2048,128
1.2,2048,355,uniform,0.03024349002422122,1024,2048,0
1.2,2048,355,pilot_adaptive,-0.013089825023690826,1792,2048,128
1.2,2048,355,regularized_adaptive,0.010893010848554097,1792,2048,128
1.2,2048,356,uniform,-0.006922225487347333,1024,2048,0
1.2,2048,356,pilot_adaptive,-0.03957512998202839,1792,2048,128
1.2,2048,356,regularized_adaptive,-0.0077603059409698805,1792,2048,128
1.2,2048,357,uniform,0.004524720404886162,1024,2048,0
1.2,2048,357,pilot_adaptive,0.017273073566997033,1792,2048,128
1.2,2048,357,regularized_adaptive,0.017273073566997033,1792,2048,128
1.2,2048,358,uniform,0.01660688368165686,1024,2048,0
1.2,2048,358,pilot_adaptive,-0.0035439205321747824,1771,2048,128
1.2,2048,358,regularized_adaptive,0.0190617594178486,1757,2048,128
1.2,2048,359,uniform,-0.0019055150403877175,1024,2048,0
1.2,2048,359,pilot_adaptive,0.016547110841811374,1792,2048,128
1.2,2048,359,regularized_adaptive,0.00023397268311176056,1792,2048,128
1.2,2048,360,uniform,-0.03179331454004597,1024,2048,0
1.2,2048,360,pilot_adaptive,-0.022698319553411617,1792,2048,128
1.2,2048,360,regularized_adaptive,0.01799903629218247,1792,2048,128
1.2,2048,361,uniform,-0.06888748493699492,1024,2048,0
1.2,2048,361,pilot_adaptive,0.02082608628881122,1792,2048,128
1.2,2048,361,regularized_adaptive,0.009441085398183224,1792,2048,128
1.2,2048,362,uniform,-0.048892188263776504,1024,2048,0
1.2,2048,362,pilot_adaptive,-0.029078382271854553,1792,2048,128
1.2,2048,362,regularized_adaptive,-0.02286061000867967,1792,2048,128
1.2,2048,363,uniform,-0.026069841593929333,1024,2048,0
1.2,2048,363,pilot_adaptive,-0.008486268666155095,1792,2048,128
1.2,2048,363,regularized_adaptive,0.019049579927904015,1792,2048,128
1.2,2048,364,uniform,0.02070436844736001,1024,2048,0
1.2,2048,364,pilot_adaptive,-0.0004919900420734535,1792,2048,128
1.2,2048,364,regularized_adaptive,0.0023350599545550743,1792,2048,128
1.2,2048,365,uniform,0.015546739932920994,1024,2048,0
1.2,2048,365,pilot_adaptive,-0.005659218669526567,1792,2048,128
1.2,2048,365,regularized_adaptive,-0.012201571843237558,1792,2048,128
1.2,2048,366,uniform,0.00706776210479565,1024,2048,0
1.2,2048,366,pilot_adaptive,-0.0004919900420734535,1792,2048,128
1.2,2048,366,regularized_adaptive,-0.012201571843237558,1792,2048,128
1.2,2048,367,uniform,0.023318955261889318,1024,2048,0
1.2,2048,367,pilot_adaptive,-0.03230681408313241,1792,2048,128
1.2,2048,367,regularized_adaptive,0.028658074457624583,1792,2048,128
1.2,2048,368,uniform,0.01971576981324419,1024,2048,0
1.2,2048,368,pilot_adaptive,-0.005821509124794622,1792,2048,128
1.2,2048,368,regularized_adaptive,-0.029966635452308044,1792,2048,128
1.2,2048,369,uniform,0.021764512196095653,1024,2048,0
1.2,2048,369,pilot_adaptive,-0.011714700477433171,1792,2048,128
1.2,2048,369,regularized_adaptive,0.01460831402563656,1792,2048,128
1.2,2048,370,uniform,0.02713460389263389,1024,2048,0
1.2,2048,370,pilot_adaptive,-0.017531090925958503,1792,2048,128
1.2,2048,370,regularized_adaptive,-0.0021062059477126027,1792,2048,128
1.2,2048,371,uniform,-0.05058754939704957,1024,2048,0
1.2,2048,371,pilot_adaptive,-0.00404500276388764,1792,2048,128
1.2,2048,371,regularized_adaptive,0.013557770389914792,1792,2048,128
1.2,2048,372,uniform,-0.013139997750521992,1024,2048,0
1.2,2048,372,pilot_adaptive,0.010329338578636715,1792,2048,128
1.2,2048,372,regularized_adaptive,0.004111566315462056,1792,2048,128
1.2,2048,373,uniform,0.021411130946517032,1024,2048,0
1.2,2048,373,pilot_adaptive,-0.01914530683159743,1792,2048,128
1.2,2048,373,regularized_adaptive,0.012831807664729356,1792,2048,128
1.2,2048,374,uniform,-0.029885490224673683,1024,2048,0
1.2,2048,374,pilot_adaptive,-0.0033190400387022034,1792,2048,128
1.2,2048,374,regularized_adaptive,0.0037869854049259466,1792,2048,128
1.2,2048,375,uniform,-0.020558831829911695,1024,2048,0
1.2,2048,375,pilot_adaptive,0.03221108717943877,1792,2048,128
1.2,2048,375,regularized_adaptive,-0.0038827123086195847,1792,2048,128
1.2,2048,376,uniform,0.009682348919324957,1024,2048,0
1.2,2048,376,pilot_adaptive,-0.013815787748876263,1792,2048,128
1.2,2048,376,regularized_adaptive,-0.005095546399609185,1792,2048,128
1.2,2048,377,uniform,0.0004966085920423691,1024,2048,0
1.2,2048,377,pilot_adaptive,0.019937833108357506,1792,2048,128
1.2,2048,377,regularized_adaptive,0.013720060845182847,1792,2048,128
1.2,2048,378,uniform,-0.020205450580333295,1024,2048,0
1.2,2048,378,pilot_adaptive,0.02470367992116107,1792,2048,128
1.2,2048,378,regularized_adaptive,0.013557770389914792,1792,2048,128
1.2,2048,379,uniform,0.009328967669746335,1024,2048,0
1.2,2048,379,pilot_adaptive,-0.0201958504673192,1792,2048,128
1.2,2048,379,regularized_adaptive,0.03842885944261343,1792,2048,128
1.2,2048,380,uniform,0.006079163470679605,1024,2048,0
1.2,2048,380,pilot_adaptive,0.018161326747450524,1792,2048,128
1.2,2048,380,regularized_adaptive,-0.017531090925958503,1792,2048,128
1.2,2048,381,uniform,0.00395887597320832,1024,2048,0
1.2,2048,381,pilot_adaptive,-0.02197235682822618,1792,2048,128
1.2,2048,381,regularized_adaptive,-0.020921813192504413,1792,2048,128
1.2,2048,382,uniform,-0.017449945698324365,1024,2048,0
1.2,2048,382,pilot_adaptive,0.00023397268311176056,1792,2048,128
1.2,2048,382,regularized_adaptive,-0.005334637758990457,1792,2048,128
1.2,2048,383,uniform,0.008975586420167714,1024,2048,0
1.2,2048,383,pilot_adaptive,-0.013815787748876263,1792,2048,128
1.2,2048,383,regularized_adaptive,-0.010262775027062077,1792,2048,128
1.2,2048,384,uniform,0.0015567523407780115,1024,2048,0
1.2,2048,384,pilot_adaptive,-0.009536812301876862,1792,2048,128
1.2,2048,384,regularized_adaptive,0.021876629924532542,1792,2048,128
1.2,2048,385,uniform,-0.007063143554826734,1024,2048,0
1.2,2048,385,pilot_adaptive,0.01799903629218247,1792,2048,128
1.2,2048,385,regularized_adaptive,0.02082608628881122,1792,2048,128
1.2,2048,386,uniform,-0.02557554227687131,1024,2048,0
1.2,2048,386,pilot_adaptive,0.0020104790440189646,1792,2048,128
1.2,2048,386,regularized_adaptive,0.009441085398183224,1792,2048,128
1.2,2048,387,uniform,0.0024044329074146553,1024,2048,0
1.2,2048,387,pilot_adaptive,-0.029804344997039767,1792,2048,128
1.2,2048,387,regularized_adaptive,-0.0015425336777952214,1792,2048,128
1.2,2048,388,uniform,0.03024349002422122,1024,2048,0
1.2,2048,388,pilot_adaptive,0.009116504487647115,1792,2048,128
1.2,2048,388,regularized_adaptive,0.0057257822211012055,1792,2048,128
1.2,2048,389,uniform,0.04960356931290266,1024,2048,0
1.2,2048,389,pilot_adaptive,-0.02286061000867967,1792,2048,128
1.2,2048,389,regularized_adaptive,0.007339998126740133,1792,2048,128
1.2,2048,390,uniform,-0.02211327489570558,1024,2048,0
1.2,2048,390,pilot_adaptive,0.0030610226797405105,1792,2048,128
1.2,2048,390,regularized_adaptive,0.0037869854049259466,1792,2048,128
1.2,2048,391,uniform,0.014345678116705951,1024,2048,0
1.2,2048,391,pilot_adaptive,-0.017531090925958503,1792,2048,128
1.2,2048,391,regularized_adaptive,-0.007435725030433549,1792,2048,128
1.2,2048,392,uniform,-0.019852069330754674,1024,2048,0
1.2,2048,392,pilot_adaptive,-0.012927534568422772,1792,2048,128
1.2,2048,392,regularized_adaptive,-0.01486633138459803,1792,2048,128
1.2,2048,393,uniform,0.019009007314086945,1024,2048,0
1.2,2048,393,pilot_adaptive,-0.01397807820414454,1792,2048,128
1.2,2048,393,regularized_adaptive,0.01799903629218247,1792,2048,128
1.2,2048,394,uniform,0.022612192762732297,1024,2048,0
1.2,2048,394,pilot_adaptive,0.0028987322244724556,1792,2048,128
1.2,2048,394,regularized_adaptive,-0.013815787748876263,1792,2048,128
1.2,2048,395,uniform,0.03935768523688399,1024,2048,0
1.2,2048,395,pilot_adaptive,0.011943554484275865,1792,2048,128
1.2,2048,395,regularized_adaptive,-0.013089825023690826,1792,2048,128
1.2,2048,396,uniform,0.026074460143898248,1024,2048,0
1.2,2048,396,pilot_adaptive,0.016222529931275265,1792,2048,128
1.2,2048,396,regularized_adaptive,0.02066379583354294,1792,2048,128
1.2,2048,397,uniform,-0.0031065768566029828,1024,2048,0
1.2,2048,397,pilot_adaptive,-0.029966635452308044,1792,2048,128
1.2,2048,397,regularized_adaptive,-0.005095546399609185,1792,2048,128
1.2,2048,398,uniform,-0.0345488194220549,1024,2048,0
1.2,2048,398,pilot_adaptive,-0.012201571843237558,1792,2048,128
1.2,2048,398,regularized_adaptive,0.0057257822211012055,1792,2048,128
1.2,2048,399,uniform,0.03766232410361092,1024,2048,0
1.2,2048,399,pilot_adaptive,0.010004757668100606,1792,2048,128
1.2,2048,399,regularized_adaptive,-0.005821509124794622,1792,2048,128
1.2,8192,0,uniform,0.016447536295082443,4096,8192,0
1.2,8192,0,pilot_adaptive,-0.000912160452957167,7936,8192,128
1.2,8192,0,regularized_adaptive,-0.005785855572405074,7749,8192,128
1.2,8192,1,uniform,-0.0034420718275265383,4096,8192,0
1.2,8192,1,pilot_adaptive,0.0023160361412957187,7936,8192,128
1.2,8192,1,regularized_adaptive,0.005194380674603316,7755,8192,128
1.2,8192,2,uniform,-0.008458782274486154,4096,8192,0
1.2,8192,2,pilot_adaptive,0.00107898494656955,7633,8192,128
1.2,8192,2,regularized_adaptive,0.011828814388898268,7548,8192,128
1.2,8192,3,uniform,0.0009209919158006397,4096,8192,0
1.2,8192,3,pilot_adaptive,-0.0012077041615528028,7628,8192,128
1.2,8192,3,regularized_adaptive,0.005921426574716948,7543,8192,128
1.2,8192,4,uniform,0.006008161396499956,4096,8192,0
1.2,8192,4,pilot_adaptive,-0.010539678795937313,7936,8192,128
1.2,8192,4,regularized_adaptive,0.011660372305797528,7756,8192,128
1.2,8192,5,uniform,-0.01882769813932894,4096,8192,0
1.2,8192,5,pilot_adaptive,-0.002695075668631697,7623,8192,128
1.2,8192,5,regularized_adaptive,0.0034682329056168193,7537,8192,128
1.2,8192,6,uniform,-0.01722013927801025,4096,8192,0
1.2,8192,6,pilot_adaptive,0.0028987322244724556,7936,8192,128
1.2,8192,6,regularized_adaptive,-0.0068509132395275785,7749,8192,128
1.2,8192,7,uniform,0.019662654017719605,4096,8192,0
1.2,8192,7,pilot_adaptive,0.022975085918940596,7936,8192,128
1.2,8192,7,regularized_adaptive,-0.010404971633884985,7755,8192,128
1.2,8192,8,uniform,-0.013245686301131654,4096,8192,0
1.2,8192,8,pilot_adaptive,0.006547099229608833,7936,8192,128
1.2,8192,8,regularized_adaptive,-0.002248102999102608,7749,8192,128
1.2,8192,9,uniform,0.01888543248482244,4096,8192,0
1.2,8192,9,pilot_adaptive,0.006509051603089899,7936,8192,128
1.2,8192,9,regularized_adaptive,0.007695459878267474,7749,8192,128
1.2,8192,10,uniform,0.028194204600929584,4096,8192,0
1.2,8192,10,pilot_adaptive,-0.013729827763671265,7936,8192,128
1.2,8192,10,regularized_adaptive,0.0026911504502931116,7747,8192,128
1.2,8192,11,uniform,0.01088341073554,4096,8192,0
1.2,8192,11,pilot_adaptive,-0.019326856317150254,7936,8192,128
1.2,8192,11,regularized_adaptive,0.009495292583814097,7751,8192,128
1.2,8192,12,uniform,-0.005526586767688135,4096,8192,0
1.2,8192,12,pilot_adaptive,0.017760180149826388,7936,8192,128
1.2,8192,12,regularized_adaptive,-0.009873558188470577,7755,8192,128
1.2,8192,13,uniform,-0.015012049508584369,4096,8192,0
1.2,8192,13,pilot_adaptive,-0.0018960031337580396,7936,8192,128
1.2,8192,13,regularized_adaptive,0.0014267529348550578,7733,8192,128
1.2,8192,14,uniform,-0.0017288244155986288,4096,8192,0
1.2,8192,14,pilot_adaptive,-0.011322948177926007,7936,8192,128
1.2,8192,14,regularized_adaptive,-0.010326338014335024,7754,8192,128
1.2,8192,15,uniform,0.011695861785306905,4096,8192,0
1.2,8192,15,pilot_adaptive,0.004102172017345085,7936,8192,128
1.2,8192,15,regularized_adaptive,-0.0019316032527045834,7744,8192,128
1.2,8192,16,uniform,0.008816782074033691,4096,8192,0
1.2,8192,16,pilot_adaptive,-0.011943691887621899,7936,8192,128
1.2,8192,16,regularized_adaptive,-0.0026970339034544377,7751,8192,128
1.2,8192,17,uniform,0.016112041324158888,4096,8192,0
1.2,8192,17,pilot_adaptive,0.003958670158311195,7936,8192,128
1.2,8192,17,regularized_adaptive,-0.005889369649848986,7755,8192,128
1.2,8192,18,uniform,0.0031111954065716763,4096,8192,0
1.2,8192,18,pilot_adaptive,-0.010520654982677735,7936,8192,128
1.2,8192,18,regularized_adaptive,0.003528472814185113,7756,8192,128
1.2,8192,19,uniform,-0.026423222843507954,4096,8192,0
1.2,8192,19,pilot_adaptive,-0.0037011628230667615,7936,8192,128
1.2,8192,19,regularized_adaptive,-0.013689045804093025,7755,8192,128
1.2,8192,20,uniform,0.010830294940015195,4096,8192,0
1.2,8192,20,pilot_adaptive,-0.015392669137042958,7628,8192,128
1.2,8192,20,regularized_adaptive,-0.01720309336313597,7543,8192,128
1.2,8192,21,uniform,0.00927585187422153,4096,8192,0
1.2,8192,21,pilot_adaptive,-0.014331547660107358,7936,8192,128
1.2,8192,21,regularized_adaptive,0.008311700567145808,7749,8192,128
1.2,8192,22,uniform,0.01888543248482244,4096,8192,0
1.2,8192,22,pilot_adaptive,-0.002516746843453932,7936,8192,128
1.2,8192,22,regularized_adaptive,-0.0047193595647818665,7754,8192,128
1.2,8192,23,uniform,0.004188682393522436,4096,8192,0
1.2,8192,23,pilot_adaptive,0.010319944280519744,7936,8192,128
1.2,8192,23,regularized_adaptive,0.000992792005256593,7749,8192,128
1.2,8192,24,uniform,-0.015877616353875856,4096,8192,0
1.2,8192,24,pilot_adaptive,0.004522342428228798,7936,8192,128
1.2,8192,24,regularized_adaptive,-0.001929079485657459,7755,8192,128
1.2,8192,25,uniform,0.007209223212714999,4096,8192,0
1.2,8192,25,pilot_adaptive,-0.002717320142265889,7936,8192,128
1.2,8192,25,regularized_adaptive,-0.017038300403385387,7744,8192,128
1.2,8192,26,uniform,-0.013122111471866926,4096,8192,0
1.2,8192,26,pilot_adaptive,0.007617460860257053,7632,8192,128
1.2,8192,26,regularized_adaptive,-0.006004773497180649,7547,8192,128
1.2,8192,27,uniform,-0.002876770436288867,4096,8192,0
1.2,8192,27,pilot_adaptive,0.014531983555573502,7936,8192,128
1.2,8192,27,regularized_adaptive,-0.0012785378108151058,7752,8192,128
1.2,8192,28,uniform,0.004453718330706291,4096,8192,0
1.2,8192,28,pilot_adaptive,-0.006929359417319647,7936,8192,128
1.2,8192,28,regularized_adaptive,-0.008659331262895975,7752,8192,128
1.2,8192,29,uniform,-0.0005451058375982587,4096,8192,0
1.2,8192,29,pilot_adaptive,0.006126928818725341,7936,8192,128
1.2,8192,29,regularized_adaptive,-0.00016563427564331157,7756,8192,128
1.2,8192,30,uniform,-0.006180233471320351,4096,8192,0
1.2,8192,30,pilot_adaptive,0.0007114497507991757,7936,8192,128
1.2,8192,30,regularized_adaptive,0.003721864838949651,7744,8192,128
1.2,8192,31,uniform,-0.013704756101319715,4096,8192,0
1.2,8192,31,pilot_adaptive,0.005907331706653807,7936,8192,128
1.2,8192,31,regularized_adaptive,0.021409496890005597,7755,8192,128
1.2,8192,32,uniform,-0.009236003807382875,4096,8192,0
1.2,8192,32,pilot_adaptive,0.018944596129439217,7936,8192,128
1.2,8192,32,regularized_adaptive,-0.0017535640178667489,7749,8192,128
1.2,8192,33,uniform,-0.01411125314642292,4096,8192,0
1.2,8192,33,pilot_adaptive,0.00833323510565842,7936,8192,128
1.2,8192,33,regularized_adaptive,0.0006033986354252452,7733,8192,128
1.2,8192,34,uniform,-0.007840365087723677,4096,8192,0
1.2,8192,34,pilot_adaptive,-0.0159551578638637,7936,8192,128
1.2,8192,34,regularized_adaptive,0.006015399217155215,7755,8192,128
1.2,8192,35,uniform,-0.027288789688799442,4096,8192,0
1.2,8192,35,pilot_adaptive,-0.0042838589062437205,7936,8192,128
1.2,8192,35,regularized_adaptive,0.010393248431995739,7756,8192,128
1.2,8192,36,uniform,0.0020337084196211386,4096,8192,0
1.2,8192,36,pilot_adaptive,-0.007731652612568141,7936,8192,128
1.2,8192,36,regularized_adaptive,0.0027959591292134878,7744,8192,128
1.2,8192,37,uniform,-0.0034951876230513435,4096,8192,0
1.2,8192,37,pilot_adaptive,0.007110771499526214,7936,8192,128
1.2,8192,37,regularized_adaptive,0.00032872150636054087,7755,8192,128
1.2,8192,38,uniform,-0.006762878100772918,4096,8192,0
1.2,8192,38,pilot_adaptive,0.0011125963484233115,7936,8192,128
1.2,8192,38,regularized_adaptive,-0.002544926990842189,7751,8192,128
1.2,8192,39,uniform,-0.039070687511516544,4096,8192,0
1.2,8192,39,pilot_adaptive,-0.004812728695941182,7595,8192,128
1.2,8192,39,regularized_adaptive,0.004234834060524273,7505,8192,128
1.2,8192,40,uniform,0.010318109344302329,4096,8192,0
1.2,8192,40,pilot_adaptive,0.017559380692270254,7623,8192,128
1.2,8192,40,regularized_adaptive,0.004999644487499344,7537,8192,128
1.2,8192,41,uniform,-0.012910191330208098,4096,8192,0
1.2,8192,41,pilot_adaptive,-0.011924668074362321,7936,8192,128
1.2,8192,41,regularized_adaptive,-0.0036920207449000486,7755,8192,128
1.2,8192,42,uniform,0.004665638472365341,4096,8192,0
1.2,8192,42,pilot_adaptive,-0.011341971991185584,7936,8192,128
1.2,8192,42,regularized_adaptive,0.004989126038965397,7755,8192,128
1.2,8192,43,uniform,0.009664462640670113,4096,8192,0
1.2,8192,43,pilot_adaptive,0.029957416703689788,7632,8192,128
1.2,8192,43,regularized_adaptive,0.005518836919122361,7547,8192,128
1.2,8192,44,uniform,-0.0012518683367555017,4096,8192,0
1.2,8192,44,pilot_adaptive,-0.0007978324639315026,7633,8192,128
1.2,8192,44,regularized_adaptive,-0.004894640597280064,7548,8192,128
1.2,8192,45,uniform,-0.01815616515704166,4096,8192,0
1.2,8192,45,pilot_adaptive,0.0037790497030048,7633,8192,128
1.2,8192,45,regularized_adaptive,0.00332982128342163,7548,8192,128
1.2,8192,46,uniform,0.0059198160841054115,4096,8192,0
1.2,8192,46,pilot_adaptive,-0.0022971497313821754,7936,8192,128
1.2,8192,46,regularized_adaptive,0.01260075733193422,7754,8192,128
1.2,8192,47,uniform,-0.014199598458817686,4096,8192,0
1.2,8192,47,pilot_adaptive,-0.006509189006436156,7936,8192,128
1.2,8192,47,regularized_adaptive,-0.0028643436879809414,7749,8192,128
1.2,8192,48,uniform,-0.001287097853625463,4096,8192,0
1.2,8192,48,pilot_adaptive,-0.007481854760001516,7633,8192,128
1.2,8192,48,regularized_adaptive,0.012956850604310954,7548,8192,128
1.2,8192,49,uniform,0.0013269459204638956,4096,8192,0
1.2,8192,49,pilot_adaptive,-0.014312523846848002,7936,8192,128
1.2,8192,49,regularized_adaptive,-0.010291432567795189,7737,8192,128
1.2,8192,50,uniform,-0.008140630541777494,4096,8192,0
1.2,8192,50,pilot_adaptive,0.0012363688418415286,7626,8192,128
1.2,8192,50,regularized_adaptive,0.004792341661774779,7540,8192,128
1.2,8192,51,uniform,0.004965903926419157,4096,8192,0
1.2,8192,51,pilot_adaptive,0.008514784591211022,7936,8192,128
1.2,8192,51,regularized_adaptive,-0.005973720111348335,7755,8192,128
1.2,8192,52,uniform,0.004453718330706291,4096,8192,0
1.2,8192,52,pilot_adaptive,-0.011341971991185584,7936,8192,128
1.2,8192,52,regularized_adaptive,-0.0045140784583370674,7754,8192,128
1.2,8192,53,uniform,-0.02637010704798315,4096,8192,0
1.2,8192,53,pilot_adaptive,0.0035004521209087702,7936,8192,128
1.2,8192,53,regularized_adaptive,-0.006281012868163183,7747,8192,128
1.2,8192,54,uniform,-0.006074001880270741,4096,8192,0
1.2,8192,54,pilot_adaptive,0.0041211958306044405,7936,8192,128
1.2,8192,54,regularized_adaptive,0.009598510470215205,7741,8192,128
1.2,8192,55,uniform,0.01706595348184492,4096,8192,0
1.2,8192,55,pilot_adaptive,0.01674076425716664,7607,8192,128
1.2,8192,55,regularized_adaptive,-0.0008737743674418486,7519,8192,128
1.2,8192,56,uniform,-0.001746167653813524,4096,8192,0
1.2,8192,56,pilot_adaptive,-0.005324773026823104,7936,8192,128
1.2,8192,56,regularized_adaptive,0.014143846631089918,7756,8192,128
1.2,8192,57,uniform,-0.0010047186782267126,4096,8192,0
1.2,8192,57,pilot_adaptive,0.004722915727040755,7936,8192,128
1.2,8192,57,regularized_adaptive,-0.004757983960511858,7752,8192,128
1.2,8192,58,uniform,-0.014535093429741464,4096,8192,0
1.2,8192,58,pilot_adaptive,0.0010996740480224698,7620,8192,128
1.2,8192,58,regularized_adaptive,-0.021318947136454547,7533,8192,128
1.2,8192,59,uniform,-0.023102416570261575,4096,8192,0
1.2,8192,59,pilot_adaptive,0.016757313655765937,7936,8192,128
1.2,8192,59,regularized_adaptive,-1.6897213252153875e-05,7756,8192,128
1.2,8192,60,uniform,-0.0035304171399210826,4096,8192,0
1.2,8192,60,pilot_adaptive,-0.017491131179565356,7623,8192,128
1.2,8192,60,regularized_adaptive,-0.011050903098055453,7537,8192,128
1.2,8192,61,uniform,0.0038710737012537244,4096,8192,0
1.2,8192,61,pilot_adaptive,-0.018362037449608737,7936,8192,128
1.2,8192,61,regularized_adaptive,0.006812123560699046,7756,8192,128
1.2,8192,62,uniform,-0.001287097853625463,4096,8192,0
1.2,8192,62,pilot_adaptive,0.0005108764519869968,7936,8192,128
1.2,8192,62,regularized_adaptive,0.00658615912363536,7756,8192,128
1.2,8192,63,uniform,-0.0053498961428988245,4096,8192,0
1.2,8192,63,pilot_adaptive,0.016957886954578116,7936,8192,128
1.2,8192,63,regularized_adaptive,0.008489670856881792,7747,8192,128
1.2,8192,64,uniform,-0.004996514893320425,4096,8192,0
1.2,8192,64,pilot_adaptive,-0.0022770372912150894,7626,8192,128
1.2,8192,64,regularized_adaptive,-0.008239061406818182,7540,8192,128
1.2,8192,65,uniform,-0.0069395687255624505,4096,8192,0
1.2,8192,65,pilot_adaptive,-0.0029178934410780677,7936,8192,128
1.2,8192,65,regularized_adaptive,-0.0008017816381715726,7747,8192,128
1.2,8192,66,uniform,-0.001534247512154474,4096,8192,0
1.2,8192,66,pilot_adaptive,0.0005299002652463525,7936,8192,128
1.2,8192,66,regularized_adaptive,0.009168522936879864,7744,8192,128
1.2,8192,67,uniform,-0.0011104072288359301,4096,8192,0
1.2,8192,67,pilot_adaptive,0.013127970463888916,7936,8192,128
1.2,8192,67,regularized_adaptive,-0.025678165132596797,7755,8192,128
1.2,8192,68,uniform,-0.012998536642602865,4096,8192,0
1.2,8192,68,pilot_adaptive,0.0077124913959625285,7936,8192,128
1.2,8192,68,regularized_adaptive,-0.019880516004908477,7752,8192,128
1.2,8192,69,uniform,-0.019198422627122236,4096,8192,0
1.2,8192,69,pilot_adaptive,0.01976591313794729,7936,8192,128
1.2,8192,69,regularized_adaptive,-0.0005668046431017704,7749,8192,128
1.2,8192,70,uniform,-0.025434081168952183,4096,8192,0
1.2,8192,70,pilot_adaptive,0.010778162317922169,7936,8192,128
1.2,8192,70,regularized_adaptive,0.0037337009858422476,7756,8192,128
1.2,8192,71,uniform,-0.01165601371846825,4096,8192,0
1.2,8192,71,pilot_adaptive,-0.013147131680494528,7936,8192,128
1.2,8192,71,regularized_adaptive,-0.0018454240745551242,7754,8192,128
1.2,8192,72,uniform,-0.017485175215194326,4096,8192,0
1.2,8192,72,pilot_adaptive,0.0105205175793317,7936,8192,128
1.2,8192,72,regularized_adaptive,-0.009173443820056804,7755,8192,128
1.2,8192,73,uniform,0.009805923748589462,4096,8192,0
1.2,8192,73,pilot_adaptive,-0.014835585898743231,7626,8192,128
1.2,8192,73,regularized_adaptive,-0.0035553563121468734,7540,8192,128
1.2,8192,74,uniform,0.01438090763357569,4096,8192,0
1.2,8192,74,pilot_adaptive,-0.005706895811187662,7936,8192,128
1.2,8192,74,regularized_adaptive,-0.003237062126688839,7751,8192,128
1.2,8192,75,uniform,0.0070856483834504935,4096,8192,0
1.2,8192,75,pilot_adaptive,0.0061079050054657635,7936,8192,128
1.2,8192,75,regularized_adaptive,0.006896869846776621,7755,8192,128
1.2,8192,76,uniform,0.003075965889701937,4096,8192,0
1.2,8192,76,pilot_adaptive,0.004722915727040755,7936,8192,128
1.2,8192,76,regularized_adaptive,0.01985284994519998,7749,8192,128
1.2,8192,77,uniform,0.020439875550616327,4096,8192,0
1.2,8192,77,pilot_adaptive,-0.01220885750197187,7437,8192,128
1.2,8192,77,regularized_adaptive,0.008506046485233565,7378,8192,128
1.2,8192,78,uniform,-0.003618762452315627,4096,8192,0
1.2,8192,78,pilot_adaptive,0.00311832933654399,7936,8192,128
1.2,8192,78,regularized_adaptive,-0.00016844542444127697,7752,8192,128
1.2,8192,79,uniform,0.008339825995190342,4096,8192,0
1.2,8192,79,pilot_adaptive,0.006346525930796876,7936,8192,128
1.2,8192,79,regularized_adaptive,-0.0025827312501414124,7752,8192,128
1.2,8192,80,uniform,0.0284944700549834,4096,8192,0
1.2,8192,80,pilot_adaptive,0.003701025419720727,7936,8192,128
1.2,8192,80,regularized_adaptive,0.006026965717929933,7756,8192,128
1.2,8192,81,uniform,0.012014013518015565,4096,8192,0
1.2,8192,81,pilot_adaptive,-0.008113775396932699,7936,8192,128
1.2,8192,81,regularized_adaptive,0.004494266306189765,7755,8192,128
1.2,8192,82,uniform,-0.012892305051553032,4096,8192,0
1.2,8192,82,pilot_adaptive,-0.023959066003087504,7936,8192,128
1.2,8192,82,regularized_adaptive,0.003975675048415228,7741,8192,128
1.2,8192,83,uniform,0.00030257472903816307,4096,8192,0
1.2,8192,83,pilot_adaptive,0.0014490534976017155,7607,8192,128
1.2,8192,83,regularized_adaptive,-0.008802753254807394,7519,8192,128
1.2,8192,84,uniform,0.012826464567782025,4096,8192,0
1.2,8192,84,pilot_adaptive,0.01916938999142581,7626,8192,128
1.2,8192,84,regularized_adaptive,-0.018543980802261384,7540,8192,128
1.2,8192,85,uniform,-0.009536269261436692,4096,8192,0
1.2,8192,85,pilot_adaptive,-0.0007148605745244119,7632,8192,128
1.2,8192,85,regularized_adaptive,0.008605984108326803,7547,8192,128
1.2,8192,86,uniform,-0.012468464768234933,4096,8192,0
1.2,8192,86,pilot_adaptive,-0.011141398692373627,7936,8192,128
1.2,8192,86,regularized_adaptive,0.010075791971696724,7752,8192,128
1.2,8192,87,uniform,-0.011125941844100318,4096,8192,0
1.2,8192,87,pilot_adaptive,-0.0015138803493934816,7936,8192,128
1.2,8192,87,regularized_adaptive,0.0055218607532998565,7747,8192,128
1.2,8192,88,uniform,0.00420656867217728,4096,8192,0
1.2,8192,88,pilot_adaptive,0.00010972985436286109,7936,8192,128
1.2,8192,88,regularized_adaptive,-0.004339918382229024,7751,8192,128
1.2,8192,89,uniform,0.00577835497618584,4096,8192,0
1.2,8192,89,pilot_adaptive,-0.0031184667398900245,7936,8192,128
1.2,8192,89,regularized_adaptive,-0.009606130171871285,7756,8192,128
1.2,8192,90,uniform,-0.013068995676342343,4096,8192,0
1.2,8192,90,pilot_adaptive,0.019402814166841642,7936,8192,128
1.2,8192,90,regularized_adaptive,-0.00721706803992439,7747,8192,128
1.2,8192,91,uniform,0.006732267133871872,4096,8192,0
1.2,8192,91,pilot_adaptive,-0.004923626429198968,7936,8192,128
1.2,8192,91,regularized_adaptive,0.00042227331937017,7749,8192,128
1.2,8192,92,uniform,-0.008988854148854086,4096,8192,0
1.2,8192,92,pilot_adaptive,-0.0047230531303867895,7936,8192,128
1.2,8192,92,regularized_adaptive,-0.007837994988709962,7752,8192,128
1.2,8192,93,uniform,-0.022448769866629137,4096,8192,0
1.2,8192,93,pilot_adaptive,-0.007330506014944005,7936,8192,128
1.2,8192,93,regularized_adaptive,0.004928852438122133,7754,8192,128
1.2,8192,94,uniform,0.030048913120777065,4096,8192,0
1.2,8192,94,pilot_adaptive,0.0008929992363515549,7936,8192,128
1.2,8192,94,regularized_adaptive,-0.012965061895795715,7751,8192,128
1.2,8192,95,uniform,-0.006762878100772918,4096,8192,0
1.2,8192,95,pilot_adaptive,0.005926355519913384,7936,8192,128
1.2,8192,95,regularized_adaptive,-0.006173742362966195,7756,8192,128
1.2,8192,96,uniform,0.0251736637817368,4096,8192,0
1.2,8192,96,pilot_adaptive,-0.008715495293369013,7936,8192,128
1.2,8192,96,regularized_adaptive,-0.014475115182376541,7756,8192,128
1.2,8192,97,uniform,-0.027959779630646775,4096,8192,0
1.2,8192,97,pilot_adaptive,-0.009937958899500998,7936,8192,128
1.2,8192,97,regularized_adaptive,0.014942853604360984,7752,8192,128
1.2,8192,98,uniform,0.013603686100678969,4096,8192,0
1.2,8192,98,pilot_adaptive,0.005293886366054323,7630,8192,128
1.2,8192,98,regularized_adaptive,-0.0012726264786895314,7545,8192,128
1.2,8192,99,uniform,-0.011320518747544472,4096,8192,0
1.2,8192,99,pilot_adaptive,-0.0010334140593013519,7626,8192,128
1.2,8192,99,regularized_adaptive,0.00615558349834977,7540,8192,128
1.2,8192,100,uniform,-0.0060387723634010015,4096,8192,0
1.2,8192,100,pilot_adaptive,-0.007129932716131826,7936,8192,128
1.2,8192,100,regularized_adaptive,0.009854785207208172,7755,8192,128
1.2,8192,101,uniform,0.0036586105191545037,4096,8192,0
1.2,8192,101,pilot_adaptive,-0.007531079313755962,7936,8192,128
1.2,8192,101,regularized_adaptive,0.0017050518687571348,7755,8192,128
1.2,8192,102,uniform,0.0008147603247510293,4096,8192,0
1.2,8192,102,pilot_adaptive,-0.0007869387385319726,7633,8192,128
1.2,8192,102,regularized_adaptive,-0.007003476976947143,7548,8192,128
1.2,8192,103,uniform,0.012702889738517742,4096,8192,0
1.2,8192,103,pilot_adaptive,-0.008734519106628591,7936,8192,128
1.2,8192,103,regularized_adaptive,-0.00010914316637733457,7756,8192,128
1.2,8192,104,uniform,0.03870458157369172,4096,8192,0
1.2,8192,104,pilot_adaptive,-0.015554011266239343,7936,8192,128
1.2,8192,104,regularized_adaptive,-0.006732935768671622,7756,8192,128
1.2,8192,105,uniform,0.008251480682795798,4096,8192,0
1.2,8192,105,pilot_adaptive,0.0021344866557428954,7936,8192,128
1.2,8192,105,regularized_adaptive,-0.012560678565280092,7752,8192,128
1.2,8192,106,uniform,0.01363891561754893,4096,8192,0
1.2,8192,106,pilot_adaptive,0.0010935725351637338,7936,8192,128
1.2,8192,106,regularized_adaptive,0.003092649637842948,7749,8192,128
1.2,8192,107,uniform,0.001910133590356633,4096,8192,0
1.2,8192,107,pilot_adaptive,-0.012856500029606366,7630,8192,128
1.2,8192,107,regularized_adaptive,-0.009546701402891822,7545,8192,128
1.2,8192,108,uniform,-0.0002979561790694696,4096,8192,0
1.2,8192,108,pilot_adaptive,0.011341834587839772,7936,8192,128
1.2,8192,108,regularized_adaptive,0.0033232446425279782,7756,8192,128
1.2,8192,109,uniform,-0.012980650363947577,4096,8192,0
1.2,8192,109,pilot_adaptive,0.025200416019133032,7936,8192,128
1.2,8192,109,regularized_adaptive,0.017921462104472985,7729,8192,128
1.2,8192,110,uniform,0.0024223191860697213,4096,8192,0
1.2,8192,110,pilot_adaptive,-0.0006735395276262768,7936,8192,128
1.2,8192,110,regularized_adaptive,0.0018234620713961647,7747,8192,128
1.2,8192,111,uniform,0.005407630488392323,4096,8192,0
1.2,8192,111,pilot_adaptive,-0.00572591962444724,7936,8192,128
1.2,8192,111,regularized_adaptive,0.011617726466450762,7755,8192,128
1.2,8192,112,uniform,-0.007045800316611839,4096,8192,0
1.2,8192,112,pilot_adaptive,-0.0075974260985416375,7632,8192,128
1.2,8192,112,regularized_adaptive,0.00559536344007916,7547,8192,128
1.2,8192,113,uniform,0.009699692157539852,4096,8192,0
1.2,8192,113,pilot_adaptive,-0.0001098672577088955,7936,8192,128
1.2,8192,113,regularized_adaptive,-0.004737145161366252,7756,8192,128
1.2,8192,114,uniform,-0.005491357250818174,4096,8192,0
1.2,8192,114,pilot_adaptive,0.008715357890022979,7936,8192,128
1.2,8192,114,regularized_adaptive,0.025925098874041597,7755,8192,128
1.2,8192,115,uniform,0.004930674409549196,4096,8192,0
1.2,8192,115,pilot_adaptive,-0.0063276395208835545,7936,8192,128
1.2,8192,115,regularized_adaptive,0.015521357038951855,7747,8192,128
1.2,8192,116,uniform,0.015546739932920994,4096,8192,0
1.2,8192,116,pilot_adaptive,-0.0015138803493934816,7936,8192,128
1.2,8192,116,regularized_adaptive,-0.0003319523740858976,7754,8192,128
1.2,8192,117,uniform,0.004011991768733125,4096,8192,0
1.2,8192,117,pilot_adaptive,0.005686648779817061,7623,8192,128
1.2,8192,117,regularized_adaptive,-0.005453782947097974,7537,8192,128
1.2,8192,118,uniform,-0.013704756101319715,4096,8192,0
1.2,8192,118,pilot_adaptive,-0.006308615707623977,7936,8192,128
1.2,8192,118,regularized_adaptive,-0.00660599057743072,7752,8192,128
1.2,8192,119,uniform,0.0008678761202758345,4096,8192,0
1.2,8192,119,pilot_adaptive,-0.003262759534155446,7623,8192,128
1.2,8192,119,regularized_adaptive,0.0017797968559682964,7537,8192,128
1.2,8192,120,uniform,-0.0027710818856794273,4096,8192,0
1.2,8192,120,pilot_adaptive,-0.002077552619310863,7936,8192,128
1.2,8192,120,regularized_adaptive,0.0029525453290304426,7754,8192,128
1.2,8192,121,uniform,-0.010313490794333635,4096,8192,0
1.2,8192,121,pilot_adaptive,-0.011141398692373627,7936,8192,128
1.2,8192,121,regularized_adaptive,-0.0022791366698644566,7755,8192,128
1.2,8192,122,uniform,0.0036764967978093477,4096,8192,0
1.2,8192,122,pilot_adaptive,0.004503318614969221,7936,8192,128
1.2,8192,122,regularized_adaptive,0.0033709873282916636,7755,8192,128
1.2,8192,123,uniform,0.011837322893226254,4096,8192,0
1.2,8192,123,pilot_adaptive,-0.013911377249223866,7936,8192,128
1.2,8192,123,regularized_adaptive,0.0015267176825226603,7747,8192,128
1.2,8192,124,uniform,0.009611889885585478,4096,8192,0
1.2,8192,124,pilot_adaptive,-0.010940825393561449,7936,8192,128
1.2,8192,124,regularized_adaptive,0.005599431553593437,7741,8192,128
1.2,8192,125,uniform,0.019397618080535528,4096,8192,0
1.2,8192,125,pilot_adaptive,0.01254527438071218,7936,8192,128
1.2,8192,125,regularized_adaptive,-0.008165715563012599,7751,8192,128
1.2,8192,126,uniform,0.0026342393277287712,4096,8192,0
1.2,8192,126,pilot_adaptive,-0.0026342542538182467,7630,8192,128
1.2,8192,126,regularized_adaptive,0.0075056957264465485,7545,8192,128
1.2,8192,127,uniform,0.01710118299871466,4096,8192,0
1.2,8192,127,pilot_adaptive,-0.0033000162254426257,7936,8192,128
1.2,8192,127,regularized_adaptive,0.0011017881292110232,7737,8192,128
1.2,8192,128,uniform,0.0009562214326703788,4096,8192,0
1.2,8192,128,pilot_adaptive,0.0014947191327878695,7936,8192,128
1.2,8192,128,regularized_adaptive,0.002839376575709762,7752,8192,128
1.2,8192,129,uniform,0.01438090763357569,4096,8192,0
1.2,8192,129,pilot_adaptive,-0.013347704979306485,7936,8192,128
1.2,8192,129,regularized_adaptive,-0.0057457650970056395,7754,8192,128
1.2,8192,130,uniform,0.018267015298059963,4096,8192,0
1.2,8192,130,pilot_adaptive,-0.008514921994556834,7936,8192,128
1.2,8192,130,regularized_adaptive,0.020588478347453476,7755,8192,128
1.2,8192,131,uniform,0.003764842110203892,4096,8192,0
1.2,8192,131,pilot_adaptive,-0.0033190400387022034,7936,8192,128
1.2,8192,131,regularized_adaptive,0.0032656025444040004,7733,8192,128
1.2,8192,132,uniform,0.006962073554185988,4096,8192,0
1.2,8192,132,pilot_adaptive,0.009536674898530828,7936,8192,128
1.2,8192,132,regularized_adaptive,0.003153171651245623,7741,8192,128
1.2,8192,133,uniform,-0.014040794112683441,4096,8192,0
1.2,8192,133,pilot_adaptive,0.004213038557296711,7628,8192,128
1.2,8192,133,regularized_adaptive,0.004620376353841937,7543,8192,128
1.2,8192,134,uniform,0.0002673452121684239,4096,8192,0
1.2,8192,134,pilot_adaptive,-0.010339105497125134,7936,8192,128
1.2,8192,134,regularized_adaptive,0.0063451761081188,7756,8192,128
1.2,8192,135,uniform,0.001645097653172778,4096,8192,0
1.2,8192,135,pilot_adaptive,-0.009191228527549056,7626,8192,128
1.2,8192,135,regularized_adaptive,-0.003190396474636481,7540,8192,128
1.2,8192,136,uniform,0.01231427897206916,4096,8192,0
1.2,8192,136,pilot_adaptive,-0.0004729662288140979,7936,8192,128
1.2,8192,136,regularized_adaptive,0.006550404279776156,7756,8192,128
1.2,8192,137,uniform,0.0020337084196211386,4096,8192,0
1.2,8192,137,pilot_adaptive,-0.010482607356159024,7936,8192,128
1.2,8192,137,regularized_adaptive,-0.0164812030777437,7733,8192,128
1.2,8192,138,uniform,-0.011355748264414212,4096,8192,0
1.2,8192,138,pilot_adaptive,-0.0016540782126444054,7602,8192,128
1.2,8192,138,regularized_adaptive,0.0057725479623287335,7512,8192,128
1.2,8192,139,uniform,-0.005826852221741952,4096,8192,0
1.2,8192,139,pilot_adaptive,0.0007114497507991757,7936,8192,128
1.2,8192,139,regularized_adaptive,-0.0018272504034380077,7744,8192,128
1.2,8192,140,uniform,-0.0011635230243609573,4096,8192,0
1.2,8192,140,pilot_adaptive,-0.00029141674326127465,7936,8192,128
1.2,8192,140,regularized_adaptive,0.004759841844127699,7756,8192,128
1.2,8192,141,uniform,0.024679364464678777,4096,8192,0
1.2,8192,141,pilot_adaptive,0.011446285208582152,7612,8192,128
1.2,8192,141,regularized_adaptive,-0.003335006185345213,7524,8192,128
1.2,8192,142,uniform,0.006061277192024983,4096,8192,0
1.2,8192,142,pilot_adaptive,-0.010721228281489914,7936,8192,128
1.2,8192,142,regularized_adaptive,-0.004657841836020804,7755,8192,128
1.2,8192,143,uniform,0.016041582290419187,4096,8192,0
1.2,8192,143,pilot_adaptive,0.004321769129416619,7936,8192,128
1.2,8192,143,regularized_adaptive,0.004038607404439176,7733,8192,128
1.2,8192,144,uniform,0.011183676189593816,4096,8192,0
1.2,8192,144,pilot_adaptive,-0.004522479831574611,7936,8192,128
1.2,8192,144,regularized_adaptive,-0.009728755639901498,7755,8192,128
1.2,8192,145,uniform,0.003234770235836182,4096,8192,0
1.2,8192,145,pilot_adaptive,-0.004129111580433165,7628,8192,128
1.2,8192,145,regularized_adaptive,-0.005412355134991165,7543,8192,128
1.2,8192,146,uniform,0.013268191129755413,4096,8192,0
1.2,8192,146,pilot_adaptive,-0.01112237487911405,7936,8192,128
1.2,8192,146,regularized_adaptive,0.00904739019826839,7737,8192,128
1.2,8192,147,uniform,0.006997303071055727,4096,8192,0
1.2,8192,147,pilot_adaptive,-0.006709762305248113,7936,8192,128
1.2,8192,147,regularized_adaptive,-0.013794083723369877,7729,8192,128
1.2,8192,148,uniform,-0.018103592401956803,4096,8192,0
1.2,8192,148,pilot_adaptive,0.003920622531792484,7936,8192,128
1.2,8192,148,regularized_adaptive,0.002796591030816531,7744,8192,128
1.2,8192,149,uniform,0.005937702362760255,4096,8192,0
1.2,8192,149,pilot_adaptive,-0.0004729662288140979,7936,8192,128
1.2,8192,149,regularized_adaptive,0.010152265416479178,7756,8192,128
1.2,8192,150,uniform,-0.006992684521087256,4096,8192,0
1.2,8192,150,pilot_adaptive,0.014510208614968212,7632,8192,128
1.2,8192,150,regularized_adaptive,0.012057095920123162,7547,8192,128
1.2,8192,151,uniform,-0.01497681999171463,4096,8192,0
1.2,8192,151,pilot_adaptive,-0.0016954298349458607,7936,8192,128
1.2,8192,151,regularized_adaptive,0.010386198652622802,7755,8192,128
1.2,8192,152,uniform,0.027858709630005807,4096,8192,0
1.2,8192,152,pilot_adaptive,-0.007731652612568141,7936,8192,128
1.2,8192,152,regularized_adaptive,-0.002704643275046603,7752,8192,128
1.2,8192,153,uniform,0.020121723817907444,4096,8192,0
1.2,8192,153,pilot_adaptive,0.003920622531792484,7936,8192,128
1.2,8192,153,regularized_adaptive,-0.0042751267953720085,7752,8192,128
1.2,8192,154,uniform,0.005584321113181634,4096,8192,0
1.2,8192,154,pilot_adaptive,0.013949287472396765,7936,8192,128
1.2,8192,154,regularized_adaptive,0.004798178445584833,7741,8192,128
1.2,8192,155,uniform,0.002387089669199538,4096,8192,0
1.2,8192,155,pilot_adaptive,0.0030993055232846345,7936,8192,128
1.2,8192,155,regularized_adaptive,-0.008523183035471948,7751,8192,128
1.2,8192,156,uniform,-0.015100394820979135,4096,8192,0
1.2,8192,156,pilot_adaptive,-0.013315395396638285,7633,8192,128
1.2,8192,156,regularized_adaptive,-0.00932319699458084,7548,8192,128
1.2,8192,157,uniform,-0.0060387723634010015,4096,8192,0
1.2,8192,157,pilot_adaptive,0.001131620161682667,7936,8192,128
1.2,8192,157,regularized_adaptive,0.004494266306189765,7755,8192,128
1.2,8192,158,uniform,-0.010225145481938869,4096,8192,0
1.2,8192,158,pilot_adaptive,0.012144127783088043,7936,8192,128
1.2,8192,158,regularized_adaptive,0.00017972932388343743,7747,8192,128
1.2,8192,159,uniform,0.0052130535849481685,4096,8192,0
1.2,8192,159,pilot_adaptive,-0.007712628799308563,7936,8192,128
1.2,8192,159,regularized_adaptive,-0.00861153849374352,7744,8192,128
1.2,8192,160,uniform,0.0004440358369575126,4096,8192,0
1.2,8192,160,pilot_adaptive,0.008151685620105598,7936,8192,128
1.2,8192,160,regularized_adaptive,0.01220070902011261,7741,8192,128
1.2,8192,161,uniform,-0.0014106726828897465,4096,8192,0
1.2,8192,161,pilot_adaptive,0.0008929992363515549,7936,8192,128
1.2,8192,161,regularized_adaptive,0.007456614291003971,7754,8192,128
1.2,8192,162,uniform,0.007545261224078725,4096,8192,0
1.2,8192,162,pilot_adaptive,0.007251056126447164,7634,8192,128
1.2,8192,162,regularized_adaptive,0.0031699176852570954,7549,8192,128
1.2,8192,163,uniform,-0.003371612793786838,4096,8192,0
1.2,8192,163,pilot_adaptive,0.0061079050054657635,7936,8192,128
1.2,8192,163,regularized_adaptive,0.004928852438122133,7754,8192,128
1.2,8192,164,uniform,0.005513319039001985,4096,8192,0
1.2,8192,164,pilot_adaptive,-0.012344838485246035,7936,8192,128
1.2,8192,164,regularized_adaptive,-0.003936647686325623,7752,8192,128
1.2,8192,165,uniform,0.008375055512060303,4096,8192,0
1.2,8192,165,pilot_adaptive,0.011924530671016287,7936,8192,128
1.2,8192,165,regularized_adaptive,0.0018301563316620584,7756,8192,128
1.2,8192,166,uniform,-0.0006865669455176082,4096,8192,0
1.2,8192,166,pilot_adaptive,-0.0011127337517693459,7936,8192,128
1.2,8192,166,regularized_adaptive,0.001691591309634921,7751,8192,128
1.2,8192,167,uniform,-0.016460804023768594,4096,8192,0
1.2,8192,167,pilot_adaptive,-0.006509189006436156,7936,8192,128
1.2,8192,167,regularized_adaptive,-0.00233956643099531,7751,8192,128
1.2,8192,168,uniform,-0.01916319311025272,4096,8192,0
1.2,8192,168,pilot_adaptive,-0.005926492923259419,7936,8192,128
1.2,8192,168,regularized_adaptive,0.0057859827024133725,7756,8192,128
1.2,8192,169,uniform,-0.011267402952019667,4096,8192,0
1.2,8192,169,pilot_adaptive,-0.004522479831574611,7936,8192,128
1.2,8192,169,regularized_adaptive,0.011678205285822862,7751,8192,128
1.2,8192,170,uniform,0.0007795308078810681,4096,8192,0
1.2,8192,170,pilot_adaptive,0.018412188138570595,7628,8192,128
1.2,8192,170,regularized_adaptive,-0.0029764669681013878,7543,8192,128
1.2,8192,171,uniform,-0.004908169580925659,4096,8192,0
1.2,8192,171,pilot_adaptive,-0.003920759935138518,7936,8192,128
1.2,8192,171,regularized_adaptive,-0.0009593453346032899,7741,8192,128
1.2,8192,172,uniform,0.008039560541136526,4096,8192,0
1.2,8192,172,pilot_adaptive,0.00751191809715035,7936,8192,128
1.2,8192,172,regularized_adaptive,-0.007961692909641771,7749,8192,128
1.2,8192,173,uniform,0.016412306778212482,4096,8192,0
1.2,8192,173,pilot_adaptive,-0.0016595941141293036,7626,8192,128
1.2,8192,173,regularized_adaptive,0.003371844888340858,7540,8192,128
1.2,8192,174,uniform,0.01899112103543188,4096,8192,0
1.2,8192,174,pilot_adaptive,0.0029177560377320333,7936,8192,128
1.2,8192,174,regularized_adaptive,-0.00828880818024369,7749,8192,128
1.2,8192,175,uniform,-0.00589731125548143,4096,8192,0
1.2,8192,175,pilot_adaptive,0.005109721229058506,7620,8192,128
1.2,8192,175,regularized_adaptive,-0.010965072814237198,7533,8192,128
1.2,8192,176,uniform,0.012544085392383497,4096,8192,0
1.2,8192,176,pilot_adaptive,-0.00029141674326127465,7936,8192,128
1.2,8192,176,regularized_adaptive,-0.0034263140221928445,7755,8192,128
1.2,8192,177,uniform,-0.0046610199223966475,4096,8192,0
1.2,8192,177,pilot_adaptive,0.00107898494656955,7633,8192,128
1.2,8192,177,regularized_adaptive,0.002971701594296494,7548,8192,128
1.2,8192,178,uniform,-0.0037602235602351985,4096,8192,0
1.2,8192,178,pilot_adaptive,0.0047038919137811774,7936,8192,128
1.2,8192,178,regularized_adaptive,0.006457915925061064,7747,8192,128
1.2,8192,179,uniform,-0.015577350899822262,4096,8192,0
1.2,8192,179,pilot_adaptive,-0.007482993068312238,7623,8192,128
1.2,8192,179,regularized_adaptive,0.006689175812294446,7537,8192,128
1.2,8192,180,uniform,-0.00875904772853997,4096,8192,0
1.2,8192,180,pilot_adaptive,0.006308478304277942,7936,8192,128
1.2,8192,180,regularized_adaptive,-0.0009248423211394297,7751,8192,128
1.2,8192,181,uniform,0.01196089772249076,4096,8192,0
1.2,8192,181,pilot_adaptive,-0.0022971497313821754,7936,8192,128
1.2,8192,181,regularized_adaptive,0.008263129224733268,7751,8192,128
1.2,8192,182,uniform,-0.006392153612979623,4096,8192,0
1.2,8192,182,pilot_adaptive,-0.0002017653548254117,7473,8192,128
1.2,8192,182,regularized_adaptive,-0.010611939769450407,7415,8192,128
1.2,8192,183,uniform,-0.0018523992448629123,4096,8192,0
1.2,8192,183,pilot_adaptive,0.018086867721899713,7459,8192,128
1.2,8192,183,regularized_adaptive,0.007968300533846895,7401,8192,128
1.2,8192,184,uniform,-0.012857075534683071,4096,8192,0
1.2,8192,184,pilot_adaptive,0.001914889543671583,7936,8192,128
1.2,8192,184,regularized_adaptive,-0.010563279451261787,7744,8192,128
1.2,8192,185,uniform,0.012049243034885304,4096,8192,0
1.2,8192,185,pilot_adaptive,-0.01074025209474927,7936,8192,128
1.2,8192,185,regularized_adaptive,-0.000745563946755512,7756,8192,128
1.2,8192,186,uniform,-0.014570322946611203,4096,8192,0
1.2,8192,186,pilot_adaptive,-0.00328099241218327,7936,8192,128
1.2,8192,186,regularized_adaptive,0.0019905283723509193,7754,8192,128
1.2,8192,187,uniform,-0.010648985765256969,4096,8192,0
1.2,8192,187,pilot_adaptive,-0.004321906532762654,7936,8192,128
1.2,8192,187,regularized_adaptive,-0.001989125408512482,7747,8192,128
1.2,8192,188,uniform,-0.0017109381369435628,4096,8192,0
1.2,8192,188,pilot_adaptive,4.175547010221159e-05,7633,8192,128
1.2,8192,188,regularized_adaptive,-0.022962000656223225,7548,8192,128
1.2,8192,189,uniform,-0.0032480379645225543,4096,8192,0
1.2,8192,189,pilot_adaptive,0.0015327667593065808,7936,8192,128
1.2,8192,189,regularized_adaptive,0.01023140304338499,7752,8192,128
1.2,8192,190,uniform,-0.013810987692369325,4096,8192,0
1.2,8192,190,pilot_adaptive,-0.02115103981971833,7936,8192,128
1.2,8192,190,regularized_adaptive,-0.008990445656900103,7756,8192,128
1.2,8192,191,uniform,0.0008678761202758345,4096,8192,0
1.2,8192,191,pilot_adaptive,0.002535633253367253,7936,8192,128
1.2,8192,191,regularized_adaptive,-0.0013704732861210545,7754,8192,128
1.2,8192,192,uniform,-0.013334031613526198,4096,8192,0
1.2,8192,192,pilot_adaptive,-0.0034048944826292615,7345,8192,128
1.2,8192,192,regularized_adaptive,-0.009496983817816718,7302,8192,128
1.2,8192,193,uniform,0.01506978385407809,4096,8192,0
1.2,8192,193,pilot_adaptive,-0.0020965764325702185,7936,8192,128
1.2,8192,193,regularized_adaptive,0.02122699609981815,7741,8192,128
1.2,8192,194,uniform,-0.010490181419122946,4096,8192,0
1.2,8192,194,pilot_adaptive,0.006929222013973835,7936,8192,128
1.2,8192,194,regularized_adaptive,0.007186474943914112,7755,8192,128
1.2,8192,195,uniform,-0.006074001880270741,4096,8192,0
1.2,8192,195,pilot_adaptive,-0.0007115871541452101,7936,8192,128
1.2,8192,195,regularized_adaptive,0.0036983541140380716,7737,8192,128
1.2,8192,196,uniform,0.0054959758007868675,4096,8192,0
1.2,8192,196,pilot_adaptive,-0.001992574017486204,7620,8192,128
1.2,8192,196,regularized_adaptive,-0.006126143456214539,7533,8192,128
1.2,8192,197,uniform,-0.0032301516858674884,4096,8192,0
1.2,8192,197,pilot_adaptive,0.0057104361753965716,7630,8192,128
1.2,8192,197,regularized_adaptive,0.004570135602251391,7545,8192,128
1.2,8192,198,uniform,0.009028702215692741,4096,8192,0
1.2,8192,198,pilot_adaptive,-0.02153316260408311,7936,8192,128
1.2,8192,198,regularized_adaptive,-0.008165715563012599,7751,8192,128
1.2,8192,199,uniform,0.023619220715943134,4096,8192,0
1.2,8192,199,pilot_adaptive,-0.002181763958813532,7612,8192,128
1.2,8192,199,regularized_adaptive,-0.015852275270786365,7524,8192,128
1.2,8192,200,uniform,0.007173993695845038,4096,8192,0
1.2,8192,200,pilot_adaptive,0.011943554484275865,7936,8192,128
1.2,8192,200,regularized_adaptive,0.007166088794747338,7756,8192,128
1.2,8192,201,uniform,0.01916781166022119,4096,8192,0
1.2,8192,201,pilot_adaptive,0.003318902635356169,7936,8192,128
1.2,8192,201,regularized_adaptive,-0.0069946550495947335,7756,8192,128
1.2,8192,202,uniform,-0.01808570612330196,4096,8192,0
1.2,8192,202,pilot_adaptive,0.013412575432944385,7623,8192,128
1.2,8192,202,regularized_adaptive,-0.013796391500847882,7537,8192,128
1.2,8192,203,uniform,-0.015877616353875856,4096,8192,0
1.2,8192,203,pilot_adaptive,0.0019339133569309386,7936,8192,128
1.2,8192,203,regularized_adaptive,-0.004347315823418851,7752,8192,128
1.2,8192,204,uniform,0.016535881607476988,4096,8192,0
1.2,8192,204,pilot_adaptive,0.023796402927448224,7936,8192,128
1.2,8192,204,regularized_adaptive,0.005480307181912059,7754,8192,128
1.2,8192,205,uniform,0.001680327170042517,4096,8192,0
1.2,8192,205,pilot_adaptive,-0.014350571473366935,7936,8192,128
1.2,8192,205,regularized_adaptive,0.0011059634682566433,7751,8192,128
1.2,8192,206,uniform,0.0060965067088945,4096,8192,0
1.2,8192,206,pilot_adaptive,-0.0063276395208835545,7936,8192,128
1.2,8192,206,regularized_adaptive,-8.178776491551965e-05,7755,8192,128
1.2,8192,207,uniform,0.0013800617159887008,4096,8192,0
1.2,8192,207,pilot_adaptive,0.005105038511405535,7936,8192,128
1.2,8192,207,regularized_adaptive,0.0018617512212619758,7754,8192,128
1.2,8192,208,uniform,-0.0031065768566029828,4096,8192,0
1.2,8192,208,pilot_adaptive,0.011122237475768015,7936,8192,128
1.2,8192,208,regularized_adaptive,-0.009095968756586581,7697,8192,128
1.2,8192,209,uniform,-0.013510722238315509,4096,8192,0
1.2,8192,209,pilot_adaptive,0.0008929992363515549,7936,8192,128
1.2,8192,209,regularized_adaptive,0.005636049551304589,7747,8192,128
1.2,8192,210,uniform,-0.018120935640171698,4096,8192,0
1.2,8192,210,pilot_adaptive,0.004942512839112068,7936,8192,128
1.2,8192,210,regularized_adaptive,0.0038305920343635336,7749,8192,128
1.2,8192,211,uniform,0.008481287103109914,4096,8192,0
1.2,8192,211,pilot_adaptive,-0.001494856536133904,7936,8192,128
1.2,8192,211,regularized_adaptive,0.016258280059281205,7752,8192,128
1.2,8192,212,uniform,-0.005862081738611691,4096,8192,0
1.2,8192,212,pilot_adaptive,-0.0007869387385319726,7633,8192,128
1.2,8192,212,regularized_adaptive,0.011338414306771183,7548,8192,128
1.2,8192,213,uniform,-0.005420355176638525,4096,8192,0
1.2,8192,213,pilot_adaptive,0.01840375276484507,7633,8192,128
1.2,8192,213,regularized_adaptive,-0.005880425980919757,7548,8192,128
1.2,8192,214,uniform,-0.010225145481938869,4096,8192,0
1.2,8192,214,pilot_adaptive,0.0011125963484233115,7936,8192,128
1.2,8192,214,regularized_adaptive,0.000823230309226819,7754,8192,128
1.2,8192,215,uniform,0.0050190197219439625,4096,8192,0
1.2,8192,215,pilot_adaptive,0.0002839066540412105,7607,8192,128
1.2,8192,215,regularized_adaptive,0.01263639660523741,7519,8192,128
1.2,8192,216,uniform,-0.0016757086200736016,4096,8192,0
1.2,8192,216,pilot_adaptive,0.0014947191327878695,7936,8192,128
1.2,8192,216,regularized_adaptive,-0.011527537976867785,7751,8192,128
1.2,8192,217,uniform,-0.0065336147208989725,4096,8192,0
1.2,8192,217,pilot_adaptive,0.0035392372667488736,7463,8192,128
1.2,8192,217,regularized_adaptive,0.016284711143249808,7405,8192,128
1.2,8192,218,uniform,-0.0005098763207282975,4096,8192,0
1.2,8192,218,pilot_adaptive,-0.01796089085198438,7936,8192,128
1.2,8192,218,regularized_adaptive,0.002187283530687978,7749,8192,128
1.2,8192,219,uniform,0.01612992760281373,4096,8192,0
1.2,8192,219,pilot_adaptive,0.007750539022481462,7936,8192,128
1.2,8192,219,regularized_adaptive,0.01947977909417542,7756,8192,128
1.2,8192,220,uniform,0.004665638472365341,4096,8192,0
1.2,8192,220,pilot_adaptive,0.020167059735571424,7936,8192,128
1.2,8192,220,regularized_adaptive,0.01666307580024151,7756,8192,128
1.2,8192,221,uniform,-0.0037071077647103934,4096,8192,0
1.2,8192,221,pilot_adaptive,-0.0033190400387022034,7936,8192,128
1.2,8192,221,regularized_adaptive,0.00554469575745653,7754,8192,128
1.2,8192,222,uniform,0.006008161396499956,4096,8192,0
1.2,8192,222,pilot_adaptive,0.0013707653418444377,7632,8192,128
1.2,8192,222,regularized_adaptive,-0.009868374479234943,7547,8192,128
1.2,8192,223,uniform,-0.004908169580925659,4096,8192,0
1.2,8192,223,pilot_adaptive,0.009737248197343007,7936,8192,128
1.2,8192,223,regularized_adaptive,0.007790378404905596,7741,8192,128
1.2,8192,224,uniform,-0.0106847583225671,4096,8192,0
1.2,8192,224,pilot_adaptive,0.0016952924316000484,7936,8192,128
1.2,8192,224,regularized_adaptive,-0.00447542588044314,7756,8192,128
1.2,8192,225,uniform,0.02185285750849042,4096,8192,0
1.2,8192,225,pilot_adaptive,-0.005926492923259419,7936,8192,128
1.2,8192,225,regularized_adaptive,-0.005572081741310075,7751,8192,128
1.2,8192,226,uniform,-0.008335207445221648,4096,8192,0
1.2,8192,226,pilot_adaptive,-0.004704029317127212,7936,8192,128
1.2,8192,226,regularized_adaptive,0.001644599781688072,7755,8192,128
1.2,8192,227,uniform,-0.0070105707997421,4096,8192,0
1.2,8192,227,pilot_adaptive,0.0007036219178675474,7630,8192,128
1.2,8192,227,regularized_adaptive,-0.01428828316250308,7545,8192,128
1.2,8192,228,uniform,-0.008935738353329281,4096,8192,0
1.2,8192,228,pilot_adaptive,0.0007450775669337606,7632,8192,128
1.2,8192,228,regularized_adaptive,0.013542810975962105,7547,8192,128
1.2,8192,229,uniform,0.003093852168356781,4096,8192,0
1.2,8192,229,pilot_adaptive,0.0034180341935352576,7620,8192,128
1.2,8192,229,regularized_adaptive,0.0007041856262841595,7533,8192,128
1.2,8192,230,uniform,-0.0030713473397330215,4096,8192,0
1.2,8192,230,pilot_adaptive,-0.009323192433642769,7437,8192,128
1.2,8192,230,regularized_adaptive,0.0295528210725442,7378,8192,128
1.2,8192,231,uniform,0.004630408955495602,4096,8192,0
1.2,8192,231,pilot_adaptive,-0.0015138803493934816,7936,8192,128
1.2,8192,231,regularized_adaptive,0.00017003368460488666,7752,8192,128
1.2,8192,232,uniform,0.0011681415743296508,4096,8192,0
1.2,8192,232,pilot_adaptive,-0.01633728064822826,7936,8192,128
1.2,8192,232,regularized_adaptive,0.0005065413485940695,7756,8192,128
1.2,8192,233,uniform,0.004753983784760107,4096,8192,0
1.2,8192,233,pilot_adaptive,0.009737248197343007,7936,8192,128
1.2,8192,233,regularized_adaptive,0.0042890611926653666,7747,8192,128
1.2,8192,234,uniform,-0.0026117344991047897,4096,8192,0
1.2,8192,234,pilot_adaptive,0.009317077786459294,7936,8192,128
1.2,8192,234,regularized_adaptive,-0.0017238248500195397,7755,8192,128
1.2,8192,235,uniform,0.015758660074580266,4096,8192,0
1.2,8192,235,pilot_adaptive,0.007019101355479673,7612,8192,128
1.2,8192,235,regularized_adaptive,0.006185027901812301,7524,8192,128
1.2,8192,236,uniform,0.005107365034338729,4096,8192,0
1.2,8192,236,pilot_adaptive,0.003920622531792484,7936,8192,128
1.2,8192,236,regularized_adaptive,-0.002978447919607774,7751,8192,128
1.2,8192,237,uniform,0.011837322893226254,4096,8192,0
1.2,8192,237,pilot_adaptive,-0.00031044055652085234,7936,8192,128
1.2,8192,237,regularized_adaptive,0.0068622885276130585,7737,8192,128
1.2,8192,238,uniform,-0.00443121350208231,4096,8192,0
1.2,8192,238,pilot_adaptive,-0.004121333233950697,7936,8192,128
1.2,8192,238,regularized_adaptive,-0.0021342058711484313,7751,8192,128
1.2,8192,239,uniform,0.003499806173020037,4096,8192,0
1.2,8192,239,pilot_adaptive,-0.005324773026823104,7936,8192,128
1.2,8192,239,regularized_adaptive,0.0033232446425279782,7756,8192,128
1.2,8192,240,uniform,-0.015930732149400884,4096,8192,0
1.2,8192,240,pilot_adaptive,0.008953978815353869,7936,8192,128
1.2,8192,240,regularized_adaptive,-0.004452587200382885,7755,8192,128
1.2,8192,241,uniform,-0.00012126555428015884,4096,8192,0
1.2,8192,241,pilot_adaptive,-0.0019157850664863751,7634,8192,128
1.2,8192,241,regularized_adaptive,0.0064735305997227766,7549,8192,128
1.2,8192,242,uniform,0.0017334429655673222,4096,8192,0
1.2,8192,242,pilot_adaptive,-0.0035196133375143823,7936,8192,128
1.2,8192,242,regularized_adaptive,-0.012789711291672168,7754,8192,128
1.2,8192,243,uniform,0.016165157119683693,4096,8192,0
1.2,8192,243,pilot_adaptive,0.003920622531792484,7936,8192,128
1.2,8192,243,regularized_adaptive,0.004365676457838807,7741,8192,128
1.2,8192,244,uniform,-0.0010220619164413858,4096,8192,0
1.2,8192,244,pilot_adaptive,0.01254527438071218,7936,8192,128
1.2,8192,244,regularized_adaptive,-0.007701740796084655,7751,8192,128
1.2,8192,245,uniform,-0.013404490647265899,4096,8192,0
1.2,8192,245,pilot_adaptive,-0.004181788088925442,7626,8192,128
1.2,8192,245,regularized_adaptive,-0.011674034538632583,7540,8192,128
1.2,8192,246,uniform,-0.011143828122755162,4096,8192,0
1.2,8192,246,pilot_adaptive,-0.0006735395276262768,7936,8192,128
1.2,8192,246,regularized_adaptive,-0.001499250437209998,7754,8192,128
1.2,8192,247,uniform,0.0007443012910113289,4096,8192,0
1.2,8192,247,pilot_adaptive,0.0016952924316000484,7936,8192,128
1.2,8192,247,regularized_adaptive,0.019882104265072087,7752,8192,128
1.2,8192,248,uniform,0.0060965067088945,4096,8192,0
1.2,8192,248,pilot_adaptive,0.0041211958306044405,7936,8192,128
1.2,8192,248,regularized_adaptive,0.0012819174235330077,7749,8192,128
1.2,8192,249,uniform,-0.010136800169544324,4096,8192,0
1.2,8192,249,pilot_adaptive,0.0025569566790566434,7616,8192,128
1.2,8192,249,regularized_adaptive,0.007990067443923943,7529,8192,128
1.2,8192,250,uniform,-0.012733500705418788,4096,8192,0
1.2,8192,250,pilot_adaptive,0.003318902635356169,7936,8192,128
1.2,8192,250,regularized_adaptive,-0.00472855791608473,7747,8192,128
1.2,8192,251,uniform,-0.006674532788378373,4096,8192,0
1.2,8192,251,pilot_adaptive,-0.003920759935138518,7936,8192,128
1.2,8192,251,regularized_adaptive,0.01300472355427229,7756,8192,128
1.2,8192,252,uniform,-0.00526155083050428,4096,8192,0
1.2,8192,252,pilot_adaptive,0.005744806034360561,7936,8192,128
1.2,8192,252,regularized_adaptive,0.017304404177245436,7755,8192,128
1.2,8192,253,uniform,0.003729612593334375,4096,8192,0
1.2,8192,253,pilot_adaptive,0.015992613877757966,7620,8192,128
1.2,8192,253,regularized_adaptive,-0.008218126565485706,7533,8192,128
1.2,8192,254,uniform,-0.019816839813884934,4096,8192,0
1.2,8192,254,pilot_adaptive,-0.00029141674326127465,7936,8192,128
1.2,8192,254,regularized_adaptive,-0.004191979446801275,7744,8192,128
1.2,8192,255,uniform,-0.016496033540638333,4096,8192,0
1.2,8192,255,pilot_adaptive,0.004503318614969221,7936,8192,128
1.2,8192,255,regularized_adaptive,-0.002460492931071867,7755,8192,128
1.2,8192,256,uniform,-0.01407602362955318,4096,8192,0
1.2,8192,256,pilot_adaptive,0.0028987322244724556,7936,8192,128
1.2,8192,256,regularized_adaptive,-0.009914694923404577,7741,8192,128
1.2,8192,257,uniform,-0.005526586767688135,4096,8192,0
1.2,8192,257,pilot_adaptive,0.009882781390003759,7630,8192,128
1.2,8192,257,regularized_adaptive,0.01498985483421511,7545,8192,128
1.2,8192,258,uniform,0.011572286956042399,4096,8192,0
1.2,8192,258,pilot_adaptive,0.0005383253181669989,7607,8192,128
1.2,8192,258,regularized_adaptive,-0.003327508128703416,7519,8192,128
1.2,8192,259,uniform,-0.01787378598164291,4096,8192,0
1.2,8192,259,pilot_adaptive,0.0020974862148386286,7626,8192,128
1.2,8192,259,regularized_adaptive,-0.0032118266909930693,7540,8192,128
1.2,8192,260,uniform,-0.012857075534683071,4096,8192,0
1.2,8192,260,pilot_adaptive,0.007258564785805888,7634,8192,128
1.2,8192,260,regularized_adaptive,-0.0026639636611160977,7549,8192,128
1.2,8192,261,uniform,0.021552592054436603,4096,8192,0
1.2,8192,261,pilot_adaptive,0.005105038511405535,7936,8192,128
1.2,8192,261,regularized_adaptive,0.004083757034913704,7755,8192,128
1.2,8192,262,uniform,-0.0003152994172841428,4096,8192,0
1.2,8192,262,pilot_adaptive,-0.010520654982677735,7936,8192,128
1.2,8192,262,regularized_adaptive,-0.0027880807796984985,7747,8192,128
1.2,8192,263,uniform,0.0009031056371457957,4096,8192,0
1.2,8192,263,pilot_adaptive,0.012325677268640423,7936,8192,128
1.2,8192,263,regularized_adaptive,0.01561514482770221,7749,8192,128
1.2,8192,264,uniform,0.0011681415743296508,4096,8192,0
1.2,8192,264,pilot_adaptive,0.01854344953181508,7936,8192,128
1.2,8192,264,regularized_adaptive,-0.0008423542203983558,7755,8192,128
1.2,8192,265,uniform,0.016112041324158888,4096,8192,0
1.2,8192,265,pilot_adaptive,-0.012545411784058214,7936,8192,128
1.2,8192,265,regularized_adaptive,0.008333652296242722,7755,8192,128
1.2,8192,266,uniform,-0.01679629899469215,4096,8192,0
1.2,8192,266,pilot_adaptive,-0.0003973282206337636,7616,8192,128
1.2,8192,266,regularized_adaptive,-0.007528310561518259,7529,8192,128
1.2,8192,267,uniform,0.01363891561754893,4096,8192,0
1.2,8192,267,pilot_adaptive,0.0025166094401078976,7936,8192,128
1.2,8192,267,regularized_adaptive,-0.0064780759659339715,7749,8192,128
1.2,8192,268,uniform,-0.002965115748683411,4096,8192,0
1.2,8192,268,pilot_adaptive,0.018588739179618452,7623,8192,128
1.2,8192,268,regularized_adaptive,-0.00012092588442613739,7537,8192,128
1.2,8192,269,uniform,-0.0037954530771049377,4096,8192,0
1.2,8192,269,pilot_adaptive,0.008734381703282557,7936,8192,128
1.2,8192,269,regularized_adaptive,-0.005035507057105315,7752,8192,128
1.2,8192,270,uniform,-0.006215462988190312,4096,8192,0
1.2,8192,270,pilot_adaptive,0.005706758407841628,7936,8192,128
1.2,8192,270,regularized_adaptive,-0.0015181241916080168,7751,8192,128
1.2,8192,271,uniform,0.0072975685251097655,4096,8192,0
1.2,8192,271,pilot_adaptive,0.008341813007634036,7626,8192,128
1.2,8192,271,regularized_adaptive,-0.016318397056696243,7540,8192,128
1.2,8192,272,uniform,0.011837322893226254,4096,8192,0
1.2,8192,272,pilot_adaptive,0.012946420978336315,7936,8192,128
1.2,8192,272,regularized_adaptive,0.0031180164708708435,7756,8192,128
1.2,8192,273,uniform,-0.010684215282127152,4096,8192,0
1.2,8192,273,pilot_adaptive,0.001922375215818617,7628,8192,128
1.2,8192,273,regularized_adaptive,-0.014064315584982001,7543,8192,128
1.2,8192,274,uniform,-0.013669526584449754,4096,8192,0
1.2,8192,274,pilot_adaptive,-0.009517788488617285,7936,8192,128
1.2,8192,274,regularized_adaptive,-0.014005961620092044,7741,8192,128
1.2,8192,275,uniform,0.009240622357351791,4096,8192,0
1.2,8192,275,pilot_adaptive,-0.0033190400387022034,7936,8192,128
1.2,8192,275,regularized_adaptive,-0.019570064629945705,7756,8192,128
1.2,8192,276,uniform,-0.000386301491464236,4096,8192,0
1.2,8192,276,pilot_adaptive,0.003939646345051839,7936,8192,128
1.2,8192,276,regularized_adaptive,6.362747858412732e-05,7733,8192,128
1.2,8192,277,uniform,0.012632430704778042,4096,8192,0
1.2,8192,277,pilot_adaptive,0.013328543762700873,7936,8192,128
1.2,8192,277,regularized_adaptive,0.013345377802357561,7754,8192,128
1.2,8192,278,uniform,-0.00400737321876421,4096,8192,0
1.2,8192,278,pilot_adaptive,-0.000199493684687857,7466,8192,128
1.2,8192,278,regularized_adaptive,0.017204004305327425,7408,8192,128
1.2,8192,279,uniform,-0.0011987525412306965,4096,8192,0
1.2,8192,279,pilot_adaptive,0.01673828984250636,7936,8192,128
1.2,8192,279,regularized_adaptive,0.004315550585295425,7737,8192,128
1.2,8192,280,uniform,0.0017686724824370614,4096,8192,0
1.2,8192,280,pilot_adaptive,0.0006656152629420653,7628,8192,128
1.2,8192,280,regularized_adaptive,-0.002070889992456415,7543,8192,128
1.2,8192,281,uniform,0.009293738152876596,4096,8192,0
1.2,8192,281,pilot_adaptive,-0.01677757420746251,7632,8192,128
1.2,8192,281,regularized_adaptive,-0.010088620051009078,7547,8192,128
1.2,8192,282,uniform,-0.013280915818001393,4096,8192,0
1.2,8192,282,pilot_adaptive,0.00311832933654399,7936,8192,128
1.2,8192,282,regularized_adaptive,-0.011040763400868014,7751,8192,128
1.2,8192,283,uniform,-0.0027531956070243613,4096,8192,0
1.2,8192,283,pilot_adaptive,-0.0022971497313821754,7936,8192,128
1.2,8192,283,regularized_adaptive,0.0010288358747740922,7755,8192,128
1.2,8192,284,uniform,-0.013245686301131654,4096,8192,0
1.2,8192,284,pilot_adaptive,-0.004522479831574611,7936,8192,128
1.2,8192,284,regularized_adaptive,-0.010291432567795189,7737,8192,128
1.2,8192,285,uniform,-0.001764053932468368,4096,8192,0
1.2,8192,285,pilot_adaptive,-0.010539678795937313,7936,8192,128
1.2,8192,285,regularized_adaptive,0.0003335130570047973,7733,8192,128
1.2,8192,286,uniform,0.004188682393522436,4096,8192,0
1.2,8192,286,pilot_adaptive,-0.004302882719503076,7936,8192,128
1.2,8192,286,regularized_adaptive,0.024898825695851556,7755,8192,128
1.2,8192,287,uniform,0.014787404678679117,4096,8192,0
1.2,8192,287,pilot_adaptive,0.0028987322244724556,7936,8192,128
1.2,8192,287,regularized_adaptive,0.00258908700532845,7751,8192,128
1.2,8192,288,uniform,0.007827640399477476,4096,8192,0
1.2,8192,288,pilot_adaptive,-0.009317215189805328,7936,8192,128
1.2,8192,288,regularized_adaptive,0.015226478598641568,7756,8192,128
1.2,8192,289,uniform,0.013250304851100347,4096,8192,0
1.2,8192,289,pilot_adaptive,-0.010721228281489914,7936,8192,128
1.2,8192,289,regularized_adaptive,0.011737599680470279,7756,8192,128
1.2,8192,290,uniform,-0.006674532788378373,4096,8192,0
1.2,8192,290,pilot_adaptive,-0.012155200652797848,7634,8192,128
1.2,8192,290,regularized_adaptive,-0.0056866425448443,7549,8192,128
1.2,8192,291,uniform,-0.0023293553237062614,4096,8192,0
1.2,8192,291,pilot_adaptive,0.014933130153197638,7936,8192,128
1.2,8192,291,regularized_adaptive,0.0032102624239960242,7756,8192,128
1.2,8192,292,uniform,-0.008193746337302299,4096,8192,0
1.2,8192,292,pilot_adaptive,0.014331410256761323,7936,8192,128
1.2,8192,292,regularized_adaptive,-0.009668303552832436,7755,8192,128
1.2,8192,293,uniform,0.013161959538705803,4096,8192,0
1.2,8192,293,pilot_adaptive,0.0021154628424835398,7936,8192,128
1.2,8192,293,regularized_adaptive,0.009229759349952626,7741,8192,128
1.2,8192,294,uniform,-0.0005629921162535467,4096,8192,0
1.2,8192,294,pilot_adaptive,0.00532463562347707,7936,8192,128
1.2,8192,294,regularized_adaptive,-0.008414419480787583,7754,8192,128
1.2,8192,295,uniform,0.012791235050912286,4096,8192,0
1.2,8192,295,pilot_adaptive,0.007311344798338393,7936,8192,128
1.2,8192,295,regularized_adaptive,-0.00961381257758176,7752,8192,128
1.2,8192,296,uniform,-0.006127117675795546,4096,8192,0
1.2,8192,296,pilot_adaptive,0.015667454978797846,7616,8192,128
1.2,8192,296,regularized_adaptive,0.008455029942123993,7529,8192,128
1.2,8192,297,uniform,-0.01515351061650394,4096,8192,0
1.2,8192,297,pilot_adaptive,0.008004541331311898,7630,8192,128
1.2,8192,297,regularized_adaptive,-0.0191225506815762,7545,8192,128
1.2,8192,298,uniform,0.01070672011075069,4096,8192,0
1.2,8192,298,pilot_adaptive,0.0024135783000287514,7632,8192,128
1.2,8192,298,regularized_adaptive,0.005662555969939476,7547,8192,128
1.2,8192,299,uniform,-0.0032301516858674884,4096,8192,0
1.2,8192,299,pilot_adaptive,0.018361900046262702,7936,8192,128
1.2,8192,299,regularized_adaptive,0.005991210874070507,7756,8192,128
1.2,8192,300,uniform,0.00588458656723545,4096,8192,0
1.2,8192,300,pilot_adaptive,-0.006528212819695511,7936,8192,128
1.2,8192,300,regularized_adaptive,-0.006425996991884286,7754,8192,128
1.2,8192,301,uniform,-0.0039721437018942485,4096,8192,0
1.2,8192,301,pilot_adaptive,-0.009988699009867208,7623,8192,128
1.2,8192,301,regularized_adaptive,-0.02182166529362517,7537,8192,128
1.2,8192,302,uniform,-0.004908169580925659,4096,8192,0
1.2,8192,302,pilot_adaptive,-0.005706895811187662,7936,8192,128
1.2,8192,302,regularized_adaptive,-0.004598532589310311,7751,8192,128
1.2,8192,303,uniform,0.0029345047817823655,4096,8192,0
1.2,8192,303,pilot_adaptive,-0.009517788488617285,7936,8192,128
1.2,8192,303,regularized_adaptive,-0.018076976319079785,7756,8192,128
1.2,8192,304,uniform,0.01091864025240974,4096,8192,0
1.2,8192,304,pilot_adaptive,0.0021154628424835398,7936,8192,128
1.2,8192,304,regularized_adaptive,0.0011014895981587003,7756,8192,128
1.2,8192,305,uniform,-0.012521580563759516,4096,8192,0
1.2,8192,305,pilot_adaptive,-0.006528212819695511,7936,8192,128
1.2,8192,305,regularized_adaptive,-0.00952350100426358,7755,8192,128
1.2,8192,306,uniform,-0.006727648583903401,4096,8192,0
1.2,8192,306,pilot_adaptive,-0.002582673315118633,7450,8192,128
1.2,8192,306,regularized_adaptive,-8.054508414168104e-05,7391,8192,128
1.2,8192,307,uniform,0.0010976825405899504,4096,8192,0
1.2,8192,307,pilot_adaptive,-0.006509189006436156,7936,8192,128
1.2,8192,307,regularized_adaptive,0.010437687255359318,7737,8192,128
1.2,8192,308,uniform,0.00012588410424885232,4096,8192,0
1.2,8192,308,pilot_adaptive,0.008533808404470378,7936,8192,128
1.2,8192,308,regularized_adaptive,0.016196128347661265,7756,8192,128
1.2,8192,309,uniform,0.003287886031360987,4096,8192,0
1.2,8192,309,pilot_adaptive,0.0008929992363515549,7936,8192,128
1.2,8192,309,regularized_adaptive,0.005604889945879377,7755,8192,128
1.2,8192,310,uniform,0.0001789998997736575,4096,8192,0
1.2,8192,310,pilot_adaptive,-0.0064901651931768,7936,8192,128
1.2,8192,310,regularized_adaptive,0.0007588417336823472,7754,8192,128
1.2,8192,311,uniform,-0.012609925876154282,4096,8192,0
1.2,8192,311,pilot_adaptive,-0.0005892971960981264,7633,8192,128
1.2,8192,311,regularized_adaptive,-0.006444444088626211,7548,8192,128
1.2,8192,312,uniform,0.0140632989413072,4096,8192,0
1.2,8192,312,pilot_adaptive,-0.007641068511347049,7630,8192,128
1.2,8192,312,regularized_adaptive,0.00020414593954898308,7545,8192,128
1.2,8192,313,uniform,0.007173993695845038,4096,8192,0
1.2,8192,313,pilot_adaptive,0.0016952924316000484,7936,8192,128
1.2,8192,313,regularized_adaptive,0.001204816733634928,7751,8192,128
1.2,8192,314,uniform,-0.03371848209363315,4096,8192,0
1.2,8192,314,pilot_adaptive,-0.00708648792263844,7626,8192,128
1.2,8192,314,regularized_adaptive,-0.0008109602787458314,7540,8192,128
1.2,8192,315,uniform,0.014787404678679117,4096,8192,0
1.2,8192,315,pilot_adaptive,-0.011705070962291009,7936,8192,128
1.2,8192,315,regularized_adaptive,0.0007860358902445075,7752,8192,128
1.2,8192,316,uniform,0.004807099580284913,4096,8192,0
1.2,8192,316,pilot_adaptive,0.009918797682895386,7936,8192,128
1.2,8192,316,regularized_adaptive,0.0079388632935522,7749,8192,128
1.2,8192,317,uniform,-0.007381295287535616,4096,8192,0
1.2,8192,317,pilot_adaptive,0.0073303686115979705,7936,8192,128
1.2,8192,317,regularized_adaptive,-0.01371069360501398,7756,8192,128
1.2,8192,318,uniform,-0.001958087795472574,4096,8192,0
1.2,8192,318,pilot_adaptive,0.004302745316157042,7936,8192,128
1.2,8192,318,regularized_adaptive,-0.008539499239042403,7737,8192,128
1.2,8192,319,uniform,0.04269637778878543,4096,8192,0
1.2,8192,319,pilot_adaptive,-7.181963118996215e-05,7936,8192,128
1.2,8192,319,regularized_adaptive,0.004494527786104374,7747,8192,128
1.2,8192,320,uniform,-0.0014990179952845128,4096,8192,0
1.2,8192,320,pilot_adaptive,-0.003728219938999411,7633,8192,128
1.2,8192,320,regularized_adaptive,0.003952501758551108,7548,8192,128
1.2,8192,321,uniform,0.0013448321991189616,4096,8192,0
1.2,8192,321,pilot_adaptive,-0.009135665704252727,7936,8192,128
1.2,8192,321,regularized_adaptive,0.014420395357243487,7729,8192,128
1.2,8192,322,uniform,0.0022456285612804106,4096,8192,0
1.2,8192,322,pilot_adaptive,0.00518113376444318,7936,8192,128
1.2,8192,322,regularized_adaptive,0.008751423058738661,7756,8192,128
1.2,8192,323,uniform,0.019945033193118133,4096,8192,0
1.2,8192,323,pilot_adaptive,0.00719533649129267,7421,8192,128
1.2,8192,323,regularized_adaptive,-0.005029868370123536,7362,8192,128
1.2,8192,324,uniform,-0.003371612793786838,4096,8192,0
1.2,8192,324,pilot_adaptive,0.023010755593670718,7616,8192,128
1.2,8192,324,regularized_adaptive,-0.000466565306097122,7529,8192,128
1.2,8192,325,uniform,0.009805923748589462,4096,8192,0
1.2,8192,325,pilot_adaptive,0.005706758407841628,7936,8192,128
1.2,8192,325,regularized_adaptive,-0.010374192839315066,7752,8192,128
1.2,8192,326,uniform,0.013533227066939268,4096,8192,0
1.2,8192,326,pilot_adaptive,-0.005907469109999841,7936,8192,128
1.2,8192,326,regularized_adaptive,-0.0031077550231481954,7751,8192,128
1.2,8192,327,uniform,-0.0159659616662704,4096,8192,0
1.2,8192,327,pilot_adaptive,0.0021154628424835398,7936,8192,128
1.2,8192,327,regularized_adaptive,-0.0016401429681103252,7754,8192,128
1.2,8192,328,uniform,-0.009501039744566953,4096,8192,0
1.2,8192,328,pilot_adaptive,0.009135528300906692,7936,8192,128
1.2,8192,328,regularized_adaptive,-0.020744942550622536,7756,8192,128
1.2,8192,329,uniform,0.000320461007693007,4096,8192,0
1.2,8192,329,pilot_adaptive,0.013262227142044836,7632,8192,128
1.2,8192,329,regularized_adaptive,-0.00543923128500845,7547,8192,128
1.2,8192,330,uniform,-0.001075177711966191,4096,8192,0
1.2,8192,330,pilot_adaptive,-0.0010937099385097682,7936,8192,128
1.2,8192,330,regularized_adaptive,-0.003781518967368225,7744,8192,128
1.2,8192,331,uniform,0.002404975947854604,4096,8192,0
1.2,8192,331,pilot_adaptive,-0.013147131680494528,7936,8192,128
1.2,8192,331,regularized_adaptive,-0.01321808444574768,7755,8192,128
1.2,8192,332,uniform,0.01416898749191664,4096,8192,0
1.2,8192,332,pilot_adaptive,-0.009336239003064906,7936,8192,128
1.2,8192,332,regularized_adaptive,-0.004214170782919302,7752,8192,128
1.2,8192,333,uniform,-0.005738506909347185,4096,8192,0
1.2,8192,333,pilot_adaptive,0.005506185109029671,7936,8192,128
1.2,8192,333,regularized_adaptive,0.0009834750890944655,7741,8192,128
1.2,8192,334,uniform,-0.009236003807382875,4096,8192,0
1.2,8192,334,pilot_adaptive,0.0073303686115979705,7936,8192,128
1.2,8192,334,regularized_adaptive,-0.00029278058498283244,7741,8192,128
1.2,8192,335,uniform,0.013161959538705803,4096,8192,0
1.2,8192,335,pilot_adaptive,-0.005098069075796907,7632,8192,128
1.2,8192,335,regularized_adaptive,0.00607504514019741,7547,8192,128
1.2,8192,336,uniform,0.004506834126231096,4096,8192,0
1.2,8192,336,pilot_adaptive,0.004923489025852934,7936,8192,128
1.2,8192,336,regularized_adaptive,-0.014952498359791733,7752,8192,128
1.2,8192,337,uniform,-0.03108655204088895,4096,8192,0
1.2,8192,337,pilot_adaptive,-0.0035005895242548046,7936,8192,128
1.2,8192,337,regularized_adaptive,-0.012889008439489258,7751,8192,128
1.2,8192,338,uniform,-0.01882769813932894,4096,8192,0
1.2,8192,338,pilot_adaptive,-0.007932225911380097,7936,8192,128
1.2,8192,338,regularized_adaptive,-0.0085445346469597,7729,8192,128
1.2,8192,339,uniform,-0.023172875604001053,4096,8192,0
1.2,8192,339,pilot_adaptive,-0.00726242576676861,7633,8192,128
1.2,8192,339,regularized_adaptive,0.002628537563327704,7548,8192,128
1.2,8192,340,uniform,-0.018527432685275125,4096,8192,0
1.2,8192,340,pilot_adaptive,0.012950445250351716,7616,8192,128
1.2,8192,340,regularized_adaptive,0.005833016880463671,7529,8192,128
1.2,8192,341,uniform,0.010583145281486406,4096,8192,0
1.2,8192,341,pilot_adaptive,0.007750539022481462,7936,8192,128
1.2,8192,341,regularized_adaptive,-0.002978447919607774,7751,8192,128
1.2,8192,342,uniform,0.009982614373378551,4096,8192,0
1.2,8192,342,pilot_adaptive,-0.01814244033753698,7936,8192,128
1.2,8192,342,regularized_adaptive,0.009218370511318907,7756,8192,128
1.2,8192,343,uniform,0.016023696011764343,4096,8192,0
1.2,8192,343,pilot_adaptive,-0.021571210230602045,7936,8192,128
1.2,8192,343,regularized_adaptive,-0.006794738653900456,7755,8192,128
1.2,8192,344,uniform,-0.00197597407412764,4096,8192,0
1.2,8192,344,pilot_adaptive,0.004821726042172125,7633,8192,128
1.2,8192,344,regularized_adaptive,0.01471255251423842,7548,8192,128
1.2,8192,345,uniform,0.023142264637100007,4096,8192,0
1.2,8192,345,pilot_adaptive,-0.007712628799308563,7936,8192,128
1.2,8192,345,regularized_adaptive,0.000303178725104436,7752,8192,128
1.2,8192,346,uniform,0.01049479996909164,4096,8192,0
1.2,8192,346,pilot_adaptive,0.004904465212593356,7936,8192,128
1.2,8192,346,regularized_adaptive,-0.016343878676777557,7754,8192,128
1.2,8192,347,uniform,-0.010878792185571307,4096,8192,0
1.2,8192,347,pilot_adaptive,0.01262379492423582,7356,8192,128
1.2,8192,347,regularized_adaptive,0.012859455716727641,7312,8192,128
1.2,8192,348,uniform,0.014469252945970457,4096,8192,0
1.2,8192,348,pilot_adaptive,-0.005926492923259419,7936,8192,128
1.2,8192,348,regularized_adaptive,0.0066685348500468145,7752,8192,128
1.2,8192,349,uniform,-0.022483999383499098,4096,8192,0
1.2,8192,349,pilot_adaptive,0.002316336214478243,7623,8192,128
1.2,8192,349,regularized_adaptive,0.0023602994300799818,7537,8192,128
1.2,8192,350,uniform,0.013603686100678969,4096,8192,0
1.2,8192,350,pilot_adaptive,0.010740114691403457,7936,8192,128
1.2,8192,350,regularized_adaptive,0.004797914700305661,7733,8192,128
1.2,8192,351,uniform,0.0203867597550913,4096,8192,0
1.2,8192,351,pilot_adaptive,-0.004704029317127212,7936,8192,128
1.2,8192,351,regularized_adaptive,0.004477386297798036,7756,8192,128
1.2,8192,352,uniform,-0.004572674610001881,4096,8192,0
1.2,8192,352,pilot_adaptive,-0.006308615707623977,7936,8192,128
1.2,8192,352,regularized_adaptive,0.009414748086593816,7749,8192,128
1.2,8192,353,uniform,-0.010595869969732385,4096,8192,0
1.2,8192,353,pilot_adaptive,-0.012745985082870392,7936,8192,128
1.2,8192,353,regularized_adaptive,-0.0056236629271415595,7755,8192,128
1.2,8192,354,uniform,0.003093852168356781,4096,8192,0
1.2,8192,354,pilot_adaptive,0.00249758562684832,7936,8192,128
1.2,8192,354,regularized_adaptive,0.00174051720493007,7752,8192,128
1.2,8192,355,uniform,-0.005791622704872212,4096,8192,0
1.2,8192,355,pilot_adaptive,0.0027363733638374743,7633,8192,128
1.2,8192,355,regularized_adaptive,-0.012001036701339673,7548,8192,128
1.2,8192,356,uniform,-0.010648985765256969,4096,8192,0
1.2,8192,356,pilot_adaptive,-0.012344838485246035,7936,8192,128
1.2,8192,356,regularized_adaptive,0.009239021300294192,7755,8192,128
1.2,8192,357,uniform,-0.0014637884784145516,4096,8192,0
1.2,8192,357,pilot_adaptive,-0.008058303032807856,7630,8192,128
1.2,8192,357,regularized_adaptive,-0.01568274327644703,7545,8192,128
1.2,8192,358,uniform,0.015087670132732933,4096,8192,0
1.2,8192,358,pilot_adaptive,-0.019364903943669187,7936,8192,128
1.2,8192,358,regularized_adaptive,0.0023367020096960456,7754,8192,128
1.2,8192,359,uniform,0.012914809880176792,4096,8192,0
1.2,8192,359,pilot_adaptive,-0.0008246873743584793,7626,8192,128
1.2,8192,359,regularized_adaptive,-0.003977571086516418,7540,8192,128
1.2,8192,360,uniform,0.00033780424590790226,4096,8192,0
1.2,8192,360,pilot_adaptive,0.0010107484543373513,7466,8192,128
1.2,8192,360,regularized_adaptive,0.006181590666209491,7408,8192,128
1.2,8192,361,uniform,-0.021883468475391465,4096,8192,0
1.2,8192,361,pilot_adaptive,-0.00572591962444724,7936,8192,128
1.2,8192,361,regularized_adaptive,0.013115729204750792,7751,8192,128
1.2,8192,362,uniform,-0.007204604662746306,4096,8192,0
1.2,8192,362,pilot_adaptive,-0.0048512522108614675,7468,8192,128
1.2,8192,362,regularized_adaptive,0.007354619180503397,7411,8192,128
1.2,8192,363,uniform,-0.012609925876154282,4096,8192,0
1.2,8192,363,pilot_adaptive,0.008352258918917554,7936,8192,128
1.2,8192,363,regularized_adaptive,0.022595142972183346,7754,8192,128
1.2,8192,364,uniform,-0.006162347192665285,4096,8192,0
1.2,8192,364,pilot_adaptive,-0.002516746843453932,7936,8192,128
1.2,8192,364,regularized_adaptive,-0.006836559204773884,7754,8192,128
1.2,8192,365,uniform,-0.0005098763207282975,4096,8192,0
1.2,8192,365,pilot_adaptive,-0.0139494248757428,7936,8192,128
1.2,8192,365,regularized_adaptive,-0.0019316032527045834,7744,8192,128
1.2,8192,366,uniform,0.0015567523407780115,4096,8192,0
1.2,8192,366,pilot_adaptive,-0.018543586935161116,7936,8192,128
1.2,8192,366,regularized_adaptive,-0.02117948428966865,7751,8192,128
1.2,8192,367,uniform,0.0038884169394683976,4096,8192,0
1.2,8192,367,pilot_adaptive,-0.011065933383939797,7612,8192,128
1.2,8192,367,regularized_adaptive,0.00040211421829239313,7524,8192,128
1.2,8192,368,uniform,-0.0032653812027370055,4096,8192,0
1.2,8192,368,pilot_adaptive,-0.010339105497125134,7936,8192,128
1.2,8192,368,regularized_adaptive,0.01636020582348463,7754,8192,128
1.2,8192,369,uniform,-0.00033318569593920877,4096,8192,0
1.2,8192,369,pilot_adaptive,0.0016952924316000484,7936,8192,128
1.2,8192,369,regularized_adaptive,-0.013859430667405137,7756,8192,128
1.2,8192,370,uniform,0.0009562214326703788,4096,8192,0
1.2,8192,370,pilot_adaptive,0.00902195000645567,7628,8192,128
1.2,8192,370,regularized_adaptive,-0.0019744970520318983,7543,8192,128
1.2,8192,371,uniform,-0.0008984870871768802,4096,8192,0
1.2,8192,371,pilot_adaptive,0.012098893336601746,7626,8192,128
1.2,8192,371,regularized_adaptive,0.01987756366535587,7540,8192,128
1.2,8192,372,uniform,0.03342283518954825,4096,8192,0
1.2,8192,372,pilot_adaptive,-0.012526387970798636,7936,8192,128
1.2,8192,372,regularized_adaptive,-0.01354644714190667,7754,8192,128
1.2,8192,373,uniform,-0.02259023097454871,4096,8192,0
1.2,8192,373,pilot_adaptive,0.008151685620105598,7936,8192,128
1.2,8192,373,regularized_adaptive,0.0031704504300353875,7747,8192,128
1.2,8192,374,uniform,-0.01571881200774161,4096,8192,0
1.2,8192,374,pilot_adaptive,-0.017922843225465668,7936,8192,128
1.2,8192,374,regularized_adaptive,-0.0028900916164520396,7756,8192,128
1.2,8192,375,uniform,0.0343236315517097,4096,8192,0
1.2,8192,375,pilot_adaptive,-0.004768478298294632,7623,8192,128
1.2,8192,375,regularized_adaptive,0.013606516129535118,7537,8192,128
1.2,8192,376,uniform,-0.006162347192665285,4096,8192,0
1.2,8192,376,pilot_adaptive,-0.008738513229701983,7633,8192,128
1.2,8192,376,regularized_adaptive,-0.010235364352641607,7548,8192,128
1.2,8192,377,uniform,-0.0155421213829523,4096,8192,0
1.2,8192,377,pilot_adaptive,-0.003099442926630669,7936,8192,128
1.2,8192,377,regularized_adaptive,-0.0031606072994854184,7755,8192,128
1.2,8192,378,uniform,-0.0011987525412306965,4096,8192,0
1.2,8192,378,pilot_adaptive,-0.0020945212394989365,7626,8192,128
1.2,8192,378,regularized_adaptive,0.009322194306120357,7540,8192,128
1.2,8192,379,uniform,0.005619550630051595,4096,8192,0
1.2,8192,379,pilot_adaptive,-0.016356304461487836,7936,8192,128
1.2,8192,379,regularized_adaptive,0.009548546231048505,7751,8192,128
1.2,8192,380,uniform,0.015511510416051255,4096,8192,0
1.2,8192,380,pilot_adaptive,-0.0058884452967404854,7936,8192,128
1.2,8192,380,regularized_adaptive,0.0014020380958841283,7752,8192,128
1.2,8192,381,uniform,0.019627424500849422,4096,8192,0
1.2,8192,381,pilot_adaptive,0.012838313804975243,7632,8192,128
1.2,8192,381,regularized_adaptive,0.004742383126272509,7547,8192,128
1.2,8192,382,uniform,0.02195854605909986,4096,8192,0
1.2,8192,382,pilot_adaptive,0.009116504487647115,7936,8192,128
1.2,8192,382,regularized_adaptive,0.00032872150636054087,7755,8192,128
1.2,8192,383,uniform,-0.002452930152970767,4096,8192,0
1.2,8192,383,pilot_adaptive,0.001714316244859404,7936,8192,128
1.2,8192,383,regularized_adaptive,0.014524791245293045,7754,8192,128
1.2,8192,384,uniform,-0.00540301193842363,4096,8192,0
1.2,8192,384,pilot_adaptive,-0.0063276395208835545,7936,8192,128
1.2,8192,384,regularized_adaptive,0.003093437859930548,7754,8192,128
1.2,8192,385,uniform,-0.007557442871884756,4096,8192,0
1.2,8192,385,pilot_adaptive,-0.005922137211650691,7632,8192,128
1.2,8192,385,regularized_adaptive,0.010369803274703493,7547,8192,128
1.2,8192,386,uniform,-0.004272409155948287,4096,8192,0
1.2,8192,386,pilot_adaptive,0.009317077786459294,7936,8192,128
1.2,8192,386,regularized_adaptive,0.010606714368903924,7744,8192,128
1.2,8192,387,uniform,0.008251480682795798,4096,8192,0
1.2,8192,387,pilot_adaptive,0.015334276750821774,7936,8192,128
1.2,8192,387,regularized_adaptive,0.0032152531050091415,7733,8192,128
1.2,8192,388,uniform,0.020033378505512678,4096,8192,0
1.2,8192,388,pilot_adaptive,0.0027616072732985497,7463,8192,128
1.2,8192,388,regularized_adaptive,-0.004757547390327854,7405,8192,128
1.2,8192,389,uniform,0.022594849524517402,4096,8192,0
1.2,8192,389,pilot_adaptive,-0.018362037449608737,7936,8192,128
1.2,8192,389,regularized_adaptive,-0.01724329309514183,7749,8192,128
1.2,8192,390,uniform,-0.015383317036818056,4096,8192,0
1.2,8192,390,pilot_adaptive,0.008533808404470378,7936,8192,128
1.2,8192,390,regularized_adaptive,0.009444275935932334,7755,8192,128
1.2,8192,391,uniform,-0.009447923949042147,4096,8192,0
1.2,8192,391,pilot_adaptive,-0.008734519106628591,7936,8192,128
1.2,8192,391,regularized_adaptive,-0.0008775813843588942,7737,8192,128
1.2,8192,392,uniform,-0.0345488194220549,4096,8192,0
1.2,8192,392,pilot_adaptive,0.009116504487647115,7936,8192,128
1.2,8192,392,regularized_adaptive,-0.0049117070644164595,7744,8192,128
1.2,8192,393,uniform,-0.001764053932468368,4096,8192,0
1.2,8192,393,pilot_adaptive,0.015771766395483278,7632,8192,128
1.2,8192,393,regularized_adaptive,0.008395072527649372,7547,8192,128
1.2,8192,394,uniform,0.011413482609907932,4096,8192,0
1.2,8192,394,pilot_adaptive,-0.022293734234212215,7623,8192,128
1.2,8192,394,regularized_adaptive,0.007956324305890883,7537,8192,128
1.2,8192,395,uniform,-0.0111790576396249,4096,8192,0
1.2,8192,395,pilot_adaptive,-0.010992075001702295,7470,8192,128
1.2,8192,395,regularized_adaptive,-0.001378279294250273,7413,8192,128
1.2,8192,396,uniform,0.004435832052051225,4096,8192,0
1.2,8192,396,pilot_adaptive,0.001714316244859404,7936,8192,128
1.2,8192,396,regularized_adaptive,-0.004081025742419753,7752,8192,128
1.2,8192,397,uniform,0.010212420793692889,4096,8192,0
1.2,8192,397,pilot_adaptive,-0.014551144772178892,7936,8192,128
1.2,8192,397,regularized_adaptive,0.005219963354626822,7752,8192,128
1.2,8192,398,uniform,-0.0011277504670510474,4096,8192,0
1.2,8192,398,pilot_adaptive,-0.0011127337517693459,7936,8192,128
1.2,8192,398,regularized_adaptive,0.028388154501697738,7755,8192,128
1.2,8192,399,uniform,-0.013457606442790704,4096,8192,0
1.2,8192,399,pilot_adaptive,0.0005108764519869968,7936,8192,128
1.2,8192,399,regularized_adaptive,-0.0051299217776712425,7754,8192,128
